UE ID,Internet usage,Data rate,optimal GU
258476,122.42041575830747,106.38917083757674,114.12364577999489
1294945,112.3670586156038,97.65232474927473,104.75163244098744
982980,121.46303131442693,105.55715816610912,113.23114592633966
508458,126.1831292461669,109.65914803535934,117.63134977364791
306747,110.64150356767601,96.15273524333749,103.14302302854774
693315,122.642957015216,106.58256978703295,114.33110480075989
1294045,105.42012814073865,91.61511136040383,98.27551464755508
