UE ID,Internet usage
1072971,0.7289129681046199
1202507,0.7975045596930456
731361,0.7173009442001617
780497,0.6876667643274037
570040,0.7112703995550927
448213,0.7649581510424189
496131,0.7390034971676399
