UE ID,Internet usage
144299,0.979957360834195
252769,0.999188512704448
1214461,0.9344340068029777
759747,1.0146076854301704
134839,0.9268004545151901
903382,1.019923424157287
904168,0.9624149284280196
