UE ID,Internet usage,Data rate,optimal GU
144299,114.90634273101033,73.86836318422093,92.13003558571349
252769,118.13717624451903,75.94532758576223,94.72046531741134
1214461,107.25841925353039,68.9518409486981,85.99805500578607
759747,120.72759726244334,77.61059824014214,96.79742273239083
134839,105.97598246890767,68.12741730144064,84.96981806258873
903382,121.62064136917805,78.18469802304303,97.5134509635363
904168,111.95921408665576,71.9737804842787,89.76707580101585
