UE ID,Internet usage
919771,0.7689163242239957
476464,0.7453346765296397
568797,0.7616870135896593
898019,0.7126601510072056
140016,0.8798109541107717
732315,0.7828374346837743
113181,0.7076106940592166
