UE ID,Internet usage,Data rate,optimal GU
253826,112.76692909346957,35.57528120210647,63.338102377622434
285822,140.17597161300708,44.222181520770086,78.7330125266442
1293214,122.0242158353987,38.49573475759602,68.53766735746962
331772,103.66020563454977,32.70232677756629,58.22310467924881
844199,119.09023226476604,37.570132797813095,66.88972896573632
2305,121.10967616257923,38.20721926557559,68.02399541578338
678123,111.78380830736108,35.26513000172701,62.78591029878615
