UE ID,Internet usage
822567,0.9772429125406328
189667,0.9264696737365778
393814,0.8716507488871544
1218821,0.9502245509751271
597876,0.8136233410899417
298389,0.9170917537942079
1115519,0.8545127255364432
