UE ID,Internet usage,Data rate,optimal GU
822567,133.89306950126254,31.879302262205368,65.33312814679257
189667,125.36316538188285,29.848372709972107,61.17096112061925
393814,116.15358600736242,27.65561571603867,56.677146528909354
1218821,129.3539847582588,30.798567799585427,63.1182815808841
597876,106.40498149741916,25.334519404147418,51.92031460270934
298389,123.78767483144848,29.473255912249638,60.40220044906994
1115519,113.2743980842695,26.97009478196893,55.2722466768199
