UE ID,Internet usage
539414,0.37138456864235364
341573,0.3284236910558189
1119441,0.3369616943010748
573460,0.33923796781893834
173555,0.2881656686123829
906582,0.38695826464770244
692561,0.33860593375967835
