UE ID,Internet usage,Data rate,optimal GU
767450,113.37851281795011,40.49232600641076,67.75662110190012
317038,123.8260101026047,44.22357503664454,74.0001949271814
194001,101.53508206833241,36.26252931011872,60.67881746959324
206083,126.3939933545049,45.140711912323184,75.53485845266275
677420,123.59755952309604,44.141985543962875,73.8636695929575
556535,116.12144706551868,41.47194538054239,69.39583784500866
1164188,116.27268436659277,41.525958702354565,69.48621941952979
