UE ID,Internet usage,Data rate,optimal GU
767450,113.37851281795011,93.13234981474473,102.7580036651007
317038,123.8260101026047,101.71422258428242,112.22685219367038
194001,101.53508206833241,83.40381741327305,92.02398299285296
206083,126.3939933545049,103.82363739834331,114.5542846661212
677420,123.59755952309604,101.5265667511146,112.01980127279494
556535,116.12144706551868,95.38547437524748,105.24399894285988
1164188,116.27268436659277,95.50970501541548,105.38106938726608
