UE ID,Internet usage
787508,0.6994652669189803
1295136,0.7267416680675092
851866,0.7134768427363161
337467,0.7865137879882154
1147489,0.7581711687438765
1244095,0.696521410350607
476184,0.7133850505053321
