UE ID,Internet usage
828651,0.33805032144909886
234437,0.39900271536855053
446514,0.36913084524057593
207937,0.41868020588159105
709576,0.4086907011812483
257337,0.27737993888810303
900352,0.29698795412754725
