UE ID,Internet usage
828651,0.4898475498834432
234437,0.5507999438051117
446514,0.520928073675807
207937,0.5704774343177088
709576,0.5604879296186961
257337,0.4291771673233341
900352,0.4487851825645517
