UE ID,Internet usage
610019,0.7790918075277016
1231697,0.7375976817236443
1243992,0.7133389247269044
461236,0.7373678365073675
203518,0.6999792703027233
986285,0.7298530342263222
768915,0.723709785691529
