UE ID,Internet usage
610019,1.0671606532908486
1231697,1.025666527486791
1243992,1.0014077704900513
461236,1.0254366822705143
203518,0.9880481160658703
986285,1.0179218799894691
768915,1.011778631454676
