UE ID,Internet usage,Data rate,optimal GU
610019,117.87625508628179,20.34768688989388,48.9745763662017
1231697,110.90524195091191,19.14435724152646,46.07829827441748
1243992,106.82977077586081,18.44085328869026,44.38504398715923
461236,110.86662795468204,19.137691730272497,46.062255144223194
203518,104.58534883247385,18.05342331036751,43.45254393628871
986285,109.60414117136439,18.91976246410457,45.53772409820673
768915,108.57207541746914,18.741608256586932,45.10892711070414
