UE ID,Internet usage,Data rate,optimal GU
610019,117.87625508628179,95.42363506984715,106.05744079862369
1231697,110.90524195091191,89.78043396026202,99.78537343128365
1243992,106.82977077586081,86.48124300903018,96.11852769922253
461236,110.86662795468204,89.74917501093309,99.7506310515215
203518,104.58534883247385,84.66433000724074,94.09914179988549
986285,109.60414117136439,88.72716190062832,98.61472698685004
768915,108.57207541746914,87.89168009985596,97.68614088175268
