UE ID,Internet usage
1059989,1.174223044319608
931868,1.0739679756765925
412182,1.020516441774494
759779,1.0539228702987231
1008279,1.1354040198656807
168482,1.0784712201163742
1272310,1.0176997795690987
