UE ID,Internet usage,Data rate,optimal GU
1059989,136.98588667316318,132.09353357769308,134.51747031865986
931868,120.1430351414744,115.85221245785031,117.97811844804556
412182,111.16317744575788,107.19306396555226,109.16007324364142
759779,116.77545743805312,112.60490538669409,114.67122279063695
1008279,130.4642905648986,125.80485161615222,128.11339007193448
168482,120.89958020700797,116.5817380567577,118.7210309543569
1272310,110.6899781952936,106.73676468831884,108.69540080420236
