UE ID,Internet usage
1054426,0.5331591770827353
1281231,0.6625392963580878
456340,0.6357520420965228
863937,0.6578921394325089
801714,0.5356238189185738
323843,0.5655132756980418
501262,0.5843475330938387
