UE ID,Internet usage
207196,1.0288785447278161
678167,1.0759640356118794
716725,1.04287233421758
377949,1.0298801035422225
568401,0.983992863814969
446883,0.9878257388041823
1285354,1.0135376227096509
