UE ID,Internet usage
934779,0.33515012849337233
1223379,0.3008792130442639
216367,0.3843689133448805
244216,0.3331103079720623
611666,0.4064514908601311
188427,0.4839350964502081
595650,0.35325690821516564
