UE ID,Internet usage,Data rate,optimal GU
934779,110.81074062724451,15.830105803892073,41.882523184938634
1223379,105.05322683182574,15.007603833117964,39.70638751740982
216367,119.07949648231597,17.011356640330852,45.007819134142686
244216,110.46805077966,15.78115011138,41.75299859729075
611666,122.78936950493313,17.541338500704732,46.41001933606733
188427,135.80661524385326,19.40094503483618,51.33007576180988
595650,113.85267962050757,16.264668517215366,43.03226805345353
