UE ID,Internet usage
821941,0.6986333066180138
1102392,0.6447900493361534
53129,0.7207167361314387
270637,0.6856258701792518
1270702,0.6743959007973049
987771,0.6675052629053101
801053,0.6808211699107655
