UE ID,Internet usage,Data rate,optimal GU
821941,115.54287253595285,35.76327007065207,64.28212002759561
1102392,106.49720531299582,32.96342069211775,59.24957536782115
53129,119.25288869483951,36.911608405545564,66.34618247295037
270637,113.35762321453132,35.08688337592636,63.066359538984514
1270702,111.47098835847898,34.502924968100636,62.01673280214477
987771,110.31336119257551,34.14461179770194,61.37268850246149
801053,112.55043356971768,34.83703896205547,62.617280677657114
