UE ID,Internet usage,Data rate,optimal GU
821941,115.54287253595285,44.01633239464871,71.31460918616204
1102392,106.49720531299582,40.57036392876031,65.73150216558379
53129,119.25288869483951,45.429671883748384,73.60448087308086
270637,113.35762321453132,43.1838564626786,69.96584402297113
1270702,111.47098835847898,42.465138422277704,68.80138770919461
987771,110.31336119257551,42.024137597171624,68.08688471037051
801053,112.55043356971768,42.876355645606736,69.4676357579733
