UE ID,Internet usage,Data rate,optimal GU
821941,115.54287253595285,111.41634137395454,113.46084844470818
1102392,106.49720531299582,102.69373369467455,104.5781795674407
53129,119.25288869483951,114.99385695573811,117.10401198990978
270637,113.35762321453132,109.3091366711552,111.3149762101871
1270702,111.47098835847898,107.48988163139045,109.46233755948667
987771,110.31336119257551,106.37359829284068,108.32557024928172
801053,112.55043356971768,108.53077522794206,110.52233171428503
