UE ID,Internet usage
896694,0.83966504209633
53084,0.8207844110976097
623503,0.8039673812113518
398319,0.9254858474633292
370450,0.8798706318577953
904573,0.8762184903668435
453926,0.8364168517758371
