UE ID,Internet usage
896694,1.0698974305098523
53084,1.051016799511132
623503,1.034199769624874
398319,1.1557182358724178
370450,1.1101030202713176
904573,1.1064508787803657
453926,1.0666492401893592
