UE ID,Internet usage,Data rate,optimal GU
244383,124.25323778915626,85.05429967710101,102.80210174295557
975364,112.89032789679753,77.27611731030784,93.40088983383426
73692,121.18624329875232,82.95486892474116,100.26459459016324
1068353,112.51595768074378,77.01985198384247,93.09115106384263
881669,118.16251765370558,80.88505672723893,97.7628863293906
914825,113.82311480376562,77.91463215733955,94.17263998071854
1261652,106.58689101997858,72.96126468629487,88.1856811948398
