UE ID,Internet usage
155416,0.3548963202845494
866031,0.4410047007242434
672088,0.38597602269957687
120267,0.39521519041242886
326216,0.30387603427735965
1108569,0.48610819655883014
827770,0.5039751332786989
