UE ID,Internet usage
155416,0.5605151092656306
866031,0.6466234897048814
672088,0.5915948116802149
120267,0.6008339793917368
326216,0.5094948232575542
1108569,0.6917269855394681
827770,0.7095939222593368
