UE ID,Internet usage
705774,0.4692217763546443
823152,0.48932581812523107
110727,0.5204205433354215
392402,0.5090333336357425
1255303,0.5045738625768726
171198,0.5494656720375658
1225297,0.5515089715760634
