UE ID,Internet usage
1239806,0.7877176714764
1218478,0.7742901794202164
1045549,0.7258905331979584
861775,0.6668611049949836
107291,0.689654341056278
634867,0.7692991555771476
28401,0.762617833049977
