UE ID,Internet usage,Data rate,optimal GU
1239806,124.60367534834083,37.826115730746324,68.65328137971763
1218478,122.34785668295969,37.14131363589848,67.41038582994288
1045549,114.21671611768016,34.67293167858148,62.93034557747367
861775,104.29977217931003,31.66243084014769,57.46637558843052
107291,108.12903583736004,32.82488587919858,59.57619710579987
634867,121.50936467751347,36.88677141995945,66.94839923585877
28401,120.3869024924824,36.54602397093216,66.32995269315768
