UE ID,Internet usage,Data rate,optimal GU
1239806,124.60367534834083,80.10236272393338,99.90519906135032
1218478,122.34785668295969,78.65219358190265,98.09652036723335
1045549,114.21671611768016,73.42503178993725,91.57710419031007
861775,104.29977217931003,67.04985354384216,83.62585993147599
107291,108.12903583736004,69.51152303830288,86.69610121405766
634867,121.50936467751347,78.11316300697294,97.42423112310576
28401,120.3869024924824,77.39158017373869,96.52425921039236
