UE ID,Internet usage
414843,0.9185802001513967
162488,0.8706487820372684
32643,0.9042806880877209
904371,0.8027172123987704
420305,0.8387549587041878
594322,0.8432733307769764
232013,0.8162577909455506
