UE ID,Internet usage
97964,0.6349878734484208
1294549,0.6563976608039147
784734,0.6339915751067264
1045021,0.6257131086047688
298226,0.5995289378183257
852077,0.5980969116276729
1143280,0.6108066756012566
