UE ID,Internet usage,Data rate,optimal GU
301908,109.08068167020537,75.96690330603587,91.03033338946403
1190609,115.62711549283861,80.52602686108403,96.49348272316627
120492,120.70062075657235,84.05936088404145,100.72743935544345
320437,120.39312352057709,83.84521102325904,100.47082585174702
881952,112.21369397378211,78.14882258888397,93.64490409200288
225030,113.47798505483284,79.02931102033001,94.69998402776395
606653,112.65949283898183,78.45928965571949,94.01693348073064
