UE ID,Internet usage,Data rate,optimal GU
301908,109.08068167020537,20.12798292724028,46.856953575212565
1190609,115.62711549283861,21.335955834988077,49.66905504921822
120492,120.70062075657235,22.27213835389133,51.84844187524777
320437,120.39312352057709,22.21539779248744,51.71635264101381
881952,112.21369397378211,20.706098292781224,48.20277769192564
225030,113.47798505483284,20.93939009940368,48.74586953535085
606653,112.65949283898183,20.788358797669268,48.39427609852436
