UE ID,Internet usage
1099197,0.3039158493009207
229288,0.3574821434348843
416269,0.35059910484725426
856638,0.4436229416767642
921618,0.3634311085781102
1123451,0.4758796475794976
1138809,0.414394837729361
