UE ID,Internet usage
1099197,0.6068465101809962
229288,0.6604128043145164
416269,0.6535297657264431
856638,0.7465536025555097
921618,0.666361769457299
1123451,0.7788103084582431
1138809,0.7173254986072197
