UE ID,Internet usage,Data rate,optimal GU
678723,121.61280571252797,85.41851829808512,101.92146815091039
763757,110.5859107204112,77.67343729171739,92.68002914160806
175379,131.31941814322707,92.23625798155234,110.05640249365794
363654,121.0966780031119,85.05600002599526,101.48891095770328
205080,120.17500311574537,84.40863314082115,100.71647209217562
1200126,119.69119671408764,84.0688167396568,100.31100279583913
186183,117.46660175290052,82.50630361215632,98.44661044704924
