UE ID,Internet usage
1234925,1.0383904917388094
268230,1.0497459247511218
314156,1.0180322402643092
476675,0.9897641931171666
510754,1.0238020105895393
931536,0.925037409528184
794316,1.0532080139681992
