UE ID,Internet usage
1234925,1.0287946620036579
268230,1.04015009501597
314156,1.0084364105291577
476675,0.9801683633820151
510754,1.0142061808543879
931536,0.9154415797930324
794316,1.0436121842330477
