UE ID,Internet usage,Data rate,optimal GU
1234925,118.9163167009798,106.17528276873196,112.3653574352105
268230,120.82402944652867,107.87859772011487,114.1679765415214
314156,115.49613045291801,103.12154504724822,109.13358520310528
476675,110.74709853271104,98.88133797563485,104.64617183554272
510754,116.46545186777922,103.98701059623144,110.04950784746673
931536,99.87299888970695,89.17232043723834,94.37111348299806
794316,121.40566043522831,108.39791110288242,114.71756616684564
