UE ID,Internet usage
1029977,0.6893781670369227
1089086,0.6795734090288872
1014094,0.7664423109300551
221791,0.5967438765988964
1108389,0.6920862662281924
1234138,0.6927392336811001
901766,0.615224313287619
