UE ID,Internet usage,Data rate,optimal GU
1029977,115.40037153746678,31.597720778115907,60.385335285412715
1089086,113.75317219228624,31.146701909792665,59.52340838331131
1014094,128.34714771205742,35.142671397349055,67.15997049457255
221791,99.83781074427779,27.33654341807606,52.24194338055018
1108389,115.85533220164534,31.7222933409267,60.62340169613633
1234138,115.96503073384375,31.75232984379055,60.68080344067896
901766,102.94252410804356,28.186643505773834,53.86654090080365
