UE ID,Internet usage
615938,0.35799275538790754
356628,0.4153588045629913
1210520,0.3338811729179297
301426,0.4035412877060299
1189040,0.39626533765295807
790229,0.36139987531633905
413713,0.43501564453366404
