UE ID,Internet usage
1242407,0.6832368651651174
1016730,0.7064811691806746
824414,0.6604164279148353
999018,0.6864374421217938
1055676,0.7162331888556412
652372,0.7149437125793525
241382,0.723918364272917
