UE ID,Internet usage,Data rate,optimal GU
362812,111.35019530721154,44.4075183665665,70.31917123534494
1142965,128.30382231289022,51.1687862795455,81.02561855843534
1088764,116.06860382053219,46.28926461890271,73.29891074357924
1277289,115.59135897264197,46.09893482837507,72.99752409502072
500800,110.98783214912162,44.26300448804255,70.09033394509319
332776,121.80446859244498,48.57678211722508,76.92118779451852
1264027,109.79603992858387,43.787706400089995,69.33770085808577
