UE ID,Internet usage,Data rate,optimal GU
362812,111.35019530721154,79.53585379086539,94.10809132874114
1142965,128.30382231289022,91.64558736635016,108.43652132567075
1088764,116.06860382053219,82.90614558609442,98.09587435932133
1277289,115.59135897264197,82.56525640902998,97.69252884557966
500800,110.98783214912162,79.2770229636583,93.80183856392458
332776,121.80446859244498,87.00319185174642,102.94356487585084
1264027,109.79603992858387,78.42574280613134,92.79459029798475
