UE ID,Internet usage
708657,0.7963883664503244
316872,0.8031113007802996
539128,0.7947708119588126
1291741,0.7594991386562298
148804,0.8014332758615993
1202161,0.8098634978901454
478048,0.7861853456152031
