UE ID,Internet usage
708657,0.9817019677434464
316872,0.988424902068988
539128,0.9800844132519346
1291741,0.9448127399493518
148804,0.9867468771547211
1202161,0.9951770991788339
478048,0.971498946908325
