UE ID,Internet usage
708657,0.6995864963765738
316872,0.7063094307021155
539128,0.697968941885062
1291741,0.6626972685824791
148804,0.7046314057878487
1202161,0.7130616278119614
478048,0.6893834755414524
