UE ID,Internet usage,Data rate,optimal GU
708657,115.18731484606903,65.8213227691823,87.07342550628483
316872,116.31676781300476,66.46672446457414,87.92721169715797
539128,114.91556569150299,65.6660375380017,86.86800245429231
1291741,108.98992457666468,62.27995690095124,82.38863881186897
148804,116.03485962721773,66.30563407269584,87.714109139402
1202161,117.45113692750888,67.11493538714794,88.78471414628096
478048,113.47320734581827,64.84183276903902,85.77768203025795
