UE ID,Internet usage,Data rate,optimal GU
708657,115.18731484606903,1.3712775576912979,12.567966413829094
316872,116.31676781300476,1.3847234263452948,12.691199835611842
539128,114.91556569150299,1.3680424487083689,12.538316150237685
1291741,108.98992457666468,1.297499102103151,11.891775699049852
148804,116.03485962721773,1.3813673765144967,12.660441130840491
1202161,117.45113692750888,1.398227820565582,12.814969653069824
478048,113.47320734581827,1.350871516021646,12.380941952657887
