UE ID,Internet usage
658725,0.5790883256395335
435520,0.5465546360882639
311108,0.562531353386432
178117,0.5964399753725428
509816,0.6128623158854679
585069,0.6024802183793619
580665,0.5664269998212897
