UE ID,Internet usage
658725,1.0580065995122852
435520,1.0254729099610156
311108,1.0414496272591838
178117,1.0753582492452944
509816,1.0917805897537862
585069,1.08139849224768
580665,1.0453452736896078
