UE ID,Internet usage
362062,0.6104125548334961
1160860,0.6289053125258534
627948,0.5131639288204787
1040178,0.6176766116733492
1129751,0.6580355424503025
556957,0.5800033414347466
69536,0.561716474200081
