UE ID,Internet usage,Data rate,optimal GU
362062,120.56372767811169,87.55223081386683,102.74056313576551
1160860,123.67051097055322,89.80834725242556,105.38806476128285
627948,104.22595850817974,75.68789844046387,88.81803737094796
1040178,121.7840892268679,88.43844574808264,103.78051632204387
1129751,128.56438959798345,93.36223530329751,109.55847202873791
556957,115.45497982672414,83.84230677893063,98.38705116928473
69536,112.38278613182746,81.61130897668423,95.76902569549924
