UE ID,Internet usage
326320,0.7295452197590099
31479,0.744213576837167
913509,0.688183250464906
1179281,0.680835577594083
219085,0.5750487132649719
1174096,0.633526819046427
755106,0.6884514756839153
