UE ID,Internet usage,Data rate,optimal GU
326320,128.85950722091877,86.67335902359417,105.68200571981079
31479,131.32379120954684,88.33088337308804,107.70304770730607
913509,121.91069637900075,81.99945649301836,99.98305278277635
1179281,120.67628733734276,81.16916945904602,98.97067250743173
219085,102.90409412975939,69.21525378965958,84.39510051647734
1174096,112.72841590080807,75.82327974280543,92.45235645352847
755106,121.95575821642252,82.02976594318895,100.02000950768442
