UE ID,Internet usage,Data rate,optimal GU
326320,128.85950722091877,118.88823582882385,123.77350073124143
31479,131.32379120954684,121.16183117547475,126.14052092747362
913509,121.91069637900075,112.47713058776854,117.0989552330279
1179281,120.67628733734276,111.3382412933817,115.91326756654965
219085,102.90409412975939,94.94127732209942,98.84253203127138
1174096,112.72841590080807,104.00538371800744,108.27909378862881
755106,121.95575821642252,112.51870549729458,117.14223850709406
