UE ID,Internet usage,Data rate,optimal GU
326320,128.85950722091877,91.27548428148413,108.45143579438108
31479,131.32379120954684,93.021018773429,110.5254398204374
913509,121.91069637900075,86.35340993512553,102.6031400099065
1179281,120.67628733734276,85.47903686395111,101.56422999222451
219085,102.90409412975939,72.89040000857956,86.60670057009841
1174096,112.72841590080807,79.84929459640571,94.8750994236621
755106,121.95575821642252,86.38532873663262,102.64106519737089
