UE ID,Internet usage,Data rate,optimal GU
775737,113.46570003937589,28.366425009843972,56.732850019687945
595757,107.3448158213779,26.836203955344477,53.67240791068895
645347,112.45510988400325,28.113777471000812,56.227554942001625
946798,111.07779987452501,27.769449968631253,55.53889993726251
368493,111.98532488800076,27.99633122200019,55.99266244400038
26565,121.80932915133242,30.452332287833105,60.90466457566621
390793,119.18977678750542,29.797444196876356,59.59488839375271
