UE ID,Internet usage,Data rate,optimal GU
775737,113.46570003937589,62.13597859299156,83.96607832145945
595757,107.3448158213779,58.784065806945044,79.43654522496729
645347,112.45510988400325,61.58256017457321,83.21822860028848
946798,111.07779987452501,60.82831897890656,82.19900146743119
368493,111.98532488800076,61.325296962476614,82.87058165716029
26565,121.80932915133242,66.70510882096775,90.14047124598756
390793,119.18977678750542,65.27059205030059,88.2019687833761
