UE ID,Internet usage,Data rate,optimal GU
922731,118.93085252134476,116.09916555655083,117.50647955179892
553929,118.20562219439057,115.39120261833365,116.78993493130784
579570,115.83251327091962,113.07459628827867,114.4452474992558
1038772,116.82166914051201,114.04020082764268,115.42255676341786
501087,101.04344092166848,98.6376447092478,99.83329617833624
963290,122.77779570405329,119.85451485395679,121.30734989664694
595107,112.94312610787779,110.25400405769022,111.59046502361291
