UE ID,Internet usage,Data rate,optimal GU
939415,126.48535549575874,56.46667656060657,84.51158298382742
805943,115.61006098662543,51.611634369029204,77.24522119214159
195648,111.09674083731522,49.59675930237286,74.22963232150904
1221879,99.72447957001155,44.51985695089801,66.6312206473787
1169892,110.18600118969306,49.19017910254154,73.62111879830309
438254,122.15401008063759,54.53304021457035,81.61758109683502
822323,112.88186511834844,50.39368978497698,75.42236865230146
