UE ID,Internet usage,Data rate,optimal GU
939415,126.48535549575874,38.397340061212475,69.69003664609453
805943,115.61006098662543,35.09591137093987,63.698041209879904
195648,111.09674083731522,33.72579632561355,61.2113229224689
1221879,99.72447957001155,30.27350272661065,54.94551213859575
1169892,110.18600118969306,33.44932178972825,60.70952981630992
438254,122.15401008063759,37.082467345907844,67.30358155393323
822323,112.88186511834844,34.26770905378435,62.194878497542646
