UE ID,Internet usage,Data rate,optimal GU
939415,126.48535549575874,84.32357033050583,103.27486029971497
805943,115.61006098662543,77.07337399108361,94.39521951642554
195648,111.09674083731522,74.06449389154348,90.71010904588155
1221879,99.72447957001155,66.4829863800077,81.4246966037113
1169892,110.18600118969306,73.45733412646204,89.96649323748274
438254,122.15401008063759,81.43600672042506,99.73833157745156
822323,112.88186511834844,75.25457674556563,92.16765691787624
