UE ID,Internet usage,Data rate,optimal GU
887435,111.692478965271,60.50009277285512,82.20343873238555
446274,120.45089189268788,65.24423310853926,88.64945611101058
1256927,121.61337052247589,65.87390903300776,89.50501721688592
787531,126.55056844808958,68.54822457604851,93.13869650261509
895246,125.45914387966442,67.95703626815155,92.33542976995125
1060973,127.00906161996024,68.79657504414513,93.47613834034891
424634,106.32259487808463,57.59140555896251,78.25131105422479
