UE ID,Internet usage,Data rate,optimal GU
887435,111.692478965271,77.12099738078236,92.81075033493562
446274,120.45089189268788,83.16847297352258,100.08854453439565
1256927,121.61337052247589,83.9711367893286,101.05450495427765
787531,126.55056844808958,87.38015440463327,105.15706448445667
895246,125.45914387966442,86.62655172643495,104.25014636366703
1060973,127.00906161996024,87.69673302330588,105.53804891330074
424634,106.32259487808463,73.4132202729632,88.34865068453426
