UE ID,Internet usage,Data rate,optimal GU
887435,111.692478965271,27.25828355700066,55.177398115711185
446274,120.45089189268788,29.395753378572635,59.50415710105107
1256927,121.61337052247589,29.67945352036614,60.078435214949536
787531,126.55056844808958,30.884364918879005,62.51746905179683
895246,125.45914387966442,30.61800535158477,61.97829247980948
1060973,127.00906161996024,30.996259085823628,62.74397007059424
424634,106.32259487808463,25.94777613096113,52.5246122266449
