UE ID,Internet usage,Data rate,optimal GU
392406,120.00243100170945,23.5719060896215,53.18539305202678
659933,119.02401901652425,23.379718021102978,52.751758286759845
91288,115.85165923531378,22.75657592122235,51.34576008774238
327624,109.13368351095161,21.436973546794068,48.36833557699154
634426,126.86145294515485,24.919213971369704,56.225329618057046
232741,97.9913840693404,19.24830758504901,43.430039157837925
1088433,124.74892662825404,24.504253444835616,55.2890523980104
