UE ID,Internet usage
1287631,0.49230302519663993
650475,0.4287890688388967
762168,0.3844376280186362
353639,0.42962398290380743
804119,0.4166499807103187
67776,0.4944968470800482
961264,0.45792635191659203
