UE ID,Internet usage
1287631,0.8332473927071852
650475,0.7697334363489986
762168,0.7253819955282946
353639,0.7705683504116927
804119,0.7575943482190907
67776,0.8354412145905934
961264,0.7988707194271372
