UE ID,Internet usage,Data rate,optimal GU
1287631,126.25063613397732,47.3439885502415,77.31240955750718
650475,115.58029146556427,43.342609299586606,70.77818460319745
762168,108.12924940775781,40.54846852790918,66.2153718297867
353639,115.7205570284449,43.39520888566684,70.8640793675829
804119,113.54092466003102,42.577846747511636,69.5293325852159
67776,126.61919821022315,47.48219932883368,77.53810681384293
961264,120.47535502268931,45.17825813350849,73.77578659655983
