UE ID,Internet usage,Data rate,optimal GU
596939,116.91743490399435,6.263434012713983,27.06112781199171
229653,123.01362756165392,6.5900157622314595,28.47212223562848
1112232,114.24105582335304,6.120056561965341,26.44166642512458
547742,119.3954726473,6.396186034676785,27.634682099678557
189374,114.63560378353559,6.141193059832263,26.532986533089897
1278715,120.22552614830813,6.440653186516506,27.826802153458534
886197,120.58651179948517,6.459991703543848,27.910354096355825
