UE ID,Internet usage,Data rate,optimal GU
896864,122.6903671034214,21.908994125610963,51.84614288583011
1222759,116.2875496245527,20.76563386152727,49.140458668572116
358917,109.14329493592021,19.48987409570004,46.12146004509116
980964,108.44454565077575,19.36509743763853,45.826184579426986
1140049,116.1717684635855,20.744958654211697,49.09153219816769
762158,117.16897478223167,20.9230312111128,49.51292877969068
95653,112.76455625134926,20.136527902026657,47.65172224920049
