UE ID,Internet usage,Data rate,optimal GU
896864,122.6903671034214,111.73587004061591,117.08507553870113
1222759,116.2875496245527,105.90473269378906,110.97478028184595
358917,109.14329493592021,99.39835788807018,104.15692147487748
980964,108.44454565077575,98.76199693195647,103.4900955881737
1140049,116.1717684635855,105.79928913647964,110.86428875510387
762158,117.16897478223167,106.70745917667526,111.81593622265065
95653,112.76455625134926,102.69629230033593,107.61274009106094
