UE ID,Internet usage,Data rate,optimal GU
554784,119.39905185925032,22.74267654461911,52.110018385806896
748234,127.3728271353543,24.26149088292463,55.590059221741555
797000,107.73865911206074,20.52164935467824,47.02100577657735
1154483,118.05072449969457,22.485852285656108,51.52156008230745
649928,134.4876513872985,25.616695502342573,58.69522309705983
219046,112.69392552169964,21.465509623180886,49.18366133951471
948619,122.03819956252812,23.245371345243452,53.26183687346779
