UE ID,Internet usage,Data rate,optimal GU
554784,119.39905185925032,50.46031358337365,77.62031691751369
748234,127.3728271353543,53.83018289648902,82.80400099475267
797000,107.73865911206074,45.53240950569234,70.03999390551473
1154483,118.05072449969457,49.89048475879949,76.74378066929755
649928,134.4876513872985,56.837043145822584,87.42928825330921
219046,112.69392552169964,47.62659947643259,73.26137081879449
948619,122.03819956252812,51.57566767225891,79.33600458781476
