UE ID,Internet usage
301918,1.065671684001319
630545,0.9726432197229005
354578,1.0118589641868108
128867,1.0389254649213386
41436,1.0197086386582501
732793,1.0001530664124996
467266,1.0480674709110365
