UE ID,Internet usage
301918,0.38061883465011453
630545,0.2875903703725827
354578,0.3268061148382665
128867,0.35387261557323785
41436,0.3346557893070458
732793,0.3151002170639552
467266,0.3630146215611622
