UE ID,Internet usage,Data rate,optimal GU
631888,122.49975672654989,72.18735664243118,94.03687376465955
101823,115.36757827475907,67.98446576905445,88.5618607306727
934013,113.88164077759748,67.10882402965565,87.4211815932057
625487,114.90965338567386,67.71461717370067,88.21033493062785
1018965,109.85782691149029,64.73764800141392,84.3323029971097
772895,126.38461363793047,74.47664732235188,97.01908212760958
681024,103.60507335109153,61.052989653321795,79.532380018052
