UE ID,Internet usage,Data rate,optimal GU
299866,119.04556999893195,106.99929208237337,112.86182576685681
1071407,111.10059210745108,99.85827028705425,105.3295445528823
1023642,122.42534526229365,110.0370662774187,116.06604081583413
1014384,115.01679424552268,103.37819006591623,109.04232213359188
525997,128.37381871993955,115.38361087327901,121.70552471230863
328110,130.81451039064086,117.57732779158793,124.019436251325
501457,114.33888605404437,102.76887972714702,108.39962743950761
