UE ID,Internet usage
59735,0.7492103230635108
311280,0.7261669698982449
326155,0.7333202222731284
216628,0.7428025096676237
123493,0.7779011127990786
859362,0.7587735613836663
45583,0.9025454134184197
