UE ID,Internet usage
277920,0.4172799438525252
1009939,0.37780800582476365
1076986,0.32036075642585077
490054,0.4429091371282255
23197,0.3814171432472276
361054,0.40104024571070623
149214,0.36540974041966057
