UE ID,Internet usage
277920,0.42506925600073026
1009939,0.38559731797296876
1076986,0.3281500685740558
490054,0.4506984492742139
23197,0.3892064553954326
361054,0.4088295578589113
149214,0.3731990525678656
