UE ID,Internet usage
277920,0.3236035811742154
1009939,0.28413164314645384
1076986,0.22668439374754096
490054,0.34923277444991574
23197,0.2877407805689178
361054,0.3073638830323964
149214,0.27173337774135076
