UE ID,Internet usage,Data rate,optimal GU
277920,121.29121208660092,50.53800503608372,78.29314074211952
1009939,114.65992649795866,47.77496937414944,74.01266430066008
1076986,105.00878859893425,43.753661916222605,67.78288157484793
490054,125.5969165569132,52.332048565380504,81.07246102665457
23197,115.26626158490953,48.027608993712306,74.40405191632372
361054,118.5629427987758,49.40122616615658,76.53205048950021
149214,112.57701790987701,46.90709079578209,72.6681525884413
