UE ID,Internet usage,Data rate,optimal GU
1016470,113.66332465219952,14.20791558152494,40.18605381688918
719490,122.47192734503808,15.30899091812976,43.30036516533129
834023,123.32616274038166,15.415770342547708,43.6023829857198
69279,124.72424196802493,15.590530246003116,44.096678636971106
52520,113.57328625808216,14.19666078226027,40.15422043736542
746658,130.2868665690444,16.28585832113055,46.0633634252591
960209,122.6823572088507,15.335294651106338,43.374763357164326
