UE ID,Internet usage
99161,0.973107048650299
659230,0.8657240923469544
79319,0.8882443337104141
1105990,0.8454137319731421
904873,0.8690648414080387
1113358,0.8596736607603495
1139098,0.8171395772571606
