UE ID,Internet usage,Data rate,optimal GU
99161,133.76773976555353,106.69569719395341,119.46732714991602
659230,115.72740310647465,92.30638104921192,103.35558895861415
79319,119.51080365564404,95.32409339200179,106.73452585280829
1105990,112.31526256390781,89.58479275930742,100.30822259662904
904873,116.28864894906792,92.7540414236613,103.85683493022235
1113358,114.71093060038386,91.49562321697283,102.44778223603008
1139098,107.56520457122119,85.79605602704547,96.06596857343968
