UE ID,Internet usage,Data rate,optimal GU
916420,117.24291962992578,3.4893726080335052,20.22632522833885
1094701,111.7336681631772,3.32540679057075,19.275889054598967
149078,107.07514845002149,3.1867603705363536,18.472218051707422
522321,128.31499355228328,3.8188986176274784,22.136439449416734
437643,122.4859417768448,3.6454149338346666,21.13083248095336
717664,117.5247975307006,3.497761831270851,20.27495378615496
217247,128.00785515740355,3.809757593970344,22.083453042352186
