UE ID,Internet usage
66330,0.617524769566239
908198,0.5444682275942234
786524,0.634720847468723
331023,0.5208288280673632
739765,0.5147583961364283
742104,0.5554445226403787
166567,0.610485845535426
