UE ID,Internet usage
66330,1.0598316114585373
908198,0.9867750694909552
786524,1.077027689365455
331023,0.9631356699640949
739765,0.9570652380287265
742104,0.9977513645371104
166567,1.0527926874277242
