UE ID,Internet usage,Data rate,optimal GU
66330,124.43824718252343,54.812085068492465,82.58764913921794
908198,112.164748131505,49.40590096268672,74.44192661188879
786524,127.32718827054825,56.08459483345578,84.50499254740421
331023,108.19332901099375,47.65658539769963,71.80616006634693
739765,107.17349644643274,47.20737343473823,71.12931371139005
742104,114.0087656995463,50.21814679622873,75.66577120440037
166567,123.25570794552141,54.29120469028919,81.80281700110825
