UE ID,Internet usage,Data rate,optimal GU
883055,105.93850004835394,31.52931549058153,57.794189938293435
634272,119.9084251215501,35.687031286175625,65.41540887886282
910350,111.8494268482617,33.288519895315986,61.01886487733158
25349,114.9521524529736,34.21195013481358,62.711540465935144
341171,115.85273537954747,34.47998076772246,63.2028487314839
76493,118.45571127490096,35.25467597467291,64.62288850203186
933898,113.75417024911515,33.85540781223665,62.057987593269495
