UE ID,Internet usage,Data rate,optimal GU
883055,105.93850004835394,56.122181573235125,77.10706670150212
634272,119.9084251215501,63.52291568939261,87.2750409879255
910350,111.8494268482617,59.25356541366245,81.40931967676752
25349,114.9521524529736,60.89727123996816,83.66763058403713
341171,115.85273537954747,61.374365766545985,84.32311756712514
76493,118.45571127490096,62.75332323491777,86.21768692476013
933898,113.75417024911515,60.26262590578124,82.79568229651215
