UE ID,Internet usage
178277,1.0808334512846036
1145463,1.0685466485785495
999640,0.9800601747979437
968512,1.012874070203872
921523,1.0644306210221088
453216,1.0129213157523167
444783,0.9644382679619979
