UE ID,Internet usage,Data rate,optimal GU
178277,128.421925716571,128.421925716571,128.421925716571
1145463,126.35774286219203,126.35774286219203,126.35774286219203
999640,111.49201526681267,111.49201526681267,111.49201526681267
968512,117.00474969494738,117.00474969494738,117.00474969494738
921523,125.66625023218948,125.66625023218948,125.66625023218948
453216,117.01268694702584,117.01268694702584,117.01268694702584
444783,108.86753491791447,108.86753491791447,108.86753491791447
