UE ID,Internet usage,Data rate,optimal GU
178277,128.421925716571,18.34598938808157,48.538925476293876
1145463,126.35774286219203,18.05110612317029,47.75873769154386
999640,111.49201526681267,15.92743075240181,42.140020795057566
968512,117.00474969494738,16.71496424213534,44.223638558027325
921523,125.66625023218948,17.952321461741356,47.49737804405518
453216,117.01268694702584,16.716098135289407,44.226638557326304
444783,108.86753491791447,15.552504988273496,41.14806046306318
