UE ID,Internet usage,Data rate,optimal GU
178277,128.421925716571,55.03796816424471,84.07188506974036
1145463,126.35774286219203,54.15331836951086,82.7205601871087
999640,111.49201526681267,47.78229225720543,72.98865704904874
968512,117.00474969494738,50.14489272640601,76.59758887806537
921523,125.66625023218948,53.85696438522406,82.26787199861003
453216,117.01268694702584,50.148294405868214,76.60278502927386
444783,108.86753491791447,46.657514964820486,71.27053135494158
