UE ID,Internet usage,Data rate,optimal GU
1285598,123.52163358410976,82.34775572273985,100.85499149203301
629491,114.01750141611116,76.01166761074077,93.09490007217693
202557,108.23324726975066,72.15549817983377,88.37207633845655
1219949,113.52671334780358,75.68447556520239,92.69417329244366
1276188,127.83463085747981,85.22308723831988,104.37653901929025
810544,109.9579661735983,73.30531078239886,89.78030342650956
192329,118.54139662631786,79.02759775087857,96.788645043786
