UE ID,Internet usage
413838,1.0350942979965925
850551,1.0159942733216185
902379,1.0350123639570676
578244,0.9937451474122281
86632,1.0424770792489766
711178,1.0584526284571367
1065230,0.9582656541507866
