UE ID,Internet usage,Data rate,optimal GU
554024,121.79335281711046,10.149446068092539,35.1587125172329
88054,124.75301822381363,10.396084851984469,36.01309432686855
439766,131.71313186692055,10.976094322243378,38.02230606958763
653523,110.66699464933957,9.222249554111631,31.946809575601538
26680,112.79394284108064,9.399495236756719,32.56080663112858
597387,126.82427248157548,10.568689373464624,36.61101392850803
481941,113.21852303891269,9.43487691990939,32.683372376884044
