UE ID,Internet usage
593858,0.3896483100162036
188950,0.48678335906522313
1167878,0.4305120149974303
1189500,0.3805325085628097
1062375,0.5089621956361862
1062934,0.47240739565171846
978649,0.44208790977459306
