UE ID,Internet usage,Data rate,optimal GU
593858,110.55900529373908,21.716947468413032,49.0000419400242
188950,126.87769353371674,24.922404086980073,56.2325274896239
1167878,117.4241077305807,23.065449732792636,52.04267339672066
1189500,109.0275506496251,21.416126020462073,48.321297213699495
1062375,130.60373807763193,25.654305693820557,57.88392023178148
1062934,124.46253168024576,24.447997294333987,55.16212140377314
978649,119.36885805319636,23.447454260449287,52.90459185481337
