UE ID,Internet usage,Data rate,optimal GU
593858,110.55900529373908,47.38243084017389,72.37785864536896
188950,126.87769353371674,54.37615437159288,83.06094780280944
1167878,117.4241077305807,50.324617598820296,76.87212315543361
1189500,109.0275506496251,46.72609313555361,71.37528624107696
1062375,130.60373807763193,55.973030604699396,85.50021654070495
1062934,124.46253168024576,53.34108500581961,81.47985323008078
978649,119.36885805319636,51.15808202279844,78.14526109274448
