UE ID,Internet usage
1064676,0.3194755650218957
849745,0.2691841718145057
43144,0.2954745906237665
125906,0.35698414017232166
836031,0.368345885958043
130006,0.3173465152999835
1230880,0.3933585994354598
