UE ID,Internet usage
318337,0.6766093680976623
1181611,0.7243253499911276
1154826,0.7244435325272567
409336,0.6391267381037437
315019,0.674172046320029
901440,0.6182057009182893
1119462,0.6259066308338929
