UE ID,Internet usage
318337,0.9788791689257897
1181611,1.0265951508148214
1154826,1.026713333355384
409336,0.9413965389274375
315019,0.976441847143723
901440,0.9204755017419832
1119462,0.9281764316575867
