UE ID,Internet usage
444612,0.6883741015814179
616412,0.7415835667282052
350494,0.6540586686563429
749019,0.6260370223008928
1114151,0.6477444840589754
392068,0.7127861980197769
1209946,0.6578188524014619
