UE ID,Internet usage,Data rate,optimal GU
444612,117.53815060501226,117.53815060501226,117.53815060501226
616412,126.47734074989773,126.47734074989773,126.47734074989773
350494,111.77315787347243,111.77315787347243,111.77315787347243
749019,107.06552128627412,107.06552128627412,107.06552128627412
1114151,110.7123748617034,110.7123748617034,110.7123748617034
392068,121.63938280721788,121.63938280721788,121.63938280721788
1209946,112.4048687428851,112.4048687428851,112.4048687428851
