UE ID,Internet usage,Data rate,optimal GU
444612,117.53815060501226,44.076806476879604,71.97712357317049
616412,126.47734074989773,47.42900278121165,77.45123721534183
350494,111.77315787347243,41.91493420255216,68.44680093238888
749019,107.06552128627412,40.1495704823528,65.56397404911561
1114151,110.7123748617034,41.517140573138775,67.79720665572717
392068,121.63938280721788,45.61476855270671,74.48860512618917
1209946,112.4048687428851,42.151825778581916,68.83364325614663
