UE ID,Internet usage
359160,0.32939815074064854
1034821,0.24379243171794243
907678,0.32902171658057183
1047906,0.3169325182491043
293408,0.2966322780290226
716559,0.26503483767882785
811366,0.32210260242285216
