UE ID,Internet usage
436585,1.0058293093850341
794040,0.9841869954549864
314600,1.022060665406036
336095,0.9032200531609422
609447,1.020292435381188
928505,1.009722467821381
611571,0.9812748480793891
