UE ID,Internet usage
436585,0.6547949460116418
794040,0.6331526320860275
314600,0.671026302037077
336095,0.5521856897919833
609447,0.6692580720122291
928505,0.6586881044479885
611571,0.6302404847059967
