UE ID,Internet usage,Data rate,optimal GU
436585,111.89685246969196,13.321053865439518,38.608082044073434
794040,108.26094372988553,12.888207586891134,37.3535743449473
314600,114.62372028162152,13.645680985907322,39.54894082501935
336095,94.6584974244338,11.268868741004024,32.66028448584935
609447,114.3266576374905,13.610316385415535,39.44644447517835
928505,112.55090308710642,13.398917034179336,38.833750946645594
611571,107.771702970407,12.829964639334166,37.18477024577599
