UE ID,Internet usage
187553,0.7297232082304569
47119,0.6502840598311137
538036,0.7799863746298946
832650,0.7061355332079737
387962,0.6529005165705146
935952,0.650063408176989
1290717,0.7568965784031038
