UE ID,Internet usage,Data rate,optimal GU
187553,124.94482018371421,2.231157503280611,16.696453906412003
47119,111.5990432522432,1.9928400580757715,14.91304944791644
538036,133.3890321388858,2.3819470024801035,17.824859193467454
832650,120.98209077971931,2.1603944782092737,16.166911915474728
387962,112.03860798463286,2.0006894282970156,14.971788756056124
935952,111.56197377446159,1.9921781031153856,14.908095830581962
1290717,129.50994637227507,2.312677613790626,17.306494553732858
