UE ID,Internet usage,Data rate,optimal GU
187553,124.94482018371421,116.76390933835198,120.7851218330631
47119,111.5990432522432,104.29196303929871,107.8836562880775
538036,133.3890321388858,124.65522646312542,128.9482066915625
832650,120.98209077971931,113.06064435961865,116.95432073903444
387962,112.03860798463286,104.70274674754381,108.30858690686696
935952,111.56197377446159,104.25732072970519,107.84782093785205
1290717,129.50994637227507,121.03012845504277,125.19826454724583
