UE ID,Internet usage,Data rate,optimal GU
187553,124.94482018371421,55.03521841425507,82.92385343518798
47119,111.5990432522432,49.1567214325357,74.06647744619708
538036,133.3890321388858,58.75469272784255,88.52814013964458
832650,120.98209077971931,53.28973046249541,80.29385411375141
387962,112.03860798463286,49.35033923132638,74.3582094394911
935952,111.56197377446159,49.14039321017951,74.04187503420465
1290717,129.50994637227507,57.046047806835446,85.95365374557092
