UE ID,Internet usage
606479,1.0052814761820326
1004581,1.0486983337835352
23349,1.0478892196079215
556634,1.0295965605313793
685030,0.9994947173167107
1045823,1.0357518459044577
1056773,0.964576236973628
