UE ID,Internet usage
606479,0.6475395271670965
1004581,0.690956384768599
23349,0.6901472705929855
556634,0.6718546115120099
685030,0.6417527683017746
1045823,0.6780098968895215
1056773,0.6068342879586919
