UE ID,Internet usage
1106043,0.4890846384329281
813290,0.43188525527052996
533554,0.35009889974214187
683285,0.44028417293064426
542279,0.3473337063100427
598349,0.3961120197994997
191887,0.4353449173512707
