UE ID,Internet usage
1106043,1.05620677347135
813290,0.9990073903054052
533554,0.9172210347792338
683285,1.0074063079668496
542279,0.9144558413489079
598349,0.9632341548352616
191887,1.0024670523861459
