UE ID,Internet usage,Data rate,optimal GU
1106043,127.71624405374641,106.43020337812202,116.58844638011992
813290,118.10674768216963,98.42228973514136,107.81621649849217
533554,104.36663995333795,86.97219996111497,95.27327158910519
683285,119.51776584906705,99.59813820755588,109.104293963591
542279,103.90208745677899,86.58507288064916,94.84919511992072
598349,112.09684412302457,93.41403676918715,102.32995025220161
191887,118.68797091167951,98.9066424263996,108.34679828807312
