UE ID,Internet usage,Data rate,optimal GU
1111246,112.68957569351953,61.04018683398974,82.93728205442629
1232044,122.87850391409823,66.55918962013654,90.43613018178715
637174,111.29842524195168,60.28664700605715,81.91342304464868
224419,108.80900832152658,58.93821284082689,80.08126179983329
589022,96.81031316992063,52.43891963370701,71.2504612759207
833587,134.1161539018654,72.64625003017709,98.7068166310748
1005861,109.89230237005359,59.524997117112356,80.87854463187551
