UE ID,Internet usage
273367,0.6054553517743484
544257,0.5479181701125352
545523,0.5462514345951431
564470,0.6386266171035236
780622,0.6626373201965113
700569,0.5875988916168012
358422,0.535726198379245
