UE ID,Internet usage
1157085,0.7431119108696305
1168626,0.780465517429972
99209,0.7678147885994022
774522,0.7784178084163109
1223264,0.8214475726011601
290210,0.6939863432384051
193609,0.8035035349846961
