UE ID,Internet usage,Data rate,optimal GU
377818,121.28099461210952,31.764070017457254,62.06752777939446
903539,116.75749741584487,30.5793445612927,59.75255428509615
45843,114.58266853781818,30.00974652180952,58.6395501228688
196425,108.27980855711402,28.35899747924415,55.41395869205011
1005377,123.73419614878107,32.40657518182361,63.32299369153343
823514,126.6087147406495,33.15942528921772,64.79407548076017
395456,125.73033080019599,32.92937235243228,64.3445481677674
