UE ID,Internet usage,Data rate,optimal GU
528049,126.3052475418651,24.058142388926687,55.12412928864113
512353,115.43419303725389,21.987465340429313,50.37961213136765
266106,119.47192777673516,22.756557671759076,52.141824043732
832467,114.20632868538193,21.753586416263225,49.84372819464468
467909,117.61580379331373,22.403010246345474,51.331745124374706
422176,121.46001534973817,23.135241018997746,53.009496595302224
786095,118.97731316388558,22.662345364549633,51.92595652914015
