UE ID,Internet usage,Data rate,optimal GU
528049,126.3052475418651,72.17442716678006,95.47779265092207
512353,115.43419303725389,65.96239602128794,87.26004787714216
266106,119.47192777673516,68.26967301527723,90.31228844306032
832467,114.20632868538193,65.26075924878968,86.33186967177795
467909,117.61580379331373,67.20903073903642,88.90919059659299
422176,121.46001534973817,69.40572305699324,91.81514138671288
786095,118.97731316388558,67.98703609364891,89.93839494008361
