UE ID,Internet usage
1009878,1.0768272294647154
193956,1.0230874227920788
848330,0.9928688238176967
726130,0.9931834692660487
548184,0.9873930110330306
1258017,1.0302074784730324
878720,0.948238146162314
