UE ID,Internet usage
448547,0.786740786018071
214494,0.8256364579613558
302161,0.7760464950404771
1163676,0.7362150355269308
133672,0.8769886817500355
212963,0.8740505819417801
1261163,0.8051353175478363
