UE ID,Internet usage,Data rate,optimal GU
448547,114.38743705334652,26.554226458812586,55.113246207765094
214494,120.92190993958249,28.071157664545936,58.26163402284598
302161,112.59079616923174,26.13714911071451,54.24760296980203
1163676,105.89911097089656,24.583722189672418,51.02346836742688
133672,129.54908353603196,30.073894392293134,62.418310269351146
212963,129.05548276869408,29.959308499875412,62.180487468880955
1261163,117.47771835005229,27.271613188404995,56.602180992423015
