UE ID,Internet usage,Data rate,optimal GU
408090,108.30052867114891,72.2003524474326,88.42701137265824
1227101,111.16672344229494,74.11114896152996,90.76724960357191
215196,116.75239220740303,77.8349281382687,95.32792905247746
998373,115.77668985782162,77.18445990521441,94.53127142004108
583692,110.60550105740879,73.73700070493919,90.30901344517227
658080,118.14894695876737,78.76596463917825,96.46821123204481
677181,122.51014737956372,81.67343158637581,100.02911646436559
