UE ID,Internet usage,Data rate,optimal GU
1170335,130.53534044332372,81.58458777707732,103.19724773659914
245595,113.05785430079912,70.66115893799945,89.38008174049715
1147922,109.8993507395431,68.68709421221443,86.8830654276666
150022,107.40457070031844,67.12785668769902,84.91076863139807
232025,104.63060086299969,65.3941255393748,82.71775291976456
330234,103.06853999713626,64.41783749821016,81.48283537477877
422257,108.92482792999725,68.07801745624828,86.11263750017875
