UE ID,Internet usage,Data rate,optimal GU
21514,114.2429784730287,111.5229075570042,112.87474973298679
211060,111.56689098445086,108.91053643720203,110.23071235253532
13027,128.34867327825205,125.29275248591271,126.8115079673265
530418,125.45545842635306,122.46842370191608,123.95294364506526
306814,123.83575198608045,120.88728170069759,122.35263558648431
49657,117.71448341884101,114.91175762315432,116.30467826945173
370788,128.02802227218507,124.97973602760923,126.49469723160163
