UE ID,Internet usage
609647,0.9298837867576462
240126,1.0202342259163841
962821,1.0549701027301144
8744,0.9871349094883417
1210269,1.034443072936227
955252,0.8864348311955896
716785,0.9881902386637527
