UE ID,Internet usage
960324,0.6061597111398901
134021,0.5867015343820419
720149,0.5389821472038205
120521,0.4956407924190628
895426,0.6517548882602662
597831,0.5625145333744456
677095,0.5229313470555695
