UE ID,Internet usage,Data rate,optimal GU
960324,122.52891736689197,70.7458630035031,93.1043178483452
134021,119.2599436715747,68.85841985799253,90.62036897727701
720149,111.24308662585575,64.22963930183337,84.52871304356479
120521,103.96173902224474,60.02552788784369,78.99593828133494
895426,130.1889071232854,75.16859518427788,98.92480607529028
597831,115.19652750246881,66.51228076035402,87.53275832430992
677095,108.54655220101068,62.67271168748831,82.47973551585166
