UE ID,Internet usage
406689,1.0042089526266487
433771,0.9621634674971719
109034,0.9590086542182471
1082141,0.8639466847735159
697426,0.966742309607007
824446,0.9560933923024585
524255,1.012338674515136
