UE ID,Internet usage,Data rate,optimal GU
406689,123.32229040885905,19.085592563275803,48.51472960569253
433771,116.25864890705145,17.992409949900818,45.73590789912515
109034,115.72864027677953,17.91038480473969,45.52740361898993
1082141,99.75822940953407,15.438773599094558,39.24467758181143
697426,117.02789438139564,18.1114598447398,46.03852745042023
824446,115.23887627492928,17.83458799492953,45.334731491010544
524255,124.68808368596092,19.296965332351093,49.05202980759593
