UE ID,Internet usage,Data rate,optimal GU
406689,123.32229040885905,59.45896144712847,85.63069140788208
433771,116.25864890705145,56.0532771516141,80.72594544791131
109034,115.72864027677953,55.79773727630442,80.3579259656923
1082141,99.75822940953407,48.09771775102536,69.26863042880093
697426,117.02789438139564,56.424163362458614,81.2600826392665
824446,115.23887627492928,55.56160106112662,80.01785094789881
524255,124.68808368596092,60.117468920016876,86.57905055893843
