UE ID,Internet usage
423951,0.7284894854209837
948625,0.6681136530539538
10456,0.691286472490729
190708,0.747118559939499
390242,0.6977995461080998
1042213,0.6679394464164984
876296,0.6836033627253613
