UE ID,Internet usage,Data rate,optimal GU
423951,120.4677137319978,43.02418347571351,71.9932289767948
948625,110.32457389450391,39.4016335337514,65.93154351566874
10456,114.21760756006572,40.792002700023474,68.25807612275943
190708,123.59739825098954,44.14192794678198,73.86357321443973
390242,115.31180392783499,41.182787117083926,68.91198352425324
1042213,110.29530717957542,39.391181135562654,65.91405330817685
876296,112.9268451195921,40.33101611414004,67.48669802440527
