UE ID,Internet usage,Data rate,optimal GU
423951,120.4677137319978,21.512091737856753,50.90690040900745
948625,110.32457389450391,19.7008167668757,46.62064151402531
10456,114.21760756006572,20.396001350011737,48.26574849715076
190708,123.59739825098954,22.07096397339099,52.22943350259936
390242,115.31180392783499,20.591393558541963,48.72813085501511
1042213,110.29530717957542,19.695590567781327,46.608274069703434
876296,112.9268451195921,20.16550805707002,47.72030181294574
