UE ID,Internet usage
56953,0.5448961224042164
211799,0.5930211423364657
1165656,0.5401700390094218
267434,0.5439598298082515
1196129,0.47924994867538373
439536,0.5380993888131615
433677,0.5365255616746557
