UE ID,Internet usage
921643,0.7174582120450819
302233,0.7198377451483791
783446,0.6554503990645729
181156,0.6763554034739494
1034372,0.5751947139644196
617973,0.6109685321650542
406850,0.6971460471973587
