UE ID,Internet usage
921643,0.8547356738243578
302233,0.8571152069320886
783446,0.7927278608482824
181156,0.8136328652532255
1034372,0.7124721757436957
617973,0.7482459939487637
406850,0.8344235089810682
