UE ID,Internet usage,Data rate,optimal GU
921643,120.88883057091117,76.99467185171129,96.47691869221586
302233,121.2885921328348,77.24928189412692,96.79595365618927
783446,110.47151799088309,70.35983586324102,88.16324559248945
181156,113.98355873120475,72.59667133475541,90.96607582376555
1034372,96.98856289353768,61.77247755719364,77.40299622524647
617973,102.99856435151518,65.60027610483408,82.19935680928967
406850,117.47638687718577,74.8212702134457,93.75357319183735
