UE ID,Internet usage
1078770,1.0510476815183303
817526,1.0171275511192994
244520,0.9462994169675899
312021,0.9496261814190429
553552,1.0554254380857326
1081775,1.0369743715413382
946719,1.075522197627124
