UE ID,Internet usage
1227911,0.5761985000648501
240016,0.6313413059448599
407233,0.7181465277504666
406051,0.6223688878061946
648352,0.6327406848902895
66778,0.5864753274274483
1261520,0.6500254160996825
