UE ID,Internet usage,Data rate,optimal GU
358555,119.26257405891214,28.39585096640765,58.1941773620611
748024,104.70717666137244,24.930280157469628,51.09187067103416
321947,110.887189235705,26.401711722786903,54.10740803209115
963690,118.60738129652646,28.239852689649155,57.87447602975733
637369,107.17830809886703,25.518644785444533,52.29765934609235
1088738,118.43882503724389,28.19972024696283,57.79222899689243
584787,117.74398644058597,28.0342824858538,57.45318247830947
