UE ID,Internet usage
1246505,0.9666210334609258
975643,1.026893520162535
309023,0.9790268353858828
373123,0.9667767565069987
914108,1.082155902667385
269296,0.9641192597358368
951568,1.0749052298310686
