UE ID,Internet usage,Data rate,optimal GU
1246505,110.07969534609174,22.933269863769112,50.24427688695908
975643,120.20547311203218,25.04280689834004,54.86604096586729
309023,112.16387006959538,23.367472931165704,51.19556814516328
373123,110.10585681828644,22.938720170476344,50.25621791067457
914108,129.4895533728527,26.97699028601098,59.10362445298382
269296,109.6593973604023,22.845707783417147,50.05243798059568
951568,128.27144033635105,26.723216736739804,58.54763446324794
