UE ID,Internet usage,Data rate,optimal GU
1246505,110.07969534609174,74.04169984588313,90.2800518494622
975643,120.20547311203218,80.85249084321211,98.58454196320314
309023,112.16387006959538,75.44355546347784,91.98935347415939
373123,110.10585681828644,74.05929655039505,90.30150775065061
914108,129.4895533728527,87.09714006626402,106.19872771004991
269296,109.6593973604023,73.75899941503249,89.93535136840646
951568,128.27144033635105,86.27781403575993,105.1997123353423
