UE ID,Internet usage,Data rate,optimal GU
912211,112.80323905679536,81.2451900349538,95.73254720171015
12676,121.88552957269161,87.78660165652192,103.44040038733465
154174,109.44760417872725,78.8283339620595,92.88472583556464
216425,134.7701104836469,97.0665676697695,114.37513737313378
872520,131.82839101841827,94.9478292454084,111.87859294839969
954047,109.66189294970759,78.9826728983013,93.06658594928305
697353,113.4628744692354,81.7202845879612,96.29235894812233
