UE ID,Internet usage,Data rate,optimal GU
912211,112.80323905679536,34.24384042795574,62.15155764755574
12676,121.88552957269161,37.0009643345671,67.15565599872423
154174,109.44760417872725,33.225165554256485,60.302692878137265
216425,134.7701104836469,40.91235496824996,74.25471432318103
872520,131.82839101841827,40.01933298773412,72.63390583882502
954047,109.66189294970759,33.290217502589805,60.42076024051241
697353,113.4628744692354,34.444086892446464,62.51499905850667
