UE ID,Internet usage,Data rate,optimal GU
1121657,114.3112494782048,90.49640583691213,101.70917964718883
659013,116.6943522372,92.38302885445,103.82956086722413
384664,128.83761071123013,101.99644181305719,114.63410428071262
748994,111.24848863545878,88.07172016973821,98.98406821508414
736768,116.00293240153745,91.83565481788382,103.21436555969282
190056,118.06098840005372,93.46494915004253,105.04553430496121
1068853,127.0265225886605,100.5626637160229,113.02267681354593
