UE ID,Internet usage
67816,0.40080175195553025
610031,0.2524519956927019
894631,0.41057814319167646
823490,0.38903052040789204
328607,0.4528735571784375
556907,0.40547644456865956
1124130,0.29625649839578805
