UE ID,Internet usage
67816,0.47076372260679755
610031,0.3224139663430825
894631,0.4805401138407271
823490,0.458992491057386
328607,0.5228355278305915
556907,0.47543841521948355
1124130,0.3662184690457253
