UE ID,Internet usage,Data rate,optimal GU
67816,119.8850737948512,96.33622001371971,107.46755252382836
610031,94.96231474273638,76.30900291827031,85.12625654185184
894631,121.52750752255696,97.65603283062613,108.93986535904561
823490,117.90750689488654,94.74710375481953,105.6948191220455
328607,128.6331370725018,103.36591371897465,115.30950415311506
556907,120.67042215388705,96.96730351651638,108.17155564408847
1124130,102.32147119684066,82.22261078317553,91.7231622927368
