UE ID,Internet usage,Data rate,optimal GU
67816,119.8850737948512,33.53927659736909,63.41024089136958
610031,94.96231474273638,26.566838053027443,50.22796469010961
894631,121.52750752255696,33.998766985477246,64.27896553760995
823490,117.90750689488654,32.98602871464088,62.364255853064144
328607,128.6331370725018,35.98665144290229,68.03731232077877
556907,120.67042215388705,33.75898715019459,63.825631457131934
1124130,102.32147119684066,28.62564968006852,54.120408250769714
