UE ID,Internet usage
890250,0.9746023002391462
537689,1.0302118636263802
873206,1.0801701981685847
1030003,1.0650293842360483
1231548,0.9896814350309351
228404,0.8804232596151219
487388,1.0028632449682868
