UE ID,Internet usage,Data rate,optimal GU
130030,118.70365236655265,90.44087799356392,103.61304233094313
1021373,127.37145824256052,97.04492056576039,111.17892357589344
578046,108.1250971236568,82.381026379929,94.37932230354463
909661,134.58447694723537,102.54055386456028,117.47496247176102
1007646,117.87344081943029,89.80833586242308,102.88837428189274
517342,122.28822674137042,93.17198227913937,106.74191536081007
820696,115.65781128262515,88.1202371677144,100.95441426962806
