UE ID,Internet usage,Data rate,optimal GU
1126966,128.0296601672209,12.193300968306753,39.51081091662077
1142927,123.53164823383062,11.76491887941244,38.1226942976376
542400,125.14070152884592,11.918162050366279,38.61925892501441
800435,118.16882016034444,11.254173348604231,36.46768962361826
1082359,108.96725889280076,10.377834180266738,33.62802616669141
956000,114.33503915916603,10.889051348492004,35.28455912061256
1008485,112.6477028399408,10.728352651422934,34.76383582747424
