UE ID,Internet usage,Data rate,optimal GU
722820,112.9676747777986,59.845970566809974,82.22323357636269
1287375,129.54127105623118,68.62603050002724,94.28628329994356
599848,102.66637479811374,54.38873426804835,74.72545869486827
1196841,118.9222193659999,63.00046144984518,86.5572336474411
863193,100.73843561261009,53.36738553287082,73.32221308250622
1266041,114.30112613353734,60.55238229693347,83.19378274010604
587206,119.52624310543044,63.320450216567316,86.99687078355595
