UE ID,Internet usage
1077858,0.7751666699645507
177237,0.7396261845273066
1247261,0.8150998485079227
285079,0.8841064643919321
911508,0.7987496266389963
72855,0.8069911901321379
1225244,0.7804440606983244
