UE ID,Internet usage
1077858,0.8781585511832016
177237,0.8426180657415241
1247261,0.9180917297265736
285079,0.9870983456105829
911508,0.9017415078576472
72855,0.9099830713507887
1225244,0.8834359419169752
