UE ID,Internet usage
1617,0.5412681402836697
627801,0.5573047536311239
990380,0.5842625749783319
301363,0.46863483669537404
934573,0.5320069277145204
351879,0.5518302049336001
851283,0.4671355075669584
