UE ID,Internet usage
268747,0.506071945467149
638174,0.5146101832201967
906750,0.5637872055769408
3631,0.48342534720742103
680713,0.4783451293780685
484209,0.45598812655941084
762937,0.48698775644006853
