UE ID,Internet usage
268747,0.7197462414142092
638174,0.7282844791672568
906750,0.7774615015240012
3631,0.6970996431544813
680713,0.6920194253251287
484209,0.6696624225064711
762937,0.7006620523915622
