UE ID,Internet usage,Data rate,optimal GU
268747,120.5022080334845,5.73820038254688,26.295737605845638
638174,121.93663197541176,5.806506284543417,26.608754572157
906750,130.1983717317983,6.199922463418966,28.411613991474493
3631,116.69757952555496,5.557027596454998,25.465499599713542
680713,115.84410293016877,5.51638585381756,25.27925573770257
484209,112.08812645639476,5.3375298312568935,24.459634475819584
762937,117.29606427699701,5.585526870333191,25.59609967951164
