UE ID,Internet usage,Data rate,optimal GU
794956,122.83236937170807,73.84565063418164,95.23988783693473
451016,120.12510354990263,72.21806820559623,93.14076938361191
187614,115.01272372598783,69.1445541447903,89.17681034333631
1051912,110.61861916739193,66.50286033277729,85.76977661562228
110592,119.95616838017827,72.11650599046432,93.00978301008057
223293,114.33136425562313,68.73492732034487,88.64850823643978
1209124,107.17145329679568,64.43045704152597,83.09696575517725
