UE ID,Internet usage,Data rate,optimal GU
1296170,112.45569706808213,36.8158532068126,64.34401631487032
1052242,111.86225976266024,36.6215731365852,64.00446802467742
931285,108.56086671077105,35.54075993507386,62.11550291280805
26383,131.67703418251781,43.108552857371905,75.34192981440704
152909,124.54800703424732,40.77464516002144,71.26289912857384
779711,121.32117938717057,39.71824325175227,69.41659826359337
326495,114.95361602829551,37.63362429497769,65.77325594007034
