UE ID,Internet usage,Data rate,optimal GU
1168519,122.44586790952829,77.98635634714005,97.71953278657912
906829,130.0714414605602,82.84312045404728,103.80522189441507
217628,121.27491614909769,77.24057159496103,96.7850393577813
223928,111.98432685626594,71.3233510334551,89.37056257300067
636315,108.82357066616296,69.31025036475856,86.84807958992963
473195,119.7328634499717,76.2584308877796,95.55438395173515
285572,120.57537544814085,76.79503079137542,96.22676171534418
