UE ID,Internet usage
666290,0.5413448696585428
1090827,0.559469153849274
482420,0.5806578372295967
319878,0.44894428445438367
927963,0.6088221123391581
860193,0.6607954918559544
433940,0.5712915747521792
