UE ID,Internet usage,Data rate,optimal GU
666290,111.64002399825429,95.02692518899026,102.99906896947753
1090827,114.68490374236593,97.61869782832339,105.80827455306307
482420,118.24460254996177,100.64867955145556,109.09245212543499
319878,96.11672568412985,81.81364150494386,88.67727633249923
927963,122.97620076859234,104.67617089231372,113.45782391417814
860193,131.7077285276615,112.10836416342615,121.5135300817022
433940,116.67107045417055,99.30930401753803,107.64071165588243
