UE ID,Internet usage
671568,0.4126512362523218
306844,0.4001181270448376
828251,0.4137475848528953
64788,0.3862966515212236
1291593,0.45555670780381585
1089860,0.4333472754685108
572934,0.46379472517532144
