UE ID,Internet usage,Data rate,optimal GU
671568,110.83672797267,110.83672797267,110.83672797267
306844,108.73116562581136,108.73116562581136,108.73116562581136
828251,111.02091453761734,111.02091453761734,111.02091453761734
64788,106.40915773785525,106.40915773785525,106.40915773785525
1291593,118.04484719338618,118.04484719338618,118.04484719338618
1089860,114.31366256096005,114.31366256096005,114.31366256096005
572934,119.4288341114081,119.4288341114081,119.4288341114081
