UE ID,Internet usage
861441,0.5242184544331031
301099,0.46331932914964424
479162,0.5798399059169305
142578,0.519053580888305
1147042,0.5212473746415781
1215013,0.5507092244118184
1137667,0.3926743509149165
