UE ID,Internet usage
861441,0.37590616355967904
301099,0.31500703827489007
479162,0.43152761504173304
142578,0.370741290014881
1147042,0.37293508376682394
1215013,0.40239693353883754
1137667,0.24436206004016237
