UE ID,Internet usage,Data rate,optimal GU
861441,119.06575540818471,60.95032717323742,85.18859517128757
301099,108.8347023602861,55.71300239871789,77.86853044499021
479162,128.41015925713256,65.733772000675,91.8742843845802
142578,118.19805665265947,60.50614804838521,84.567778230584
1147042,118.56661400292607,60.69481431102168,84.83147187450056
1215013,123.51620476466871,63.22853339143756,88.37278131498688
1137667,96.96634601688153,49.6375342705465,69.3770158157774
