UE ID,Internet usage
166717,0.834099386550031
295754,0.7667692056535224
553019,0.6869427747427226
484742,0.766977648447711
773090,0.854581816535546
1205724,0.7488944820688972
552158,0.7147161060829249
