UE ID,Internet usage
1150339,0.6155769884309604
286215,0.5234137942132907
264522,0.5515555306782752
572029,0.6000081899380048
229646,0.5344014315959495
586759,0.5828355982422595
932786,0.47963732216089433
