UE ID,Internet usage
722500,0.7985602243330644
944306,0.8798872265981619
280991,0.790142373858161
70990,0.8309751573072435
716540,0.7750350793823755
669431,0.8047821083885704
406342,0.8582611047817899
