UE ID,Internet usage,Data rate,optimal GU
571939,116.63633715341088,75.67476636739158,93.94906898970677
47317,119.2322331084385,77.35900838583213,96.04002978392491
971685,116.2927875543812,75.45186811564018,93.6723442076333
408322,127.55399514031556,82.75824684699045,102.7431020367891
74872,116.91354037338152,75.8546184565392,94.17235261702899
1059214,121.67731206562061,78.94539889971813,98.0095094267179
538669,131.10294111774525,85.06083679663233,105.60173236256604
