UE ID,Internet usage,Data rate,optimal GU
571939,116.63633715341088,49.987001637176085,76.35640625541365
47317,119.2322331084385,51.09952847504507,78.05581907114846
971685,116.2927875543812,49.8397660947348,76.13150024933861
408322,127.55399514031556,54.6659979172781,83.50369113207506
74872,116.91354037338152,50.10580301716351,76.5378783608995
1059214,121.67731206562061,52.14741945669454,79.65649898563856
538669,131.10294111774525,56.18697476474796,85.82702164334371
