UE ID,Internet usage,Data rate,optimal GU
571939,116.63633715341088,56.92964075345055,81.48659259621805
47317,119.2322331084385,58.19668520769022,83.30018449452399
971685,116.2927875543812,56.76195583011464,81.24657574644418
408322,127.55399514031556,62.25849762801117,89.11408476714938
74872,116.91354037338152,57.064942325102884,81.68025733572712
1059214,121.67731206562061,59.39011660345768,85.00840988733124
538669,131.10294111774525,63.990721259851846,91.5935137518613
