UE ID,Internet usage
234933,0.7808860995575152
899457,0.6614025844095658
623950,0.6764213847741704
796785,0.6231976915069866
810408,0.7494039832610833
467182,0.7453351885158332
177768,0.6805663709015793
