UE ID,Internet usage,Data rate,optimal GU
234933,130.65454696030267,64.54956784348288,91.8351487344229
899457,110.58131641493242,54.632436085948754,77.72597185843912
623950,113.10447487641834,55.87899651632573,79.49946262460037
796785,104.16289440735017,51.46142997505991,73.21455795498194
810408,125.36555142250612,61.936552190881,88.11759199285139
467182,124.68199390496272,61.59884222685659,87.63712952328878
177768,113.80083254610228,56.22303036503863,79.98892213179388
