UE ID,Internet usage,Data rate,optimal GU
781766,101.30064056872997,34.36986019296196,59.00583745532928
635012,111.85510285360674,37.950838468188,65.15362568759919
159281,120.19621549325606,40.78085882806902,70.01217676732125
310955,133.09211358622983,45.15625282389941,77.52381008417305
84700,126.12486084839904,42.79236350213539,73.46550817955958
13510,117.97946172966448,40.02874594399331,68.72095677583236
833358,124.5275319708823,42.25041263297793,72.53509226530375
