UE ID,Internet usage
459049,0.774109540855065
733957,0.7493305225502814
627695,0.7742760984277421
686966,0.7800336467878071
1232406,0.8441772670274529
261278,0.8414928375870664
748287,0.8080225670760208
