UE ID,Internet usage
459049,1.0270772180849317
733957,1.0022981997801481
627695,1.0272437756531754
686966,1.0330013240176739
1232406,1.0971449442573198
261278,1.0944605148124997
748287,1.0609902443058876
