UE ID,Internet usage
459049,0.8485067123288139
733957,0.8237276940284638
627695,0.8486732699014911
686966,0.8544308182659893
1232406,0.9185744385012018
261278,0.9158900090608152
748287,0.8824197385542032
