UE ID,Internet usage,Data rate,optimal GU
459049,112.26538786571768,107.58766337131279,109.90164128868457
733957,108.10251279097686,103.59824142468617,105.82641550546275
627695,112.29336953783697,107.6144791404271,109.92903380698762
686966,113.26063766260542,108.54144442666353,110.87593611142212
1232406,124.03676586274574,118.86856728513133,121.42517304408453
261278,123.58578171659457,118.43637414506979,120.98368436445271
748287,117.96277627130597,113.0476605933349,115.4790712404897
