UE ID,Internet usage
692695,0.9789919892507764
899700,0.9390456528533075
995307,0.9979613128055919
1193662,0.9987005436965132
194083,0.9968600213080107
525055,1.031605140096986
472231,0.9278963777677262
