UE ID,Internet usage,Data rate,optimal GU
692695,117.58010645620764,84.68567191191146,99.78652373300727
899700,110.86912194184434,79.85216520811407,94.09112307640237
995307,120.7669528138263,86.98096006233918,102.49109961138004
1193662,120.89114360371354,87.07040700029368,102.59649641340725
194083,120.58193584228049,86.8477037911663,102.33408154957856
525055,126.41911579894055,91.05186316471314,107.28791186862182
472231,108.99604372705745,78.503102922464,92.5015007383479
