UE ID,Internet usage
650144,0.3190804213018809
422465,0.3264192110431079
194536,0.400498895458456
431830,0.2784601502480499
997441,0.3199212343714045
368477,0.3340732331035616
345148,0.3058174626341428
