UE ID,Internet usage,Data rate,optimal GU
650144,119.82201699563863,15.690978416095534,43.360404546678275
422465,121.05493367214876,15.852431790400432,43.80656433605798
194536,133.50032065390997,17.482184847535827,48.31021923855199
431830,112.99781145858657,14.797332452910146,40.89090586675679
997441,119.9632735913212,15.709476303625394,43.41152155578275
368477,122.34080937830855,16.02082027573088,44.27188859126446
345148,117.59383993945725,15.399193325405117,42.55408646774652
