UE ID,Internet usage
799875,0.27204441191299894
829611,0.29235453064961536
187628,0.21122612007453412
960645,0.37125421746817017
1070018,0.3146845574582464
1242868,0.3868718829748958
734397,0.32716932776388186
