UE ID,Internet usage,Data rate,optimal GU
567667,119.59269745111315,119.59269745111315,119.59269745111315
45409,129.8705762109967,129.8705762109967,129.8705762109967
1102358,113.13773659485501,113.13773659485501,113.13773659485501
241413,109.73951719168278,109.73951719168278,109.73951719168278
98022,106.93072317754014,106.93072317754014,106.93072317754014
571636,129.93944362389735,129.93944362389735,129.93944362389735
990069,106.6849379609622,106.6849379609622,106.6849379609622
