UE ID,Internet usage,Data rate,optimal GU
567667,119.59269745111315,65.49123908037149,88.50013525999486
45409,129.8705762109967,71.11960125840295,96.10589781759035
1102358,113.13773659485501,61.956379563849175,83.72338115165695
241413,109.73951719168278,60.09544989068343,81.20865505856236
98022,106.93072317754014,58.55730078770056,79.13011133919605
571636,129.93944362389735,71.1573143654676,96.15686058945361
990069,106.6849379609622,58.422704121479306,78.94822711569697
