UE ID,Internet usage
904369,0.9676766926566885
316195,1.0388733745168333
1055290,1.061924516098557
955672,1.0317698459885531
1263376,1.0154710878760498
707619,1.0719267576528275
1072448,1.0364914042665063
