UE ID,Internet usage,Data rate,optimal GU
327213,111.61994720059414,104.97590272436831,108.24696170991913
1091197,101.79857714095425,95.73913802542127,98.72237855567153
1293620,111.18318218684618,104.56513562810535,107.82339507236784
1297188,121.2716343499766,114.05308468628752,117.60698951406917
70903,105.55826240096341,99.27503249614418,102.36845183010318
1177601,113.17929820620509,106.44243521774051,109.75919149348414
1141659,128.4756158467825,120.8282577606645,124.59327761759519
