UE ID,Internet usage,Data rate,optimal GU
327213,111.61994720059414,73.74889368610684,90.72953002934312
1091197,101.79857714095425,67.2597741824162,82.7462948450978
1293620,111.18318218684618,73.46031680202337,90.37450849937056
1297188,121.2716343499766,80.12590126694882,98.57483959108299
70903,105.55826240096341,69.74385194349368,85.80232994683331
1177601,113.17929820620509,74.77917917195693,91.99703809970272
1141659,128.4756158467825,84.88567475590986,104.43054792940232
