UE ID,Internet usage
1284805,0.6674330879567066
1266763,0.7523125397107662
462093,0.6981187450339669
1098114,0.70542169699275
309223,0.6784036517438533
218475,0.7138961802128893
225040,0.6799905358802789
