UE ID,Internet usage
1284805,0.9874616591720339
1266763,1.0723411109260934
462093,1.018147316249294
1098114,1.0254502682080773
309223,0.9984322229591805
218475,1.0339247514282166
225040,1.0000191070956062
