UE ID,Internet usage,Data rate,optimal GU
1284805,111.59444101113895,94.32387275941507,102.59639299016668
1266763,125.85418890600852,106.37675490865006,115.70635335832434
462093,116.74963139981763,98.68123606413157,107.33591168181202
1098114,117.97652732895429,99.71825524233041,108.46388092260221
309223,113.43749572703469,95.88169281689837,104.29083909537674
218475,119.40024051035498,100.92163185994289,109.77279770860667
225040,113.7040922620118,96.1070303643195,104.53593950203228
