UE ID,Internet usage,Data rate,optimal GU
1284805,111.59444101113895,76.38905188262488,92.32872545536635
1266763,125.85418890600852,86.15018883447011,104.12666392361616
462093,116.74963139981763,79.91790244630373,96.59392140736675
1098114,117.97652732895429,80.75774192160561,97.60900545973686
309223,113.43749572703469,77.65066671791065,93.85359435852409
218475,119.40024051035498,81.73230749220727,98.78692814353444
225040,113.7040922620118,77.83315839363902,94.07416554524472
