UE ID,Internet usage
633536,0.7170242014688316
963873,0.7194734088337351
330707,0.7879642639121197
911140,0.6568049353869144
1003367,0.7315293263863312
1183697,0.8109837080895671
989896,0.7245867426951291
