UE ID,Internet usage
340332,0.6407004124129321
196371,0.6204682327870973
1168592,0.8072740245872155
1219630,0.6508869273714266
136506,0.7716587246548017
980744,0.7153440235063835
1104448,0.7389506479144999
