UE ID,Internet usage,Data rate,optimal GU
340332,104.9151670022561,12.489900833601915,36.19917170045418
196371,101.5161608255091,12.085257241132036,35.026403151171664
1168592,132.8995338475854,15.821373077093497,45.85469558043607
1219630,106.62650151510276,12.693631132750328,36.78963820436888
136506,126.91616345888134,15.109067078438255,43.79023666341931
980744,117.45529366599538,13.98277305547564,40.525926460672785
1104448,121.42120656645568,14.454905543625676,41.89429641265239
