UE ID,Internet usage
908729,0.8406535131580888
622355,0.8571680752046581
773978,0.887617104980939
948912,0.9549996862365855
885525,0.9282597424688317
576507,0.8623345156578361
807283,0.9009575825843517
