UE ID,Internet usage
908729,0.7545036929288175
622355,0.7710182549709532
773978,0.8014672847472344
948912,0.8688498660073142
885525,0.8421099222351269
576507,0.7761846954285648
807283,0.8148077623506468
