UE ID,Internet usage,Data rate,optimal GU
908729,111.75177111731948,53.21512910348547,77.11604844357181
622355,114.52621754046795,54.536294066889496,79.03059836642716
773978,119.64165454311228,56.97221644910108,82.5605852629375
948912,130.96192819451312,62.36282294976815,90.37231623209992
885525,126.46961764112442,60.22362744815448,87.27232743733619
576507,115.3941795371591,54.9496093034091,79.62954904716175
807283,121.8828547803075,58.03945465728928,84.10716035821582
