UE ID,Internet usage,Data rate,optimal GU
908729,111.75177111731948,89.80053036213172,100.17668548740691
622355,114.52621754046795,92.02999623787603,102.66375879241632
773978,119.64165454311228,96.14061525785809,107.24934628352253
948912,130.96192819451312,105.23726372773376,117.39708248375898
885525,126.46961764112442,101.6273713187607,113.37007891219022
576507,115.3941795371591,92.72746569950284,103.4418185501115
807283,121.8828547803075,97.94157973417566,109.25840626557958
