UE ID,Internet usage
347553,0.719871510399113
1016860,0.7080322238907918
616264,0.7287598578404756
870086,0.7561854006430399
578877,0.688515494688862
852070,0.7518458097972316
417488,0.7276531221708679
