UE ID,Internet usage,Data rate,optimal GU
347553,112.94409199956726,96.13693545201261,104.20220190691064
1016860,110.95509186609573,94.44391748126006,102.3671506896972
616264,114.43733436965049,97.40796913607154,105.57986708787435
870086,119.04482556054919,101.32982175689604,109.83073775192094
578877,107.67628135989611,91.65302520514966,99.34212062099009
852070,118.31577429816697,100.70926026570164,109.15811516938221
417488,114.25140277665625,97.24970593489194,105.40832662877595
