UE ID,Internet usage
1176674,0.6790732201217673
141613,0.7124131249683954
1147532,0.6970567240695923
229106,0.5735977864697539
1193759,0.7460276061579709
630734,0.7072647799772361
709665,0.6250076455714402
