UE ID,Internet usage
1176674,0.49138647709156147
141613,0.5247263819426231
1147532,0.50936998104382
229106,0.38591104344309485
1193759,0.5583408631321987
630734,0.5195780369470304
709665,0.4373209025434512
