UE ID,Internet usage,Data rate,optimal GU
1176674,113.54998321481062,40.55356543386094,67.85909426389092
141613,119.15108722932787,42.553959724759956,71.20639414489528
1147532,116.57121187844866,41.63257567087452,69.66462373095158
229106,95.83011036155695,34.22503941484177,57.26944476990259
1193759,124.79832006929497,44.57082859617678,74.58126127184599
630734,118.28616527058128,42.2450590252076,70.68950440992757
709665,104.46696669045274,37.30963096087598,62.43095365940612
