UE ID,Internet usage,Data rate,optimal GU
1146200,115.14969964943134,44.551967126268075,71.62503496251229
1114538,110.40805202920565,42.71740108272837,68.67565100742999
536741,109.82152009054127,42.490469082649895,68.31081835270867
1144614,107.68788216633934,41.66495440959557,66.98365995469663
333282,121.8258545852879,47.13500326216496,75.77771475370301
796079,125.7294218874018,48.64531203976855,78.20579876385361
802714,118.1711037522142,45.72096276127335,73.50439873989552
