UE ID,Internet usage,Data rate,optimal GU
422560,112.9817426250737,102.89408703354924,107.82000398287134
141782,127.50964578152735,116.12485597960526,121.68417831579562
961013,116.61403873523324,106.20207099101597,111.28635325280601
76185,123.8396416459251,112.78253078468178,118.18184376754115
1248879,118.58920190624366,108.00088030747189,113.17127816206212
584142,127.12427967535662,115.77389756148548,121.31641823229191
665738,127.60878818231062,116.21514638031859,121.77879124881433
