UE ID,Internet usage
518634,0.7313742389128424
461273,0.6986505799929037
438523,0.7448048419447368
1088539,0.6301497627634792
520284,0.7431664846618762
1283262,0.619119981379799
670640,0.7648546460704344
