UE ID,Internet usage,Data rate,optimal GU
518634,124.51797894928184,25.200067168307037,56.01661747360102
461273,119.02040425045237,24.087462764972503,53.54343615845687
438523,126.77432025859264,25.65670767138184,57.031672561067786
1088539,107.51226695573432,21.758434979136705,48.36629684000971
520284,126.49907623461715,25.601003523672517,56.90784916357103
1283262,105.6592636832739,21.383422412091146,47.53269050968993
670640,130.1426873513641,26.33840101158559,58.54699213610922
