UE ID,Internet usage
270472,0.7016053322293616
1044468,0.7864905693347511
381353,0.7371863442713074
150831,0.6876414497948823
856649,0.6911195641093308
253433,0.7142688052037538
788084,0.6108612025587116
