UE ID,Internet usage
1072704,0.8821479051765238
88478,0.8968642982710076
112366,0.9204712722331831
660452,1.01837470816311
726002,0.9175415085965206
375928,0.9354190175300374
912003,0.9331110973977543
