UE ID,Internet usage
578271,0.3267760638152112
846613,0.27688391418752517
383474,0.3149619807131855
919322,0.35393498756697267
1195066,0.3116015319854436
520010,0.436124564402973
325151,0.39080086510157475
