UE ID,Internet usage
391484,0.8890543516902016
1235786,0.8516700191085839
863365,0.8903053958620483
855240,0.881932759101912
869269,0.8059621072462201
671592,0.846476964727878
1192174,0.9200887250719816
