UE ID,Internet usage
391484,0.4921636684361087
1235786,0.4547793358544907
863365,0.4934147126035218
855240,0.4850420758433855
869269,0.409071423988137
671592,0.44958628146935165
1192174,0.5231980418134552
