UE ID,Internet usage,Data rate,optimal GU
391484,119.07739127838163,94.26960142871879,105.94988539391927
1235786,112.79682340467909,89.29748519537095,100.36170917269297
863365,119.28756669892064,94.43599030331218,106.13689034489833
855240,117.88096372326784,93.3224296142537,104.88535617484958
869269,105.11789421133332,83.21833291730555,93.52933184859626
671592,111.92439026852993,88.6068089625862,99.5854561006655
1192174,124.29116600602453,98.39717308810276,110.58887545687816
