UE ID,Internet usage
874702,0.6560258981158539
930705,0.7505655068843724
508863,0.7604440974352723
692,0.7438930587343138
852495,0.8079440317730707
849151,0.7730519368849571
616733,0.7891594157132477
