UE ID,Internet usage
833044,0.3493921776004167
1293623,0.3765596145370244
97429,0.31798262589330933
223865,0.4196019765920964
1038295,0.45148282521045185
316403,0.33311136029536986
93795,0.36340769101244796
