UE ID,Internet usage
1176828,0.8241342310211422
662700,0.813162437705467
357680,0.7405035790575858
287054,0.8035504279067119
1029885,0.7986552734573541
832257,0.771096168436096
443155,0.7433306795160044
