UE ID,Internet usage
573738,0.7458244240005312
1220155,0.7544758196002865
392370,0.8084285871569612
1005509,0.8448928567631369
334483,0.7429943521264528
955689,0.8203725021446686
589015,0.7877463917724883
