UE ID,Internet usage
863673,0.43928264864825106
529695,0.4083735569997128
526175,0.4100868181823617
521021,0.4102230562060136
1272625,0.35844101339526
280807,0.35230993351802836
1192314,0.3738875678947978
