UE ID,Internet usage,Data rate,optimal GU
863673,123.45892480061364,71.28283158130668,93.8109894616369
529695,118.26619740375367,68.28464969145301,89.86526503636179
526175,118.55402528239341,68.45083602614382,90.08397274123972
521021,118.57691327035059,68.46405111442861,90.10136431338013
1272625,109.8775300781847,63.44119296180902,83.49108687672648
280807,108.84750865877346,62.84647821369658,82.70841904872053
1192314,112.47255123408357,64.93950874825063,85.46292895053291
