UE ID,Internet usage
514762,1.0628593776620099
174666,1.0202571990241374
322528,1.0090938540917334
461478,1.0466677885414224
954827,0.9938182657023651
50626,0.9552057365683204
548069,1.0766789240980963
