UE ID,Internet usage
514762,1.0724552073971614
174666,1.029853028759289
322528,1.018689683826885
461478,1.0562636182765741
954827,1.0034140954375166
50626,0.9648015663034719
548069,1.0862747538332478
