UE ID,Internet usage,Data rate,optimal GU
514762,124.63918893169732,85.31849242348328,103.12142210296616
174666,117.48202292049496,80.41924188010071,97.19987251949881
322528,115.60658097165101,79.13545721273731,95.64820773016575
461478,121.9190019590995,83.4564596743836,100.87084945880392
954827,113.04028212214274,77.37876454789533,93.52495589283615
50626,106.55337722784675,72.9383236976332,88.15795323917578
548069,126.96087273232678,86.90774026319988,105.04228934581649
