UE ID,Internet usage,Data rate,optimal GU
514762,124.63918893169732,108.31739038111792,116.19204656214887
174666,117.48202292049496,102.09747229995395,109.51994147582343
322528,115.60658097165101,100.4676239396491,107.77160341206967
461478,121.9190019590995,105.95341836921743,113.65621417999945
954827,113.04028212214274,98.23738803471929,105.3792297295206
50626,106.55337722784675,92.59995878134302,99.33196031143
548069,126.96087273232678,110.33504416023638,118.35638343386226
