UE ID,Internet usage
1224401,0.7066990791197596
453981,0.6704915941334708
238694,0.7285754263710492
937509,0.7555837293406041
368191,0.6584115538040292
1106517,0.736026230506452
843878,0.7576465393955383
