UE ID,Internet usage
1027276,0.8086931369576815
17074,0.9044340202585092
119358,0.8323837079269644
389536,0.8992001547309105
617147,0.8892970457413981
95706,0.8948354023947033
595210,0.8501321564121682
