UE ID,Internet usage
1027276,0.2884123564405165
17074,0.3841532397404574
119358,0.3121029274102427
389536,0.37891937421197214
617147,0.36901626522467634
95706,0.3745546218762081
595210,0.3298513758932298
