UE ID,Internet usage
152028,1.0600347083566186
186513,1.0546781559156513
89320,1.0273146021995991
441183,1.0968810922036543
689193,1.0042686251289206
1024004,1.0272522981442418
803483,1.0282318687203993
