UE ID,Internet usage,Data rate,optimal GU
1263247,117.1209807381608,69.01772079213046,89.9078592086747
937902,100.00959349255669,58.93422473668519,76.77231179738476
154497,123.13926522306272,72.56420986359053,94.52779212535675
1201838,108.50483713683796,63.940350455636654,83.29368110884042
1252387,131.1052121168898,77.25842856888148,100.6428470649593
110631,120.48881553607674,71.00233772661664,92.49317581839503
265061,133.29602129822797,78.54944112217005,102.324620579725
