UE ID,Internet usage
242302,1.0043654716070267
987112,1.036340837551794
31058,1.056085509530511
1163573,0.9528907907519013
223433,1.0285969570251563
979732,0.9801115309992715
136257,0.9669019350365602
