UE ID,Internet usage,Data rate,optimal GU
242302,115.57530513056608,14.44691314132076,40.86204099776383
987112,120.9471666092449,15.118395826155613,42.761280837348124
31058,124.2642715019974,15.533033937749675,43.9340545191343
1163573,106.92755874719587,13.365944843399484,37.80460094293257
223433,119.64619468109163,14.955774335136454,42.30131780108286
979732,111.500643108343,13.937580388542875,39.42143042428521
136257,109.28143098707083,13.660178873383854,38.63682045436374
