UE ID,Internet usage
293646,0.7342398200971678
1084956,0.7152487965615121
1144905,0.6830427705974702
172454,0.6645991426760691
260174,0.6682031804565993
876428,0.7521342466181076
457984,0.6391206930640501
