UE ID,Internet usage
172661,1.05831274339981
335297,1.068047017765331
102303,1.1050573399835033
35079,1.0088510394112467
33854,0.9463662104728167
692250,1.0314985829543517
1299599,1.0277233730575175
