UE ID,Internet usage,Data rate,optimal GU
172661,123.49742316100459,16.172281604417268,44.69043639057074
335297,125.13278125464483,16.386435640489204,45.28222903683797
102303,131.35051538735632,17.20066272929666,47.53226182812267
35079,115.18785689143799,15.084124116735927,41.68342512427771
33854,104.690405629279,13.70945788002463,37.88467640639542
692250,118.9926442068547,15.582370074707164,43.060276569004635
1299599,118.35840894350599,15.49931545688769,42.83076367741669
