UE ID,Internet usage,Data rate,optimal GU
550576,111.77726359186191,13.972157948982739,39.519230534140874
1183410,109.34498207845449,13.668122759806812,38.65928915819834
299644,125.94085047655857,15.74260630956982,44.5268147001878
1107118,120.66385701505327,15.082982126881658,42.66111576973407
977531,112.8220425934692,14.10275532418365,39.88861569257979
443896,127.44030536252221,15.930038170315276,45.056952059161894
696472,122.02072497116056,15.25259062139507,43.14084103620316
