UE ID,Internet usage
346919,0.3662820789493948
769932,0.4391940053232175
462296,0.42338884331857224
884605,0.42455552627332616
196450,0.36627700657440676
113859,0.37923501858514275
749959,0.36434786609686043
