UE ID,Internet usage
404420,0.43329852338485264
1171525,0.42558426272454825
429879,0.5730181825999883
1171,0.4618810397899391
375087,0.5699089055725467
1075183,0.44700978161185484
1016864,0.5358312199844741
