UE ID,Internet usage,Data rate,optimal GU
1220963,127.0944957423365,32.530138791193274,64.29931248539854
1049867,126.07718942716672,32.26975681766767,63.78463955428212
448815,112.64235659371234,28.831079366247803,56.98772431808895
30617,111.74708419868102,28.601932265138597,56.53479046637932
436778,123.03608223312513,31.491378190621315,62.246090613754426
647932,108.34736375212819,27.731765722270907,54.814812853823426
470798,129.1350960020992,33.05243528625158,65.33168759333613
