UE ID,Internet usage,Data rate,optimal GU
1220963,127.0944957423365,7.565148556091458,31.00788191657581
1049867,126.07718942716672,7.504594608759923,30.759684589779507
448815,112.64235659371234,6.7049021781971625,27.48192100422464
30617,111.74708419868102,6.651612154683394,27.26349690531967
436778,123.03608223312513,7.323576323400305,30.017730406652134
647932,108.34736375212819,6.449247842388583,26.43405004737079
470798,129.1350960020992,7.686612857267809,31.505737402166112
