UE ID,Internet usage,Data rate,optimal GU
730368,110.36957606717438,16.424044057615234,42.57598830265233
262331,126.87966420883717,18.880902412029343,48.94489307372228
1246269,117.59080397502096,17.49863154390193,45.36163744520352
769861,135.0836218059768,20.101729435413215,52.10963842418627
1150086,127.88166855564904,19.03001020173349,49.331424642196396
1082728,115.99388940917773,17.260995447794304,44.74561427742134
17631,131.50744795059475,19.569560706933743,50.730099409355525
