UE ID,Internet usage
262889,0.6241301321143089
42112,0.696873874116709
1159094,0.6259139571402834
550768,0.675929528722435
1293888,0.774369440587056
830060,0.6860797387866187
1092978,0.6164419413194476
