UE ID,Internet usage
906426,0.9382172551087149
423283,1.0329745616233272
1076708,1.0019722659679111
748956,0.9640635503373497
301386,1.047888502420261
839845,1.0079640005317367
932108,0.9530212375836181
