UE ID,Internet usage
20816,0.7219975192250402
211641,0.7131519829853974
22078,0.7679600535484037
231365,0.703227017111402
725327,0.688045815801708
1181552,0.7424421488748114
428631,0.715190103754928
