UE ID,Internet usage
20816,0.3783008352647409
211641,0.3694552990219947
22078,0.42426336958588773
231365,0.35953033314932936
725327,0.34434913184096533
1181552,0.398745464913182
428631,0.37149341979329864
