UE ID,Internet usage,Data rate,optimal GU
20816,119.46806025461828,71.11194062774898,92.17160955380324
211641,117.98201016580451,70.22738700345506,91.0250970192261
22078,127.18976602055366,75.70819405985337,98.12903488933038
231365,116.31461589918744,69.234890416183,89.7386744139931
725327,113.76417407939562,67.71677028535454,87.77096583060664
1181552,122.90275803553862,73.15640359258252,94.82153642232011
428631,118.3244144553561,70.43119908056912,91.2892676638221
