UE ID,Internet usage,Data rate,optimal GU
20816,119.46806025461828,23.466940407157164,52.94855853140658
211641,117.98201016580451,23.17503771114017,52.289937223414626
22078,127.18976602055366,24.98370403975161,56.37083883660743
231365,116.31461589918744,22.84751383734039,51.55094369884627
725327,113.76417407939562,22.346534194166995,50.42058117610686
1181552,122.90275803553862,24.14161318555223,54.470825621900524
428631,118.3244144553561,23.242295696587806,52.441691705140435
