UE ID,Internet usage,Data rate,optimal GU
884698,127.8780223645812,119.50505661451933,123.62067101594315
209114,94.37092581681571,88.19187710261944,91.22910221906729
235730,96.13301653418884,89.83859283254553,92.93252891307412
912517,117.48073994336872,109.7885486375529,113.56953786666669
1115203,109.60625683693571,102.42965668689826,105.95721428266846
1250310,105.11302107301611,98.2306208837115,101.61356859674314
51781,123.05378797668018,114.99669471630231,118.95704640599851
