UE ID,Internet usage,Data rate,optimal GU
796575,108.91670397778346,38.250509135054905,64.54548303686539
101577,109.73635371162354,38.5383623153916,65.03121833787613
1259793,114.617977410619,40.25274206682453,67.92413327331286
788761,125.62118483545711,44.11696372197601,74.44477989824071
101261,118.44244903955014,41.59586007936582,70.19056587395876
284767,112.21384490534666,39.40843362747294,66.4994124713587
763404,102.69775295417428,36.06647276366835,60.86005019560588
