UE ID,Internet usage
1102882,0.6466603385947755
949161,0.810601170956792
1098794,0.7675746473014455
1090038,0.6274130174075617
100616,0.7123006434330917
381878,0.6794224069155437
54977,0.6991337040428086
