UE ID,Internet usage,Data rate,optimal GU
1216117,115.70789495759973,100.55567061791406,107.86605106913203
1078942,107.42797769531117,93.3600282352109,100.14728668758758
951637,120.49443755464044,104.7154040653423,112.32819644310297
973925,114.2006992706033,99.24584579469096,106.46100220013041
1254303,114.5886378301593,99.58298287620987,106.82264909114063
616426,123.84496803884757,107.62717460518897,115.45165221464393
967018,114.63364736367748,99.6220983041483,106.86460820415405
