UE ID,Internet usage,Data rate,optimal GU
715755,124.81412603707524,37.14706132055811,68.0916881386495
1142279,113.98747399101347,33.924843449706394,62.18526521912254
615154,117.8952644639215,35.08787632854807,64.3171397003283
788022,117.91119155042905,35.09261653286579,64.3258286383665
887816,112.96439969650848,33.620357052532285,61.627132433868645
798964,117.67701985350068,35.022922575446636,64.19807750422477
1228009,121.31383583231963,36.105308283428464,66.18212327941082
