UE ID,Internet usage,Data rate,optimal GU
979179,120.30071198148936,63.01465865697061,87.0672630883967
522885,116.57612952283515,61.063686892913644,84.37160821253885
1125839,122.23622381605131,64.0284981893602,88.4680837097779
133590,117.68340989548084,61.643690897632816,85.17299891031455
181737,110.93014524766176,58.10626655829901,80.28534479661566
979716,125.8401870121851,65.9162884349541,91.07644077259364
515902,121.0227483348932,63.39286817542024,87.58983463519579
