UE ID,Internet usage,Data rate,optimal GU
979179,120.30071198148936,68.02718832286601,90.46391097747012
522885,116.57612952283515,65.92102562303178,87.66309383833477
1125839,122.23622381605131,69.12167418169568,91.91938008828133
133590,117.68340989548084,66.54716630994452,88.49574820428343
181737,110.93014524766176,62.728355943618254,83.41741806105365
979716,125.8401870121851,71.15962956046181,94.62949377232412
515902,121.0227483348932,68.43548268937413,91.00686896434281
