UE ID,Internet usage,Data rate,optimal GU
438944,122.65849533216436,62.05935775734506,87.24739218908739
903393,134.58075701150335,68.09145444034395,95.72773623457195
791215,117.70345025326286,59.55234090194847,83.7228522854892
548046,124.58630596451636,63.03473813680887,88.61865024872381
6414,115.61489265709129,58.49563021340928,82.23725438043405
293075,115.40076777863318,58.387293221332264,82.08494664832236
652543,113.03001678500091,57.18780611145879,80.39862364913697
