UE ID,Internet usage,Data rate,optimal GU
438944,122.65849533216436,66.44001830492236,90.27420824977217
903393,134.58075701150335,72.89791004789764,99.04875526124768
791215,117.70345025326286,63.75603555385071,86.62739381487778
548046,124.58630596451636,67.48424906411302,91.69303845814692
6414,115.61489265709129,62.624733522591114,85.09025704446613
293075,115.40076777863318,62.508749213426306,84.93266540096
652543,113.03001678500091,61.224592425208826,83.18783991351256
