UE ID,Internet usage
1222101,0.7239240409563601
518399,0.6743785833274861
1213058,0.6495749125126293
1254769,0.6810689950936866
456814,0.705751296332286
502920,0.6877356983164614
290205,0.6854973500689394
