UE ID,Internet usage,Data rate,optimal GU
330809,116.60860826819234,31.92854750200505,61.01756704616858
973417,127.930500444921,35.02858940753789,66.94195226303145
1287326,110.23901544143047,30.18449232324882,57.684562192274335
91283,118.58864509577019,32.47070044288946,62.05365719144107
1191264,126.23086458533648,34.56321292217547,66.05258700469864
260220,113.14002860035787,30.978817354859892,59.20256988960961
472590,119.57136616016305,32.73977882956846,62.56788379378901
