UE ID,Internet usage
396616,1.0298332604963325
320974,0.9962258589502114
673106,1.0787045132227024
17183,0.9941226972116921
1130972,1.0191401632295587
647759,0.927919478944071
853205,1.005371822643772
