UE ID,Internet usage
213589,0.7966090790242579
85942,0.8296029164320097
738330,0.774724139277988
216472,0.8244510307457368
1002768,0.8233927684151967
1123447,0.8174506316864961
1111203,0.8472258006922433
