UE ID,Internet usage
213589,0.4436547023550026
85942,0.47664853976275434
738330,0.42176976261316607
216472,0.4714966540809149
1002768,0.4704383917503749
1123447,0.46449625502167413
1111203,0.4942714240274213
