UE ID,Internet usage
213589,1.0034865906396178
85942,1.0364804280473696
738330,0.9816016508977813
216472,1.03132854236553
1002768,1.03027028003499
1123447,1.0243281433062894
1111203,1.0541033123120365
