UE ID,Internet usage,Data rate,optimal GU
213589,116.04531027819706,98.08591702085704,106.68838116030652
85942,121.58827496259697,102.77104193267125,111.78440725209494
738330,112.36864040127949,94.97825557727195,103.30816737752775
216472,120.72275816786744,102.03947416569748,110.98867853651495
1002768,120.544970096229,101.88920091466974,110.82522581699318
1123447,119.54669112569866,101.04541749910244,109.90743976379609
1111203,124.5489195187179,105.27349149796393,114.50633004351481
