UE ID,Internet usage,Data rate,optimal GU
213589,116.04531027819706,89.7969662867001,102.08093267001881
85942,121.58827496259697,94.0861651496286,106.95688158500766
738330,112.36864040127949,86.9519241200377,98.84669692834383
216472,120.72275816786744,93.4164200108498,106.19551724003115
1002768,120.544970096229,93.27884590779624,106.0391233958771
1123447,119.54669112569866,92.5063681329811,105.16097288611238
1111203,124.5489195187179,96.37714010376979,109.56125531513695
