UE ID,Internet usage,Data rate,optimal GU
213589,116.04531027819706,73.90981071289933,92.61148371979155
85942,121.58827496259697,77.44015131546355,97.03511947377453
738330,112.36864040127949,71.56812216033873,89.67726904422294
216472,120.72275816786744,76.88889954739176,96.34438243018234
1002768,120.544970096229,76.77566547795537,96.20249632498219
1123447,119.54669112569866,76.13985684791521,95.40580668362189
1111203,124.5489195187179,79.32579993156438,99.39790073957461
