UE ID,Internet usage,Data rate,optimal GU
67299,115.32643466245156,64.52788606113361,86.26570022746841
1136134,104.6883637737692,58.57563211151372,78.30828233825989
1077364,104.59810710506558,58.525131356405744,78.24076915493201
787833,127.83989332053864,71.52946411982519,95.62593300121965
389132,122.66351569743024,68.63315759260978,91.75393399590719
361984,119.90714163641887,67.09090067752008,89.69212969962477
729468,111.83585839185194,62.574825528774305,83.65470295644378
