UE ID,Internet usage,Data rate,optimal GU
158728,127.29525151692916,18.18503593098988,48.11308265617316
320003,117.03763566518177,16.71966223788311,44.236068286436364
52709,110.18837258805465,15.741196084007807,41.647290176988456
1022633,118.86692981102615,16.980989973003737,44.927476484249304
1199199,122.81164610835584,17.544520872622265,46.41843910074043
88369,113.49645571627386,16.21377938803912,42.897628073216545
381469,130.51266091918936,18.644665845598478,49.32914910535337
