UE ID,Internet usage,Data rate,optimal GU
1214656,116.053258546079,8.980311673208494,32.28303629516958
896419,120.16120135908962,9.298188200405743,33.42576049432033
1133017,108.6606282613772,8.408262901177997,30.226596391734734
396938,119.42251728528949,9.241028123266448,33.22027755429857
1245890,121.41982526520654,9.395581716950506,33.775877343706405
555675,111.49986668436325,8.627965874385252,31.0163996097418
607780,118.98190058319904,9.206932783223735,33.09770930275572
