UE ID,Internet usage
359893,0.5084296688798623
965880,0.5575686014641608
712199,0.5842770958294713
368994,0.557308908964149
313700,0.5881264559557099
36917,0.5605773943813606
17024,0.5793284817983589
