UE ID,Internet usage,Data rate,optimal GU
359893,110.40558892949967,25.629868858633852,53.19474377721275
965880,118.66092960323574,27.546287229322584,57.17226643880019
712199,123.14795665645677,28.58791850953461,59.334170167876174
368994,118.61730126336816,27.536159221853325,57.151245778676156
313700,123.79464915816448,28.7380435545739,59.64575441161362
36917,119.16640681379079,27.663630153201435,57.41581145279279
17024,122.31658949952568,28.39492256238989,58.93360744884589
