UE ID,Internet usage
1280774,0.31257076599159034
1091554,0.35686164240341034
1179391,0.2791236347383097
579268,0.3527028772872396
75579,0.33112724091084383
5663,0.3505696644698036
20872,0.30834655691043467
