UE ID,Internet usage,Data rate,optimal GU
1280774,117.04979000361324,88.48406744320762,101.76955101056997
1091554,124.49065724087845,94.10900874756882,108.23905187718721
1179391,111.43067195306743,84.23628177404501,96.88397948530893
579268,123.79198470136527,93.58084557781778,107.63158739008752
75579,120.16727779005983,90.84073975796188,104.48006704223317
5663,123.43360494799519,93.30992754997256,107.31999224249583
20872,116.34012287799106,87.9475928899099,101.15252722317743
