UE ID,Internet usage,Data rate,optimal GU
1280774,117.04979000361324,105.20546601515238,110.96971525738839
1091554,124.49065724087845,111.89338835340861,118.0240715151985
1179391,111.43067195306743,100.15494919591181,105.64247861691709
579268,123.79198470136527,111.26541482086998,117.36169106355018
75579,120.16727779005983,108.00749372797046,113.92526718080221
5663,123.43360494799519,110.94329968540045,117.02192711195093
20872,116.34012287799106,104.56761044390865,110.29691132621181
