UE ID,Internet usage
1103327,0.6161711642250185
983820,0.5774892154104162
991544,0.668505076565145
69554,0.6127198065104191
1270956,0.6736664892343652
106732,0.6493316996078509
501292,0.6782955621805178
