UE ID,Internet usage
260841,0.7405183985270679
41726,0.6751838452839187
86299,0.7046305649871971
1083749,0.6870395805706775
21517,0.7377636849708384
567188,0.6271189517621568
1144180,0.662224776672942
