UE ID,Internet usage,Data rate,optimal GU
515568,119.93765827822828,87.8114998108457,102.62507323852158
845990,121.95128174661961,89.28575985020363,104.3480371423114
692673,115.43646058605056,84.51598007192986,98.77360782347056
964458,113.86966749202381,83.36886369951742,97.43297587907239
485021,120.3044717785576,88.08005969501538,102.9389384821538
389996,126.97684448424727,92.96518971168102,108.64817732695134
599236,115.94467077369166,84.88806253073852,99.20845963295181
