UE ID,Internet usage,Data rate,optimal GU
515568,119.93765827822828,93.52281687171373,105.90990346127657
845990,121.95128174661961,95.09296374289983,107.68801610918209
692673,115.43646058605056,90.01295438555134,101.93516008307273
964458,113.86966749202381,88.79122881818523,100.55161710154121
485021,120.3044717785576,93.80884406542289,106.23381492466406
389996,126.97684448424727,99.01170611569282,112.12579546907268
599236,115.94467077369166,90.40923732948576,102.38393065841817
