UE ID,Internet usage
139764,1.0732280392889748
170062,1.0830840209918793
761617,1.1521823730017726
55866,1.0516364643864193
276865,1.0911465536823384
915152,1.0881268932803905
155558,1.1079748318099087
