UE ID,Internet usage,Data rate,optimal GU
477316,120.13994403038595,49.34319129819423,76.99407925837987
322914,123.50684630080603,50.72602615925962,79.1518257294318
549356,132.3234226960937,54.34712003589562,84.80210455422176
1176280,106.9026831825959,43.906459164280456,68.5107166340322
290789,113.63025832831111,46.66957038484206,72.82221734402833
117731,116.00998612795978,47.64695858826919,74.34731336682303
55015,111.22698126814024,45.68251016370045,71.28202930795065
