UE ID,Internet usage
1246149,1.0156631234020381
884726,1.0216763899772112
600606,1.01101881969235
1272241,1.0208792521767174
897777,0.9511764897961082
425657,1.065144743681467
594683,0.9381015734502209
