UE ID,Internet usage
1246149,0.7038738501199974
884726,0.7098871166951704
600606,0.6992295464103092
1272241,0.7090899788991101
897777,0.6393872165140676
425657,0.7533554703994262
594683,0.6263123001681802
