UE ID,Internet usage,Data rate,optimal GU
1246149,116.3322870014374,45.00951580412756,72.36062403214541
884726,117.3425157864522,45.40037813166305,72.98900319654715
600606,115.5520439785414,44.70763606312614,71.87529985010828
1272241,117.20859663610223,45.34856417468241,72.90570324999786
897777,105.49853255602423,40.81788461989032,65.62184795812702
425657,124.6451992086142,48.225821122380495,77.53139416261075
594683,103.3019466098708,39.96801505739048,64.2555348398958
