UE ID,Internet usage,Data rate,optimal GU
1246149,116.3322870014374,87.94166934037231,101.14571427939842
884726,117.3425157864522,88.70535419571088,102.02406297071803
600606,115.5520439785414,87.3518427694926,100.46732790965949
1272241,117.20859663610223,88.6041176951487,101.90762626628299
897777,105.49853255602423,79.75186687270879,91.72624991611822
425657,124.6451992086142,94.22583511603573,108.37341919786562
594683,103.3019466098708,78.09135249674756,89.81641679732952
