UE ID,Internet usage
699398,0.9381738227652369
823433,1.0000335735174832
74605,0.9554414015748381
635684,0.9259110686912875
599626,0.9583859705250299
917394,0.98626653737195
501123,0.9682636187407856
