UE ID,Internet usage,Data rate,optimal GU
699398,114.78573692738864,84.72280582735829,98.61526099671073
823433,125.17817505397706,92.3934149207926,107.54366121157355
74605,117.68669016761176,86.86398559990393,101.10754155857902
635684,112.72559424336588,83.20222432248434,96.84534154579597
599626,118.18137775131763,87.22911214978207,101.53253987705342
917394,122.86531298121315,90.68630243851447,105.55662429339542
501123,119.84082265145766,88.45394052845685,102.95820996741047
