UE ID,Internet usage
783772,0.8068143118544916
518652,0.7101218175540516
464174,0.7247958219175547
1249704,0.7552019751610408
346040,0.7305458807056093
158561,0.7554306448169742
826803,0.8193991667093972
