UE ID,Internet usage
142864,0.6723762212665673
1039810,0.635961096061678
527247,0.6520242122303846
486879,0.7142805668100576
198563,0.6617833590840789
336954,0.6346225277917196
619243,0.6845623228502462
