UE ID,Internet usage,Data rate,optimal GU
142864,121.28206658420348,17.326009512029067,45.840312381968474
1039810,115.16432554973106,16.452046507104438,43.528023615867184
527247,117.8629290666443,16.8375612952349,44.54799987199814
486879,128.32199663558296,18.33171380508328,48.50115583385994
198563,119.50246573791375,17.071780819701964,45.1676864859338
336954,114.9394460809402,16.41992086870574,43.44302716595505
619243,123.32933165056293,17.61847595008042,46.61410584388523
