UE ID,Internet usage,Data rate,optimal GU
685690,121.43488963574336,36.14133620111409,66.24816354338122
958842,128.6027205935542,38.27461922427209,70.15853591633552
749257,124.92700723661387,37.18065691565889,68.15326988167608
606093,126.84710826965502,37.75211555644495,69.20077087285155
168417,115.3753279025468,34.33789520909131,62.94240160044897
108978,122.77546709816166,36.54031758873859,66.97950850724834
1190013,124.99501590191001,37.20089758985417,68.1903716503228
