UE ID,Internet usage
34969,1.077416821602877
1255073,0.9636891437091901
861981,1.039265541443877
530477,1.0887150569485646
924004,1.0697400572733522
81869,1.0212971380407805
673960,1.0032063651980503
