UE ID,Internet usage,Data rate,optimal GU
1198030,127.03382735570018,109.64229146771741,118.018133882863
875844,112.59888863825985,97.18356459849808,104.60765444122823
835723,120.45056486240827,103.96030895862617,111.9020908532857
423699,114.31325466150147,98.66322574951019,106.20035052121517
213889,124.62250277665184,107.56108870603879,115.77794295947746
191592,109.2787817575735,94.31799615981045,101.52317823117824
276562,119.07688667799457,102.7746938589834,110.62590372065554
