UE ID,Internet usage
328090,0.6687201877264685
669507,0.7081766399037915
1026119,0.6856871640590668
464796,0.67630863249352
1219135,0.6302008093382491
981697,0.6889923351936548
211185,0.6778664077123826
