UE ID,Internet usage
317154,0.9963318486843006
794882,1.0376614045524606
354176,0.9472008276063061
319712,0.9650080116940271
1108929,0.9855723150209298
911578,1.0085547847137473
104332,1.0132966291594843
