UE ID,Internet usage
360280,0.9108752494574729
1134488,0.8180456055517743
1084414,0.8404225835417268
145018,0.8633812429970225
795022,0.760185971196359
574722,0.8726280457902735
184011,0.8119182325391747
