UE ID,Internet usage
531133,0.6269521439354624
1295502,0.7259626061820262
1229679,0.5489059241462372
1097187,0.5455124349166426
991093,0.6415497553596222
994018,0.6549658791880509
319823,0.5851132387423786
