UE ID,Internet usage,Data rate,optimal GU
531133,114.32773153295233,55.12229913195916,79.38518386095555
1295502,130.9614891903187,63.142146573903666,90.93508424140708
1229679,101.21596660870783,48.800555329198424,70.28083222818685
1097187,100.64586041773734,48.525682701409075,69.8849704002329
991093,116.78013025271531,56.30470565755917,81.08804388151533
994018,119.03403905583636,57.39141168763539,82.65307943625315
319823,107.29879546074747,51.73334781143182,74.50453613920786
