UE ID,Internet usage,Data rate,optimal GU
531133,114.32773153295233,86.4263208612199,99.40284306196854
1295502,130.9614891903187,99.00064956649092,113.86515049845818
1229679,101.21596660870783,76.51445094824936,88.00275059486277
1097187,100.64586041773734,76.08347781578954,87.50706879072095
991093,116.78013025271531,88.2802175124693,101.53509393231586
994018,119.03403905583636,89.9840652386382,103.49476670836543
319823,107.29879546074747,81.11277990187457,93.29149789741757
