UE ID,Internet usage
1107484,0.9977474556453498
865574,0.9999185049629327
210967,0.9485484036686889
65228,0.9367396283862274
388114,1.0037218612700642
1127581,0.9750345716725607
36771,0.9492113413636524
