UE ID,Internet usage
1107484,0.759949695892261
865574,0.7621207452098441
210967,0.7107506439111668
65228,0.6989418686331388
388114,0.7659241015169754
1127581,0.737236811919472
36771,0.7114135816105638
