UE ID,Internet usage,Data rate,optimal GU
233243,107.83410303767674,64.82883575479376,83.61076099758363
716628,108.29339112058226,65.10495537606434,83.96687678143203
137457,106.48112921643711,64.01544077892946,82.56171280580584
1142908,101.57881431729328,61.06821575027751,78.76063070078759
679332,108.25333616197513,65.08087471642553,83.93581957896521
1189417,114.74274342193097,68.9822445572323,88.96747713574551
1229444,116.20430069739238,69.86091887164662,90.10071710900506
