UE ID,Internet usage,Data rate,optimal GU
1225511,122.4187429319853,110.03113204005822,116.05978143925319
758393,112.33610150654033,100.96875790171185,106.50087622473347
981059,122.95873394325733,110.51648110376107,116.57172297080619
714909,124.04296665171236,111.49099978814624,117.59963592072509
1143064,114.84217628790576,103.22124178258197,108.87677459151617
515651,116.60211401399802,104.80309057210538,110.5452935041017
7304,124.33064542488907,111.74956820927531,117.87237140828152
