UE ID,Internet usage
432245,0.31955843756075814
169637,0.43938721154119625
892056,0.28172927342530174
592130,0.3442326721206665
151388,0.3937316068986271
688366,0.3656129107083557
109467,0.3185926721009159
