UE ID,Internet usage
432245,0.5478691554911457
169637,0.6676979294729137
892056,0.5100399913596794
592130,0.5725433900532707
151388,0.622042324832118
688366,0.5939236286414034
109467,0.5469033900326334
