UE ID,Internet usage,Data rate,optimal GU
9525,128.22575166571625,83.95733740017135,103.75689228185819
766877,121.44128517418389,79.5151271973823,98.26708114948164
363818,122.01644492634581,79.89171989225024,98.7324852330974
347011,120.07544931270591,78.62082990712886,97.16188283702783
50887,116.97104097725794,76.58818159225223,94.64987758788179
1004544,122.92620175018365,80.48739400309644,99.46863643164691
185975,110.56065981283217,72.39090821078297,89.46276642399526
