UE ID,Internet usage,Data rate,optimal GU
9525,128.22575166571625,49.611153918283065,79.75855754823672
766877,121.44128517418389,46.986211525725906,75.53850616175968
363818,122.01644492634581,47.208743572693315,75.8962651266814
347011,120.07544931270591,46.45776312693979,74.6889334609255
50887,116.97104097725794,45.25665275905813,72.75793966553287
1004544,122.92620175018365,47.56073282001153,76.46214905441332
185975,110.56065981283217,42.776445760917206,68.77057559577958
