UE ID,Internet usage,Data rate,optimal GU
508897,116.64073723777005,82.62052221008712,98.16780847892102
835475,123.8974997972279,87.76072902303642,104.27528425440147
420767,109.75738461039218,77.74481409902779,92.37460399119682
145522,112.32813194220165,79.56576012572616,94.53821027227104
1293018,117.76446990747309,83.41649951779343,99.11357044950972
707569,121.43413984187579,86.01584905466201,102.2020579182313
205165,106.6060788351696,75.5126391749118,89.7223849712677
