UE ID,Internet usage
245423,0.7295865679010944
517262,0.7689387723555954
922001,0.8092793412433474
331920,0.7573887327096402
222156,0.7819926527913369
816213,0.76968858853436
894336,0.7649111415521377
