UE ID,Internet usage,Data rate,optimal GU
947814,116.15146693916645,105.08942246876964,110.4820826176688
1119352,117.71066496262749,106.50012544237724,111.96517576650996
67878,116.73592394271184,105.61821690054879,111.03801211777571
694006,113.02921151118107,102.26452470059239,107.51222531635023
1038606,118.08690610127184,106.84053409162689,112.32305247404771
961233,118.33146935876455,107.06180561031077,112.55567853320639
210298,120.92976609177897,109.41264551160954,115.02715170428968
