UE ID,Internet usage
124984,0.29287854693213744
779723,0.3895575937879384
1298779,0.3009031906678386
1274433,0.37001382678544686
1018166,0.3297581585519142
1210806,0.4094179357066984
138599,0.2906319284160107
