UE ID,Internet usage
43516,0.4112717501612984
970431,0.4265916863799727
833341,0.437862650974772
187814,0.2924213402752494
610503,0.4216026047695618
963612,0.39790815559142445
941310,0.329819074793199
