UE ID,Internet usage,Data rate,optimal GU
43516,124.5201620056091,106.73156743337921,115.28326881172728
970431,127.0939112903504,108.93763824887176,117.66609763131602
833341,128.98743334220305,110.56065715045975,119.41915840628376
187814,104.55329314475512,89.61710840979009,96.79754029082599
610503,126.25574557980485,108.21921049697558,116.8901069695528
963612,122.2750781179053,104.80720981534739,113.20472502281561
941310,110.83611254376662,95.00238218037138,102.61430077367176
