UE ID,Internet usage,Data rate,optimal GU
446117,107.95857436924892,32.77313864780771,59.482277411200855
137608,116.919794820162,35.49350914183489,64.41966940547645
802675,114.81265483554411,34.85384164650446,63.25869181901274
862654,106.30195271183189,32.27023564466325,58.5695233333742
757868,110.58271888506671,33.569753947252394,60.92811062054911
1230164,117.37262868554592,35.63097656525501,64.66916871351498
1174014,112.89638516309417,34.27211692451073,62.20287865255243
