UE ID,Internet usage
1256805,0.7512925360709194
1125456,0.6882271053101573
607800,0.8105184056706647
1098241,0.7731922916822901
399302,0.756098334447667
1129928,0.7711573430920189
1063382,0.7917030600206512
