UE ID,Internet usage
129728,0.9001495777025518
296394,0.9122290705118308
22784,0.87778930741685
895936,0.9079929952472133
835935,0.8406597377873041
411795,0.8596821702082549
174312,0.866270403237483
