UE ID,Internet usage,Data rate,optimal GU
129728,120.94138924862975,119.50161080519369,120.21934465063927
296394,122.9707440401319,121.50680661108272,122.23658378286454
22784,117.1848638402204,115.78980593736064,116.48524646003524
895936,122.25908339585095,120.80361811732892,121.52917189682091
835935,110.94709614223416,109.62629737863614,110.28471949905253
411795,114.14286478901734,112.78402116057666,113.46140875951335
174312,115.24968793814308,113.87766784364139,114.56162395018318
