UE ID,Internet usage
353112,0.7880209110793145
606785,0.658795949724708
184981,0.6233809245794539
1215982,0.7661352649274942
826339,0.7355529804221624
316557,0.8007989194878861
10570,0.7471830687324383
