UE ID,Internet usage
353112,0.9137529842212527
606785,0.7845280228666462
184981,0.7491129977213921
1215982,0.8918673380694323
826339,0.8612850535641006
316557,0.9265309926298242
10570,0.8729151418743765
