UE ID,Internet usage,Data rate,optimal GU
353112,122.31320174616096,11.648876356777233,37.746673548043645
606785,100.60340823854585,9.581276975099605,31.04688581762308
184981,94.65368401397333,9.014636572759365,29.210761059218783
1215982,118.6364131924401,11.298706018327628,36.61199196616084
826339,113.49858939570927,10.809389466258025,35.0264251194598
316557,124.45990715880006,11.853324491314291,38.409161221147585
10570,115.45244423197975,10.995470879236168,35.62939781261215
