UE ID,Internet usage,Data rate,optimal GU
353112,122.31320174616096,75.71769631905202,96.2355124973456
606785,100.60340823854585,62.27830033814743,79.15433831017359
184981,94.65368401397333,58.595137722935874,74.47312032392641
1215982,118.6364131924401,73.44158911912959,93.34263073347822
826339,113.49858939570927,70.26103153067717,89.30021258776102
316557,124.45990715880006,77.04660919354289,97.92453128368142
10570,115.45244423197975,71.47056071503509,90.8374973520347
