UE ID,Internet usage
1200358,0.3726655270050959
377758,0.4507732721397058
359958,0.36240013230311413
384494,0.3532817158160508
23776,0.2897084180248944
927632,0.2990002054427766
791414,0.29367483949189616
