UE ID,Internet usage
1200358,0.8380095031751843
377758,0.9161172483049173
359958,0.8277441084714291
384494,0.8186256919830357
23776,0.7550523941936528
927632,0.764344181612865
791414,0.7590188156584377
