UE ID,Internet usage
954391,0.4713546596136924
260957,0.38434032536461316
653458,0.4804975545865962
671491,0.4474325452856895
1008530,0.3814120371005602
71111,0.43964769307265733
1096045,0.36388823297663087
