UE ID,Internet usage
954391,0.7606710282409765
260957,0.6736566939932275
653458,0.7698139232138804
671491,0.7367489139129737
1008530,0.6707284057278445
71111,0.7289640617003849
1096045,0.6532046016025851
