UE ID,Internet usage,Data rate,optimal GU
954391,122.89803412758131,116.3142108707466,119.5608123806279
260957,108.27962597356135,102.47893172497771,105.33935825393431
653458,124.43404048262664,117.76793117105736,121.05510941259166
671491,118.87911892019396,112.51059469232642,115.65102838371484
1008530,107.78767354525276,102.01333389104279,104.86076449611927
71111,117.57126374848879,111.27280319053403,114.37868722776967
1096045,104.84367445239805,99.2270490353053,101.99670791711705
