UE ID,Internet usage,Data rate,optimal GU
294650,114.80196963766744,71.06788596617508,90.3257066781215
1018549,109.26844949528852,67.64237349708337,85.97195631255285
958216,101.93983246629418,63.105610574372584,80.20583126952019
846097,104.95321668805386,64.97103890212858,82.57674929629452
424744,111.197186970768,68.83635383904685,87.48947884303824
524759,107.65206706149718,66.64175579997445,84.70019341462431
516094,110.65928512573679,68.50336698259896,87.06625993460614
