UE ID,Internet usage
349150,0.5435246223512765
1250630,0.5593102734227425
881100,0.4802658755692465
1082216,0.6057934888337946
940657,0.504507027259935
887819,0.5544750222669008
461356,0.5832939502256917
