UE ID,Internet usage,Data rate,optimal GU
544658,125.0898360363322,94.56195938460826,108.76001100907885
231611,109.90598704645332,83.08369258868792,95.55833423319937
398484,116.19884185047829,87.84079116077822,101.02968969620841
320604,114.3705081722191,86.45865796352277,99.44003543430672
1189273,123.00823473222357,92.98836792257376,106.95015188762623
497731,115.67108627153114,87.44183307431223,100.57082985279378
438744,123.23024918128316,93.15620027394618,107.14318350945106
