UE ID,Internet usage
499062,0.9709982351885669
1288812,1.0020980264787134
923751,1.0594541325319402
348587,1.0347069139639438
1002737,1.073767312024119
635407,1.0267216428598747
936549,1.006121065876633
