UE ID,Internet usage,Data rate,optimal GU
499062,108.89055734824508,39.53764284668423,65.61460177286227
1288812,114.11532228532755,41.434730115505836,68.76290846769439
923751,123.75114810222358,44.933452584735946,74.56920507527151
348587,119.59361538279836,43.4238722520875,72.06398460082485
1002737,126.15576225671721,45.80655653368899,76.01816267092322
635407,118.25208983747841,42.93677071479871,71.2556163954645
936549,114.79119290405575,41.68013551873453,69.17017042481709
