UE ID,Internet usage
786617,0.3693424804100867
363053,0.28417075330153596
1189455,0.2090632830185127
1141767,0.2963984732774317
527379,0.19958618923257268
1007155,0.30777516882503697
759715,0.344098332984437
