UE ID,Internet usage
1042831,0.3948698121379233
20883,0.4124744886771702
400333,0.412141490252148
89373,0.47498544152282335
1224717,0.4195355716564733
1079558,0.46030850806078283
948739,0.36307489564665746
