UE ID,Internet usage,Data rate,optimal GU
24947,102.5262568392133,37.22679563804769,61.77964074747751
1259719,111.71192487909565,40.56206796205259,67.31468405272055
137944,117.57358721490277,42.690409643506364,70.84676846166465
571781,125.70872639947517,45.64423994266658,75.7487905557882
452069,124.04874714322656,45.041509379385836,74.74853047353307
750239,120.85111813127209,43.880465511949986,72.82172286646258
932004,111.73984449069653,40.572205440074335,67.3315076804203
