UE ID,Internet usage,Data rate,optimal GU
57813,116.32102860926004,6.231483675496073,26.923086578167734
1236171,113.54341616200554,6.082683008678868,26.280194219906075
732748,118.50936401809642,6.348715929540879,27.429587804803912
814822,124.7866077539258,6.68499684396031,28.882487410254452
444554,127.26888432716692,6.817975946098227,29.457022796429744
174060,125.64270065949009,6.730858963901254,29.080634415065482
368031,110.1160899024372,5.899076244773421,25.48692233500941
