UE ID,Internet usage
992547,0.8391035811130206
256437,0.8829863959825787
209270,0.9155645429137378
227140,0.8296582376257647
614094,0.9358952393092929
557358,0.8931188495207298
438589,0.8645014365932359
