UE ID,Internet usage,Data rate,optimal GU
782389,124.74164131983615,101.72383845724733,112.646342907841
1227742,104.94239245272591,85.57802241680625,94.7668845841872
1222434,102.25046479356601,83.38281950427704,92.33597375947441
967639,109.41559275006618,89.22581075451825,98.80635087033042
776291,110.30719521227844,89.9528913338223,99.61150106422855
202689,115.40337998774739,94.10870868048447,104.21354551117706
564338,128.4324735144144,104.73362423496887,115.9793016905442
