UE ID,Internet usage
618469,0.7827102703218407
502124,0.8542640752560918
591893,0.7884462658378545
957716,0.8057203912414741
931770,0.7964569740101116
1288188,0.8151582698199099
633681,0.7517480589253047
