UE ID,Internet usage
926642,0.7046207559093137
346168,0.6960331570354528
42624,0.7098211241916632
1296118,0.8063649806711773
897728,0.7384776665494777
77533,0.7543019858589176
319717,0.7018778690865253
