UE ID,Internet usage
1205528,0.33962907874336823
1027410,0.2763315499388518
1181468,0.3388376506203725
1128544,0.3158763136953644
660738,0.3909492797815888
720072,0.28185716737343575
1289828,0.3179336346715816
