UE ID,Internet usage,Data rate,optimal GU
1205528,114.39345512493448,82.39052422688732,97.08211336733591
1027410,103.75947028584794,74.73152324159285,88.0573862046916
1181468,114.26049520025302,82.29476142399176,96.9692744774961
1128544,110.40299059688265,79.5164396560881,93.69553212212779
660738,123.01524889935685,88.60026855251297,104.39915750875215
720072,104.6877740147694,75.40012295111367,88.84520826804345
1289828,110.74862052091156,79.76537549422797,93.98885732531421
