UE ID,Internet usage
46317,0.3928303723208628
1059967,0.3491213982852807
817022,0.3504481440251364
914820,0.30531567700513307
231946,0.4126003877744415
99320,0.3793667212604757
1105167,0.3280927259394778
