UE ID,Internet usage,Data rate,optimal GU
46317,123.52870385291921,58.08790240702749,84.7084605802453
1059967,116.18559621490691,54.63489345820028,79.67300465389087
817022,116.40848949926425,54.73970637167783,79.82585129117176
914820,108.82623503984158,51.174241477068364,74.62640304187957
231946,126.85006644908316,59.64973362784268,86.98604873404673
99320,121.26681047480834,57.024273973272976,83.15739188058052
1105167,112.65277926083144,52.973628342890976,77.25041398178408
