UE ID,Internet usage,Data rate,optimal GU
1209612,113.95402733111217,94.28339166086066,103.65313401046622
896960,119.91216754519402,99.21304338560695,109.07268714542383
396214,120.39920964102221,99.61601273870289,109.5157029897075
164739,117.8871920200813,97.53761720709107,107.23075962089204
1245302,101.27630417422182,83.79408500129067,92.1214157543799
547615,120.03514263317265,99.31479063101784,109.18454587979888
775369,106.77070082060536,88.3400441313342,97.11914549884466
