UE ID,Internet usage,Data rate,optimal GU
1209612,113.95402733111217,3.3914889086640527,19.658937402389462
896960,119.91216754519402,3.5688145102736315,20.6868142422571
396214,120.39920964102221,3.5833098107447086,20.77083698632734
164739,117.8871920200813,3.5085473815500388,20.33747277515923
1245302,101.27630417422182,3.0141757194708876,17.471822372027695
547615,120.03514263317265,3.5724744831301383,20.708029460474886
775369,106.77070082060536,3.177699429184683,18.41969584578655
