UE ID,Internet usage
1133717,0.41971704798271425
811501,0.3530329057352512
513181,0.4131132255562194
480481,0.3349234534777135
58547,0.3833438166400985
1197729,0.37471602637210827
18616,0.37103638331242306
