UE ID,Internet usage,Data rate,optimal GU
1133717,125.01798310153197,102.69334326197269,113.3071694667426
811501,113.81504720388152,93.4909316317598,103.15364655116949
513181,123.90854093387638,101.78201576711274,112.30165211167528
480481,110.77265922461471,90.99182722021922,100.39624828095104
58547,118.90728023591933,97.67383733664802,107.7688746712445
1197729,117.45781147094044,96.48320227970108,106.45518204146636
18616,116.83963143684946,95.97541153741204,105.89490880600054
