UE ID,Internet usage,Data rate,optimal GU
262238,107.1086705357432,102.00825765308876,104.5273593892522
790344,96.22528696580765,91.64313044362633,93.90626456942523
1044001,123.82548123029959,117.92902974314246,120.84129616553659
825473,116.69146709611955,111.1347305677329,113.87921125157443
319949,116.597747702797,111.0454740026638,113.78775048879425
130033,131.33860212593825,125.08438297708405,128.1733513956615
372702,112.61834873740591,107.25557022610086,109.90425474817778
