UE ID,Internet usage,Data rate,optimal GU
262238,107.1086705357432,98.18294799109795,102.54874464666312
790344,96.22528696580765,88.20651305199036,92.12869819269689
1044001,123.82548123029959,113.50669112777463,118.55387236086247
825473,116.69146709611955,106.96717817144292,111.72357384168164
319949,116.597747702797,106.88126872756392,111.63384435399215
130033,131.33860212593825,120.3937186154434,125.7471379701975
372702,112.61834873740591,103.23348634262209,107.82385991194919
