UE ID,Internet usage,Data rate,optimal GU
370043,110.2584361547594,80.72492647044884,94.34301326192433
645514,116.12038206600614,85.01670829832592,99.35880760957129
860958,111.3818557477229,81.5474301010114,95.30427113255926
395492,109.18551352870911,79.93939383351916,93.42496329614752
1070852,121.49233938420662,88.9497484777227,103.95534151834288
112088,105.36295728725544,77.14073658531201,90.15417979187461
1163237,110.99939597238408,81.26741490835262,94.97701809945531
