UE ID,Internet usage,Data rate,optimal GU
975477,112.01621986557849,40.67255602262076,67.49804425259258
890422,106.50476342124708,38.67137243271471,64.17698475404728
1208898,108.35376547697594,39.34273627437817,65.29114503128649
899681,120.89153146272692,43.8951394001568,72.84607488296703
915533,129.10900769957328,46.878865890916494,77.79771113122546
94403,125.07389126815094,45.413734329507186,75.36625551007212
485614,113.8572583356438,41.341028324251624,68.60740588140237
