UE ID,Internet usage,Data rate,optimal GU
975477,112.01621986557849,82.0118752587271,95.84706698991874
890422,106.50476342124708,77.9767017905559,91.1311701701031
1208898,108.35376547697594,79.33043543850023,92.71327519125637
899681,120.89153146272692,88.50987124949648,103.44125813678221
915533,129.10900769957328,94.52623778004472,110.47257017629077
94403,125.07389126815094,91.57195610703907,107.01990880833199
485614,113.8572583356438,83.35977842431063,97.42235794138203
