UE ID,Internet usage,Data rate,optimal GU
191041,120.84122244421596,103.57819066647082,111.8772326199411
711430,125.09347089376061,107.2229750517948,115.81404970375621
1076010,126.61933926469074,108.53086222687777,117.22672931117052
731071,110.32068574791812,94.5605877839298,102.13710828611384
1205228,116.40865261321319,99.77884509703988,107.77347037675332
827934,109.25721053889404,93.64903760476632,101.15252156198954
37068,127.90054537310093,109.62903889122936,118.41289567828804
