UE ID,Internet usage
1015775,0.28762087399200076
345439,0.3254260431993051
958853,0.3463893246421145
733313,0.34357156869893646
514377,0.38406033773374526
707235,0.3257005867015943
1003230,0.3877163641058688
