UE ID,Internet usage
462291,0.7791793645174563
263145,0.7559768416175267
1025726,0.7840337117479433
156676,0.796471512444248
584968,0.8128355765829918
1295933,0.883214678098795
658584,0.8024111672438081
