UE ID,Internet usage
462291,0.9858558204406908
263145,0.9626532975407611
1025726,0.9907101676711778
156676,1.0031479683674824
584968,1.0195120325062264
1295933,1.0898911340220292
658584,1.0090876231626091
