UE ID,Internet usage,Data rate,optimal GU
462291,115.89728394432785,105.54931216358429,110.6023444686026
263145,111.99926009702665,101.99932615979212,106.88240762769152
1025726,116.71281427940043,106.29202729016825,111.3806160895978
156676,118.802364796255,108.19501079658937,113.37470238898605
584968,121.55152757175199,110.6987126099884,115.99826558173383
1295933,133.37521662620472,121.46671514172215,127.28177184852782
658584,119.80022680217719,109.10377798055421,114.32697558776222
