UE ID,Internet usage
598652,0.38765680201825675
315291,0.34962209530200017
1097751,0.2922415223585778
1291250,0.38228958165468035
543687,0.346646482978273
688741,0.3891301944527031
1097536,0.3958971843010873
