UE ID,Internet usage,Data rate,optimal GU
598652,118.41431665462596,52.863534220815154,79.11889332331603
315291,112.02448592627012,50.01093121708487,74.84950808313964
1097751,102.38454967180711,45.707388246342454,68.40855474482866
1291250,117.51262363354611,52.46099269354737,78.51642433172212
543687,111.52458305586268,49.78776029279583,74.51549642818794
688741,118.66184658361571,52.974038653399866,79.28428121389676
1097536,119.79870087814119,53.48156289202731,80.04387394046765
