UE ID,Internet usage
453097,0.8666500908917518
581319,0.8981229075650036
292871,0.7638647779451307
624481,0.8842671164140319
1018125,0.8164891443671152
656524,0.8226468521504902
1272405,0.7907225831088291
