UE ID,Internet usage
453097,1.0542063572576674
581319,1.0856791739309188
292871,0.9514210443110461
624481,1.0718233827799473
1018125,1.0040454107330308
656524,1.0102031185164055
1272405,0.9782788494747445
