UE ID,Internet usage
774697,1.0273697536637887
856240,0.9256852676219586
744549,1.0202911976995752
1165045,1.0393637784196132
56823,0.9891604513525475
523519,0.977943825261918
344130,1.0252370364855905
