UE ID,Internet usage
295823,0.7787833790121245
296725,0.731859595724062
1298243,0.6933337617956801
560597,0.7955623859821127
97811,0.7081691712265529
150964,0.7648802734304525
1214601,0.7345075598951165
