UE ID,Internet usage,Data rate,optimal GU
7569,120.9980531825862,109.47442906995893,115.0921056838398
786348,105.06249059675719,95.05653911135173,99.93436219112358
829861,117.77939697073514,106.56231154495083,112.03055294682748
716070,118.56163270499059,107.27004863784862,112.77460754463783
431903,120.31105943720448,108.85286330032785,114.43864428782629
300273,119.76996673791437,108.36330323906537,113.92396246862812
1079019,115.88802206063224,104.85106757866726,110.23149655446683
