UE ID,Internet usage,Data rate,optimal GU
569661,121.75769098176761,113.0607130544985,117.3286468100094
121791,106.59970143173237,98.98543704375149,102.72204259531374
698690,123.64999579629097,114.81785323941304,119.15211735589332
922790,112.97982232768646,104.909835018566,108.87008092595728
565642,122.81942681542972,114.0466106143276,118.35176105953903
609412,120.67472049959048,112.05509760676259,116.28507034116807
902580,115.70244977934522,107.43798908082056,111.49367038544152
