UE ID,Internet usage,Data rate,optimal GU
569661,121.75769098176761,63.05308997270108,87.61962476718175
121791,106.59970143173237,55.203416812861406,76.71158810937563
698690,123.64999579629097,64.03303353736496,88.98137067790614
922790,112.97982232768646,58.507407991123344,81.30286932015731
565642,122.81942681542972,63.60291745799039,88.38367420502198
609412,120.67472049959048,62.49226597300221,86.84029438963292
902580,115.70244977934522,59.91734006430377,83.26213442917529
