UE ID,Internet usage,Data rate,optimal GU
569661,121.75769098176761,68.85107525754717,91.55953224526026
121791,106.59970143173237,60.27959307151533,80.16100438398871
698690,123.64999579629097,69.92112857528359,92.98251047592626
922790,112.97982232768646,63.88739953053699,84.9587373254687
565642,122.81942681542972,69.45146159205848,92.35793796003922
609412,120.67472049959048,68.23868123488748,90.74515846743944
902580,115.70244977934522,65.42698052998688,87.00610282609493
