UE ID,Internet usage
888007,0.557289642650093
457443,0.643159724113519
730551,0.5204018244040919
714631,0.5778260958973898
661817,0.5292181621442156
94820,0.5728973154691759
1260067,0.5086222901643769
