UE ID,Internet usage,Data rate,optimal GU
888007,111.74906560225644,37.91486154362272,65.09186085785814
457443,126.17523928789392,42.80945618696401,73.49485273251994
730551,105.55191213722702,35.812255903702024,61.48212820473479
714631,115.19918974787853,39.0854393787445,67.10149735565662
661817,107.03305687697998,36.31478715468964,62.34486890677787
94820,114.37115463558128,38.80449889421508,66.61918149892354
1260067,103.57295038499973,35.140822452053484,60.32941786818948
