UE ID,Internet usage
751819,0.35294532667896833
955688,0.2700921860235102
424179,0.33037702849086237
1158716,0.36978647899582057
880361,0.29996533308804735
1055299,0.3345995149432787
78383,0.29871906532980297
