UE ID,Internet usage,Data rate,optimal GU
751819,118.5455658031565,16.229452461146426,43.862622182013176
955688,104.62623817304312,14.323830226071381,38.71238138868724
424179,114.754091707564,15.710381602821263,42.4597523686959
1158716,121.37487939239394,16.616798964434885,44.909486416523855
880361,109.64492687982327,15.010912608547235,40.569328505209185
1055299,115.46346943153408,15.807498791221928,42.722226691375354
78383,109.43555389645556,14.982248450109989,40.49185915405835
