UE ID,Internet usage,Data rate,optimal GU
751819,118.5455658031565,21.16885103627795,50.09464465886853
955688,104.62623817304312,18.683256816614843,44.212655174093264
424179,114.754091707564,20.49180209063643,48.49245442707705
1158716,121.37487939239394,21.674085605784633,51.290247867821144
880361,109.64492687982327,19.57945122853987,46.33343823093986
1055299,115.46346943153408,20.618476684202516,48.792221227888525
78383,109.43555389645556,19.542063195795638,46.24496199708066
