UE ID,Internet usage
64314,0.7701948697903418
337141,0.7536012822183534
548045,0.7903161974824349
110864,0.8115807177741796
831314,0.7378321641295263
486687,0.7015249162905479
397220,0.7114702943260719
