UE ID,Internet usage
46529,1.1291513899847512
1051239,1.1014484383319163
1288347,1.0569168664899544
190912,1.1483213348970849
694115,1.0519389252567504
376773,1.14168587779053
484147,1.0915079416218767
