UE ID,Internet usage,Data rate,optimal GU
46529,128.29069885079977,113.01799660665695,120.41244855655638
1051239,123.63660297328585,108.91795976218039,116.04415774944044
1288347,116.15529890321993,102.32728712902708,109.0222758083308
190912,131.51124959577612,115.85514845342182,123.43522732677917
694115,115.3190047763715,101.59055182680346,108.23733797238994
376773,130.39649280222872,114.8731008019634,122.38892703955254
484147,121.96659952583948,107.44676624895384,114.47670815249991
