UE ID,Internet usage,Data rate,optimal GU
33760,118.4613498643314,58.52554784963992,83.26473082775121
806120,114.09172344275751,56.36674431993377,80.19338504090288
1109365,124.9100826145968,61.711528910782945,87.79744970395767
1039388,113.37129631519646,56.01081901286492,79.68700746774438
414258,131.14020631764345,64.78950669264528,92.17651151400688
575381,129.5771444861301,64.0172797163619,91.0778584696414
1042455,106.9817630371578,52.854085310024395,75.19589902503164
