UE ID,Internet usage
962939,0.24202823314623573
276746,0.3676783583125943
442000,0.3030411488067646
605136,0.29909644776493793
733323,0.27892968345435454
1132201,0.30275567549629306
1029807,0.3026254674821087
