UE ID,Internet usage
962939,0.3544131877051618
276746,0.48006331287329373
442000,0.4154261033656907
605136,0.41148140232386404
733323,0.3913146380132806
1132201,0.41514063005521923
1029807,0.4150104220410348
