UE ID,Internet usage
1122574,0.6254227255952823
732958,0.6863242745082322
1216987,0.6170141147104372
646514,0.6399517259306421
670084,0.5980770304806343
1254891,0.6447319799545458
331636,0.5366898112329191
