UE ID,Internet usage
951438,1.0400121572024112
711669,0.955121542284627
1070772,1.012404254673866
971521,1.0032326629907398
1201674,1.0074964799641164
29069,0.9917963662805701
1053314,0.9731719384392076
