UE ID,Internet usage,Data rate,optimal GU
951438,124.9955485208161,30.50486600805631,61.749270920643234
711669,110.73392521411542,27.024350796301977,54.70386129001977
1070772,120.35742089577676,29.372942004326468,59.457981329355285
971521,118.81659349330673,28.99690674539033,58.69679447235911
1201674,119.53291474477547,29.17172324128449,59.050665594543844
29069,116.8952956453128,28.5280185801061,57.747650740930396
1053314,113.76639176842494,27.76441703872275,56.20193542974535
