UE ID,Internet usage,Data rate,optimal GU
951438,124.9955485208161,8.92825346577258,33.40646553119801
711669,110.73392521411542,7.9095660867225295,29.59488637456201
1070772,120.35742089577676,8.596958635412625,32.16687378198167
971521,118.81659349330673,8.486899535236194,31.755070336824836
1201674,119.53291474477547,8.538065338912533,31.946515244100635
29069,116.8952956453128,8.3496639746652,31.241581887886312
1053314,113.76639176842494,8.126170840601782,30.405347151924666
