UE ID,Internet usage,Data rate,optimal GU
951438,124.9955485208161,95.2347036349075,109.10505954841243
711669,110.73392521411542,84.36870492504032,96.65649415109772
1070772,120.35742089577676,91.700892111068,105.05656984848699
971521,118.81659349330673,90.52692837585275,103.71162542854773
1201674,119.53291474477547,91.07269694840036,104.3368818774546
29069,116.8952956453128,89.0630823964288,102.03457917693099
1053314,113.76639176842494,86.67915563308567,99.30344796586824
