UE ID,Internet usage
858826,0.8898698830567786
803906,0.9626208445685912
25309,0.9082681632008189
765666,0.8633432033888759
1054414,0.8688217344179853
94223,0.8254790198105234
163481,0.7815083519308601
