UE ID,Internet usage
389658,0.5283055504447856
286823,0.5795442276544468
909879,0.48855374182791206
891920,0.5899503346676075
1236303,0.4647553293724952
9356,0.5363827060927896
607448,0.5655649138790365
