UE ID,Internet usage,Data rate,optimal GU
389658,112.32441357186573,103.63264347404278,107.89103718624682
286823,120.93251134366464,111.57463844207153,116.15937856695471
909879,105.64610972447434,97.47111313865192,101.47632193577314
891920,122.68073732194752,113.18758502917775,117.83860312762603
1236303,101.64797643190668,93.78235920800914,97.63599253607411
9356,113.68137572073086,104.88460259948381,109.19444086322098
607448,118.58398662894625,109.40784480646826,113.90354869639515
