UE ID,Internet usage,Data rate,optimal GU
389658,112.32441357186573,28.74970109279897,56.82687142202245
286823,120.93251134366464,30.952964212961785,61.18185757072146
909879,105.64610972447434,27.040373322335697,53.448201531971364
891920,122.68073732194752,31.40042681454609,62.066315452364066
1236303,101.64797643190668,26.01704158673802,51.42547646873758
9356,113.68137572073086,29.097018785663256,57.51338213777858
607448,118.58398662894625,30.3518537205041,59.99369813368726
