UE ID,Internet usage,Data rate,optimal GU
1001893,122.52266884782969,13.127428805124609,40.104957453084815
425659,125.37597118203317,13.433139769503553,41.038919876447785
972436,141.5616841960154,15.167323306715934,46.336938095262454
1205805,110.4407223554069,11.83293453807931,36.15021214280384
926599,120.29704739588948,12.8889693638453,39.376451826525276
595990,118.5740989523333,12.704367744892853,38.812484565017954
817029,108.69825676094281,11.6462417958153,35.5798563940547
