UE ID,Internet usage,Data rate,optimal GU
1001893,122.52266884782969,47.40460401850553,76.21114485442303
425659,125.37597118203317,48.50856027876283,77.98594652623053
972436,141.5616841960154,54.77088971869643,88.05373015093052
1205805,110.4407223554069,42.73004138750862,68.69597249557565
926599,120.29704739588948,46.543500480552474,74.82677116700697
595990,118.5740989523333,45.876883523224194,73.75506848012179
817029,108.69825676094281,42.055873151555254,67.612129815096
