UE ID,Internet usage,Data rate,optimal GU
1001893,122.52266884782969,107.93663684213568,114.99862961078034
425659,125.37597118203317,110.45026032702923,117.67671246176823
972436,141.5616841960154,124.7091027441088,132.86847112475542
1205805,110.4407223554069,97.29301731309657,103.65862777499756
926599,120.29704739588948,105.97597032495025,112.90968215793505
595990,118.5740989523333,104.45813479134125,111.29253888345197
817029,108.69825676094281,95.75798809892581,102.02316588544164
