UE ID,Internet usage,Data rate,optimal GU
1001893,122.52266884782969,80.22317603131705,99.14210826286784
425659,125.37597118203317,82.09140970252172,101.45092516658407
972436,141.5616841960154,92.68919798548626,114.54797673291027
1205805,110.4407223554069,72.31237773270689,89.3657162005497
926599,120.29704739588948,78.76592389016572,97.34119415435732
595990,118.5740989523333,77.63780288545632,95.94702977050329
817029,108.69825676094281,71.1714776410935,87.95575905355648
