UE ID,Internet usage,Data rate,optimal GU
1001893,122.52266884782969,19.691143207686913,49.11834095804351
425659,125.37597118203317,20.14970965425533,50.26220664612977
972436,141.5616841960154,22.7509849600739,56.75092728816224
1205805,110.4407223554069,17.749401807118968,44.27478692161695
926599,120.29704739588948,19.33345404576795,48.2261074281348
595990,118.5740989523333,19.05655161733928,47.535391416970945
817029,108.69825676094281,17.469362693722953,43.576246643467734
