UE ID,Internet usage
1107372,0.4001616017812496
664554,0.3175257146374213
450992,0.3810145687797705
707564,0.3398915809863525
975728,0.32881845580993363
119667,0.37014106377943384
607439,0.35175175503775286
