UE ID,Internet usage,Data rate,optimal GU
1107372,127.6199220977585,107.10957747490447,116.91584979493216
664554,113.7370930576113,95.45791738763806,104.19743774682543
450992,124.40322055348919,104.40984582167843,113.96894786611861
707564,117.49455860422158,98.61150454282883,107.63974730348387
975728,115.63427357462307,97.05019389298722,105.93549297139225
119667,122.57647171347254,102.87668161666446,112.29541688849545
607439,119.48706784488962,100.2837890841038,109.46513559136038
