UE ID,Internet usage,Data rate,optimal GU
1107372,127.6199220977585,83.56066327829426,103.26667099317642
664554,113.7370930576113,74.4707156924836,92.03305232786165
450992,124.40322055348919,81.45448964811791,100.66380104469886
707564,117.49455860422158,76.93096099085936,95.0734942274639
975728,115.63427357462307,75.71291722147939,93.56820070473375
119667,122.57647171347254,80.25840409810702,99.18564412101212
607439,119.48706784488962,78.23558013653486,96.68578009024098
