UE ID,Internet usage
899091,0.36019977186483226
905245,0.39168476319940093
969847,0.4108370240820926
90688,0.4782199302906762
596124,0.3577915271607397
1123025,0.40219960324309617
363846,0.4095286493541141
