UE ID,Internet usage,Data rate,optimal GU
899091,104.22401298562427,76.30686665018919,89.17963815042994
905245,109.51349152978484,80.17952058430676,93.7055988101655
969847,112.7310713581112,82.53524867290284,96.45873214854352
90688,124.0513996013159,90.8233461366777,106.14501026769763
596124,103.81942787534608,76.01065255159266,88.8334534977565
1123025,111.27998465713227,81.47284590968613,95.21710478061584
363846,112.51126440382897,82.37431858137478,96.27065356584166
