UE ID,Internet usage,Data rate,optimal GU
332848,116.50525255205375,31.20676407644297,60.29719670149141
777192,121.07887939715663,32.43184269566695,62.66427347680825
1177334,129.8239903278995,34.774283123544514,67.19029837625877
883412,119.56260199386921,32.025696962643536,61.87952536599497
1130996,114.84487333765972,30.762019644015997,59.43786881801548
254382,120.51826965958068,32.281679373101966,62.374130372708414
975027,130.08788926952602,34.84497034005161,67.32687905433129
