UE ID,Internet usage
861761,1.0199728348394528
750717,1.0522239035562015
264621,0.9658381804090738
454151,0.9820449177426661
878781,1.076013066397567
345898,1.019655078703563
616528,0.9607806962200007
