UE ID,Internet usage
861761,0.3707656779793209
750717,0.4030167466969565
264621,0.3166310235493854
454151,0.33283776088297773
878781,0.4268059095392088
345898,0.3704479218434312
616528,0.31157353935986903
