UE ID,Internet usage
818097,0.3852189904801182
1120074,0.4081536950265354
626874,0.4366506220133705
145557,0.508796945975141
805081,0.3714339707861699
304021,0.33093648774040363
1221609,0.487926926258966
