UE ID,Internet usage
687493,0.3770141357834774
701067,0.38393522303365507
379990,0.3639280704200648
734759,0.3930134871137594
461892,0.369128970248473
72789,0.40458328450568
268994,0.329805086391652
