UE ID,Internet usage,Data rate,optimal GU
189857,119.59515724636259,35.593796799512674,65.24450724185749
742454,125.41846019968548,37.32692267847782,68.42137945355536
166720,111.73836078947379,33.255464520676725,60.95827337476777
880784,111.59540226856394,33.21291734183451,60.88028310770726
1297361,121.79448676531818,36.2483591563447,66.44433986075808
704306,121.1235896948476,36.048687409180836,66.07833550254908
819639,137.89833325461444,41.0411706114924,75.22970837470439
