UE ID,Internet usage
496666,1.0541945613144215
259778,0.9191246100433019
196355,0.9425443972103709
1145161,0.9855014212193207
705677,0.9276046198928959
519107,0.9226905852549339
669221,0.9444458662876489
