UE ID,Internet usage,Data rate,optimal GU
496666,131.71987266878924,38.418296195063526,71.1368616328103
259778,109.02812085480136,31.799868582650397,58.88191500788683
196355,112.96264509946039,32.94743815400928,61.00680095798968
1145161,120.17942513236402,35.05233233027284,64.90430763054766
705677,110.45276250959166,32.21538906529757,59.65130943729072
519107,109.62720469024072,31.974601367986878,59.20545725739434
669221,113.282091903849,33.040610138622625,61.17932195017114
