UE ID,Internet usage
1242860,0.7071240920029468
63438,0.7163915196339621
450062,0.73966243284214
387833,0.7604608253382455
165885,0.7626863775441736
351941,0.7011586283386035
380509,0.7204139642912195
