UE ID,Internet usage
1242860,0.6656493284657453
63438,0.6749167560967605
450062,0.6981876693093719
387833,0.7189860618010442
165885,0.7212116140114054
351941,0.6596838648014021
380509,0.678939200754018
