UE ID,Internet usage,Data rate,optimal GU
1242860,116.4536309112465,115.7604545367748,116.10652542705644
63438,118.0105587533138,117.30811495121075,117.65881263930189
450062,121.92007217268089,121.19435745736732,121.55667323567188
387833,125.41420211142196,124.66768900361588,125.04038845694369
165885,125.78809488251567,125.0393562225007,125.4131667910694
351941,115.45143301579606,114.76422210498775,115.10731471528617
380509,118.68632945573563,117.9798632089753,118.33256911756402
