UE ID,Internet usage,Data rate,optimal GU
549270,127.7833307785271,84.42827212152683,103.86782862640656
655828,109.227281191336,72.168025072847,88.78466741310262
629441,113.192448019364,74.78786744136549,92.00772683767298
1238039,117.59896666061758,77.69931725790804,95.58953614159593
170593,105.13955397275255,69.46720530342579,85.46198559205033
582639,111.03843457150211,73.36467998474247,90.25685136511808
1037628,116.71386633228718,77.11451882668975,94.87008823974452
