UE ID,Internet usage
767576,0.33803683605515616
366140,0.30092377176623497
285370,0.3323145519326747
1282166,0.31436131620624247
720535,0.30234352334780407
433943,0.3682820200679268
562141,0.36754114277494726
