UE ID,Internet usage
233789,0.9804182658014056
430168,0.998878294207854
870676,0.935519748001742
547410,1.0260464867908272
69221,1.0040410495822916
1277739,0.9465676865209335
1013714,1.0414248988531634
