UE ID,Internet usage
233789,0.6038709055386359
430168,0.6223309339450842
870676,0.5589723877389722
547410,0.6494991265280574
69221,0.6274936893195219
1277739,0.5700203262581637
1013714,0.6648775385903937
