UE ID,Internet usage
233789,0.3477530408773967
430168,0.3662130692798549
870676,0.30285452307773303
547410,0.39338126186371486
69221,0.37137582465562263
1277739,0.3139024615938212
1013714,0.40875967392605106
