UE ID,Internet usage
215058,0.7167784976439096
39645,0.7481515239461504
715149,0.6879670711786317
705503,0.6902933799248527
1218439,0.7302973529697917
150533,0.7123095090852065
748472,0.6413831877053174
