UE ID,Internet usage
313213,0.34533691026874813
431495,0.44720445080124327
887235,0.4725695468969698
828829,0.42299242768330153
203785,0.45894950494785025
1114742,0.563061861112834
216277,0.5255229977240633
