UE ID,Internet usage,Data rate,optimal GU
313213,98.81336932228092,7.646272626128881,27.48734183118695
431495,115.92711613168392,8.970550653046969,32.24794671480541
887235,120.18845227592999,9.300296902304106,33.43334099958538
828829,111.85949624790696,8.65579435251661,31.11643931907997
203785,117.90028522854662,9.12323635697087,32.79683168683085
1114742,135.39116106426516,10.476696987115757,37.66234418094672
216277,129.08463201465423,9.98869176303872,35.908029750177896
