UE ID,Internet usage,Data rate,optimal GU
888642,109.50990757731148,108.20621820139111,108.85611124105408
875378,121.91990546153232,120.46847801556171,121.19201892349169
916146,125.26917359903814,123.77787391333531,124.5212912516147
946353,116.61008433973596,115.22186904997722,115.91389850962591
1148364,102.47136788827653,101.25147065151134,101.85959306005523
523740,113.82714833122436,112.47206323204313,113.14757719294134
1018052,115.82298695462995,114.44414187183675,115.13150025538435
