UE ID,Internet usage
147421,0.7492426028303032
84315,0.8571578671931336
1096150,0.7795491351175703
1243808,0.8236611244692602
1140480,0.7968886130984815
565967,0.7586989477717992
747203,0.7933748974889089
