UE ID,Internet usage
168562,0.42399289777103494
902290,0.4622546942683822
1076995,0.445029518638321
83131,0.4384897909828204
1256001,0.41036051495782894
733912,0.3885908305679406
481954,0.36427676113037327
