UE ID,Internet usage
956776,0.849897607190011
241456,0.8437802381490289
456282,0.8610131555026271
1062187,0.8532272437393477
1101035,0.8044633010856127
475314,0.8710815989869337
1203201,0.8508720476585666
