UE ID,Internet usage,Data rate,optimal GU
956776,113.30477891462964,103.86271400507718,108.48106677120518
241456,112.27706091523082,102.92063917229493,107.49710169945163
456282,115.17219103079763,105.57450844489784,110.26897775257706
1062187,113.86415785446249,104.3754780332573,109.01663133170915
1101035,105.67181548869797,96.86583086463982,101.17306067470551
475314,116.86368953593856,107.12504874127703,111.8884642741283
1203201,113.46848491318437,104.01277783708568,108.63780333192379
