UE ID,Internet usage,Data rate,optimal GU
1023347,118.12500886423322,91.40625685922808,103.91036955830104
115704,105.4302142592221,81.58290389106472,92.74321019419415
213437,127.69474137290436,98.81140701474742,112.3285229291339
1147151,112.2510016027306,86.86089409735105,98.74321426070941
204269,122.6613450686248,94.91651701738823,107.90082319696108
1166878,106.49575730372514,82.40743124693016,93.68053051780018
788531,120.37290269883844,93.14569851695832,105.88776182542138
