UE ID,Internet usage,Data rate,optimal GU
864447,111.23508003328406,7.283249287893599,28.463183543679783
1232864,126.82272342171754,8.3038687954696,32.45179895750114
1090955,117.69944533674645,7.706511301810779,30.11730575108764
544159,123.10148007356851,8.060215957197938,31.49959545841281
1203687,110.50884295371567,7.235698050540907,28.277351706405103
700301,121.83078511362297,7.977015691963408,31.17444601938569
727439,113.8091418161362,7.451789047485108,29.12184260120165
