UE ID,Internet usage,Data rate,optimal GU
864447,111.23508003328406,82.76419645333635,95.94937215207463
1232864,126.82272342171754,94.36214540306364,109.39499196916024
1090955,117.69944533674645,87.57399206603158,101.52541697573348
544159,123.10148007356851,91.59336314997657,106.1851146285484
1203687,110.50884295371567,82.22384148341939,95.32293315641523
700301,121.83078511362297,90.64790559049327,105.08903609318799
727439,113.8091418161362,84.67942099414896,98.16971138203168
