UE ID,Internet usage,Data rate,optimal GU
804468,117.12149983927786,96.90409808130727,106.5342823125739
86025,111.57395812892814,92.31416773762507,101.48821156107063
1256111,118.35894967906987,97.92794050827804,107.65987266755533
681390,130.70489248536217,108.14273842538893,118.88980191321333
713112,130.9552712651278,108.34989705864741,119.11754766139137
1090104,112.36918114393193,92.97212011313415,102.21155025890258
952691,116.63685372030471,96.50311111382354,106.09344586041755
