UE ID,Internet usage,Data rate,optimal GU
1011126,105.47332192890968,62.781739243398626,81.37443452630467
538093,111.02135378854028,66.0841391598454,85.65483403449174
858630,122.98417720613708,73.20486738460541,94.88435267619249
613896,119.57495485563305,71.17556836644825,92.25408052895044
985010,137.39253279879594,81.78126952309283,106.00064035315401
560346,109.62642206017108,65.25382265486374,84.57862084121285
1257432,116.10979583259447,69.11297370987766,89.58065230191933
