UE ID,Internet usage,Data rate,optimal GU
779392,119.80889195739695,12.12351882902231,38.11174828750055
1115524,117.75761936748744,11.915949578852894,37.45922923537978
137969,129.51298682642553,13.10548080981687,41.19866458364621
1021825,122.41489902722775,12.387221925374236,38.94073087684088
119237,105.71024459296525,10.696869988573864,33.62690504449217
586176,120.53689637364519,12.19718594257124,38.343329772071066
504342,115.72296648908286,11.710062085204813,36.81199698836286
