UE ID,Internet usage
1160072,0.819947386237355
895752,0.7505168706121924
205115,0.7531109600237517
897163,0.8616321405197638
1042346,0.791990343891694
203238,0.7909017200390411
752146,0.7678857475724828
