UE ID,Internet usage
1160072,0.44564319451694684
895752,0.37621267889400106
205115,0.3788067683042302
897163,0.48732794879935565
1042346,0.41768615217217253
203238,0.41659752832129304
752146,0.3935815558529615
