UE ID,Internet usage
1160072,0.5971186864212265
895752,0.5276881707960639
205115,0.530282260207623
897163,0.6388034407036353
1042346,0.5691616440755655
203238,0.5680730202229125
752146,0.5450570477563543
