UE ID,Internet usage,Data rate,optimal GU
1160072,119.96614588989983,7.140842017255943,29.268742631326905
895752,108.30181926527642,6.446536861028358,26.42293833036053
205115,108.7376262861723,6.472477755129304,26.529264356231472
897163,126.96918460934805,7.557689560080241,30.977309130619634
1042346,115.26936277599015,6.861271593808937,28.122844885454928
203238,115.08647396903264,6.8503853552995615,28.078224585442104
752146,111.21979059435824,6.620225630616562,27.1348504385887
