UE ID,Internet usage
1276849,0.7433776969110978
697515,0.6628605713854654
398030,0.6888245934553399
271947,0.7036353301153487
1052963,0.834200314517895
1212352,0.7244234928628057
882839,0.7501370071545541
