UE ID,Internet usage
1276849,0.6337370104000639
697515,0.5532198848744317
398030,0.5791839069443061
271947,0.593994643604315
1052963,0.7245596280068612
1212352,0.6147828063517718
882839,0.6404963206435204
