UE ID,Internet usage,Data rate,optimal GU
1276849,126.5499923736433,63.27499618682165,89.48435776650905
697515,113.02311528567581,56.51155764283791,79.91941124933031
398030,117.3850709930725,58.69253549653625,83.00377970926587
271947,119.87327475218353,59.93663737609177,84.76320546030713
1052963,141.80819213175374,70.90409606587687,100.27353428416788
1212352,123.36568609375468,61.68284304687734,87.2327132026249
882839,127.68555649495764,63.84277824747882,90.28732285716256
