UE ID,Internet usage,Data rate,optimal GU
1276849,126.5499923736433,82.10684029004238,101.93439072525432
697515,113.02311528567581,73.33047360796823,91.03866526123173
398030,117.3850709930725,76.16055201336252,94.5521644647025
271947,119.87327475218353,77.7749223094524,96.55638058062614
1052963,141.80819213175374,92.0065056092926,114.22467432570707
1212352,123.36568609375468,80.04083204892416,99.36947298456663
882839,127.68555649495764,82.8436051068475,102.84907301534778
