UE ID,Internet usage
468095,0.6876693765329859
301639,0.7455437625307849
602247,0.614105384997742
671540,0.7655518120660871
1061274,0.6151823674655057
617088,0.6731129806557835
261955,0.7318799783500569
