UE ID,Internet usage,Data rate,optimal GU
468095,117.41975679721128,83.17232773135798,98.82345113622578
301639,127.1426536450641,90.05937966525373,107.00648819706534
602247,105.06100621941357,74.41821273875128,88.42201259518802
671540,130.5040059666641,92.44033755972039,109.83548772802983
1061274,105.24193927363835,74.5463736521605,88.57429045140937
617088,114.97428228961915,81.44011662181356,96.76527764738701
261955,124.8471379020816,88.4333893473078,105.0745238152037
