UE ID,Internet usage,Data rate,optimal GU
108361,122.7422777775746,89.86488194429569,105.02485563929945
18272,108.55255699443185,79.47597922806617,92.8833718425582
210326,109.9066515591211,80.46736989149937,94.04200755270983
270702,117.24146065100275,85.837497976627,100.31806238862094
843633,118.74604356517786,86.9390676102195,101.60546397688988
230706,105.4182946647441,77.18125145097335,90.20152941082772
513449,97.22510651444627,71.1826672695053,83.19099955680326
