UE ID,Internet usage
1046347,0.3584875221726823
1138763,0.3811676584058389
30017,0.42333756693190333
527750,0.40943216827959195
121433,0.34590940640571166
453070,0.40130316415200806
262178,0.3967573991030045
