UE ID,Internet usage
1046347,0.72022254653758
1138763,0.7429026827680766
30017,0.7850725912936976
527750,0.7711671926427162
121433,0.7076444307675059
453070,0.7630381885138023
262178,0.7584924234661289
