UE ID,Internet usage
372831,0.8904060621509369
429515,0.8947472797697767
1095007,0.8091202484819549
807656,0.9304802423428807
555622,0.8231431321215152
1232001,0.9033706643075248
954433,0.8470910029909198
