UE ID,Internet usage
372831,0.7250522236395294
429515,0.7293934412583691
1095007,0.6437664099705473
807656,0.7651264038314731
555622,0.6577892936056741
1232001,0.7380168257916837
954433,0.6817371644795122
