UE ID,Internet usage
372831,0.949013265089534
429515,0.9533544827039404
1095007,0.8677274514161185
807656,0.9890874452770444
555622,0.8817503350556787
1232001,0.9619778672416883
954433,0.9056982059250832
