UE ID,Internet usage,Data rate,optimal GU
372831,119.89025375305471,99.19491233139645,109.05275425418257
429515,120.61957831262848,99.79834158009142,109.71615139846222
1095007,106.23423705637678,87.89618423116889,96.6311754661246
807656,126.62271602490854,104.76522337775171,115.17663447525788
555622,108.59008150741148,89.84536505672736,98.77406296479437
1232001,122.06830691467657,100.9969920305955,111.0339219367211
954433,112.61332381378756,93.17411910783613,102.4336236113668
