UE ID,Internet usage
709669,0.9244468346840333
810253,0.9299715425647234
943656,0.9528670603826828
515623,0.9119556352371148
974623,0.9755343186550356
285173,0.9622535635674576
1108875,0.964808772663321
