UE ID,Internet usage
732673,0.3703237349833745
243641,0.310107031414014
234075,0.40258528084278133
1263375,0.4244282903260727
300858,0.367202870855776
1062919,0.46799659326455995
881755,0.3545491538759955
