UE ID,Internet usage
732673,0.39061181139429746
243641,0.330395107824937
234075,0.4228733572537043
1263375,0.44471636673832576
300858,0.38749094726669897
1062919,0.48828466967681294
881755,0.37483723028691845
