UE ID,Internet usage
732673,0.6906945188000115
243641,0.630477815229321
234075,0.7229560646598616
1263375,0.7447990741409364
300858,0.6875736546706396
1062919,0.788367377083857
881755,0.6749199376926325
