UE ID,Internet usage,Data rate,optimal GU
732673,115.50236139271173,105.87716460998577,110.58509180725133
243641,105.38595519311241,96.60379226035305,100.89937027868065
234075,120.92230109710097,110.84544267234256,115.77428900263845
1263375,124.59192669031964,114.209266132793,119.28768802090244
300858,114.97805621931154,105.39655153436892,110.08310782150109
1062919,131.9114015843215,120.91878478562806,126.29555169896179
881755,112.85223176671064,103.44787911948477,108.04778586424972
