UE ID,Internet usage,Data rate,optimal GU
1152967,106.83438048761,104.29070476171452,105.55488067272877
708961,116.8839489116328,114.10099774707011,115.48409064210911
788648,104.3975009111136,101.91184612751564,103.14718633559804
853493,113.08890976005192,110.39631667052687,111.7345027008011
252896,118.40447186033464,115.5853177684219,116.98640307821653
1144839,118.43580234650814,115.6159022906389,117.01735833545084
863186,114.92124526761947,112.18502514219996,113.54489327891774
