UE ID,Internet usage,Data rate,optimal GU
136188,123.35514055700342,111.6070319325269,117.33414298995336
533769,117.8844834177561,106.65738975892218,112.1305100961233
583548,119.23468238377724,107.87899834722701,113.41480548769478
907003,109.86783649032458,99.40423301505557,104.5051578600035
99121,112.5094252759468,101.79424191633281,107.01780998697039
1164670,109.08441987778012,98.69542750846772,103.75998002289082
235358,112.34932908401788,101.64939298077807,106.86552813320155
