UE ID,Internet usage,Data rate,optimal GU
136188,123.35514055700342,57.27202954432302,84.05236019544495
533769,117.8844834177561,54.73208158681533,80.32473569355959
583548,119.23468238377724,55.358959678182295,81.24474121027401
907003,109.86783649032458,51.010066941936415,74.8623115735627
99121,112.5094252759468,52.236518878118154,76.66225092829728
1164670,109.08441987778012,50.646337800397916,74.32850313231455
235358,112.34932908401788,52.16218850329402,76.55316376152689
