UE ID,Internet usage
304837,0.9355708734118251
1279360,0.9784778646214956
328438,0.9875622316140036
152113,1.0398946972405643
1076714,0.9677252495216422
1202733,0.9389232312676297
579965,0.9608643927355215
