UE ID,Internet usage
379151,0.3152943945319308
13781,0.42959932787510063
456730,0.41118086847020385
58382,0.4872877789486095
348470,0.42711879243087675
735083,0.4569266427394829
899215,0.4689000510544664
