UE ID,Internet usage
379151,0.40600015568244113
13781,0.5203050890278277
456730,0.5018866296193841
58382,0.5779935400991197
348470,0.5178245535813871
735083,0.5476324038899932
899215,0.5596058122049767
