UE ID,Internet usage
379151,0.24523020258184353
13781,0.35953513592545666
456730,0.3411166765205599
58382,0.41722358700073897
348470,0.3570546004812328
735083,0.38686245078983894
899215,0.39883585910349245
