UE ID,Internet usage
648412,0.39284499304528725
202142,0.4208491523303658
776239,0.36508157279316855
693835,0.40368239931616473
638422,0.4656509628262659
990121,0.3889903548730933
1251530,0.40448607501848727
