UE ID,Internet usage,Data rate,optimal GU
648412,115.46752188639533,53.609920875826404,78.6778540127869
202142,120.17222064631908,55.79424530007672,81.88356585417901
776239,110.80326728410009,51.44437409618933,75.49970021955916
693835,117.28820613990362,54.45523856495526,79.91844121480412
638422,127.69892480946142,59.28878651867852,87.01215025324302
990121,114.81994267353497,53.30925909842695,78.2366031576653
1251530,117.4232236579488,54.517925269761946,80.0104401457622
