UE ID,Internet usage
946351,0.40224254022664263
1155629,0.39016046439131047
697908,0.4124793982888465
1216273,0.4284447413244701
552916,0.3946177591233702
1189320,0.2975754291075014
380876,0.4255061772905127
