UE ID,Internet usage,Data rate,optimal GU
1040364,110.34117818417317,26.271709091469802,53.84098191958085
793927,121.96800287868497,29.040000685401182,59.51429145334778
928153,113.62977587756988,27.054708542278544,55.44565328402296
1038281,130.49176299718943,31.069467380283196,63.67346051406993
657469,121.6080294106958,28.954292716832335,59.3386423865127
1079158,124.94314546518365,29.74836796790087,60.966012386945955
1173877,131.12162965172797,31.2194356313638,63.98080397112594
