UE ID,Internet usage
26953,0.9734715476719503
968707,0.9545712449660204
52674,0.927994987510979
642821,0.9835378068789704
1004960,0.8791818585467114
325723,1.083872713930726
122392,0.9324907920509389
