UE ID,Internet usage,Data rate,optimal GU
26953,116.66478769404155,0.6944332600835806,9.000883781903424
968707,113.48953683922416,0.6755329573763342,8.755907859969264
52674,109.02472558637994,0.6489566999189282,8.41144019333811
642821,118.35591924024374,0.7044995192871651,9.131357413306208
1004960,100.82411992093179,0.6001435709579274,7.77874973038973
325723,135.21218362522862,0.8048344263406465,10.431846444531143
122392,109.78002074964247,0.6534525044621576,8.469712480288898
