UE ID,Internet usage,Data rate,optimal GU
302703,120.10426167132096,112.24029215712733,116.10571656600348
1113623,115.01056748736731,107.4801136637897,111.18160309187485
640395,124.47552941487794,116.32534594128474,120.33145482545385
102366,109.47408289876371,102.306136994678,105.8294407166912
957589,120.41041177501828,112.52639671832065,116.40167423371562
1240409,117.58676755875693,109.88763396860023,113.6720355806456
730531,115.96897669210445,108.37576988488333,112.1081046658488
