UE ID,Internet usage,Data rate,optimal GU
196696,117.05753696318959,91.27700798915379,103.36663744448555
208200,115.15638229626187,89.79456000482325,101.6878393911487
617873,121.05446834411616,94.39366281594772,106.89609285300524
650218,119.80833249859255,93.42197355545015,105.79570345910128
677541,111.926353277152,87.2759064244459,98.83559042696206
605974,125.56282845351154,97.90911028220246,110.87716094128733
383087,123.10651566365041,95.99377114248932,108.70813534766262
