UE ID,Internet usage
319671,0.7322829858110074
462865,0.6744759775873275
1066705,0.7491689711530076
1054966,0.6224003644210523
971012,0.7138905969729227
850955,0.7357346100281575
294674,0.6892908182678028
