UE ID,Internet usage
319671,0.8019225360538217
462865,0.7441155278345751
1066705,0.818808521395822
1054966,0.6920399146638665
971012,0.7835301472157371
850955,0.8053741602709719
294674,0.7589303685106172
