UE ID,Internet usage,Data rate,optimal GU
319671,123.57929491509987,66.93878474567909,90.95189839329724
462865,113.86771753370301,61.678346997422466,83.8043709710193
1066705,126.41614045227529,68.47540941164911,93.0397601765508
1054966,105.11901452112812,56.939466198944395,77.36549989622067
971012,120.4893735899749,65.26507736123641,88.67777787335802
850955,124.15916778341442,67.25288254934948,91.37867326878272
294674,116.35661076743936,63.02649749902965,85.63614679286769
