UE ID,Internet usage,Data rate,optimal GU
319671,123.57929491509987,16.9185939467101,45.72513434522977
462865,113.86771753370301,15.589032757590294,42.13178822059343
1066705,126.41614045227529,17.30697160953769,46.77478544894522
1054966,105.11901452112812,14.391293654678256,38.89471180847009
971012,120.4893735899749,16.495569003389424,44.581843571442825
850955,124.15916778341442,16.997981303681737,45.93969103795934
294674,116.35661076743936,15.929774093161342,43.05269473298058
