UE ID,Internet usage
442534,0.9737908670763711
138495,1.0513846000086955
568710,1.0648412253352921
255164,0.9694596975861456
730196,0.9295800840959094
976914,0.9795015615641017
687753,1.0013120907497561
