UE ID,Internet usage
1299732,0.29495692693309233
628461,0.39200468296474755
968923,0.3547565322529136
407524,0.34627013172960835
737259,0.36019795088170214
1289556,0.2581714577618963
892577,0.32914166193628774
