UE ID,Internet usage,Data rate,optimal GU
1299732,107.08596502773433,22.309576047444654,48.87783219824952
628461,123.38998804111752,25.70624750856615,56.31956651701063
968923,117.13229872152544,24.402562233651135,53.46333518517751
407524,115.706583433619,24.105538215337294,52.81258816537224
737259,118.04645705115354,24.59301188565699,53.88058946706797
1289556,100.90600620705322,21.02208462646942,46.057079822799466
892577,112.82900050832082,23.50604177256684,51.499157265974304
