UE ID,Internet usage,Data rate,optimal GU
1299732,107.08596502773433,93.70021939926754,100.16974801645952
628461,123.38998804111752,107.96623953597783,115.42076505199891
968923,117.13229872152544,102.49076138133476,109.56723268530189
407524,115.706583433619,101.24326050441664,108.23359815069398
737259,118.04645705115354,103.29064991975935,110.42234950198537
1289556,100.90600620705322,88.29275543117157,94.38892587361947
892577,112.82900050832082,98.72537544478072,105.54186579856984
