UE ID,Internet usage,Data rate,optimal GU
851059,113.96568115924373,75.97712077282915,93.05258900962187
1178888,121.59572900726627,81.06381933817751,99.28249698984723
312706,120.73127358366044,80.48751572244029,98.57667209210864
17432,114.55546012842423,76.37030675228281,93.53414152146082
1277042,125.27101201447817,83.51400800965212,102.28335299917752
116794,124.48514522090208,82.99009681393473,101.64169544915801
431616,124.9087941484367,83.27252943229114,101.98760335000372
