UE ID,Internet usage,Data rate,optimal GU
443031,127.7359248844047,101.88460675303708,114.08034219392513
433767,113.32874399799368,90.39316485554258,101.21335800714363
462077,117.19911139542526,93.48024361301776,104.66996457663276
855293,109.77070410995552,87.55520446865499,98.03568963910736
1050376,124.69317789633561,99.45765379826769,111.3628794447214
1155671,115.60170035005774,92.20611813635557,103.24332442943225
991122,123.26663214925343,98.319813738095,110.08883827635238
