UE ID,Internet usage
112996,0.9810942337119174
835753,1.0318454938273391
440093,0.978978219245924
1289337,1.0177835624656366
167212,1.0446336053568337
731304,1.0678724317235089
12961,0.9789682995760434
