UE ID,Internet usage,Data rate,optimal GU
112996,111.0985676718593,20.50033093945023,47.72376142103661
835753,119.62477937112064,22.073620003004404,51.38630092525981
440093,110.74307724138872,20.434734490970538,47.571056117568176
1289337,117.26237490201157,21.637700130728327,50.37150091814587
167212,121.77318210797918,22.47005146040092,52.309173846114845
731304,125.67730493757517,23.19045507776685,53.986238009789524
12961,110.7414107366751,20.434426981172194,47.57034024989296
