UE ID,Internet usage
856060,0.9582588431778319
1230540,1.0125094206228211
1203044,1.0464484822481421
1258557,1.0178572516002293
283062,0.9707661912952119
136013,0.9017283273797392
354702,1.081846609321947
