UE ID,Internet usage,Data rate,optimal GU
856060,114.10905333902879,90.33633389339779,101.52927431383543
1230540,123.2231503492164,97.55166069312965,109.63860156170024
1203044,128.92491270250397,102.06555588948231,114.71178179674504
1258557,124.12158595370913,98.26292221335306,110.43799049949857
283062,116.21028782275924,91.99981119301773,103.39886139789016
136013,104.6119266844926,82.81777529188999,93.07914394217417
354702,134.87179805106908,106.77350679042969,120.00306181528572
