UE ID,Internet usage
280637,0.9180121767467117
1094637,0.9479769244070725
1185832,0.925171442670611
496185,0.9586740666675801
1079826,0.9224830389408871
885696,0.9555398112682741
53868,0.8620886191248629
