UE ID,Internet usage
408457,0.45121128138031025
989851,0.3744396846975907
1068635,0.5124170377989292
705932,0.4402646034451095
1145375,0.36957601162991804
1056839,0.4666546134099364
440568,0.4540558568550383
