UE ID,Internet usage,Data rate,optimal GU
408457,125.68307235016906,12.717929940195678,39.98035153444745
989851,112.78544410772403,11.412812796614931,35.877557884902515
1068635,135.96563942866288,13.758427799328981,43.25128244652239
705932,123.84403045725792,12.531836415317764,39.3953440231709
1145375,111.96834703237094,11.330130354466107,35.61763562409584
1056839,128.27755213131164,12.980466584716059,40.805667241324
440568,126.16096103004794,12.76628772327866,40.13237007647241
