UE ID,Internet usage,Data rate,optimal GU
408457,125.68307235016906,68.82644438223544,93.00709106781795
989851,112.78544410772403,61.763457487563166,83.46268017721061
1068635,135.96563942866288,74.4573739728392,100.61632304152326
705932,123.84403045725792,67.81935001230791,91.6461763987767
1145375,111.96834703237094,61.315999565346,82.85801782549089
1056839,128.27755213131164,70.24723092905161,94.92703949656128
440568,126.16096103004794,69.08814532597864,93.36073484130831
