UE ID,Internet usage,Data rate,optimal GU
866997,113.90562029168223,96.95537917684857,105.08930776132358
344308,128.80086382347702,109.63406861165008,118.83165715272541
607531,126.54447523108034,107.7134521312172,116.74991338443456
1042684,113.7225424090169,96.79954502672271,104.9204001349357
968151,112.43119197881242,95.70035983910819,103.72900042665118
957106,124.56448076770805,106.02809970108483,114.92317079706952
813038,109.83780099438829,93.49289013212812,101.33633830331003
