UE ID,Internet usage,Data rate,optimal GU
844461,120.2154320794017,52.23646751069241,79.2441134223831
1224871,110.21930885439221,47.892913966491854,72.654826931248
1289357,116.902383485556,50.796869014557075,77.06020413550245
864890,124.12120441895573,53.933618586808144,81.81873683739687
733910,105.16475406543657,45.696589564148034,69.32294427635647
1266431,110.05857585130244,47.82307164967308,72.54887427519338
1261436,130.48817350477032,56.70021824909663,86.01574226062614
