UE ID,Internet usage,Data rate,optimal GU
844461,120.2154320794017,19.320337298475273,48.1933885118694
1224871,110.21930885439221,17.713817494455892,44.18602405073091
1289357,116.902383485556,18.787883060178643,46.865214289308284
864890,124.12120441895573,19.948050710189314,49.75918086101401
733910,105.16475406543657,16.901478331945164,42.15969416541489
1266431,110.05857585130244,17.687985404673604,44.121587497697774
1261436,130.48817350477032,20.97131359898094,52.311646958653235
