UE ID,Internet usage
445117,0.5684413022223814
154024,0.5226799816430454
301814,0.5122085573249897
555779,0.5136219772245563
291717,0.4735013640216809
61541,0.4088567264559564
1097109,0.5833048657023571
