UE ID,Internet usage
977816,0.35210791661807606
1258239,0.3331290885130432
349810,0.3618874648237016
334015,0.299320011336272
474603,0.4096512354950975
581072,0.43379416236342105
320083,0.37928107547954176
