UE ID,Internet usage,Data rate,optimal GU
977816,119.54690299032715,103.89195140826051,111.44487891544907
1258239,116.35845986870252,101.12104250494387,108.4725253978761
349810,121.18986708895521,105.31976544635394,112.97649479552625
334015,110.67853490303904,96.18491723716488,103.17754464794884
474603,129.2141805617306,112.29327596436111,120.45697836292922
581072,133.27019227552344,115.81814328706204,124.23810295099038
320083,124.11199367907116,107.85923260204994,115.70058078910014
