UE ID,Internet usage
1053483,0.9762030787559658
87456,0.8693571769947133
843018,0.9144871205873091
937777,0.8877416710316711
1283502,0.9683501417430268
623135,0.9305889685250907
215578,0.9307801824959622
