UE ID,Internet usage
295100,0.7024873877656505
799954,0.6651196263030659
396104,0.6876753425733291
956173,0.7038910495186169
845203,0.6771028599089989
345635,0.6881294877959083
873984,0.6870987929712272
