UE ID,Internet usage
625517,1.0089300832024113
497837,0.9470027875799394
1296336,0.9396178839321327
782833,1.0134470658282937
193448,1.0203475330013283
1219213,0.926576170611118
565267,1.0523458783138568
