UE ID,Internet usage
982566,1.1025405086647888
251876,1.0473457787448632
1208444,1.0863990305669804
276340,1.0521379557786485
334599,1.1248478550427652
202282,0.9823752490243289
984373,1.0476491438006437
