UE ID,Internet usage
51810,0.7491772666921829
159367,0.7044570770758035
657382,0.6403964028600658
876916,0.6924816294302064
943675,0.6434427708413896
646604,0.7185358514811795
134688,0.6553221692466151
