UE ID,Internet usage,Data rate,optimal GU
51810,126.4175341029126,24.832015627357833,56.028583619573745
159367,118.90454224725535,23.356249369996586,52.6988058683704
657382,108.14234897952478,21.24224712097808,47.928973505241245
876916,116.89266704294762,22.961059597721853,51.807137486158965
943675,108.65413879997223,21.34277726428026,48.155800099780286
646604,121.26977634768659,23.820848925438437,53.74708384275327
134688,110.64987773180978,21.73479741160549,49.040316843591086
