UE ID,Internet usage
1223777,0.38085281310362756
363771,0.21353007536024982
431064,0.32738088685567485
445925,0.4138942748120328
518122,0.30604238079052265
172493,0.34922612227678335
1186795,0.3622346154031248
