UE ID,Internet usage,Data rate,optimal GU
1223777,124.37604559993355,19.24867372379924,48.929274681007655
363771,96.26582565901634,14.898282542466815,37.87077329355551
431064,115.39276199027924,17.85840364135274,45.3952698076898
445925,129.92701116696912,20.107751728221412,51.11301285715083
518122,111.80789297135675,17.303602483662353,43.984989877368655
172493,119.06276154101528,18.426379762299984,46.839039910131724
1186795,121.24818838625833,18.764600583587598,47.69878223342523
