UE ID,Internet usage
818928,0.3458561958015893
1219277,0.34671058249658776
1142489,0.3310852081340272
193177,0.32858758746051836
57124,0.33591447114664325
1165298,0.3313175048785048
911244,0.2591387946823679
