UE ID,Internet usage
531471,0.9104267167133536
1147850,0.857039637600542
1069062,0.9827780415391261
514103,0.929281553925398
1204712,1.0084019151850385
80419,0.9854387498939038
619306,0.8968645001296653
