UE ID,Internet usage
531471,0.4466985967376072
1147850,0.3933115176301156
1069062,0.5190499215678129
514103,0.465553433954085
1204712,0.5446737952137256
80419,0.5217106299225907
619306,0.43313638015790895
