UE ID,Internet usage
531471,0.7871272969081714
1147850,0.7337402177953598
1069062,0.8594786217339436
514103,0.8059821341202158
1204712,0.8851024953798564
80419,0.8621393300887215
619306,0.7735650803244831
