UE ID,Internet usage
531471,0.48179458854129964
1147850,0.42840750943292144
1069062,0.5541459133715054
514103,0.5006494257577775
1204712,0.5797697870129848
80419,0.5568066217262831
619306,0.46823237196204476
