UE ID,Internet usage,Data rate,optimal GU
531471,112.14740505238089,4.672808543849204,22.891993196296447
1147850,103.17837576206207,4.29909899008592,21.06119775884996
1069062,124.30242762350876,5.179267817646198,25.373126788902756
514103,115.31501770452437,4.804792404355182,23.538579421341083
1204712,128.60723839572108,5.358634933155045,26.25184260816581
80419,124.74942662734321,5.197892776139301,25.46437007847999
619306,109.86895266670608,4.57787302777942,22.42690605061892
