UE ID,Internet usage
113587,1.0832516223366575
528326,0.9827939472663018
852328,1.0055795217206347
821236,0.9445866807788285
1213544,0.8988226822682595
818418,1.0515247971886028
1135326,0.9826407722607289
