UE ID,Internet usage
316073,0.5631475232886048
706870,0.5060526270469498
930016,0.4782270578285121
220830,0.5945382853905766
1155577,0.534269027740311
598478,0.5119230968630516
1228521,0.5942294020313292
