UE ID,Internet usage
316073,0.7143651725828755
706870,0.6572702763456538
930016,0.6294447071272161
220830,0.7457559346848474
1155577,0.6854866770345815
598478,0.6631407461617556
1228521,0.7454470513300334
