UE ID,Internet usage
316073,0.6494861198806412
706870,0.5923912236434196
930016,0.5645656544249819
220830,0.6808768819870464
1155577,0.6206076243323473
598478,0.5982616934595214
1228521,0.6805679986277992
