UE ID,Internet usage
316073,0.38003828531209755
706870,0.32294338907398923
930016,0.29511781985510815
220830,0.41142904741495606
1155577,0.3511597897638037
598478,0.32881385888787434
1228521,0.4111201640565954
