UE ID,Internet usage,Data rate,optimal GU
628521,125.16297698652149,80.46191377704953,100.35363801262177
1021020,111.3871220133499,71.60600700858207,89.30838168701591
198673,124.76650671103599,80.20704002852314,100.03575459799893
510490,110.45343434163682,71.00577921962368,88.55976610691485
162870,134.50305438368733,86.46624924665613,107.84236006679589
410023,126.99485545604097,81.63954993602633,101.82240835701099
588902,140.53215775502596,90.34210141394526,112.67639703072294
