UE ID,Internet usage
240671,0.5215796077065821
422702,0.5329345407783395
499602,0.5565947256332542
989945,0.4218638962941887
126187,0.5294046112159982
454248,0.5052807435951185
1152037,0.5735969214182215
