UE ID,Internet usage
377233,0.8297982987879343
1273880,0.7667471055287137
518466,0.841017844298916
165204,0.869464340356169
429913,0.7919053364187727
889871,0.8126111348043549
1220325,0.8072313104422205
