UE ID,Internet usage,Data rate,optimal GU
1039571,108.44829818915,92.95568416212856,100.40361424964226
1250962,115.35004836187468,98.871470024464,106.79339328315945
972510,107.68463077436785,92.3011120923153,99.69659560749561
74520,121.54382447517034,104.18042097871742,112.52771570233968
316707,115.77056512525078,99.23191296450067,107.18271615498435
912505,122.6221798193326,105.10472555942793,113.52607875466225
1096234,121.29262408872262,103.96510636176224,112.29514933549575
