UE ID,Internet usage,Data rate,optimal GU
1039571,108.44829818915,34.212855976338986,60.91244541819391
1250962,115.35004836187468,36.39019382844856,64.78896987921273
972510,107.68463077436785,33.97193708953271,60.48351430081078
74520,121.54382447517034,38.344182721333496,68.26784465856248
316707,115.77056512525078,36.522856854989826,65.02516265332069
912505,122.6221798193326,38.68437815728945,68.87352738608797
1096234,121.29262408872262,38.264934980370825,68.12675226629793
