UE ID,Internet usage
304746,0.4773957579938587
825577,0.48991212157350267
368096,0.4757260711974618
695408,0.46808082015615615
624260,0.44520793240460443
1219366,0.4450627544661675
492778,0.4936996727613633
