UE ID,Internet usage
304746,0.9731364884660336
825577,0.9856528520456775
368096,0.9714668016652034
695408,0.9638215506238976
624260,0.9409486628767794
1219366,0.9408034849339091
492778,0.9894404032291048
