UE ID,Internet usage
304746,0.740055213001697
825577,0.752571576581341
368096,0.7383855262008666
695408,0.7307402751595611
624260,0.7078673874124427
1219366,0.7077222094695723
492778,0.7563591277647681
