UE ID,Internet usage,Data rate,optimal GU
441702,102.44013729375986,81.09844202422656,91.14678016952543
811081,111.71831525050693,88.44366623998467,99.4020995095638
1134658,113.62279798626173,89.95138173912387,101.09662544283852
248852,117.71117891932236,93.18801664446354,104.73428903837195
268268,111.49167179561752,88.26424017153055,99.20044201763338
406340,112.98017171777437,89.44263594323805,100.52484452988432
819762,115.97104274215698,91.81040883754095,103.1859915273065
