UE ID,Internet usage,Data rate,optimal GU
441702,102.44013729375986,60.366509476679916,78.63811746688845
811081,111.71831525050693,65.83400720119158,85.76050589115519
1134658,113.62279798626173,66.95629167047566,87.22248106069716
248852,117.71117891932236,69.36551614888639,90.3609245317505
268268,111.49167179561752,65.7004494509889,85.58652316231928
406340,112.98017171777437,66.57760119083132,86.72916934398496
819762,115.97104274215698,68.34007875877107,89.02510991139418
