UE ID,Internet usage,Data rate,optimal GU
549152,132.84054448236566,109.90973620862397,120.83240129148633
330386,106.46782133378305,88.0894474130705,96.84364485378723
218176,123.7157697013337,102.36007136003205,112.53246204980059
155972,122.05456128547655,100.9856191588169,111.02141884596689
1111054,104.64939971673304,86.58492000372556,95.18959976232294
885392,112.80405475483781,93.3319262554908,102.60711339716593
609153,111.66540133695152,92.38982610616821,101.57138874504196
