UE ID,Internet usage
367982,1.0194719929762561
1238116,0.9774614127559125
20473,0.937187914706816
700986,0.914655554898862
2788,0.8811341463380143
993058,0.9751201165130823
897794,0.9355161481912269
