UE ID,Internet usage
367982,1.0947321633248717
1238116,1.0527215831000947
20473,1.0124480850509983
700986,0.9899157252430442
2788,0.9563943166821967
993058,1.0503802868572645
897794,1.0107763185398424
