UE ID,Internet usage,Data rate,optimal GU
367982,129.8686087894684,34.78623449717903,67.21339062398842
1238116,122.81083131238063,32.89575838724481,63.560643752158086
20473,116.04488364013162,31.083450975035255,60.05893315345938
700986,112.25944719235059,30.069494783665338,58.099783663689664
2788,106.62785055418313,28.56103139844191,55.185155500609
993058,122.417493543481,32.790400056289556,63.35707211652844
897794,115.76402686575555,31.008221481898808,59.9135759631307
