UE ID,Internet usage,Data rate,optimal GU
367982,129.8686087894684,110.54292295770227,119.8167584941196
1238116,122.81083131238063,104.53540998613352,113.30525407931263
20473,116.04488364013162,98.77629976511203,107.06299179756367
700986,112.25944719235059,95.55417231253652,103.57054871307751
2788,106.62785055418313,90.76061088838208,98.37483852089807
993058,122.417493543481,104.20060462332015,112.94236071422498
897794,115.76402686575555,98.53723715358956,106.8038733807228
