UE ID,Internet usage,Data rate,optimal GU
367982,129.8686087894684,55.65797519548645,85.01896145376375
1238116,122.81083131238063,52.6332134195917,80.39856152134816
20473,116.04488364013162,49.7335215600564,75.96920904189224
700986,112.25944719235059,48.11119165386454,73.49105917612063
2788,106.62785055418313,45.69765023750705,69.80431376499759
993058,122.417493543481,52.464640090063284,80.14106150710992
897794,115.76402686575555,49.61315437103809,75.78534512360376
