UE ID,Internet usage
372412,0.7644886720233112
1196027,0.7477813628226186
216001,0.709052195796122
58808,0.7453431975532396
649463,0.6516188419444828
269495,0.6825291786629507
321917,0.6640125422719924
