UE ID,Internet usage,Data rate,optimal GU
638927,108.36312414829418,70.30702697716706,87.28510235328949
1196101,134.7648625257076,87.43672628156028,108.55136294414915
1023503,127.60774019765414,82.7931171520494,102.78639298901709
477354,116.15373537979922,75.36164974046497,93.56033946998633
414484,115.46512732728746,74.91487427782342,93.00567454299018
877214,121.39565337153219,78.7626560565298,97.78263697231581
175026,137.99436153390917,89.53205599521488,111.15268284606486
