UE ID,Internet usage
432871,0.39013987961715446
418846,0.3502551348480034
1285212,0.3230099752177806
1275680,0.298700112813279
984538,0.3700298771728957
612361,0.36964682008926364
131802,0.43082571404783987
