UE ID,Internet usage,Data rate,optimal GU
307578,122.23912129767655,103.3211620492266,112.38277474930179
914683,117.60234848969911,99.40198503295997,108.11987275433695
642240,135.25675645547287,114.32416319450684,124.35077602562497
672751,107.17723118671488,90.59027874115186,98.53535024502311
736937,119.49443578086289,101.00124929096744,109.85939785556096
1105419,102.95051149827293,87.01769424258784,94.64943809487058
1234181,110.42241079594436,93.33322817276249,101.51886554825357
