UE ID,Internet usage
964530,0.3799840843556435
1189572,0.460253971633514
923567,0.42539637588099144
823223,0.42000596455029926
106889,0.36652734378992485
799842,0.44612149693311537
445866,0.48094099803286866
