UE ID,Internet usage,Data rate,optimal GU
964530,108.9354153828164,89.48266263588489,98.7311046418531
1189572,122.4207564455363,100.55990708026195,110.95323290854805
923567,116.56468035901668,95.74955886633512,105.64571322950688
823223,115.6590912555323,95.00568210275867,104.82495340383919
106889,106.67468296774815,87.62563243779312,96.68214188851015
799842,120.0465006960516,98.60962557175667,108.80138089581986
445866,125.89617688085309,103.41471672355789,114.10310017134661
