UE ID,Internet usage,Data rate,optimal GU
964530,108.9354153828164,73.27203534677531,89.34158945555745
1189572,122.4207564455363,82.3425326092,100.40137015827774
923567,116.56468035901668,78.40362428910049,95.59860566058187
823223,115.6590912555323,77.79450780878065,94.85590165000268
106889,106.67468296774815,71.7514236628306,87.48748694365976
799842,120.0465006960516,80.74556296817755,98.45416335057855
445866,125.89617688085309,84.68016659247856,103.25167907412832
