UE ID,Internet usage
826689,0.9962130839674261
1299587,0.96788155104211
902114,1.0673530256292088
371354,1.0085344915455723
321753,1.0246278136760794
448508,0.9898007453172615
213215,1.123230657451512
