UE ID,Internet usage
826689,0.34078181621398423
1299587,0.3124502832868947
902114,0.4119217578739935
371354,0.35310322378947034
321753,0.3691965459226373
448508,0.33436947756027285
213215,0.4677993896985134
