UE ID,Internet usage,Data rate,optimal GU
826689,113.75033456423442,71.09395910264651,89.92753545728938
1299587,108.99063703250106,68.11914814531316,86.16466416384964
902114,125.70184476314034,78.56365297696271,99.37603388410807
371354,115.82033103691163,72.38770689806977,91.564011357833
321753,118.52400915524515,74.07750572202822,93.70145658630605
448508,112.67306167039938,70.42066354399961,89.0758764557695
213215,135.08928690929264,84.43080431830789,106.79745853033319
