UE ID,Internet usage,Data rate,optimal GU
502906,117.76148995244175,40.65575248358108,69.19307759887684
1074215,115.82730619983566,39.98799856899088,68.05660992562807
943537,118.84204975329617,41.02880289101891,69.82798174437416
392198,123.21709826671234,42.53923630636498,72.39862747422958
197627,123.42387936071907,42.61062501739111,72.52012576954978
1203061,134.54197456945982,46.44901502993256,79.0527810955038
1289934,123.3539659270856,42.58648823673193,72.47904675772207
