UE ID,Internet usage
795727,0.7937408543254435
191830,0.7592646635876802
629336,0.7403962062607345
275701,0.7258585187677237
723461,0.8202841615012194
450136,0.7731420337576942
102585,0.7807544082078314
