UE ID,Internet usage,Data rate,optimal GU
525381,110.37251286184365,67.66886205220176,86.42211723397526
1050678,109.61500950816162,67.20444035321813,85.82898909056709
223475,125.80375159817855,77.12968103935947,98.5048386340606
453695,126.63946708811213,77.64205422664017,99.1592071917077
56464,117.82486214163704,72.23786190826557,92.25733640609837
116276,106.24312128896902,65.13715174264172,83.18878718319834
554997,127.02335756447282,77.87741564964703,99.45979496390582
