UE ID,Internet usage,Data rate,optimal GU
525381,110.37251286184365,5.912813189027338,25.546272717474825
1050678,109.61500950816162,5.8722326522229435,25.370944759853842
223475,125.80375159817855,6.739486692759565,29.117910464096735
453695,126.63946708811213,6.784257165434578,29.311341013664677
56464,117.82486214163704,6.312046186159127,27.27115640591438
116276,106.24312128896902,5.691595783337625,24.590504287975143
554997,127.02335756447282,6.804822726668187,29.400194393446174
