UE ID,Internet usage
170532,0.2802837416743475
599129,0.29512082715187454
401740,0.3343568890011469
1081667,0.28606899157848115
899824,0.2832549530874178
586970,0.3276250077657489
1297813,0.34124307249665725
