UE ID,Internet usage
170532,0.5345784724298662
599129,0.54941555790695
401740,0.5886516197544489
1081667,0.5403637223317832
899824,0.5375496838411632
586970,0.5819197385208242
1297813,0.5955378032517327
