UE ID,Internet usage,Data rate,optimal GU
170532,110.5032692638363,19.0749690991146,45.91128887930307
599129,112.99589962405548,19.505244577961957,46.94691319430961
401740,119.58755801478067,20.643090371599044,49.685579068960855
1081667,111.47519124770986,19.242741346330867,46.31509766493478
899824,111.00243278122052,19.161134230091637,46.11867858457883
586970,118.4566019671868,20.447865815764388,49.2156956876203
1297813,120.74443684204502,20.842789692972058,50.16623270383268
