UE ID,Internet usage
1269895,0.6051477787606878
1017158,0.5683394443640211
930090,0.5421258882664741
444426,0.5320915485654454
1073899,0.5659027016105285
259771,0.6024666742535097
851811,0.5568466755585098
