UE ID,Internet usage,Data rate,optimal GU
1269895,121.3150334034875,115.53812705094047,118.39134994821718
1017158,115.13123322428534,109.6487935469384,112.35657890223465
930090,110.72735580045872,105.45462457186545,108.05883460306586
444426,109.04158673068542,103.8491302197004,106.41369244489971
1073899,114.7218604418666,109.25891470653961,111.95707197400905
259771,120.86460784572344,115.10915032926042,117.95177961353735
851811,113.20044806552292,107.80995053859326,110.47232552495045
