UE ID,Internet usage,Data rate,optimal GU
1032609,116.7905055874856,90.37360551412576,102.73645448310315
329801,120.60990013184724,93.32908938773893,106.09624003918064
401397,112.46710596205858,87.0281177087358,98.93331358054726
1120586,125.94747635664827,97.45935670454925,110.7915160302465
457802,119.66656185172045,92.59912524240272,105.26641890097332
1225347,109.03140543531633,84.36953992018525,95.91105000691435
679460,108.287714782701,83.7940650104234,95.25685178679713
