UE ID,Internet usage
69577,0.7246262701724041
1082229,0.6095435011299147
681188,0.6671946321082732
1223516,0.7679286055070246
570515,0.6475603701741199
648593,0.6869735854824786
489704,0.6035519644036228
