UE ID,Internet usage,Data rate,optimal GU
69577,124.08853458969574,18.465555742514248,47.86819144769242
1082229,104.75462939050523,15.588486516444231,40.40997559748092
681188,114.44001939491645,17.029764790910185,44.14619590590595
1223516,131.3633269263221,19.54811412594079,50.67450351724242
570515,111.14146338979737,16.53890824252937,42.873750301837326
648593,117.76288356184939,17.524238625275206,45.42801858697282
489704,103.74805122071074,15.438698098320051,40.021679638485914
