UE ID,Internet usage
1067871,0.7838880026620135
438658,0.807229351977433
1058410,0.8445414384316735
934602,0.8086768163586715
671872,0.8851578443712391
1247619,0.846555201541055
923372,0.7843443359923656
