UE ID,Internet usage,Data rate,optimal GU
916814,115.19590172000024,74.74019813976206,92.78881678004831
914290,118.32541947644394,76.77065906507374,95.30960306998405
994945,125.30083888411819,81.29637760933859,100.92821366045358
719001,112.27587234822802,72.8456552735527,90.436770688788
1154685,128.9758212365,83.68074115939582,103.88836466473069
1157498,115.6229231459024,75.0172537077581,93.13277704475894
446648,118.2459920047147,76.71912576496369,95.24562526338202
