UE ID,Internet usage,Data rate,optimal GU
33338,122.99597461323742,82.7294353053323,100.8731258789085
874417,110.51652899530183,74.33552247898277,90.63831378302119
1280758,119.51042848796514,80.3849905901194,98.01451254496048
538125,119.20557681421047,80.17994154765347,97.76449345809404
540371,123.25279881644735,82.90218015630089,101.08375602563167
404887,121.08751640012939,81.44576995961083,99.30793526050948
779422,105.21070373390462,70.7667233448287,86.28682845053447
