UE ID,Internet usage
558277,0.865204522264385
466896,0.9335245877120685
60532,0.8704563920405428
226783,0.8882668170035743
34037,0.8954978980142848
1039498,0.861654025995459
371867,0.8327502922495007
