UE ID,Internet usage,Data rate,optimal GU
558277,115.07061993466796,80.1384674545009,96.02907440251433
466896,126.54839092971685,88.13191511176709,105.60753783205307
60532,115.95293405735683,80.75293621851637,96.76538579618008
226783,118.94508545079762,82.83675593894834,99.26240483498815
34037,120.15990706048798,83.68279241712555,100.27620136106032
1039498,114.47413656116034,79.72305939080809,95.53129533182758
371867,109.61830929183796,76.34132254253001,91.47899598385968
