UE ID,Internet usage,Data rate,optimal GU
558277,115.07061993466796,115.07061993466796,115.07061993466796
466896,126.54839092971685,126.54839092971685,126.54839092971685
60532,115.95293405735683,115.95293405735683,115.95293405735683
226783,118.94508545079762,118.94508545079762,118.94508545079762
34037,120.15990706048798,120.15990706048798,120.15990706048798
1039498,114.47413656116034,114.47413656116034,114.47413656116034
371867,109.61830929183796,109.61830929183796,109.61830929183796
