UE ID,Internet usage,Data rate,optimal GU
558277,115.07061993466796,31.507431648778134,60.212786784652955
466896,126.54839092971685,34.650154659327235,66.21873841748794
60532,115.95293405735683,31.74901765856199,60.67447363553388
226783,118.94508545079762,32.56829720676602,62.24017106536387
34037,120.15990706048798,32.90092693322885,62.87584848334601
1039498,114.47413656116034,31.344108820317715,59.90066605209762
371867,109.61830929183796,30.014537068003253,57.359766453252895
