UE ID,Internet usage
472523,0.44209552109888256
226337,0.4809257965920619
976978,0.5975443789586266
547204,0.5235374359818196
395535,0.5199358098339094
44228,0.538235144548417
634811,0.4893552899370548
