UE ID,Internet usage,Data rate,optimal GU
472523,105.26910260772172,69.5527999372447,85.56728833642067
226337,111.7925888907107,73.86296051707671,90.86986067633401
976978,131.3845107281863,86.80762315969453,106.79502374321211
547204,118.95134430779096,78.59285248907617,96.68880729722301
395535,118.3462711152399,78.19307198685493,96.19697758604374
44228,121.42055934761551,80.22429814038881,98.69589228268764
634811,113.20874377239194,74.79863427818754,92.02097273189511
