UE ID,Internet usage
794639,0.7410302801715366
920127,0.73576759972508
759174,0.8024273797113767
656721,0.827945347689965
795213,0.753897022189797
201793,0.7815259355884561
747750,0.8132944638192764
