UE ID,Internet usage,Data rate,optimal GU
794639,106.7080720713956,31.123187687490386,57.62894546014439
920127,105.82394175599941,30.86531634549983,57.15146051700403
759174,117.02278479353281,34.131645564780406,63.19952700437271
656721,121.30980341444453,35.38202599587966,65.51478167532062
795213,108.86968473031794,31.753658046342736,58.79634972121702
201793,113.51134218121909,33.10747480285557,61.30313125039395
747750,118.84845492361343,34.66413268605392,64.1855015638628
