UE ID,Internet usage
256244,0.4384369707287685
879223,0.4472825172375731
833939,0.4441932242881943
938810,0.4843391884043457
621602,0.3901458293061084
1266731,0.4532049360139202
121739,0.38712141827008695
