UE ID,Internet usage,Data rate,optimal GU
256244,117.20113898308313,92.08660920099389,103.88770612274845
879223,118.68719079686204,93.25422134039161,105.20495026775053
833939,118.16818958100758,92.84643467079167,104.74490485984865
938810,124.9127115527087,98.14570193427112,110.7232846146362
621602,109.08822722408469,85.7121785332094,96.69637846218473
1266731,119.68215715121917,94.03598061881506,106.08689367820148
121739,108.58012617000244,85.3129562764305,96.24599501501726
