UE ID,Internet usage
955274,0.4821081718542694
687669,0.5042959835122183
484862,0.567841675526345
1018265,0.4970820825171562
353863,0.5475022982109795
785578,0.5143329163506319
297085,0.5204068287484871
