UE ID,Internet usage,Data rate,optimal GU
955274,111.99122793444151,16.665361299768083,43.20155409163133
687669,115.7187802928483,17.220056591197665,44.63948863178449
484862,126.39445655127874,18.808698891559338,48.75772015625096
1018265,114.50684492591058,17.03970906635574,44.17197441414442
353863,122.9774411628218,18.300214458753246,47.43957785297365
785578,117.40498501033575,17.470979912252343,45.28995622335998
297085,118.42540229323488,17.62282772220757,45.68359073613636
