UE ID,Internet usage,Data rate,optimal GU
37412,116.55070663831464,39.54398975228533,67.88873212048615
1278352,122.20684163023783,41.46303555311641,71.18333104982246
1230984,119.75049681056551,40.62963284644187,69.7525534915553
741054,119.73641100123585,40.624853732562165,69.74434875591824
1136956,113.44469579621969,38.49016464514597,66.07953555613867
915315,113.1695976296498,38.396827767202616,65.91929572340169
671929,118.7560712742455,40.292238468047586,69.17331814587439
