UE ID,Internet usage,Data rate,optimal GU
37412,116.55070663831464,106.83814775178843,111.58880596367902
1278352,122.20684163023783,112.02293816105136,117.00414293007547
1230984,119.75049681056551,109.77128874301839,114.65237181372433
741054,119.73641100123585,109.75837675113287,114.63888567803743
1136956,113.44469579621969,103.99097114653472,108.61502698647223
915315,113.1695976296498,103.73879782717898,108.35164054450414
671929,118.7560712742455,108.85973200139172,113.70028184860642
