UE ID,Internet usage
48336,1.0308271411138694
787509,0.9909975441566453
729813,1.0344005125382703
1052701,0.951379978911179
51535,1.0758985117444537
1060837,0.9523372073014956
623659,1.0148261878799005
