UE ID,Internet usage,Data rate,optimal GU
48336,116.9421379831642,49.42197498098011,76.02309792179128
787509,110.25076569495756,46.594073597273734,71.67309321458531
729813,117.54246438246594,49.675684352113585,76.41336505241038
1052701,103.59501473338497,43.78122646470436,67.34624563148796
51535,124.51412824927267,52.62204229582357,80.94558495162553
1060837,103.75582910319483,43.849189680516865,67.45078969741779
623659,114.25397783985352,48.28590730136667,74.27554767746629
