UE ID,Internet usage
259454,0.23811819451138355
983617,0.28979181916956237
96338,0.29806513172756355
661797,0.3465219325589407
35338,0.23327257119392755
751053,0.3401467629107414
668315,0.3279056936446495
