UE ID,Internet usage
324257,0.5438657691356806
55880,0.5684776202662559
826033,0.5731525932226719
574644,0.5129609123493133
3649,0.5283453212466214
1020669,0.5378475570256069
672446,0.5517744593937636
