UE ID,Internet usage
620328,0.9204134970010174
1243166,1.0143145358207826
449037,1.0179065059018975
573547,0.9693997301896153
657932,1.0364723278541383
968731,0.992989373616644
1142146,1.036116446504936
