UE ID,Internet usage
1103103,0.44603118853240203
777533,0.46464669334415426
578177,0.5958279519542619
826210,0.47548700428003077
396506,0.5246409231816452
230307,0.48132609015776745
1198883,0.4411038208572108
