UE ID,Internet usage
29792,0.6222041179667834
1256021,0.6427342137237316
485159,0.6280775900818422
1253257,0.631781832005726
1272454,0.6196292577570089
25634,0.5847914448303849
40890,0.6251985517777959
