UE ID,Internet usage
29792,0.6475602692913421
1256021,0.6680903650482902
485159,0.6534337414108342
1253257,0.6571379833302846
1272454,0.644985409086001
25634,0.6101475961549434
40890,0.6505547031023545
