UE ID,Internet usage,Data rate,optimal GU
29792,112.70246758328014,97.94381111404108,105.06430981576536
1256021,116.15152367066194,100.94120509474193,108.27961383800304
485159,113.68921089928827,98.8013380434291,105.98417880962839
1253257,114.31152354210043,99.34215736396824,106.56431560440062
1272454,112.26989106847294,97.56788152379197,104.6610502071224
25634,106.41713849641665,92.48156083617162,99.20495485542877
40890,113.20553246367922,98.38099845057837,105.53328059861555
