UE ID,Internet usage
1290411,1.0058925208400802
171152,0.9925339001817411
620390,0.9993574196953737
481519,1.0087495714556234
1181262,1.0797176668532134
732756,1.038151694533735
818501,1.0478152335263904
