UE ID,Internet usage,Data rate,optimal GU
661698,115.41814376309313,26.10648489879487,54.89227657146428
780735,112.33034769550711,25.40805483588851,53.42373661568299
992598,121.73866146610509,27.53612580780948,57.89828233898651
806055,115.75567810513722,26.182831952352466,55.05280617150604
544801,113.7114045262047,25.72043673807011,54.080560153472405
1000741,106.48092284746696,24.084970644069905,50.64178019120886
840088,113.10513253750912,25.58330378824611,53.79222030848825
