UE ID,Internet usage
195921,0.9499555479412553
6980,0.9627352175307354
1251063,1.0027301618929119
562252,0.9697261641374784
10174,0.9241335146416415
216881,0.980045734196383
560652,1.011079233194253
