UE ID,Internet usage
195921,0.37907337489797177
6980,0.391853044490112
1251063,0.4318479888487416
562252,0.398843991096855
10174,0.3532513415988012
216881,0.4091635611535428
560652,0.440197060154073
