UE ID,Internet usage
190927,0.342433107657181
1248888,0.41634575708956234
788311,0.4260260604723484
1145466,0.35503272466170754
241322,0.3216599258421918
806746,0.2982572782312578
135774,0.3628138531306963
