UE ID,Internet usage,Data rate,optimal GU
190927,115.06196338938022,98.62454004804019,106.52667842518166
1248888,127.47928849408602,109.26796156635945,118.02288759252859
788311,129.10557946233027,110.66192525342593,119.52854045900767
1145466,117.17869904619177,100.4388848967358,108.48639484216304
241322,111.57206884452066,95.63320186673198,103.2956639094641
806746,107.64042404583672,92.26322061071718,99.6556681296763
135774,118.48592862896948,101.55936739625955,109.69665426491592
