UE ID,Internet usage,Data rate,optimal GU
598429,120.6877639978371,105.60179349810747,112.89306591393434
359371,123.3075712110438,107.89412480966332,115.34367116673896
488270,113.44628947674528,99.26550329215212,106.11928675568971
558964,114.90868543439211,100.5450997550931,107.48723291501912
531410,122.65055608734775,107.31923657642929,114.72908979403908
802850,119.88448350963924,104.89892307093434,112.14166582085511
1071160,107.020737592676,93.64314539359151,100.10873333790795
