UE ID,Internet usage
404943,0.7831259974895283
1006571,0.7589132380164201
1043822,0.819601315633007
691199,0.7691392850851276
925794,0.7507215329999551
775024,0.7221024267668941
922776,0.7542468614874401
