UE ID,Internet usage
404943,0.34139487865349893
1006571,0.3171821191795041
1043822,0.37787019679697775
691199,0.327408166248655
925794,0.30899041416259576
775024,0.28037130792997805
922776,0.3125157426500807
