UE ID,Internet usage,Data rate,optimal GU
876027,101.78726868867969,83.00509410922093,91.91769044435578
1287496,118.6584741262339,96.76316044817882,107.15301661835213
539958,113.12321172008042,92.24928574792271,102.15446873577513
1284211,118.55261480537457,96.67683469247807,107.05742171330405
936587,117.89322707258346,96.13911969609484,106.46197005921874
1064715,106.02380638191039,86.4598897281055,95.74344159436708
1039172,98.98875902579405,80.72297611032015,89.39053210508041
