UE ID,Internet usage,Data rate,optimal GU
876027,101.78726868867969,39.381978956929636,63.31337989383387
1287496,118.6584741262339,45.90952867979288,73.80755124645984
539958,113.12321172008042,43.767909296459685,70.36452564956781
1284211,118.55261480537457,45.8685712044604,73.74170498215572
936587,117.89322707258346,45.61345095070193,73.33155480756733
1064715,106.02380638191039,41.021115564429614,65.94857704433853
1039172,98.98875902579405,38.299222242122696,61.57266017804343
