UE ID,Internet usage
232626,0.5662322456828832
962786,0.5323601690117453
355396,0.5891456985523728
1157706,0.5849949731636078
993497,0.575422277221571
601001,0.6371588448927455
473773,0.5592842934894967
