UE ID,Internet usage
232626,0.5053839318470518
962786,0.47151185517148037
355396,0.5282973847121079
1157706,0.5241466593233429
993497,0.5145739633813062
601001,0.5763105310569141
473773,0.4984359796536653
