UE ID,Internet usage
1162663,0.867377652586856
1075727,0.8472446349549104
782350,0.7942683165313461
311441,0.8634583315199049
196674,0.8078479557059934
1168716,0.9084069681052896
1236252,0.8758837139430452
