UE ID,Internet usage,Data rate,optimal GU
1162663,114.52214603192985,8.180153287994989,30.607330974969596
1075727,111.13979906930189,7.938557076378706,29.70336072515893
782350,102.23977757471195,7.302841255336568,27.32472992746755
311441,113.8637000923372,8.133121435166943,30.43135389542187
196674,104.52115695547897,7.465796925391355,27.934454214044745
1168716,121.41507103885645,8.672505074204032,32.449542672730004
1236252,115.95116433925095,8.28222602423221,30.989252182499825
