UE ID,Internet usage
503315,0.39712580504486866
16760,0.3882036726882782
341480,0.26373126053054935
506418,0.37900754522826785
273603,0.40589561152784576
514284,0.3518914620812
251446,0.34677125859563024
