UE ID,Internet usage
947945,0.7972036891750902
446615,0.7333177179019478
822340,0.810470465412067
622188,0.7742421971016357
867809,0.7495297298730716
623477,0.8825514120061163
787585,0.9084329118439848
