UE ID,Internet usage
947945,0.4204316886976364
446615,0.35654571742715385
822340,0.4336984649372732
622188,0.3974701966255118
867809,0.37275772939827784
623477,0.5057794115286625
787585,0.5316609113665308
