UE ID,Internet usage,Data rate,optimal GU
947945,116.31072294689466,17.30814329566885,44.8678354680465
446615,105.577879773423,15.710994013902233,40.72755132733539
822340,118.53954135516646,17.639812701661675,45.72762083518029
622188,112.4531922787436,16.734105993860656,43.379760706353466
867809,108.30149778461579,16.116294313186874,41.77820978519573
623477,130.64914038235625,19.441836366422063,50.39900007666298
787585,134.9972323554583,20.08887386241939,52.076312970145295
