UE ID,Internet usage,Data rate,optimal GU
1266182,115.10804124003482,113.05254050360564,114.07566127171802
1087949,113.87061076621475,111.83720700253235,112.84932905323782
781846,118.8032490297779,116.68176243996045,117.7377275149644
779829,120.63276737122413,118.47861081102371,119.55083728871172
1048625,121.43884050427978,119.27028978098909,120.34968092027816
993225,121.28341391033413,119.11763866193532,120.19564831497486
266165,111.5602921232905,109.56814404966032,110.55973117544596
