UE ID,Internet usage
93149,0.6140669246079946
933860,0.5615041169058385
218848,0.7282685509359729
228973,0.6292496201798283
444272,0.7004247011596704
1229235,0.6670445317996253
1031840,0.6689086506986907
