UE ID,Internet usage,Data rate,optimal GU
93149,111.48610474573213,39.816465980618624,66.62569096767498
933860,102.65555305189663,36.662697518534515,61.34842695733575
218848,130.67197796861925,46.66856356022116,78.09144325320365
228973,114.03679760181129,40.7274277149326,68.15002150528031
444272,125.9942112063622,44.99793257370079,75.29594292218208
1229235,120.3863427540578,42.995122412163504,71.94460051639308
1031840,120.69951472920718,43.10696954614542,72.13175656856323
