UE ID,Internet usage,Data rate,optimal GU
389485,120.90683799713564,73.4077230696895,94.20984917154651
989908,119.09645794315472,72.30856375120108,92.79921239819248
40269,125.04919539813433,75.9227257774387,97.43754805464833
688667,129.78169610110194,78.79602977566904,101.1250828940044
793268,110.02726708037048,66.80226929879636,85.73255580999262
861360,113.00539545093575,68.61041866663956,88.05309474105874
430749,126.29455016868076,76.67883403098475,98.40792067411112
