UE ID,Internet usage
69747,0.5568993617677016
1228755,0.4909032879455533
1142216,0.448729783750244
870876,0.5203526613158834
1215219,0.5587697447890073
432976,0.5225588669537432
171203,0.4940189910352584
