UE ID,Internet usage,Data rate,optimal GU
858710,110.16434814936021,93.77084396046732,101.63761065826101
702369,120.11221115226824,102.23837020699024,110.81550753466675
357038,107.09808426535714,91.1608693449171,98.80867607050074
389202,120.235387145009,102.34321643890647,110.9291496866237
29490,103.44409137216185,88.05062539416157,95.43750278925809
366734,103.95789411753245,88.48796939766154,95.91153712310917
904143,132.6861416888646,112.94118012802167,122.41621391373883
