UE ID,Internet usage,Data rate,optimal GU
106264,129.38678940129847,71.62482984714737,96.26685190311717
1198911,116.70748766186864,64.605930669963,86.83314952567508
1140863,115.67148013782821,64.03242650486919,86.06233526133788
725988,116.70312906009492,64.60351787255254,86.82990662218087
335427,113.85306071995142,63.0258014699731,84.70938791942987
1199942,123.02540725431301,68.10335044435185,91.53383212670376
786874,119.37555772469773,66.08289802617196,88.81825717688118
