UE ID,Internet usage,Data rate,optimal GU
106264,129.38678940129847,5.391116225054103,26.410967790843983
1198911,116.70748766186864,4.862811985911193,23.822816161145127
1140863,115.67148013782821,4.819645005742842,23.611342010846528
725988,116.70312906009492,4.862630377503955,23.821926465283664
335427,113.85306071995142,4.743877529997976,23.24015870149928
1199942,123.02540725431301,5.126058635596375,25.112456097596908
786874,119.37555772469773,4.973981571862406,24.367433682139023
