UE ID,Internet usage
486597,0.6514419550526755
441910,0.6053396356060085
550268,0.6387660593539519
993334,0.6809503321418433
566237,0.6149118017527494
221359,0.632954206067212
1083062,0.6025559694772461
