UE ID,Internet usage,Data rate,optimal GU
493890,106.80797053363199,75.65564579465598,89.89230215507062
714174,116.92574280402673,82.82240115285227,98.40767640591018
757010,127.23114666610681,90.12206222182566,107.08096617231796
211800,118.8914907881889,84.21480597496713,100.06209986204527
922057,113.41906568286205,80.33850485869395,95.45636783070651
984120,108.30027046637841,76.71269158035136,91.14825970009478
742197,108.72217877638441,77.01154329993895,91.50334845513159
