UE ID,Internet usage,Data rate,optimal GU
125675,114.30716936365602,87.09117665802363,99.7754773495411
770937,123.39007714634477,94.01148734959601,107.70368924372677
522427,121.27693244116968,92.40147233612927,105.8591853264201
885128,128.00918781022753,97.53080976017336,111.73557957908305
805677,120.79279426641561,92.03260515536428,105.43659488210997
162787,101.03198021056748,76.97674682709903,88.18794227165827
655974,111.44021610159822,84.90683131550341,97.27299538053532
