UE ID,Internet usage
147907,0.3980673758282152
528132,0.3029653395466671
454506,0.26881346403089734
317167,0.3396210618641049
212193,0.3088311554418293
918995,0.27831503299090316
45969,0.328545126401618
