UE ID,Internet usage
426227,0.37215333497018865
279952,0.3526664365117405
310475,0.37983088913716084
1138558,0.24829984997994017
897630,0.2747245785947215
601255,0.34353609278973357
910824,0.344625050022394
