UE ID,Internet usage,Data rate,optimal GU
426227,122.91453327351702,22.680657925470406,52.799455330954785
279952,119.64073433246405,22.076564073252296,51.39315457589267
310475,124.20436237354846,22.918662104642873,53.3535173457381
1138558,102.1071477951722,18.841199890775822,43.861386000511075
897630,106.54650220245236,19.660366477833474,45.76836549661245
601255,118.10683658717585,21.793523417871736,50.73424986114772
910824,118.28978140224905,21.82728109208167,50.812836065189124
