UE ID,Internet usage
419779,1.1520525271928932
1161607,1.0554640888205113
619187,1.016283454755374
1299331,1.0589576958257427
671119,1.0817800076247845
680111,1.0379616164661447
1251341,1.028236562888491
