UE ID,Internet usage
513941,0.7321708524332317
222790,0.6360621331097382
536285,0.808898525847748
600301,0.7032169934863741
530464,0.6250362350856754
520253,0.7475559434453081
410851,0.7119639164581845
