UE ID,Internet usage
513941,0.676266845707531
222790,0.5801581263840379
536285,0.7529945191220477
600301,0.6473129867651072
530464,0.5691322283644085
520253,0.6916519367196076
410851,0.6560599097369174
