UE ID,Internet usage,Data rate,optimal GU
513941,119.36683591867398,95.20926198275187,106.60594895705017
222790,103.22057107238082,82.3306935934466,92.1857972222444
536285,132.25708505266616,105.49077022057895,118.11816866737468
600301,114.50258761623735,91.32944488437978,102.26171211561058
530464,101.36822020491726,80.85322325868401,90.53147154202023
520253,121.95153120910318,97.27086417868944,108.91432793082772
410851,115.97207067545618,92.50153256256624,103.57410039162274
