UE ID,Internet usage,Data rate,optimal GU
816040,116.1167922428369,84.32290865253631,98.95102660062841
237112,110.40448440154476,80.1746851011218,94.08318006235527
1228221,115.69814160686786,84.01888854784453,98.59426588225182
516739,105.01345508106134,76.25977095172311,89.48911683177347
191610,123.25794845329534,89.50874828155972,105.03649214348066
128630,114.32329813345333,83.02049031119826,97.42266812725154
412492,121.47896642524333,88.21686847547433,103.52050040292625
