UE ID,Internet usage,Data rate,optimal GU
816040,116.1167922428369,85.01408003493415,99.35573596492735
237112,110.40448440154476,80.83185465113098,94.4679799507681
1228221,115.69814160686786,84.70756796217111,98.9975160964186
516739,105.01345508106134,76.88485104149133,89.85512701710316
191610,123.25794845329534,90.24242654616265,105.46609104127832
128630,114.32329813345333,83.70098613342118,97.82112651056086
412492,121.47896642524333,88.93995756133886,103.94389889962974
