UE ID,Internet usage,Data rate,optimal GU
84698,126.8048770026044,111.70905831181817,119.01787008389482
569804,105.9242450998691,93.31421592131326,99.4195045177318
1192052,119.86407974701532,105.59454644379922,112.50330277724944
236747,142.79397590354284,125.79469305788298,134.02508858158203
716616,129.72181095764054,114.2787382245881,121.75567697831468
848931,128.24508560059954,112.97781350529007,120.36963638706605
638525,115.75901365471371,101.97817869581922,108.65032618511631
