UE ID,Internet usage
516119,0.4223098530166362
127792,0.4396670731499453
177869,0.3343909562795337
646548,0.40287735790176515
947148,0.35125562745225863
774135,0.34923050874375733
827714,0.29294171336345026
