UE ID,Internet usage,Data rate,optimal GU
330498,110.57228185443904,13.82153523180488,39.093205155272045
1126441,119.51236087607762,14.939045109509703,42.25400040554416
848296,118.95121658024689,14.868902072530862,42.05560593714113
367056,117.13975394356491,14.642469242945614,41.41515718000919
363834,111.85879855113926,13.982349818892407,39.54805749544526
966402,126.14704153337834,15.768380191672293,44.59971424743644
907218,121.49796835138841,15.187246043923551,42.95601866082764
