UE ID,Internet usage,Data rate,optimal GU
330498,110.57228185443904,36.199258940441354,63.266378610477645
1126441,119.51236087607762,39.12607052490636,68.38164271378301
848296,118.95121658024689,38.94236257091416,68.06057158384222
367056,117.13975394356491,38.3493242077147,67.02410313904765
363834,111.85879855113926,36.62044000186106,64.00248761589083
966402,126.14704153337834,41.29813859723696,72.17782211231415
907218,121.49796835138841,39.77612059122835,69.5177519827423
