UE ID,Internet usage
310856,0.6671511819468262
344678,0.7116155420334507
289894,0.6400400857087899
1099858,0.7387199912735015
370868,0.7113299649633464
1268277,0.6567764504662408
137886,0.7367197652230794
