UE ID,Internet usage
185045,0.3884433387310372
177578,0.3811313574515203
485649,0.3392834857439377
1075106,0.4057965442985963
590090,0.39074628432223785
1173157,0.35140764777097927
1178472,0.37650365436137484
