UE ID,Internet usage,Data rate,optimal GU
185045,120.68498888536375,34.48142539581821,64.5088400193789
177578,119.45657603033361,34.13045029438103,63.85222572894581
485649,112.42613358348981,32.12175245242566,60.09429616987122
1075106,123.60032742068893,35.31437926305398,66.06715401447121
590090,121.07188374462348,34.59196678417813,64.71564402052947
1173157,114.46299280402351,32.703712229721006,61.18304321963244
1178472,118.67912191116473,33.908320546047065,63.436659022107804
