UE ID,Internet usage,Data rate,optimal GU
980899,126.59025942071742,9.795674836126942,35.214159349703394
938210,129.06462646382593,9.987143714462722,35.90246471967737
368845,122.39181362469088,9.470795101910603,34.04625954478227
797514,118.25442047683788,9.150639679755312,32.89534301875908
235272,134.03313522707896,10.371611654476348,37.28457626696563
629354,108.89639562688735,8.426506804461521,30.292180818344857
1181370,131.5378356383189,10.178522995822297,36.59044800033641
