UE ID,Internet usage,Data rate,optimal GU
72689,114.63758603555794,52.54222693296406,77.61001263063599
353934,108.23278598328118,49.60669357567054,73.27394249741008
1246997,120.59826567176059,55.27420509955694,81.6454118208228
282795,109.54852819449643,50.2097420891442,74.1647041852862
579445,104.55774596087926,47.92230023206967,70.78592864069613
329217,117.77056528834942,53.97817575716015,79.7310496115198
16140,124.16185467222887,56.90751672477157,84.05797297900135
