UE ID,Internet usage,Data rate,optimal GU
72689,114.63758603555794,60.04825935195892,82.96859344201086
353934,108.23278598328118,56.693364086480614,78.33313948670956
1246997,120.59826567176059,63.170520113779354,87.28261663873774
282795,109.54852819449643,57.38256238759337,79.28540378650867
579445,104.55774596087926,54.76834312236532,75.67334079374679
329217,117.77056528834942,61.68934372246874,85.2360773526236
16140,124.16185467222887,65.0371619711675,89.86175300403565
