UE ID,Internet usage,Data rate,optimal GU
1218874,104.4271094664566,55.32150441972998,76.00700492644218
1053825,121.12555649584273,64.16770552458335,88.16092695024548
1192571,126.314983934295,66.91686648900152,91.93803845792877
1174083,105.82400163658986,56.06152467652677,77.02372932491967
103661,110.92837151246616,58.76562538458029,80.73893190291246
935284,113.94463939457044,60.36352920307601,82.9343147775884
1144683,108.74211459953095,57.60742975808485,79.14767039236273
