UE ID,Internet usage
1029332,0.39242585188292023
100741,0.44618474056602137
1027197,0.3718023087275885
996074,0.4502674952178116
256055,0.3888478305915112
563330,0.4192341570853004
1078135,0.4778368154150226
