UE ID,Internet usage
315585,0.5277258483700359
367092,0.49009777749074307
260418,0.5991860292229408
200478,0.5008619619011584
6603,0.5107437638539032
93991,0.5298659187965995
183659,0.470369230348349
