UE ID,Internet usage
1271323,0.782987859058673
1069691,0.6548531427569252
120348,0.5895674916633926
1220049,0.6579811670675033
569090,0.6899893342040365
358910,0.6901346414878939
426409,0.6543317451554581
