UE ID,Internet usage,Data rate,optimal GU
1271323,137.83787062315753,41.02317578070165,75.19672330501777
1069691,116.31123828430295,34.61643996556636,63.452982572840945
120348,105.3432489004007,31.35215741083354,57.46945381412616
1220049,116.83674636819237,34.77284118100963,63.73967073626171
569090,122.2141184476837,36.373249538001104,66.67326771176303
358910,122.23853007142498,36.38051490220982,66.68658534433817
426409,116.22364348712125,34.590370085452754,63.40519569324934
