UE ID,Internet usage,Data rate,optimal GU
1271323,137.83787062315753,48.40734742122794,81.68454989199276
1069691,116.31123828430295,40.847399159368294,68.92758212007239
120348,105.3432489004007,36.99554574478358,62.42780617320215
1220049,116.83674636819237,41.03195259359137,69.2390051789389
569090,122.2141184476837,42.9204344548413,72.42570717839088
358910,122.23853007142498,42.92900758460758,72.4401738303235
426409,116.22364348712125,40.81663670083425,68.87567228173609
