UE ID,Internet usage
83080,0.5289541830904156
691430,0.6594148116741657
726451,0.512653406293798
1025366,0.6267809469608968
1218993,0.6081765282331955
785862,0.5550336642426918
998003,0.6338852324624689
