UE ID,Internet usage,Data rate,optimal GU
83080,108.94647738538514,97.27364052266529,102.94474477794695
691430,130.86386298746856,116.84273481023978,123.65472752502568
726451,106.20794688354634,94.82852400316636,100.35707668307897
1025366,125.38137371627111,111.94765510381349,118.47426210460846
1218993,122.25583136948755,109.1569922941853,115.52090218968328
785862,113.32783021938835,101.18556269588244,107.08473406537573
998003,126.57489368053656,113.0132979290505,119.60203246540742
