UE ID,Internet usage,Data rate,optimal GU
83080,108.94647738538514,5.18792749454215,23.774070443682
691430,130.86386298746856,6.231612523212789,28.556836089257363
726451,106.20794688354634,5.057521280168873,23.176474095223824
1025366,125.38137371627111,5.970541605536719,27.360458847255188
1218993,122.25583136948755,5.821706255689883,26.67840959049683
785862,113.32783021938835,5.3965633437803975,24.730160015497667
998003,126.57489368053656,6.02737588954936,27.620906255811732
