UE ID,Internet usage
464437,1.1145835446282593
902516,1.122981009932377
485661,1.1041956108129394
993774,1.0759256938386434
980482,1.0225150254949669
317803,1.0478367064533705
948929,1.0881105926717318
