UE ID,Internet usage
464437,0.5445886755926721
902516,0.552986140901223
485661,0.5342007417817854
993774,0.5059308248074897
980482,0.45252015645937965
317803,0.47784183742221675
948929,0.5181157236361446
