UE ID,Internet usage,Data rate,optimal GU
464437,126.44197205822486,41.394693233347425,72.34657314047229
902516,127.8527462298916,41.856553825262125,73.15377881066047
485661,124.69679917793033,40.82335687372719,71.34803384713653
993774,119.94745312614891,39.26851144010828,68.6305903755463
980482,110.97446084383444,36.33092468101722,63.496494221601274
317803,115.22850324547487,37.72361713393522,65.93053874608266
948929,121.99451612952029,39.938680875735805,69.80186278522025
