UE ID,Internet usage,Data rate,optimal GU
464437,126.44197205822486,74.51044782002536,97.06311328875388
902516,127.8527462298916,75.34179688547184,98.14609333897232
485661,124.69679917793033,73.48204237270895,95.72343224589189
993774,119.94745312614891,70.68332059219489,92.07759924939862
980482,110.97446084383444,65.395664425831,85.18948644745383
317803,115.22850324547487,67.9025108410834,88.45509985765473
948929,121.99451612952029,71.88962557632446,93.64902608631918
