UE ID,Internet usage
223032,0.34337843573280513
655447,0.3590290539088603
687691,0.41801692675905167
487883,0.3670113057552028
1015272,0.33117620194621006
464213,0.4253398159256392
808711,0.3567396794612985
