UE ID,Internet usage
334012,1.1100127710968415
960645,1.1331530736801043
211063,1.0003675272645058
899239,1.0281258864743792
276896,1.0243205788225542
943698,1.1241344730460974
959200,1.0854948178298611
