UE ID,Internet usage
770942,0.9222641862809494
226647,0.9237603181501728
1153776,0.9752677812796037
1204607,0.9665456628402992
551338,0.9239086094894086
1140437,1.0085086285618672
261451,0.9018090350429067
