UE ID,Internet usage
387773,0.3931614500668071
22354,0.37573191632527364
143632,0.32982917720432914
75248,0.3323571708838735
804205,0.4257637216763113
504690,0.41667373870293095
728923,0.42259802664230267
