UE ID,Internet usage,Data rate,optimal GU
387773,122.55011305152543,21.154483800560936,50.91644509689778
22354,119.6219513829071,20.649027322049438,49.69986863586782
143632,111.91029121059505,19.31784788754319,46.49587059790296
75248,112.33499414876074,19.391159704250367,46.67232383238111
804205,128.02729468194528,22.099949677240552,53.19207431360651
504690,126.50017754236855,21.836340171004096,52.55759610662927
728923,127.49545791618527,22.00814452124627,52.97110970729117
