UE ID,Internet usage
358239,0.8196089726868324
1013370,0.8640643332671198
480688,0.7975737222477641
1057001,0.7969419781594349
1131554,0.8108826598426542
96885,0.9081229077171978
529246,0.8250551779123764
