UE ID,Internet usage,Data rate,optimal GU
358239,113.86417038555369,84.04260195124202,97.82352042439226
1013370,121.33267096298074,89.55506666315246,104.23989369002678
480688,110.16224831240025,81.3102308972478,94.64310775984278
1057001,110.0561153050036,81.23189462988361,94.55192627244764
1131554,112.39814982802297,82.96053915877886,96.5640259629951
96885,128.73451147125266,95.0183298954484,110.59899764421408
529246,114.77913286354789,84.71793139928535,98.60958728239109
