UE ID,Internet usage
468438,0.6027554522226553
142907,0.5859384899196567
1102291,0.5778008851737123
718099,0.5454509677915491
532859,0.5208173920701448
343379,0.5815719656420733
73910,0.5280953771662568
