UE ID,Internet usage
620310,0.9766394786956998
569542,0.9566352996142902
749514,1.0193165747996669
659790,1.0003731749843283
1161840,0.8959985058897316
190131,0.9775816950281858
1024296,0.9288790612348374
