UE ID,Internet usage,Data rate,optimal GU
620310,118.69061878853853,91.84393120541671,104.40791649459763
569542,115.32991670324921,89.24338792513332,101.45162638283027
749514,125.8603709338667,97.39195369882542,110.71489248745237
659790,122.67787976506315,94.92931172296554,107.91536818141412
1161840,105.1429353570614,81.36060474058323,92.49050116012221
190131,118.84891113266927,91.96641932885122,104.54716064056659
1024296,110.66686865549981,85.63507693580343,97.34970884167132
