UE ID,Internet usage,Data rate,optimal GU
620310,118.69061878853853,109.50622566799684,114.00597214940929
569542,115.32991670324921,106.40557791073587,110.77791493436885
749514,125.8603709338667,116.12117556398415,120.89273853197182
659790,122.67787976506315,113.18494859276659,117.83585835677641
1161840,105.1429353570614,97.00687488300308,100.99300755504876
190131,118.84891113266927,109.65226919978414,114.158016790853
1024296,110.66686865549981,102.10336096191946,106.29891456105199
