UE ID,Internet usage
579377,0.3714811022291216
967662,0.3779323754899113
961691,0.42485376151411164
149906,0.46109672856852907
822901,0.30664717548671633
789599,0.47096908467459186
234235,0.4598657534636642
