UE ID,Internet usage,Data rate,optimal GU
579377,111.29973311988142,79.49980937134387,94.06544299641618
967662,112.3835470276277,80.27396216259122,94.98143293188188
961691,120.26633987968887,85.90452848549205,101.64360884994491
149906,126.35515834484877,90.25368453203484,106.78959968204437
822901,100.40763342713964,71.7197381622426,84.8599385981683
789599,128.0137141706722,91.43836726476586,108.1913351949438
234235,126.14835452728506,90.10596751948934,106.6148185557363
