UE ID,Internet usage
1164767,1.0621594582293195
96342,1.0108668992509044
163289,0.9855395065450326
1245992,1.0600790767397654
370356,1.015249550226853
781689,1.0376031645013992
1199291,0.9917105503754948
