UE ID,Internet usage
1164767,0.42615054634621
96342,0.37485798737045517
163289,0.3495305946619234
1245992,0.4240701648557693
370356,0.3792406383450738
781689,0.4015942526178466
1199291,0.3557016384932722
