UE ID,Internet usage,Data rate,optimal GU
1075442,117.63515542547775,98.02929618789813,107.38571363693399
788021,119.68148417908522,99.73457014923768,109.25374766763771
846895,110.7070014216695,92.25583451805792,101.06120325400813
85299,136.4218196080701,113.68484967339177,124.53551322540098
1110408,126.39193892776578,105.32661577313816,115.3795267292544
868118,123.43749246683956,102.86457705569964,112.68249844327008
407344,123.87932122067575,103.23276768389645,113.08583106832086
