UE ID,Internet usage,Data rate,optimal GU
1075442,117.63515542547775,75.62259991637855,94.31795319472275
788021,119.68148417908522,76.93809697226907,95.95866628687345
846895,110.7070014216695,71.16878662821611,88.76307206506777
85299,136.4218196080701,87.6997411766165,109.38079479721664
1110408,126.39193892776578,81.251960739278,101.33899969666193
868118,123.43749246683956,79.35267372868257,98.97017260572922
407344,123.87932122067575,79.63670649900584,99.32442371011784
