UE ID,Internet usage
1291239,1.0461870057123475
1136637,1.0792647592324451
745480,1.0389766627382568
342722,1.0453649904050335
1005543,1.0660882452219724
351871,0.9937202325359974
596518,1.0735292710031856
