UE ID,Internet usage,Data rate,optimal GU
1291239,112.61283291103037,21.450063411624832,49.14826962268675
1136637,118.16989550210572,22.508551524210613,51.573570571754395
745480,111.40149529120322,21.21933243641966,48.61959854316241
342722,112.47473433957144,21.423758921823133,49.087998464870005
1005543,115.95624114868953,22.086903075940864,50.607452606325985
351871,103.79841501694783,19.771126669894823,45.30134226967661
596518,117.20633347942606,22.32501590084306,51.15303762835303
