UE ID,Internet usage,Data rate,optimal GU
1291239,112.61283291103037,56.30641645551518,79.62929780001718
1136637,118.16989550210572,59.08494775105286,83.55873444164465
745480,111.40149529120322,55.70074764560161,78.77275275473103
342722,112.47473433957144,56.23736716978572,79.53164736366641
1005543,115.95624114868953,57.978120574344764,81.99344443714095
351871,103.79841501694783,51.899207508473914,73.39656313489938
596518,117.20633347942606,58.60316673971303,82.87739320131405
