UE ID,Internet usage
68998,0.7502394728410722
322064,0.7350262941380464
82473,0.7792702234442003
756043,0.762581483772564
754243,0.7220232930257983
900157,0.7996526940207542
1064065,0.810551108262871
