UE ID,Internet usage
68998,0.7151722017590776
322064,0.6999590230560518
82473,0.7442029523622057
756043,0.7275142126905694
754243,0.6869560219438037
900157,0.7645854229387596
1064065,0.7754838371764429
