UE ID,Internet usage,Data rate,optimal GU
68998,112.41603643549601,23.420007590728336,51.31066581753651
322064,109.86022241350643,22.887546336147174,50.1441016570101
82473,117.29320253728572,24.436083861934527,53.53677739307798
756043,114.4894942721622,23.851977973367127,52.257065508518124
754243,107.67571822692541,22.432441297276128,49.14701647371435
900157,120.71745759391669,25.149470332065977,55.09972884071791
1064065,122.54839118613968,25.530914830445766,55.93543186551332
