UE ID,Internet usage,Data rate,optimal GU
859202,135.52982202780294,51.63040839154397,83.65082223462444
716851,119.53961736587861,45.538901853668044,73.78145365096691
562010,114.75865876004121,43.71758428953951,70.83058193532369
381420,114.49981990781504,43.618979012500965,70.67082312732833
47979,120.82607120795976,46.02897950779419,74.57547020058581
1019217,104.31805637353854,39.74021195182421,64.3865022398854
663545,107.4940404295522,40.95011063982941,66.3467621569618
