UE ID,Internet usage,Data rate,optimal GU
859202,135.52982202780294,129.07602097885993,132.2635632036346
716851,119.53961736587861,113.8472546341701,116.65872130760067
562010,114.75865876004121,109.29396072384877,111.99298345540005
381420,114.49981990781504,109.04744753125242,111.74038260063061
47979,120.82607120795976,115.07244876948548,117.91417170593259
1019217,104.31805637353854,99.35052987956051,101.80399882478545
663545,107.4940404295522,102.37527659957352,104.90344189673257
