UE ID,Internet usage
147252,0.9678252999534251
626577,1.0218249927784462
946554,0.9715519694998456
305359,1.0347033805662615
1079517,1.0200407461817196
854601,0.972224047125717
581141,0.9259886493651824
