UE ID,Internet usage,Data rate,optimal GU
147252,109.43655629248173,53.415461999901794,76.45655115188738
626577,118.50850468760619,57.843436811807784,82.79456022323795
946554,110.06263677666962,53.72104890289827,76.8939548512196
305359,120.67207383576894,58.89946461031579,84.30611212921211
1079517,118.2087512590063,57.69712859070546,82.58514104811836
854601,110.1755458178177,53.776159268220546,76.97283741270095
581141,102.40799899376469,49.98485665171848,71.54613301704474
