UE ID,Internet usage,Data rate,optimal GU
147252,109.43655629248173,85.33445758520897,96.63699690704443
626577,118.50850468760619,92.40841734569292,104.64790184321097
946554,110.06263677666962,85.82265129609358,97.1898518200986
305359,120.67207383576894,94.09548614574841,106.5584227163312
1079517,118.2087512590063,92.17468104124897,104.38320719149822
854601,110.1755458178177,85.91069346508405,97.28955516448238
581141,102.40799899376469,79.85385635823319,90.43049066317275
