UE ID,Internet usage
248331,1.0849719891914484
694980,1.1007742677486205
1160662,0.9766737253729707
1046929,0.9056121290681158
1286186,1.0371324876084775
14223,1.0566171386894678
778263,1.0036315741631316
