UE ID,Internet usage
248331,1.05655963383024
694980,1.0723619123874122
1160662,0.9482613700117623
1046929,0.8771997737069076
1286186,1.0087201322472692
14223,1.0282047833282595
778263,0.9752192188019233
