UE ID,Internet usage
248331,0.7765985143489653
694980,0.7924007929061372
1160662,0.6683002505304874
1046929,0.5972386542256326
1286186,0.7287590127659943
14223,0.7482436638469845
778263,0.6952580993206483
