UE ID,Internet usage
722205,0.4531469434947481
1043832,0.5115144561441387
694003,0.5382966910452693
267709,0.6338165792117167
47001,0.5579608227051976
1252696,0.4625856780317444
541278,0.5073893440259405
