UE ID,Internet usage,Data rate,optimal GU
154010,105.33351505511078,14.420659799211595,38.97407838634398
1006958,112.64972478465728,15.422283750280462,41.68112306572348
683854,118.79479033596414,16.263572486471283,43.954836862899526
536602,120.73463957181171,16.52914708423613,44.672593562996894
1001774,123.91328679188328,16.96431902507926,45.84871348886082
834518,120.2158027821738,16.458115857083317,44.48062061214181
1173910,108.89471098667543,14.90820448031866,40.29174379714237
