UE ID,Internet usage
369928,0.9315588001913155
10769,0.825288554087947
184510,0.8688614516063106
388496,0.8880179819465841
667026,0.9048829211726749
1095250,0.8810964599858443
258654,0.8898207993580627
