UE ID,Internet usage,Data rate,optimal GU
369928,124.3767995480904,28.13284751682997,59.15296726553753
10769,106.52339820237339,24.09457816482255,50.66198125191714
184510,113.84364498541356,25.75034827051021,54.14345303689747
388496,117.06194208285544,26.478296423503014,55.674058612434465
667026,119.89525187323181,27.119164114183384,57.021566201407744
1095250,115.89912639373789,26.215278589059757,55.121029441044435
258654,117.36481540781622,26.546803485101286,55.81810361071473
