UE ID,Internet usage,Data rate,optimal GU
539858,119.8324760725129,79.1750288336246,97.40502937859954
1203343,118.00109358763481,77.96500826325871,95.91640233366508
335821,136.28742668047093,90.04704977102543,110.78032629244845
331031,125.59668403398514,82.98352337959732,102.09042739617708
1149938,115.71611204155579,76.45528831317078,94.05907031550079
1220126,118.55050044040652,78.3280092195543,96.36298403162357
820383,115.8351261722072,76.53392264949403,94.15581015825889
