UE ID,Internet usage,Data rate,optimal GU
876993,109.7331125634911,32.65866445341997,59.86432078158425
350641,109.75552239853458,32.66533404718291,59.876546348893555
515473,111.7642266439871,33.26316269166283,60.972384355270385
654411,118.02593245372029,35.126765611226276,64.38842493296646
29736,124.95568806557537,37.18919287665934,68.16891655664158
1032051,103.62285476436213,30.84013534653635,56.530901867274395
1179205,106.50468195083027,31.697822009175677,58.1030674889139
