UE ID,Internet usage
863420,1.0881234569793339
651913,1.0543927871903178
536691,1.0856241062187206
65431,1.0999562881203966
119158,1.0741256880973509
1190680,1.0910658899278958
1115884,1.049372193224039
