UE ID,Internet usage
863420,0.9912892204696006
651913,0.9575585506805844
536691,0.9887898697089873
65431,1.0031220516106631
119158,0.9772914515876174
1190680,0.9942316534181626
1115884,0.9525379567143054
