UE ID,Internet usage,Data rate,optimal GU
863420,119.65815672370452,48.433063435785165,76.12759746115928
651913,113.99140419937731,46.13937789022415,72.52235844615338
536691,119.23826579574634,48.263107583992564,75.8604590694573
65431,121.6460723552364,49.23769595330997,77.392327297617
119158,117.306531551245,47.4812151516944,74.63147233763844
1190680,120.15248545888782,48.633148876216495,76.44209385652339
1115884,113.14794441281498,45.797977500425105,71.98574173013327
