UE ID,Internet usage
1044405,0.48576642816715715
301714,0.4157251967405223
288429,0.5499287092956222
1028443,0.450014581344424
736941,0.44551015963742685
1042945,0.5037750171685553
163477,0.438831648613745
