UE ID,Internet usage
1050405,0.7221914990775972
407142,0.6438870094195156
316780,0.6707159983830936
1198084,0.7128150010792006
753578,0.6850778118065993
117278,0.7166596581970812
1130758,0.6591647422562045
