UE ID,Internet usage
810066,0.5921081259665318
1148230,0.5658913184731369
414433,0.601582881024118
1217836,0.5743609795496947
823351,0.5181418022576186
1112332,0.5503622679897358
899668,0.6144260115911451
