UE ID,Internet usage
710537,0.8646601553856511
487122,0.8353436370969479
164064,0.808012227431424
1027809,0.9143464493846983
624045,0.9370596457416408
804658,0.8241598428818773
945850,0.8091542011073196
