UE ID,Internet usage
710537,0.40903575030701517
487122,0.37971923202008545
164064,0.3523878223563349
1027809,0.4587220443069492
624045,0.48143524066389165
804658,0.3685354378050147
945850,0.3535297960317871
