UE ID,Internet usage
855967,0.2306869809398313
964737,0.23488454204557727
235439,0.24429252269849794
1078592,0.3506148876211338
358132,0.2648289055286847
124499,0.3271185325275471
740625,0.3611478357093753
