UE ID,Internet usage
855967,0.6560816832817186
964737,0.6602792443879077
235439,0.6696872250394985
1078592,0.776009589965681
358132,0.6902236078705719
124499,0.752513234871651
740625,0.7865425380503759
