UE ID,Internet usage
625157,0.7802631225616421
898617,0.9142966798604303
881845,0.8796822590660427
676071,0.9159516263285654
356881,0.8069066095766895
823458,0.9377799196657578
104345,0.8552625064694119
