UE ID,Internet usage,Data rate,optimal GU
45117,116.5502062020934,18.731283139622153,46.72402928208094
100992,120.41587615343192,19.3525515246587,48.273744910108356
1275136,118.27987589689874,19.00926576914444,47.41743978817888
356562,113.05660920368592,18.169812193449523,45.32347467327709
1246180,96.23101474548075,15.465698798380835,38.57823076705501
166556,116.98052251471813,18.800441118436844,46.896539590271836
1149924,114.0827410079052,18.334726233413335,45.73484256381931
