UE ID,Internet usage
531942,0.7565453647011943
1200599,0.6897992608713533
1059394,0.7261098720459406
527307,0.7874264814135573
783392,0.7253000864002322
1198132,0.7260889902064736
153295,0.7841423169417547
