UE ID,Internet usage
83877,0.48997480451451514
560882,0.43361581101544705
877438,0.42465663033228945
917391,0.44110413740391485
751622,0.4138252191757683
363086,0.5012608921240137
198056,0.4562179952507177
