UE ID,Internet usage,Data rate,optimal GU
83877,126.02621847109775,23.254837932166847,54.13611812597233
560882,116.55790756287348,21.507709133625465,50.068888274918656
877438,115.05276520815003,21.229974532456257,49.42233579321899
917391,117.81594639614406,21.739847251669442,50.60929438811656
751622,113.23308813385974,20.894200786605072,48.64067103932895
363086,127.9222811894408,23.604706648051575,54.950595276359984
198056,120.35507451454083,22.208376844945036,51.70000822069918
