UE ID,Internet usage
514908,0.6527297020460846
664224,0.7030135096869902
973220,0.7620723136780537
905357,0.698309827145661
832024,0.715948186815154
338385,0.6686837739603326
426674,0.5784523574689269
