UE ID,Internet usage
346425,0.7913868861150873
1202823,0.8386866222532888
1044951,0.7782413029239152
110312,0.8049591541879325
815690,0.8311966755247013
1181232,0.8010337875448426
1228810,0.8036541000102704
