UE ID,Internet usage,Data rate,optimal GU
346425,110.22530345376273,47.239415765898315,72.15939951090645
1202823,118.17165912474123,50.644996767746235,77.36151041966366
1044951,108.01684547746848,46.292933776057914,70.7136243901211
110312,112.50544448970996,48.21661906701855,73.65210220982118
815690,116.91334807405073,50.1057206031646,76.53775247143672
1181232,111.8459828937905,47.93399266876736,73.22038325536157
1228810,112.28619538804794,48.12265516630626,73.50856998061872
