UE ID,Internet usage,Data rate,optimal GU
628145,111.00594613595308,7.928996152568077,29.667587023958507
203903,110.49938515235684,7.892813225168346,29.532202906378195
169661,119.54183605857611,8.538702575612579,31.948899565506487
605866,117.35704607692686,8.382646148351919,31.364989881693084
13362,118.7429400540438,8.481638575288843,31.735385627176306
442257,113.83604252545904,8.131145894675646,30.423962099749737
800083,135.66629601371605,9.690449715265432,36.25834275828434
