UE ID,Internet usage,Data rate,optimal GU
1285309,123.14514468820626,17.59216352688661,46.54448971572292
358980,122.96123796675086,17.565891138107265,46.47497950866517
1251364,118.74479156026501,16.963541651466432,44.881312564666096
1075211,135.59700159097318,19.371000227281883,51.25084924796352
473489,108.26804790059128,15.466863985798755,40.92147566848475
564910,105.8482043519217,15.121172050274527,40.00686077684708
786061,120.32021631524198,17.188602330748854,45.47676715194666
