UE ID,Internet usage,Data rate,optimal GU
1285309,123.14514468820626,122.412137874586,122.77809426016738
358980,122.96123796675086,122.22932583599639,122.59473569707421
1251364,118.74479156026501,118.03797732478725,118.39085696804104
1075211,135.59700159097318,134.7898765815031,135.19283675279974
473489,108.26804790059128,107.62359523451634,107.94534063165702
564910,105.8482043519217,105.2181555164936,105.53270974746215
786061,120.32021631524198,119.60402455146078,119.96158596069525
