UE ID,Internet usage,Data rate,optimal GU
518657,119.15394881074086,87.23771252214955,101.9544895148337
59138,122.08248248016737,89.38181753012253,104.46029950496361
1240762,114.48297548904152,83.81789276876253,97.95775499361626
873549,110.87518058611899,81.1764715005514,94.87073277343006
1067176,115.64425995619257,84.66811889649813,98.95141207516167
764256,119.25475462133994,87.31151677633817,102.04074435625807
538550,108.6587190548342,79.55370502228932,92.97420977770173
