UE ID,Internet usage
51682,0.5606820366442912
867952,0.5445058283545277
133462,0.5671897732501551
1094544,0.5423670248835378
469433,0.5738092161035171
203815,0.6406869922148448
1284261,0.5873976916696186
