UE ID,Internet usage
441390,0.8527983860762807
1282896,0.8611362559622336
805549,0.8224533835348766
617383,0.889514739683606
189446,0.8020010082867477
388100,0.7342974286056358
841927,0.7487811925713835
