UE ID,Internet usage,Data rate,optimal GU
959758,113.64111033739981,65.61421251623679,86.35086545170965
22298,116.36976874987545,67.18968790915427,88.4242525801863
603214,119.18003460491258,68.81228188497928,90.55964960342344
376618,119.21375156850226,68.83174941752809,90.58526963632991
862004,117.51241944688084,67.84943265683,89.29250242658844
722926,109.02702417782127,62.95012705505157,82.84482497071274
52400,111.9464828050404,64.63576685767214,85.06319276351549
