UE ID,Internet usage
997960,1.033692412015489
57632,1.0797196615923532
399458,0.9489154928351576
624184,0.9726470489901965
225372,1.1211420254176985
546066,1.0944114673172012
762035,0.9738484576028331
