UE ID,Internet usage,Data rate,optimal GU
997960,116.57785371182158,61.75850583542929,84.850893093375
57632,124.31043164045109,65.85493104761993,90.47903019032519
399458,102.33533128952776,54.21336002838078,74.48450952260335
624184,106.32223272334727,56.32546852605897,77.3863655489726
225372,131.26938876345403,69.54152142825839,95.54408935966745
546066,126.77865500269188,67.16250175737844,92.27552026088158
762035,106.524069370338,56.43239389261954,77.5332718370097
