UE ID,Internet usage,Data rate,optimal GU
1186328,115.70687753084297,66.11821573191027,87.46617797897652
74660,120.03366848417234,68.59066770524133,90.73692450396896
516427,114.21294145664199,65.26453797522399,86.33686845698682
1032933,125.33923156150921,71.62241803514812,94.74755320905464
20113,113.43066498225923,64.81752284700528,85.74552302621163
1002469,124.62903694801992,71.21659254172566,94.21069654341171
599817,126.25257724731601,72.14432985560914,95.43797765067708
