UE ID,Internet usage,Data rate,optimal GU
319660,106.14243755417617,28.43101005915433,54.93393040558761
476333,107.81217675944222,28.878261631993453,55.79810254456594
231821,110.69709742136077,29.65100823786449,57.291190837234794
941893,108.72639446290134,29.12314137399143,56.27125515773959
464028,124.636676178096,33.38482397627571,64.50560824605726
1132837,119.08121043456634,31.89675279497313,61.63038156427021
730512,118.79715119970945,31.82066549992217,61.48336694317929
