UE ID,Internet usage
451622,0.7087358500551115
1253021,0.6551293352149302
5723,0.6898808032126006
608512,0.6709045767708884
662858,0.7255268295298323
1011042,0.5994907755326426
649679,0.6671402194447323
