UE ID,Internet usage,Data rate,optimal GU
746563,106.00222702135554,5.678690733286904,24.534748099256007
1243682,123.04467365477085,6.591678945791295,28.479308009885244
888344,134.44630610905799,7.20248068441382,31.118273133984765
217758,116.29200032626869,6.229928588907251,26.916367836203914
357244,120.21232268920191,6.439945858350102,27.823746146501765
829095,108.8972234216158,5.833779826157989,25.204809563288542
387774,121.98864835303627,6.5351061617698,28.234885647331684
