UE ID,Internet usage
1222702,0.9646946078774771
796826,1.0327393272716667
827217,1.0364203250675776
710245,1.08824715575295
804849,1.0524531151550383
516089,1.0424440763271223
685926,0.9960608093788842
