UE ID,Internet usage
1222702,0.6280104845604368
796826,0.6960552039546266
827217,0.6997362017505376
710245,0.7515630324359098
804849,0.7157689918379981
516089,0.7057599530100823
685926,0.6593766860618441
