UE ID,Internet usage,Data rate,optimal GU
440248,96.48796276373055,4.020331781822106,19.695522924316933
767779,99.85996206611273,4.160831752754697,20.383829399638365
421560,117.31912401277046,4.888296833865436,23.94766590846574
426137,118.71370516658016,4.94640438194084,24.232333594443705
453245,118.96335274178097,4.956806364240873,24.283292692340794
82411,127.72856381717826,5.322023492382427,26.072483910883726
779584,109.69386461734601,4.570577692389417,22.39116635220297
