UE ID,Internet usage,Data rate,optimal GU
440248,96.48796276373055,10.337996010399701,31.583099501205407
767779,99.85996206611273,10.699281649940648,32.686845361670024
421560,117.31912401277046,12.569906144225406,38.401697589602286
426137,118.71370516658016,12.71932555356216,38.858181425323124
453245,118.96335274178097,12.74607350804796,38.939897776067404
82411,127.72856381717826,13.68520326612624,41.808986578586925
779584,109.69386461734601,11.752914066144214,35.90574556294473
