UE ID,Internet usage,Data rate,optimal GU
1087867,110.44774797959765,95.32692533953367,102.60918197496137
21988,127.39654144179347,109.95534826821459,118.35510585690182
405897,125.13606879936174,108.00434509468721,116.25506078618163
409397,129.328299305752,111.62263928175024,120.14976530284271
525115,120.18195651591114,103.72847437385187,111.65254585839082
746875,126.20468162299446,108.92665973413212,117.24783329342335
58252,109.67231559678625,94.65765334246431,101.8887826555305
