UE ID,Internet usage
1062088,0.972069654300313
395303,0.9722069713090544
1009547,1.0248970566074678
685128,1.0390566837512536
1117349,1.0463350746173607
556638,0.9431181446963359
543555,0.9479710823920298
