UE ID,Internet usage
1062088,0.548423746173294
395303,0.5485610631820356
1009547,0.6012511484804489
685128,0.6154107756242345
1117349,0.622689166490342
556638,0.5194722365693168
543555,0.5243251742650108
