UE ID,Internet usage
491605,0.6244842425817259
26091,0.6023603531912061
31731,0.627637392684697
1225778,0.5963918743931161
1131063,0.5746661924294981
724391,0.5123963190388778
27476,0.5225901273323185
