UE ID,Internet usage,Data rate,optimal GU
491605,125.60743864929772,118.13080539636334,121.81177238434648
26091,121.89062523158168,114.63523087255898,118.20727543016517
31731,126.13716786649219,118.62900311253433,122.32549398813138
1225778,120.88792079395671,113.69221122288786,117.23487119966595
1131063,117.23800622395747,110.25955347253144,113.69525151150074
724391,106.77666749432882,100.42091347680926,103.55003856971771
27476,108.4892272872988,102.03153518686436,105.21084740348665
