UE ID,Internet usage
339189,0.34026101871320036
301212,0.3683039080746691
1188239,0.31232044873095616
317586,0.39244923569995716
118205,0.3087508285010884
1192541,0.32721478662136083
279206,0.3463814471327081
