UE ID,Internet usage,Data rate,optimal GU
339189,115.15510763652013,96.64803676636511,105.49651689363554
301212,119.86631304919806,100.60208416629123,109.81257174876853
1188239,110.46109187948178,92.70841639885079,101.19620991833001
317586,123.9227280902788,104.006575361484,113.52875652504201
118205,109.86139568086446,92.20509994643982,100.64681300969981
1192541,112.96334064508756,94.80851804141277,103.48858352286034
279206,116.18333961097433,97.51101717349631,106.43850630331052
