UE ID,Internet usage,Data rate,optimal GU
339189,115.15510763652013,13.708941385300015,39.73228688116213
301212,119.86631304919806,14.269799172523577,41.35780718030029
1188239,110.46109187948178,13.150129985652592,38.11269757669089
317586,123.9227280902788,14.75270572503319,42.75740333742435
118205,109.86139568086446,13.078737581055293,37.905782730323715
1192541,112.96334064508756,13.448016743462803,38.976055423716616
279206,116.18333961097433,13.83134995368742,40.08706061745485
