UE ID,Internet usage
727455,0.7324140973385326
125249,0.6928166558907837
591578,0.6399839995172284
78111,0.6794496597008297
608174,0.6759770846599882
51045,0.6440452577847422
1105122,0.6495854203794243
