UE ID,Internet usage,Data rate,optimal GU
944398,115.58148890996786,48.84693876552213,75.13855143142617
488182,123.68640113437641,52.27222905083765,80.40748653309535
87915,123.7475223433502,52.29806003796348,80.4472209157144
1145747,111.83426324964725,47.263289825743776,72.70251162385385
110250,128.82251343298708,54.44284793894097,83.74642983401917
278571,116.27541748004494,49.14020619692376,75.58966854407288
960025,120.33575283137195,50.856181256115526,78.22925832182847
