UE ID,Internet usage
225222,0.8496408663635795
229091,0.7998610973263514
1100531,0.8126802019205519
380725,0.8644431438419514
152697,0.8192488279706989
998673,0.8110221641168162
467304,0.7997352778553178
