UE ID,Internet usage,Data rate,optimal GU
225222,120.01197213522212,111.43968841127769,115.64643003729988
229091,111.64897093691722,103.67404444142313,107.58764043677655
1100531,113.80258050897214,105.67382475833128,109.66291054750921
380725,122.49875475158906,113.74884369790414,118.04275372688659
152697,114.90610968521683,106.69853042198706,110.72629786965828
998673,113.52403015821857,105.41517086120295,109.39449271321187
467304,111.62783326612855,103.65441660426222,107.56727166754027
