UE ID,Internet usage,Data rate,optimal GU
1050676,124.49753725637117,37.05283846915809,67.91897479915544
295635,110.8157789793989,32.980886601011576,60.45496373435615
831120,125.76243772131575,37.429296940867786,68.60903457620228
596382,115.33052289394313,34.324560385102124,62.917958464325224
931263,123.51117963283015,36.759279652628024,67.38087260008717
344740,113.03882432144911,33.64250723852652,61.66773439545902
372045,117.71393715161938,35.03390986655339,64.21821754149646
