UE ID,Internet usage,Data rate,optimal GU
1241907,112.82698864563461,63.80097572223386,84.84380922255252
751828,109.83225921435694,62.107527531928035,82.59182806458233
244948,120.71709501897102,68.26264301668004,90.77702332248323
385475,91.73306888564251,51.87286633414309,68.98157160231763
742314,114.04982898948843,64.49246282143692,85.76336255007625
861635,107.43325269375809,60.750946463732255,80.78781952016725
201859,112.67719284212643,63.716269761916735,84.73116554812898
