UE ID,Internet usage
3633,0.4233336069656595
1234744,0.4301075980482377
633768,0.483546608244361
966322,0.4414613909233768
413498,0.372106875419838
926456,0.442051992912997
786651,0.41134984505805433
