UE ID,Internet usage
3633,1.0564174655103589
1234744,1.063191456594267
633768,1.1166304667872868
966322,1.074545249466746
413498,1.0051907339654238
926456,1.0751358514568097
786651,1.044433703603197
