UE ID,Internet usage,Data rate,optimal GU
1168640,109.32992648989016,86.55285847116305,97.27701503511568
261529,126.94871046216535,100.50106244921425,112.9534429665838
245626,117.28533404617312,92.85088945322039,104.35539078555188
345060,98.99722251490527,78.37280115763335,88.0834242937833
67837,123.39096063276502,97.68451050093897,109.78791185577892
753825,114.76480394085073,90.85546978650683,102.11273268795789
878036,115.64155627687687,91.54956538586086,102.89282879624142
