UE ID,Internet usage,Data rate,optimal GU
1168640,109.32992648989016,96.31445905061753,102.61604517772817
261529,126.94871046216535,111.83576874047901,119.15287082210295
245626,117.28533404617312,103.32279427877157,110.08291621123483
345060,98.99722251490527,87.21183888217845,92.91786598794168
67837,123.39096063276502,108.70156055743585,115.81360014895785
753825,114.76480394085073,101.10232728122564,107.71717025801219
878036,115.64155627687687,101.87470433915344,108.54008179021427
