UE ID,Internet usage,Data rate,optimal GU
1168640,109.32992648989016,3.904640231781791,20.661414024944442
261529,126.94871046216535,4.533882516505906,23.99105122451665
245626,117.28533404617312,4.188761930220468,22.1648447372365
345060,98.99722251490527,3.5356150898180454,18.708716518611688
67837,123.39096063276502,4.40682002259875,23.318699704832664
753825,114.76480394085073,4.098742997887526,21.688509320755465
878036,115.64155627687687,4.130055581317031,21.85419993807833
