UE ID,Internet usage
580794,0.4412502006848223
222484,0.5033702501931427
594836,0.4228548730833154
127300,0.41270195430479717
576444,0.3918944569635326
919988,0.3593786289703236
1095259,0.42055916143501315
