UE ID,Internet usage,Data rate,optimal GU
580794,120.36565665147816,52.30174366403516,79.343139086747
222484,130.8018249688672,56.83650727813873,86.22249635006429
594836,117.2752416144339,50.95888474912902,77.30598632289868
127300,115.56955125959057,50.21772167827448,76.1816221909011
576444,112.07389170628066,48.69877437237196,73.8773386447956
919988,106.61123260340112,46.32511892885882,70.2764400742154
1095259,116.88956205749254,50.791297798791405,77.05175245270163
