UE ID,Internet usage
856558,0.5886670117841257
867100,0.5516513274922473
1256919,0.5396350288875249
582115,0.6006614245496114
92278,0.5263501146054013
502348,0.6314261622554347
699147,0.6197257520298625
