UE ID,Internet usage
856558,0.5913899326482939
867100,0.554374248351982
1256919,0.5423579497516932
582115,0.6033843454137795
92278,0.529073035465136
502348,0.6341490831196028
699147,0.6224486728940307
