UE ID,Internet usage
856558,1.064789577312075
867100,1.0277738930201967
1256919,1.0157575944154744
582115,1.0767839900775606
92278,1.0024726801333506
502348,1.107548727783384
699147,1.0958483175622453
