UE ID,Internet usage,Data rate,optimal GU
827971,128.1927234196238,74.77908866144722,97.9088097688274
858825,123.51141896449765,72.0483277292903,94.33340443270247
1187745,110.96705012418533,64.73077923910812,84.75248447333969
784570,118.96462096946061,69.39602889885202,90.86073010238067
702838,103.04033148957126,60.10686003558324,78.69835311405036
29018,126.22713894394225,73.63249771729966,96.40756982805392
588295,116.00797451765207,67.67131846863037,88.6025540742748
