UE ID,Internet usage
769466,1.0282273889088143
958019,1.1415374363175044
277207,1.128104647979767
1228265,1.1603963766766288
1166093,0.99708151347018
1285853,1.0216948989899008
377341,1.1126942386268497
