UE ID,Internet usage
464193,0.8463994313454176
908581,0.8327344194361348
1066418,0.9303118464337284
735324,0.7648339178760368
229756,0.8079037495879882
1255436,0.7625870387937266
292832,0.8331137973929108
