UE ID,Internet usage
464193,0.687827789941639
908581,0.6741627780323561
1066418,0.7717402050299498
735324,0.6062622764722582
229756,0.6493321081797762
1255436,0.6040153973899479
292832,0.6745421559846988
