UE ID,Internet usage,Data rate,optimal GU
464193,119.46741105239701,55.46701227432719,81.403319067624
908581,117.17168905182105,54.40114134548835,79.83904820197775
1066418,133.5646967872492,62.01218065122285,91.00900013623213
735324,105.7644047893127,49.10490222360947,72.0662941736111
229756,113.00013651682526,52.46434909709745,76.99661427776152
1255436,105.38692910348725,48.92964565519051,71.80908784911779
292832,117.23542454798398,54.43073282584971,79.8824766222003
