UE ID,Internet usage,Data rate,optimal GU
464193,119.46741105239701,95.28948262512618,106.69577212685698
908581,117.17168905182105,93.45837102942869,104.64547381301276
1066418,133.5646967872492,106.53374624697257,119.28599043930782
735324,105.7644047893127,84.35970382004703,94.45768292060728
229756,113.00013651682526,90.13106126937252,100.91988024093884
1255436,105.38692910348725,84.05862202301958,94.12056119507999
292832,117.23542454798398,93.50920767517769,104.70239567911071
