UE ID,Internet usage,Data rate,optimal GU
550726,123.53106696124539,73.5303970007413,95.30628728255829
1129158,107.36698369837163,63.90891886807835,82.83542629992027
1061557,111.80159364136826,66.54856764367159,86.25680214981818
1157209,107.14856910699157,63.77891018273308,82.66691578426754
338288,117.02452834077432,69.657457345699,90.28638375357622
696610,118.1756318115545,70.34263798306816,91.17447936204807
1056559,137.5855462106776,81.89615845873666,106.14955343335876
