UE ID,Internet usage,Data rate,optimal GU
666792,117.3358010680072,51.68362666090793,77.87387069073584
1111495,117.78578834311854,51.88183534161174,78.17251995682119
353069,110.64098651969309,48.73472025272196,73.4306307103679
684651,137.2377760742547,60.449972794612194,91.08248915176713
12924,107.7777281237443,47.47352310212547,71.53033248893209
105005,117.41935571278138,51.72043049253466,77.92932455514492
572997,123.05676441703277,54.203574802740626,81.67078140352194
