UE ID,Internet usage,Data rate,optimal GU
308503,130.93102306439053,109.88853721475634,119.94923343055343
294632,116.95076109630806,98.15510306297284,107.14156060418959
822364,114.99623458794014,96.51469688630691,105.35096926142485
714842,123.73893646947076,103.85232167973439,113.36038035634714
824747,120.29151473064965,100.95894986322382,110.20210980132326
333618,116.19612570018342,97.52174835551108,106.45021996416268
555779,117.49440635099373,98.61137675886974,107.63960782043745
