UE ID,Internet usage
596944,0.7885525397860609
947634,0.7248018035103825
262862,0.7540018083087758
270250,0.7275753336088455
336816,0.7467930387203113
397086,0.7321777379721033
1128764,0.6842431128585292
