UE ID,Internet usage,Data rate,optimal GU
596944,130.50085826759127,89.33094464745831,107.9711301522217
947634,119.79073457328431,81.9996099757601,99.11000713207075
262862,124.6963353793604,85.35761052753837,103.16870276165514
270250,120.25668762977388,82.3185659370476,99.49551783885784
336816,123.48526208884816,84.52860202510439,102.16670972030937
397086,121.02989156332426,82.8478424391803,100.13523549015783
1128764,112.97687454382003,77.3353605508292,93.4724950279606
