UE ID,Internet usage
884898,0.6810486723412102
1254002,0.7184567646857103
339796,0.7352908402324164
437962,0.7944759054861557
377950,0.6830304556100047
238879,0.5969278727273263
237090,0.6608494543397972
