UE ID,Internet usage
952648,0.6808981402383125
781995,0.7436589807816972
651407,0.6593991406795568
1030360,0.6646164362363813
63805,0.6028379518042498
901894,0.5859673047321124
554291,0.6548717799845101
