UE ID,Internet usage
301328,0.598496800487407
862406,0.5942985019904011
1063431,0.6826014698251449
629340,0.6037160298724297
235782,0.6608405232679386
992733,0.6074116654291198
750867,0.6101378145111461
