UE ID,Internet usage
1148947,1.0132579956485945
1035102,1.0386002563124097
859088,0.9565054378805179
178521,1.0860612935539669
20919,1.0325455976154922
761699,1.0899461686209133
202355,1.0267094687314564
