UE ID,Internet usage
1148947,1.010193182176815
1035102,1.0355354428406305
859088,0.9534406244087388
178521,1.0829964800821876
20919,1.0294807841437132
761699,1.0868813551491339
202355,1.023644655259677
