UE ID,Internet usage,Data rate,optimal GU
1148947,115.66605995717218,2.7539538085040993,17.847660528307845
1035102,119.92355974869133,2.8553228511593174,18.504607008602157
859088,106.13163025208173,2.5269435774305173,16.37646608483431
178521,127.89701400482025,3.045167000114768,19.73493771109235
20919,118.90637708710518,2.8311042163596474,18.347652316396058
761699,128.5496730163027,3.0607065003881595,19.83564518294704
202355,117.92590743497149,2.8077597008326545,18.19636256453566
