UE ID,Internet usage,Data rate,optimal GU
1015426,113.30523866541145,57.3270552771427,80.59438988020126
383501,138.30552942841393,69.97601191318562,98.37717913694281
1026292,108.73688579337107,55.015686264503216,77.34490541843864
588615,132.50708879537254,67.04227706908729,94.25272919463669
112717,114.25283735455571,57.80649509010259,81.26841995244163
864871,129.9293179286399,65.73804776151424,92.4191522770789
44614,118.46788155837501,59.9391067408445,84.26659479348363
