UE ID,Internet usage,Data rate,optimal GU
1023631,109.88443602437036,2.616296095818342,16.95553658725552
718112,126.15706824127749,3.003739720030416,19.46645825102535
856879,114.03496304499095,2.7151181677378795,17.595976810645457
280581,107.91354923387811,2.5693702198542407,16.651422153086532
226376,120.22991109282468,2.86261693078154,18.551878047267323
927933,112.5530840427497,2.6798353343511834,17.36731791636115
1032343,103.32138698968164,2.460033023563849,15.942836135237577
