UE ID,Internet usage,Data rate,optimal GU
349434,99.9611572858766,4.760055108851266,21.81331284847219
345920,116.37313410377658,5.541577814465551,25.39469980427634
13648,129.1257972729465,6.148847489187928,28.177559055942844
1064630,118.88685024768658,5.6612785832231705,25.943237637852533
209711,122.62994321502018,5.839521105477151,26.76004748814125
1234761,138.78828409651496,6.608965909357855,30.286086545015028
838817,119.30539118339877,5.68120910397137,26.034570757821044
