UE ID,Internet usage,Data rate,optimal GU
349434,99.9611572858766,71.400826632769,84.48259738774506
345920,116.37313410377658,83.12366721698328,98.35324942389902
13648,129.1257972729465,92.23271233781894,109.13121696044263
1064630,118.88685024768658,84.91917874834756,100.47772731810431
209711,122.62994321502018,87.59281658215727,103.64121826529068
1234761,138.78828409651496,99.13448864036783,117.29750881063973
838817,119.30539118339877,85.21813655957055,100.83145897069952
