UE ID,Internet usage
701678,0.3487086294750178
114275,0.3273974016971474
981466,0.4144996643716948
397583,0.41201542147186193
1251388,0.35211771399258196
773718,0.3363412393857321
57937,0.32763060469039434
