UE ID,Internet usage
592504,0.7568204954228259
450288,0.6896697103646084
906137,0.6323398509378158
938535,0.6750486636472595
435101,0.6393378562223063
285522,0.6255044795398742
783144,0.5782599597447269
