UE ID,Internet usage,Data rate,optimal GU
592504,131.77038696008617,99.6121377614937,114.56845088746482
450288,120.4890550698538,91.08398805875852,104.75983797808043
906137,110.85763868619782,83.80309591159,96.38575271974499
938535,118.03271922150408,89.22711512577986,102.62416395072846
435101,112.0333035744126,84.6918425830381,97.40794069469835
285522,109.7092962918216,82.93500374441275,95.38732042970446
783144,101.77221696628034,76.93494973046192,88.4863853723184
