UE ID,Internet usage
1144902,0.39703277863557085
490969,0.47394614229052623
190819,0.4738262427698619
837742,0.4019301457020518
1159820,0.47922488617468645
414719,0.4245586094044149
1236266,0.32333947701601745
