UE ID,Internet usage
901252,0.7101903099687054
170026,0.6341645737532727
236441,0.6913204550018686
457643,0.76806377280596
601868,0.6650549182583275
814949,0.7078663944652225
817413,0.725077938151982
