UE ID,Internet usage,Data rate,optimal GU
901252,121.20327361408278,28.136474231840644,58.397198433292765
170026,108.43094992975843,25.171470519408206,52.24333890122588
236441,118.0331379799397,27.40054988820029,56.86978886614725
457643,130.92601537085235,30.3935392825193,63.08173262742334
601868,113.62052780719068,26.376193955240694,54.74374008723993
814949,120.812855809655,28.045841527241343,58.2090904283089
817413,123.70439514915478,28.717091731053788,59.602268941985784
