UE ID,Internet usage
45684,0.7839213233103085
1120041,0.7803952784065806
1287651,0.7796521305373162
658929,0.8200607129225084
47855,0.7569338679984488
279818,0.8214983378923119
785903,0.7922282283459258
