UE ID,Internet usage,Data rate,optimal GU
45684,116.69393302180372,113.9155060450941,115.29635047377297
1120041,116.10155747787817,113.33723468078584,114.71106950366658
1287651,115.97670863548473,113.21535842987794,114.58771591092966
658929,122.76535047660627,119.84236594144897,121.2950537192168
47855,112.1600405291391,109.4895633736834,110.81675805359978
279818,123.00687147102875,120.07813643600424,121.53368214229431
785903,118.08949306778918,115.27783847093706,116.67519662286172
