UE ID,Internet usage
52214,0.48523246046516416
250111,0.4054974000084417
635003,0.44720577998448874
1268041,0.5046452778743902
809509,0.46759222418979834
517392,0.44135158696906474
1256856,0.4742039684835312
