UE ID,Internet usage
424188,0.6766716247374492
57357,0.7827763943342839
1253817,0.7349488368909383
1021921,0.712982706184055
567035,0.6670485932458305
142104,0.6408736962799851
158282,0.6556226715501895
