UE ID,Internet usage,Data rate,optimal GU
424188,115.57213449551901,67.41707845571942,88.26967575888881
57357,133.39773578779256,77.81534587621233,101.88420363054651
1253817,125.36270613717262,73.12824524668403,95.74734836634977
1021921,121.67239617825439,70.97556443731506,92.92882757891773
567035,113.95546520519315,66.474021369696,87.034924192784
142104,109.55808251453112,63.908881466809824,83.67636768617612
158282,112.0359103596302,65.35428104311762,85.56883996271543
