UE ID,Internet usage
907668,0.9715238609510701
695546,0.9660957943869205
167128,0.9559736588316103
917606,0.9864763136586817
361536,0.9283561932408364
822535,0.9606517140616889
526980,0.9712188230766183
