UE ID,Internet usage
907668,0.43762391273569234
695546,0.43219584616843926
167128,0.42207371061312904
917606,0.4525763654393138
361536,0.3944562450232419
822535,0.4267517658445377
526980,0.43731887486035387
