UE ID,Internet usage
907668,1.0905939805005775
695546,1.0851659139319945
167128,1.0750437783766842
917606,1.1055464332037557
361536,1.0474263127859103
822535,1.0797218336067629
526980,1.0902889426261257
