UE ID,Internet usage
833905,0.9894072707490251
543867,0.9797780666722662
1105320,0.9344669670707688
235294,1.0464342201100107
578271,0.9823228707170892
595562,0.978073670853559
1206487,1.035251456153936
