UE ID,Internet usage,Data rate,optimal GU
833905,112.00207785684597,109.33536171739726,110.66068721808276
543867,110.38437157138038,107.75617224825228,109.0623553594949
1105320,102.7721068387708,100.32515191403816,101.5412587627583
235294,121.58260534886206,118.68778141198439,120.1264737147699
578271,110.81189865101706,108.17352011170713,109.48476216963823
595562,110.09803307400733,107.47665133415002,108.77944618939188
1206487,119.70390100439977,116.85380812334263,118.27026963520348
