UE ID,Internet usage,Data rate,optimal GU
833905,112.00207785684597,52.6676437541121,76.80420259520108
543867,110.38437157138038,51.90693663178007,75.69487816420941
1105320,102.7721068387708,48.32735976346961,70.47485069758581
235294,121.58260534886206,57.17277275333395,83.373944769147
578271,110.81189865101706,52.107976151371126,75.98805019340443
595562,110.09803307400733,51.77228936218202,75.49852466448993
1206487,119.70390100439977,56.28933440087847,82.08564376750851
