UE ID,Internet usage,Data rate,optimal GU
833905,112.00207785684597,8.000148418346141,29.933814424792704
543867,110.38437157138038,7.884597969384314,29.501464233889635
1105320,102.7721068387708,7.340864774197914,27.467000907686245
235294,121.58260534886206,8.684471810633005,32.494318100485046
578271,110.81189865101706,7.91513561792979,29.615725652144526
595562,110.09803307400733,7.864145219571952,29.424937051474377
1206487,119.70390100439977,8.550278643171412,31.992213244197785
