UE ID,Internet usage,Data rate,optimal GU
833905,112.00207785684597,90.00166970639408,100.40106581955037
543867,110.38437157138038,88.70172715557352,98.95091919413396
1105320,102.7721068387708,82.58472870972653,92.12712175145231
235294,121.58260534886206,97.7003078696213,108.98925623277961
578271,110.81189865101706,89.04527570171014,99.33416364176918
595562,110.09803307400733,88.47163372018446,98.69423922112338
1206487,119.70390100439977,96.19063473567839,107.305145347043
