UE ID,Internet usage,Data rate,optimal GU
833905,112.00207785684597,111.3353988219838,111.66824081663876
543867,110.38437157138038,109.72732174059837,110.05535631920245
1105320,102.7721068387708,102.16036810758764,102.46578095072105
235294,121.58260534886206,120.85889936464265,121.22021227645654
578271,110.81189865101706,110.15230401618959,110.48160909770468
595562,110.09803307400733,109.44268763904302,109.76987129167826
1206487,119.70390100439977,118.9913777841355,119.34710765933663
