UE ID,Internet usage
385754,0.726358212832737
830117,0.7888862676407832
187608,0.8469535461561211
925049,0.7951911374703617
1217713,0.7460502911368851
574170,0.7553037704370548
383409,0.7487174233460766
