UE ID,Internet usage
385754,0.9593028210080025
830117,1.021830875820482
187608,1.07989815433582
925049,1.028135745645627
1217713,0.9789948993121507
574170,0.9882483786123202
383409,0.9816620315257755
