UE ID,Internet usage
385754,0.9680174683671474
830117,1.0305455231796268
187608,1.0886128016949648
925049,1.0368503930047719
1217713,0.9877095466712954
574170,0.996963025971465
383409,0.9903766788849204
