UE ID,Internet usage
385754,0.9794660540981629
830117,1.0419941089106424
187608,1.1000613874259804
925049,1.0482989787357875
1217713,0.9991581324023111
574170,1.0084116117024806
383409,1.001825264615936
