UE ID,Internet usage
114719,0.405724910055525
1226259,0.33120170223515905
1140135,0.3291099178138198
1267626,0.2212855535625566
1071194,0.42702587006628157
952431,0.37343297849671936
1269051,0.2835756641696485
