UE ID,Internet usage,Data rate,optimal GU
154359,111.73558819587205,77.81585606498233,93.24591384283882
1139966,122.26436213813906,85.1483950604897,102.03241744248268
200116,123.40698252471985,85.94414854400132,102.98596039010123
182322,117.37157973744192,81.74092160286133,97.94927818887808
245792,115.27600801347785,80.28150558081494,96.20047547007286
376027,122.37437712862116,85.22501264314688,102.12422747802778
394214,106.93716655796656,74.47409813858386,89.24152081234435
