UE ID,Internet usage,Data rate,optimal GU
185228,111.28446586201198,111.28446586201198,111.28446586201198
15521,127.53608834839453,127.53608834839453,127.53608834839453
1103071,119.2908530962122,119.2908530962122,119.2908530962122
1106857,111.85464593995538,111.85464593995538,111.85464593995538
544135,107.6063205701298,107.6063205701298,107.6063205701298
840407,113.4392446317369,113.4392446317369,113.4392446317369
596437,113.69212474258343,113.69212474258343,113.69212474258343
