UE ID,Internet usage
1105913,1.0959077853684618
376122,1.1259596149362836
1133925,0.9865649821811342
768705,1.1058940006416345
103348,1.0972383147906075
958239,1.0614053627986317
513339,1.024509270378171
