UE ID,Internet usage
694553,0.45548878061645787
830363,0.4623499533068782
858967,0.4681163683032802
812593,0.4260640045670483
701292,0.3985343495788155
625272,0.43173598370448124
77130,0.5312701098483171
