UE ID,Internet usage
694553,0.9985710078289655
830363,1.0054321805193858
858967,1.0111985955157878
812593,0.9691462317813293
701292,0.9416165767904364
625272,0.9748182109169888
77130,1.0743523370608248
