UE ID,Internet usage,Data rate,optimal GU
694553,118.03343542591142,97.65861621548623,107.36378332964269
830363,119.18611243789273,98.61231921944696,108.41226391073279
858967,120.1548701569398,99.41385090365851,109.29345061407138
812593,113.09007304951386,93.56857234453825,102.86727702035547
701292,108.46509101155203,89.74195030122459,98.66037100567029
625272,114.04296554462394,94.3569774446591,103.73403263932293
77130,130.7646987369799,108.19222097881075,118.94420196873384
