UE ID,Internet usage,Data rate,optimal GU
694553,118.03343542591142,66.74509741346182,88.75896093098439
830363,119.18611243789273,67.39690881904649,89.62575273030224
858967,120.1548701569398,67.94471824350762,90.35424062211202
812593,113.09007304951386,63.9497436887132,85.04164382968067
701292,108.46509101155203,61.334426464865736,81.56374285583642
625272,114.04296554462394,64.4885817067814,85.75820136644738
77130,130.7646987369799,73.94432369055411,98.33263553218248
