UE ID,Internet usage,Data rate,optimal GU
152613,112.10255072654657,78.07141925598779,93.55215250029181
137093,125.97485374826321,87.73248743182617,105.12890788548906
730966,112.80650965593661,78.56167636752728,94.13962239004378
253092,110.87328127081166,77.21532088502954,92.52629891496719
615013,129.8550860965031,90.4347921029218,108.3670508717676
1259119,125.60287207512546,87.47342876660524,104.81848063840897
247604,122.84714167343778,85.55425937971559,102.51876034553852
