UE ID,Internet usage
1228685,0.9317387402690288
803522,0.9390035789182681
721463,1.0033050795525988
376771,0.8820002856620575
942702,0.9610862595494171
735312,0.9766478717039093
1165603,0.9706447421166571
