UE ID,Internet usage
968338,0.29228583800204366
113474,0.25426080794189054
336046,0.34023711629174036
459729,0.2660130707218112
737136,0.2848776276656417
1016248,0.325822045328239
1020346,0.3178042137718298
