UE ID,Internet usage,Data rate,optimal GU
968338,116.02983123366405,30.38876532310249,59.38015924396805
113474,109.6416261835379,28.7156640004504,56.110891081406464
336046,124.08564598627058,32.49862156783277,63.50285388002554
459729,111.61600633058411,29.23276356277203,57.12131233508936
737136,114.78525189712144,30.06280406829371,58.743225462285444
1016248,121.66391406447377,31.864358445457416,62.26349305674811
1020346,120.31691836301789,31.511573856980874,61.57414602932449
