UE ID,Internet usage
1283486,0.4035822324907936
1029221,0.3961928179370733
2392,0.38133414398665055
10308,0.32472790475840174
303420,0.448682087295018
92807,0.4257921883494163
762897,0.47870813662916983
