UE ID,Internet usage
1283486,1.010598060728447
1029221,1.0032086461729535
2392,0.9883499722247473
10308,0.9317437329978285
303420,1.0556979155348882
92807,1.0328080165883997
762897,1.08572396486904
