UE ID,Internet usage,Data rate,optimal GU
1283486,115.56213057291542,90.11094705388048,102.04613186931489
1029221,114.32070892789167,89.1429337473441,100.94990530906138
2392,111.82445170428677,87.1964474598903,98.74560713147639
10308,102.31460351395026,79.78103012099693,90.34801859899487
303420,123.13890618039709,96.01902803352392,108.73673751107773
92807,119.29340315717383,93.02045127136769,105.34099959359371
762897,128.1832824685226,99.95244049628846,113.19113001270878
