UE ID,Internet usage
838192,0.5581431187670745
162324,0.5484341957448728
779189,0.5810061376647597
832132,0.5921139726632804
1186759,0.5294517838078624
744729,0.6299944322669032
648406,0.6007171660949244
