UE ID,Internet usage
866775,0.5852247760760628
277759,0.5875373102110941
195886,0.5096733861423713
1131744,0.5507736525960708
70963,0.49454354163251846
546102,0.4788801624873178
1291508,0.4795606822394077
