UE ID,Internet usage,Data rate,optimal GU
866775,129.52367655821752,46.258455913649115,77.40520190427806
277759,129.91218229268867,46.397207961674525,77.63737848864326
195886,116.83104304940568,41.725372517644885,69.8199025555139
1131744,123.73588781368036,44.19138850488585,73.94633655815088
70963,114.2892291713075,40.817581846895536,68.30087822216083
546102,111.65778147526008,39.87777909830717,66.72828743701936
1291508,111.77210879354114,39.91861028340755,66.79661107783836
