UE ID,Internet usage,Data rate,optimal GU
866775,129.52367655821752,115.64613978412277,122.38837038136069
277759,129.91218229268867,115.9930199041863,122.75547379433682
195886,116.83104304940568,104.3134312941122,110.39495904321738
1131744,123.73588781368036,110.4784712622146,116.9194240745664
70963,114.2892291713075,102.04395461723882,107.99317068591009
546102,111.65778147526008,99.69444774576792,105.50668633169032
1291508,111.77210879354114,99.79652570851886,105.61471549320196
