UE ID,Internet usage
963470,0.8145471045059713
951249,0.8273812370385611
341656,0.9035463006740626
110416,0.9202022625269941
1166597,0.9006690296429871
983807,0.8753563948661077
615773,0.8234070670094511
