UE ID,Internet usage
416061,0.48492421420803555
582321,0.46933367409543286
242182,0.4854076841233833
564730,0.36268839341549597
595722,0.48800702818212277
878677,0.422542586554503
720450,0.4361480088897732
