UE ID,Internet usage,Data rate,optimal GU
416061,127.70289092332254,12.16218008793548,39.40996773862458
582321,125.08368018480569,11.91273144617197,38.601661756204905
242182,127.78411386924779,12.169915606595028,39.435033683924686
564730,107.16727303023316,10.2064069552603,33.07253846973424
595722,128.22080367107034,12.211505111530508,39.56979908255569
878677,117.22277747762978,11.164074045488551,36.17573451331827
720450,119.50848842992905,11.381760802850385,36.88112022728791
