UE ID,Internet usage,Data rate,optimal GU
339361,112.18663589088735,85.47553210734274,97.9245239871316
80619,115.11389615312451,87.70582564047582,100.4796462215198
606104,122.63023110940914,93.4325570357403,107.0404412473897
277734,115.8435536984019,88.26175519878241,101.11654354202062
1137303,124.9003031931679,95.16213576622316,109.02192261059552
412561,109.06291987728905,83.09555800174404,95.19792111439638
357576,132.84493833660443,101.21519111360337,115.95656868937729
