UE ID,Internet usage
810280,0.7013310007050421
1247000,0.7004353553608029
15254,0.7283659154519094
408230,0.6644771445054517
436760,0.6898382354551443
1146901,0.7081170665242245
920030,0.706850525591703
