UE ID,Internet usage,Data rate,optimal GU
810280,116.13474275960549,44.24180676556399,71.6799194191717
1247000,115.98427434161458,44.18448546347222,71.58704829533373
15254,120.67660843702562,45.97204130934309,74.48321977558679
408230,109.94329491836963,41.88315996890272,67.85847484709868
436760,114.20395819779692,43.506269789636924,70.4882133154031
1146901,117.27480181740992,44.67611497806092,72.38357914626711
920030,117.06202294068426,44.595056358355905,72.25224917234733
