UE ID,Internet usage,Data rate,optimal GU
810280,116.13474275960549,44.93308499627593,72.23774821682909
1247000,115.98427434161458,44.87486804883897,72.14415434960961
15254,120.67660843702562,46.69035445480158,75.06286446924355
408230,109.94329491836963,42.53758434341682,68.38656432796795
436760,114.20395819779692,44.186055255099994,71.0367679957287
1146901,117.27480181740992,45.374179274593125,72.94688397769666
920030,117.06202294068426,45.29185411395522,72.81453196521935
