UE ID,Internet usage
1221852,0.6730859795565137
945760,0.6888603454206993
1008788,0.6494627670271468
673955,0.6928794124888593
231847,0.7058851941884916
960390,0.722123373179319
149407,0.6917327742912416
