UE ID,Internet usage,Data rate,optimal GU
1221852,114.72555137707403,88.09283409311041,100.53108456443309
945760,117.3756448424989,90.12772728977593,102.85329410780355
1008788,110.75685167244681,85.04543967705737,97.05341389013509
673955,118.05084810965626,90.64618694134319,103.44495756841901
231847,120.23581943529781,92.3239327806751,105.35959240322555
960390,122.96383350555416,94.41865787033622,107.75008179201491
149407,117.85821289245925,90.49827061385263,103.27615622401345
