UE ID,Internet usage,Data rate,optimal GU
1221852,114.72555137707403,20.486705603048936,48.48039393620457
945760,117.3756448424989,20.95993657901766,49.600262820070604
1008788,110.75685167244681,19.778009227222647,46.80331221565182
673955,118.05084810965626,21.080508591010048,49.88558827709293
231847,120.23581943529781,21.47068204201747,50.808907183255805
960390,122.96383350555416,21.957827411706102,51.96170353247402
149407,117.85821289245925,21.04610944508201,49.804185040380624
