UE ID,Internet usage
253819,0.8087566091784155
414735,0.757483443700395
855087,0.7273480746847324
299693,0.7527656270673594
1210042,0.7122115131596799
1228585,0.7575983145991826
470624,0.7679195985347854
