UE ID,Internet usage,Data rate,optimal GU
905075,118.69014232898046,56.519115394752596,81.90397945467153
355760,115.38984861203753,54.94754695811311,79.62656042489525
520710,129.4797212493775,61.65701011875118,89.34949626744378
941165,122.96413331145801,58.55434919593238,84.85331343261907
324786,116.50627011174169,55.47917624368652,80.39696445155043
355093,106.83747051530243,50.87498595966782,73.72485884986445
1260026,125.78716065660552,59.898647931716916,86.80138737658706
