UE ID,Internet usage,Data rate,optimal GU
905075,118.69014232898046,81.24622837995686,98.19942163836777
355760,115.38984861203753,78.9870987522876,95.46889214466943
520710,129.4797212493775,88.63195204570484,107.12628269787977
941165,122.96413331145801,84.1718769691528,101.7355488544223
324786,116.50627011174169,79.75131585029936,96.39257412384941
355093,106.83747051530243,73.13279231702249,88.39300053099016
1260026,125.78716065660552,86.10430640184306,104.07120746197874
