UE ID,Internet usage
958589,0.9494683911427598
736600,1.0131315902328306
704627,0.864862862203658
728799,0.9446935189302076
577156,0.9336547056273584
376496,0.9751413774953434
260727,0.9500594834661282
