UE ID,Internet usage,Data rate,optimal GU
958589,117.63671787473245,61.6192331724789,85.13920570670281
736600,128.332135321981,67.22159469246624,92.87998054819423
704627,103.42298901366117,54.17394662620347,74.85206401127833
728799,116.83453934337261,61.19904441795708,84.55863150989741
577156,114.9800187088357,60.22762884748536,83.21642801558284
376496,121.94977958225641,63.87845597165812,88.26077059372741
260727,117.73602138522556,61.67124929702291,85.21107631105164
