UE ID,Internet usage
1240144,0.6463770812211819
36616,0.6641790859369888
1029278,0.620059503075875
161947,0.5952309189143221
467293,0.628959237928459
204476,0.7469360164255349
735493,0.6839885857163482
