UE ID,Internet usage,Data rate,optimal GU
1240144,109.14296736850393,9.09524728070866,31.506860795180142
36616,112.13370416106406,9.344475346755338,32.3702121413101
1029278,104.72161423982459,8.726801186652049,30.230526085667435
161947,100.55041210079322,8.379201008399436,29.026403746760387
467293,106.21676969545243,8.851397474621036,30.662140288060975
204476,126.03686848279673,10.503072373566395,36.383709973180075
735493,115.46170012381114,9.621808343650928,33.3309218237871
