UE ID,Internet usage
211877,0.5019265516722351
388741,0.569939028456238
750229,0.5082994814749366
1283734,0.5027737674442616
738229,0.5714197218866034
1107541,0.527662010643749
747561,0.5162612743746143
