UE ID,Internet usage,Data rate,optimal GU
211877,107.89274177847929,100.18611736573078,103.96804745078755
388741,119.31883787802562,110.79606374388094,114.97850915444816
750229,108.96339398545867,101.18029441506877,104.99975373263426
1283734,108.03507402783967,100.31828302585113,104.10520223813793
738229,119.56759437473754,111.02705191939914,115.2182169126117
1107541,112.21629888547912,104.20084896508776,108.13433132722908
747561,110.30097519247515,102.42233410729835,106.28867923501787
