UE ID,Internet usage
551337,0.36293823432942107
1179955,0.3901718238674678
349016,0.3619865055911169
1171624,0.402049892631474
709752,0.47271347744457465
544867,0.4570415268543355
137888,0.4365960258003651
