UE ID,Internet usage,Data rate,optimal GU
551337,111.09695694079602,53.56460423931237,77.14184681951596
1179955,115.67219998323299,55.770524991915906,80.31873579704047
349016,110.93706651277145,53.48751421151481,77.03082449049619
1171624,117.66771553553382,56.732648561775235,81.70435210283709
709752,129.53919778442196,62.45639893177488,89.94749476292236
544867,126.90631008490357,61.18697093379279,88.11930949842883
137888,123.4714659079488,59.530885348475316,85.73427366447025
