UE ID,Internet usage
703218,0.689818915110835
1016607,0.6980649428542103
427438,0.6956256044052416
894698,0.6176735071837515
454995,0.5900648712855139
859193,0.6087740312348134
225900,0.7288832227455196
