UE ID,Internet usage
703218,0.3400948991318262
1016607,0.3483409268756448
427438,0.34590158842623275
894698,0.26794949120784606
454995,0.2403408553100517
859193,0.2590500152571346
225900,0.3791592067673975
