UE ID,Internet usage,Data rate,optimal GU
703218,124.06175350351987,16.246182006413314,44.89465254852707
1016607,125.44708616441127,16.427594616768143,45.39596763330122
427438,125.03727730493316,16.373929170884104,45.247668694764485
894698,111.94132497222823,14.658983032077506,40.508591475835935
454995,107.30307414139921,14.051593042326086,38.83013172815005
859193,110.44621301252684,14.463194561164228,39.96755017941385
225900,130.62455718624435,17.10559677438914,47.269556842232305
