UE ID,Internet usage,Data rate,optimal GU
703218,124.06175350351987,84.92322412443325,102.64367539234753
1016607,125.44708616441127,85.87151731492439,103.78984358632619
427438,125.03727730493316,85.59099339325782,103.4507843165893
894698,111.94132497222823,76.62650221313243,92.61572321007607
454995,107.30307414139921,73.45150908488637,88.77822213320798
859193,110.44621301252684,75.60306247881302,91.37872806585982
225900,130.62455718624435,89.4156195024887,108.07347363273885
