UE ID,Internet usage
622817,0.9147335735959806
492915,0.9248107784757811
433281,1.1064996684892436
1047244,1.0464477212359922
1045516,1.0247149357327134
587853,1.0089546731966397
672001,1.0182205247731018
