UE ID,Internet usage
622817,0.5982902626242972
492915,0.6083674675040978
433281,0.7900563575175601
1047244,0.7300044102598752
1045516,0.7082716247610299
587853,0.6925113622249564
672001,0.7017772137969849
