UE ID,Internet usage,Data rate,optimal GU
622817,102.15987093230393,26.148062202911127,51.68445278591286
492915,103.85284135211708,26.581382012744253,52.54095592097224
433281,134.37657487417874,34.39400428327194,67.98344277685499
1047244,124.28784773554162,31.81177055135887,62.8793805192551
1045516,120.63673977114463,30.877260774757257,61.0322215958928
587853,117.98901566521239,30.199569485738888,59.69269199102614
672001,119.5456787296493,30.598001103422142,60.480234867923244
