UE ID,Internet usage,Data rate,optimal GU
622817,102.15987093230393,26.75615667274627,52.28198076136999
492915,103.85284135211708,27.199553687459236,53.14838599573928
433281,134.37657487417874,35.193864847999194,68.76940464231816
1047244,124.28784773554162,32.551579168832326,63.60633392428195
1045516,120.63673977114463,31.595336606728356,61.73781985304962
587853,117.98901566521239,30.901885055174674,60.38280384231588
672001,119.5456787296493,31.309582524431956,61.17945156361885
