UE ID,Internet usage,Data rate,optimal GU
579623,115.00022702969568,27.381006435641826,56.11436497368894
950867,115.05281513644618,27.393527413439568,56.140025342295964
649266,110.32606708052327,26.268111209648396,53.83360845600371
1200933,110.06464767556992,26.205868494183314,53.70604884782164
220101,120.60351380906116,28.71512233549075,58.8484889620561
844836,113.7544128024358,27.08438400057995,55.506469876057324
853598,126.34120756105008,30.081239895488114,61.64819683761727
