UE ID,Internet usage
174267,1.0747070273814345
856941,0.9671852985022159
1273593,1.0254496463791367
261017,1.03213530570863
383215,0.957785271363711
53984,0.9755562637293764
938199,0.9762818241504595
