UE ID,Internet usage,Data rate,optimal GU
174267,127.65377281745903,10.63781440145492,36.85047004961565
856941,109.59012236556907,9.132510197130756,31.635943324142666
1273593,119.37853280907657,9.948211067423047,34.461614026391466
261017,120.5017235764337,10.041810298036141,34.785851272333936
383215,108.01091780664339,9.000909817220283,31.18006623554205
53984,110.99644452420728,9.249703710350607,32.04191356257122
938199,111.1183386747688,9.259861556230733,32.07710137289089
