UE ID,Internet usage,Data rate,optimal GU
174267,127.65377281745903,109.41751955782202,118.18442868620254
856941,109.59012236556907,93.9343905990592,101.46073802257727
1273593,119.37853280907657,102.3244566934942,110.52304515600008
261017,120.5017235764337,103.28719163694316,111.56291774429826
383215,108.01091780664339,92.58078669140862,99.99867870027144
53984,110.99644452420728,95.13980959217766,102.76273934380005
938199,111.1183386747688,95.24429029265896,102.8755913984346
