UE ID,Internet usage
1241545,0.548919726825494
957430,0.7043193164266782
858498,0.6982022198467817
762875,0.6181148818658457
905528,0.6924613166529552
373325,0.6408794045339077
1293463,0.7873216828632312
