UE ID,Internet usage,Data rate,optimal GU
1241545,93.86562091850173,65.37070028252799,78.33301584834307
957430,119.97275197125778,83.55245226569738,100.1200161419427
858498,118.9450797454977,82.83675196561447,99.26240007378436
762875,105.49040696493144,73.46653342200582,88.03416671378297
905528,117.9806080089407,82.16506629194085,98.45752626497428
373325,109.31484677305153,76.12998257408945,91.2257495443127
1293463,133.9171495326142,93.26372913878488,111.75693607578852
