UE ID,Internet usage
1204708,0.7572779062814414
557693,0.8239701725970613
542712,0.7218506213361012
733529,0.880087602210465
8560,0.821806750602699
638711,0.8011615553458349
779586,0.8554073825974341
