UE ID,Internet usage,Data rate,optimal GU
1052740,119.86755160675497,92.041155698044,105.03688866574761
504896,102.52377413178614,78.72361227976435,89.83897731056864
1140101,110.03094348667753,84.48804589155596,96.41731899816345
1073363,108.746048622255,83.50143019208866,95.29139828807585
128234,106.33189157895173,81.64770246240936,93.17593383435135
819513,123.72698071484521,95.00464590604186,108.41880829375289
865646,120.86515322774494,92.807171228447,105.91106160906806
