UE ID,Internet usage,Data rate,optimal GU
1052740,119.86755160675497,103.45711299392542,111.36045451992926
504896,102.52377413178614,88.48778124469636,95.24757896006676
1140101,110.03094348667753,94.96718336647763,102.22195843401671
1073363,108.746048622255,93.85819672754151,101.02825359734972
128234,106.33189157895173,91.77454927945237,98.78543123198831
819513,123.72698071484521,106.78816787888425,114.94597682269861
865646,120.86515322774494,104.31813820251794,112.2872555470139
