UE ID,Internet usage
77531,0.7412992633258929
580384,0.7387270299032632
644060,0.605093656127929
855949,0.6857594589054441
1101398,0.7534480679635943
174065,0.694570694583866
704274,0.7654902246974121
