UE ID,Internet usage,Data rate,optimal GU
77531,124.6271204321839,111.27421467159276,117.7615597420197
580384,124.19498521708331,110.8883796581101,117.35323034490915
644060,101.74457842332768,90.84337359225685,96.13958991329758
855949,115.29643328950546,102.943244008487,108.94488912027862
1101398,126.66811961166182,113.09653536755519,119.6901226902288
174065,116.77672088353178,104.26492936029622,110.34362942122426
704274,128.69120194289266,114.90285887758272,121.60175580817365
