UE ID,Internet usage,Data rate,optimal GU
77531,124.6271204321839,123.14346423656268,123.88307127225426
580384,124.19498521708331,122.71647348830852,123.4535159919436
644060,101.74457842332768,100.5333334420976,101.1371426754684
855949,115.29643328950546,113.92385670272564,114.60809022232674
1101398,126.66811961166182,125.1601658067611,125.91188527309978
174065,116.77672088353178,115.38652182539451,116.07954019949271
704274,128.69120194289266,127.1591638245249,127.92288939291241
