UE ID,Internet usage
533741,0.839500590222765
1144838,0.7943363292130345
1267995,0.7921012593609702
993161,0.7820950570526347
557950,0.8243600820508328
1169996,0.9114793978521736
944088,0.8647840476165686
