UE ID,Internet usage
417449,0.9156112673918838
1081625,0.933919412367189
486565,1.0392559407107647
115328,0.920224374338333
87978,0.9494544197935278
628825,0.944382690468541
991119,0.8937790216798157
