UE ID,Internet usage
417449,0.3519763867579785
1081625,0.3702845317363871
486565,0.47562106008173605
115328,0.35658949370398446
87978,0.3858195391613959
628825,0.38074780983507894
991119,0.33014414104635376
