UE ID,Internet usage,Data rate,optimal GU
417449,112.42000689090642,44.83416941482577,70.99477188189832
1081625,115.49577524726618,46.06081512837401,72.93716166517973
486565,133.19231200910082,53.11836252743901,84.11276665980728
115328,113.19500885783363,45.14324758020746,71.48419622345179
87978,118.10565649460469,47.101660625824486,74.58533736733429
628825,117.25360596783047,46.76185476098001,74.04725580647042
991119,108.75218961131534,43.37140895213171,68.67849510634407
