UE ID,Internet usage
996298,0.701702215593634
31040,0.7068621596259598
710437,0.7260952843873928
242223,0.6783630434575741
682783,0.6298205185596953
726988,0.6576508194397714
117569,0.7715790244539156
