UE ID,Internet usage,Data rate,optimal GU
996298,117.47081169527364,2.7969240879827058,18.126139767346807
31040,118.3376822926538,2.8175638641108045,18.259900804506206
710437,121.56884725250573,2.8944963631548983,18.758480382091488
242223,113.54983077669256,2.703567399445061,17.52111927647231
682783,105.39468659333608,2.509397299841335,16.262753209556532
726988,110.07017714149124,2.620718503368839,16.98419706385297
117569,129.210115583624,3.076431323419619,19.93755368354228
