UE ID,Internet usage
1139287,0.2776569303168717
237048,0.28713731924911096
526241,0.3373173531371397
1052347,0.2368007101847187
837060,0.2778635795850703
246498,0.1876266226110602
850155,0.30780793711762344
