UE ID,Internet usage,Data rate,optimal GU
1139287,114.19445014635258,18.352679487806665,45.77962584843093
237048,115.78715548701489,18.608649988984535,46.41812845944987
526241,124.21740118018292,19.963510903957967,49.797745359824305
1052347,107.33060516414022,17.249561544236823,43.02796624707028
837060,114.22916722340862,18.358259018047814,45.793543642125286
246498,99.06935845177048,15.921861179748827,39.71609966293097
850155,119.25981928887482,19.16675667142631,47.810291120093986
