UE ID,Internet usage
1281733,0.716428803696382
547664,0.6625392826632118
235208,0.6869260579721006
647887,0.6114033123498817
596882,0.6220940817005592
1161698,0.6572377692545618
1024455,0.6238033188906486
