UE ID,Internet usage,Data rate,optimal GU
759219,111.48762277207153,8.62701842879125,31.01299366776429
361874,127.39697972261419,9.858099621392764,35.43856822122029
159566,103.89476248727516,8.039475668658197,28.90085492018309
999908,122.06625428970744,9.445603010513075,33.9556972981106
724820,101.11695036150276,7.82452592083057,28.128138920641664
1033009,128.49579422667932,9.943126934207328,35.74423019883989
1191854,99.00617698253872,7.661192266505972,27.540975970995422
