UE ID,Internet usage
668806,0.41689472121355287
1024656,0.5377034449023022
370176,0.4825616417762673
467648,0.46867439251558907
211400,0.47466269299507496
1264229,0.4363977486925986
1217607,0.3867066353550033
