UE ID,Internet usage
668806,0.6711523891633541
1024656,0.7919611128552068
370176,0.7368193097247386
467648,0.7229320604684937
211400,0.7289203609435462
1264229,0.6906554166441733
1217607,0.640964303307908
