UE ID,Internet usage,Data rate,optimal GU
668806,110.8350815609988,59.37593655053507,81.12297313547651
1024656,131.13094714073046,70.24872168253417,95.97802566033683
370176,121.86712421537042,65.2859594010913,89.19760155885596
467648,119.53406633980434,64.03610696775232,87.48997804563739
211400,120.5401008199714,64.57505401069896,88.22631988757522
1264229,114.11159017750201,61.13120902366179,83.521131883873
1217607,105.76348313678652,56.65900882327849,77.4109431813607
