UE ID,Internet usage,Data rate,optimal GU
155401,107.86768516102494,107.22561560649504,107.5461712263086
449225,129.48098955850512,128.71026938256165,129.0950543049417
708621,113.59378140786906,112.91762794710795,113.25520008422954
820938,108.73771503454572,108.09046673076867,108.41360786045895
1214995,110.395119168339,109.73800536376555,110.06607188152361
1166986,120.90419820925368,120.18453036277003,120.54382721925836
1201316,120.04629121475448,119.3317299575238,119.68847733028164
