UE ID,Internet usage
143596,0.9710765115745706
45282,0.9657252525378588
867719,0.9632317720731602
444565,1.0665338184675013
524700,1.041156624830919
490061,0.9778448801914934
225329,1.017215156593082
