UE ID,Internet usage
143596,0.6692139283952908
45282,0.6638626693585788
867719,0.6613691888938803
444565,0.7646712352882213
524700,0.7392940416560724
490061,0.6759822970122136
225329,0.7153525734138023
