UE ID,Internet usage,Data rate,optimal GU
886095,118.08128462008023,106.13258320019116,111.94762956099659
90695,127.688955139987,114.76804896510737,121.05623592285292
675445,121.73890864973286,109.42009051255752,115.41526070391966
667330,118.56729613331709,106.56941497696953,112.40839552421653
1009757,117.37992857679481,105.50219770890487,111.28270499842344
743565,113.91099540295743,102.38428753480103,107.9939632882866
728446,123.03424017279804,110.5843468219792,116.64330707866347
