UE ID,Internet usage
734007,0.68005348847158
243231,0.6117855025487566
1032768,0.5482623947416021
481883,0.684332923983181
268682,0.6100299654571413
253939,0.6053924374169772
802632,0.5361787731954653
