UE ID,Internet usage
65580,0.26520086443208607
227759,0.49258914730861775
848472,0.4159537958011217
940522,0.3739135771498856
675403,0.29071678194903955
733134,0.3826510782306281
1106420,0.3117889980070552
