UE ID,Internet usage
438994,0.33946947381578463
1040456,0.4393215833595151
862087,0.3645964042286362
487072,0.4113043221201718
842169,0.3033532207152809
937561,0.29538585995965094
1219148,0.3205881003628234
