UE ID,Internet usage
438994,0.6420142417918002
1040456,0.7418663513381908
862087,0.6671411722073118
487072,0.7138490900961872
842169,0.6058979886948432
937561,0.5979306279392133
1219148,0.6231328683392823
