UE ID,Internet usage
438994,0.7310947272363246
1040456,0.8309468367782818
862087,0.7562216576474029
487072,0.8029295755407118
842169,0.6949784741349343
937561,0.6870111133793043
1219148,0.7122133537838067
