UE ID,Internet usage
740707,1.016299250262961
1016053,0.9988732046351342
1159273,1.0421959786831159
864934,1.032584932792592
420780,1.0665059787798632
876942,1.0286514636553188
265820,0.9638913834117832
