UE ID,Internet usage
385476,0.7058110498644208
925955,0.5852988156780023
513558,0.5301115727054945
139263,0.6512936749566269
991526,0.5571749780832976
976483,0.5722852827672854
278321,0.5756243001736033
