UE ID,Internet usage,Data rate,optimal GU
385476,138.65843100398772,85.010823770302,108.57010381475455
925955,118.41237566005417,72.5980636487237,92.71736183134846
513558,109.14091884083334,66.91377762265377,85.4577742095336
139263,129.49951201919868,79.39553415462777,101.39863376558836
991526,113.68757094454145,69.70130837671292,89.0178209180887
976483,116.22610213156045,71.25766975923052,91.00550094963126
278321,116.78705705587734,71.60158855211527,91.44473088990607
