UE ID,Internet usage
104546,1.0161095599345928
400428,1.010275429411812
560268,1.0292960193554606
782821,1.069542575566992
748265,1.0175142724689186
554525,1.0228395131300834
62029,1.015687860120746
