UE ID,Internet usage
242398,0.7256122539139673
1098801,0.6385542485025476
1067699,0.6374455100870191
276645,0.7028383875100623
18059,0.7324613652669493
713429,0.6823979106219249
787900,0.7356084750518335
