UE ID,Internet usage
242398,0.44463271691572603
1098801,0.35757471150563636
1067699,0.3564659730892212
276645,0.4218588505118211
18059,0.4514818282687081
713429,0.40141837362146693
787900,0.4546289380535923
