UE ID,Internet usage,Data rate,optimal GU
4038,118.20648871301876,93.58013689780653,105.17499415722978
1139817,113.9751519130235,90.23032859781027,101.41013464687568
884528,119.9338462721928,94.9476282988193,106.71192180960801
1039580,109.65091116221909,86.80697133675679,97.56261324046224
147524,122.38922919445533,96.89147311227714,108.89661477624956
850301,128.056642578631,101.37817537474955,113.93923279203733
884976,113.80177772431286,90.09307403174768,101.25587383189684
