UE ID,Internet usage
1051449,1.017436816015395
23872,0.9469718806790122
1115644,0.9462216709044604
854023,1.0362714150161052
661901,1.0416663425386938
869707,0.9973092556119374
446160,1.009880419288437
