UE ID,Internet usage
1051449,0.6362071471663082
23872,0.5657422118299253
1115644,0.5649920020553736
854023,0.6550417461625849
661901,0.6604366736851736
869707,0.6160795867628505
446160,0.6286507504349167
