UE ID,Internet usage
1051449,1.0561166135729232
23872,0.9856516782365402
1115644,0.9849014684619886
854023,1.0749512125691998
661901,1.0803461400917884
869707,1.0359890531694655
446160,1.0485602168415316
