UE ID,Internet usage
867036,0.7619953212764417
1064404,0.8379831710499862
659249,0.7390708655207131
889109,0.6528574917526716
1174863,0.7545851877081908
418277,0.7643955177750735
87827,0.6925510290583446
