UE ID,Internet usage,Data rate,optimal GU
867036,117.9409026591147,30.187254847273405,59.66835078572359
1064404,130.70686142101738,33.454732387522306,66.12687101362879
659249,114.08959409236773,29.201503249832218,57.7199069010018
889109,99.6057472993483,25.494328177809386,50.392277285766085
1174863,116.69600021982146,29.868619103882875,59.03853302303911
418277,118.34413567093054,30.29046329672627,59.87235336883891
87827,106.27426156613657,27.20115028180877,53.765994456986796
