UE ID,Internet usage,Data rate,optimal GU
442310,128.6288230797956,27.56331923138477,59.543574908681116
461202,130.61450690904886,27.988822909081897,60.46276790913911
743085,121.8175820875932,26.10376759019854,56.39058300119325
444193,121.56693069462666,26.050056577419998,56.27455395237105
102928,119.64981495061093,25.6392460608452,55.387101807670966
1217325,122.10965751674223,26.166355182159048,56.525787652671184
772014,121.72713472871338,26.084386013295724,56.348714009782114
