UE ID,Internet usage
376122,0.8689562166716529
452239,0.7644045838361135
688093,0.7476823116024972
939374,0.780987091575192
653292,0.8014017917099048
427889,0.7321911040202344
248386,0.8714244236130892
