UE ID,Internet usage,Data rate,optimal GU
286778,121.36253395857999,66.4604352630319,89.80983705314087
909205,109.61321439236882,60.0262840720115,81.11518936156551
1011211,129.43670816740993,70.88200685358163,95.78482988149739
791359,139.0834155208035,76.16472754710668,102.92351747517681
977005,108.21930394567057,59.26295216072437,80.08367769151943
1263545,123.98048718184664,67.8940763138684,91.74715613115688
1130137,107.61802791873282,58.933681955496546,79.63872569322257
