UE ID,Internet usage,Data rate,optimal GU
286778,121.36253395857999,110.5265934265639,115.81790642235563
909205,109.61321439236882,99.82632025019302,104.60537196332545
1011211,129.43670816740993,117.87985922389117,123.5231999957019
791359,139.0834155208035,126.66525342073174,132.72918320235198
977005,108.21930394567057,98.55686609337855,103.27514438475546
1263545,123.98048718184664,112.9108008263246,118.31625456605772
1130137,107.61802791873282,98.0092754259888,102.7013385457504
