UE ID,Internet usage
1067115,0.7559052883737276
478092,0.7599070679642461
32170,0.702073814750069
661663,0.7224612836681494
427041,0.768943794358356
144737,0.785942310322635
743162,0.6968494169038121
