UE ID,Internet usage,Data rate,optimal GU
1067115,120.06367977040017,35.733238026904814,65.50010723366631
478092,120.7359787415996,35.93332700642845,65.86687639142373
32170,111.0199922013386,33.04166434563649,60.56637118048109
661663,114.44508697958497,34.06103779154315,62.434913571399186
427041,122.25414877553126,36.38516332605097,66.6951060459839
144737,125.10989945771104,37.23508912431876,68.25304576824708
743162,110.14229336299273,32.78044445327165,60.087547208565056
