UE ID,Internet usage
879446,0.6224681645417746
977633,0.6239988769169398
572166,0.7167022827290861
1061749,0.711719604784563
740219,0.6062942239354807
1235508,0.6224086923420254
381988,0.6168815354681717
