UE ID,Internet usage,Data rate,optimal GU
71964,119.6866188900798,80.50349961058939,98.15901220575877
474166,119.98941945504153,80.70716903821246,98.4073491094797
73494,112.56126265777198,75.71084928766805,92.31526847013008
23228,110.7274355599088,74.47738225160532,90.81128533357142
905160,99.47090593998976,66.90602601915978,81.57942768229225
1144947,118.88716480587921,79.96577156585923,97.50335308582775
194607,124.33517067714428,83.63020408641252,101.97144550730125
