UE ID,Internet usage
460517,0.5496308483651885
536213,0.48956272421823854
934482,0.4905282116650067
1040332,0.5154150200724307
1030962,0.5001829232483442
390538,0.5476786559281718
1015563,0.4972997802100487
