UE ID,Internet usage
120293,0.37628448061667064
1134180,0.26558785435156596
35986,0.3835651751612938
1020327,0.3861939084857598
761625,0.4135957605619808
864660,0.3984207625229931
668373,0.34492223152826673
