UE ID,Internet usage,Data rate,optimal GU
120293,115.76617220994362,44.790483295513894,72.00849118371433
1134180,97.16913899741927,37.595202588287215,60.44082615200935
35986,116.9893288934403,45.2637284409144,72.76931505461283
1020327,117.43095609195852,45.434596107007756,73.04401454258861
761625,122.03446724076545,47.21571649196282,75.90747530703221
864660,119.48506757021288,46.2293416194276,74.32170616397178
668373,110.49731436310549,42.751937104772956,68.7311736688514
