UE ID,Internet usage,Data rate,optimal GU
120293,115.76617220994362,111.6316660595885,113.68012437157711
1134180,97.16913899741927,93.6988126046543,95.41820028629125
35986,116.9893288934403,112.81113857581744,114.88124039063025
1020327,117.43095609195852,113.23699337438858,115.3149096905219
761625,122.03446724076545,117.67609341073812,119.83546789808923
864660,119.48506757021288,115.21774372841956,117.3320071194458
668373,110.49731436310549,106.5509817072803,108.50620867677044
