UE ID,Internet usage,Data rate,optimal GU
120293,115.76617220994362,82.69012300710259,97.84027299686801
1134180,97.16913899741927,69.40652785529949,82.12291125197552
35986,116.9893288934403,83.56380635245736,98.87402907212486
1020327,117.43095609195852,83.87925435139896,99.24727217795636
761625,122.03446724076545,87.16747660054676,103.1379492120607
864660,119.48506757021288,85.34647683586634,100.98331323348971
668373,110.49731436310549,78.92665311650393,93.38727537005303
