UE ID,Internet usage,Data rate,optimal GU
120293,115.76617220994362,57.19400174657929,81.37033031498837
1134180,97.16913899741927,48.00618176658214,68.2987507119449
35986,116.9893288934403,57.79829939378301,82.23006905786235
1020327,117.43095609195852,58.01648425971761,82.54048228422646
761625,122.03446724076545,60.29083798204484,85.7762221867934
864660,119.48506757021288,59.031313144807555,83.98428686287528
668373,110.49731436310549,54.59093507224855,77.66692805856383
