UE ID,Internet usage
871375,0.8887104348788518
1225796,0.9977951850276858
191353,0.9620536030353602
1091077,0.9153992706865165
362725,0.9094278771763805
378534,0.9349190638475954
300685,0.9444859574715523
