UE ID,Internet usage
871375,0.6882950029087805
1225796,0.7973797530576145
191353,0.761638171065289
1091077,0.7149838387164451
362725,0.7090124452063092
378534,0.734503631877524
300685,0.7440705255014809
