UE ID,Internet usage
871375,0.3466739714377871
1225796,0.45575872158750785
191353,0.4200171395907487
1091077,0.37336280724190485
362725,0.3673914137330991
378534,0.3928826004025404
300685,0.4024494940291575
