UE ID,Internet usage,Data rate,optimal GU
871375,107.90066702926809,86.705893148519,96.72447314973417
1225796,126.22690505427887,101.43233441861695,113.1525061414577
191353,120.22231927900827,96.60722084920307,107.76986661210339
1091077,112.38439144433774,90.3088859820571,100.74377992268094
362725,111.38119733487477,89.50274785838151,99.84449519742154
378534,115.66371669538702,92.94405805879315,103.68343744220604
300685,117.27095482468086,94.23558869840426,105.12420018781485
