UE ID,Internet usage
1035956,0.6302909184649962
1092882,0.5574474850413862
422925,0.5939459740946845
67110,0.5857413361322008
117846,0.6048417740342051
685734,0.5484039884574758
738132,0.5570260777676449
