UE ID,Internet usage,Data rate,optimal GU
1035956,123.90329276821355,87.0273127776738,103.84108345892298
1092882,111.66559595293795,78.43178763361118,93.58489358738119
422925,117.79734211411643,82.73860934205797,98.72379789449265
67110,116.41896293623958,81.77046206235876,97.56860351627941
117846,119.62783650407818,84.0243137350073,100.25790176269811
685734,110.14628852688713,77.36465503674215,92.31158982197248
738132,111.59479953135597,78.38206157559527,93.5255604013307
