UE ID,Internet usage
928957,0.5210323971261057
779131,0.47557188860547145
1219948,0.5192051436669414
102620,0.41628077728555124
1130336,0.42783684222601737
172590,0.41295562155773563
799907,0.482883954089633
