UE ID,Internet usage,Data rate,optimal GU
928957,129.04476299913853,64.52238149956926,91.24842699330173
779131,121.40739756767914,60.70369878383957,85.84799410631707
1219948,128.7377844182614,64.3688922091307,91.0313603570845
102620,111.44649086628887,55.723245433144434,78.80456943099749
1130336,113.38790977623006,56.69395488811503,80.1773599073407
172590,110.88786470398927,55.44393235199463,78.40956108348722
799907,122.63582456917787,61.317912284588935,86.71662316926948
