UE ID,Internet usage,Data rate,optimal GU
928957,129.04476299913853,0.7681235892805864,9.95601961291564
779131,121.40739756767914,0.7226630807599949,9.36678407743621
1219948,128.7377844182614,0.7662963358229846,9.932335701217667
102620,111.44649086628887,0.6633719694421957,8.598283441094026
1130336,113.38790977623006,0.6749280343823217,8.748067161835865
172590,110.88786470398927,0.6600468137142218,8.555184496984378
799907,122.63582456917787,0.7299751462451064,9.461559278193782
