UE ID,Internet usage,Data rate,optimal GU
218795,102.66894027271653,46.445472980514616,69.05438068199963
1118923,119.05158597175068,53.8566698443634,80.07322873550449
426254,116.65567836144196,52.77280687779517,78.46175874505086
525317,103.66535547245047,46.89623223753711,69.72456228061154
539179,103.84684318768663,46.97833382300109,69.84662959467686
863912,106.81449435638409,48.32084268503089,71.8426501339974
311444,111.88808817828394,50.61603989017606,75.25511234771733
