UE ID,Internet usage,Data rate,optimal GU
218795,102.66894027271653,30.556232224022775,56.010498847693285
1118923,119.05158597175068,35.43201963444961,64.94796480001075
426254,116.65567836144196,34.718951893286295,63.64089004020593
525317,103.66535547245047,30.852784366800737,56.554087904405826
539179,103.84684318768663,30.90679856776388,56.65309757021229
863912,106.81449435638409,31.79002808225717,58.27208401268612
311444,111.88808817828394,33.300026243536884,61.0399563620095
