UE ID,Internet usage
1142678,0.8237651610941492
1179517,0.7824313039487687
497434,0.7710812525793376
650439,0.9018694891461932
227704,0.8947671641798224
459284,0.7903012357795414
968979,0.7822737407041787
