UE ID,Internet usage
1142678,0.3158300369802519
1179517,0.27449617983620156
497434,0.26314612846588364
650439,0.3939343650358427
227704,0.3868320400668118
459284,0.2823661116656441
968979,0.27433861659116804
