UE ID,Internet usage,Data rate,optimal GU
1162129,104.87700932882413,49.31716510105421,71.91826460902976
184863,114.0413919944398,53.62660694976634,78.20264000972124
55786,127.3278664066581,59.874413369797566,87.31369484065262
930140,118.08761406993636,55.52929471145818,80.97729264097703
1036210,126.0496262895875,59.27333617188936,86.43715562999364
894869,128.68773136887447,60.51387367941121,88.24620739808637
255495,117.90663898660794,55.44419333298826,80.85319095259223
