UE ID,Internet usage
752185,0.4992731229264936
365204,0.4071092725092473
368029,0.3726836395996749
253816,0.4775884072489048
522601,0.43176412935976444
967803,0.40264161088204886
1082097,0.40701710446852435
