UE ID,Internet usage
752185,0.45729484328791264
365204,0.3651309928719964
368029,0.3307053599619806
253816,0.4356101276094371
522601,0.38978584972207014
967803,0.36066333124435457
1082097,0.36503882483083006
