UE ID,Internet usage
752185,0.4292991136622378
365204,0.33713526324587817
368029,0.30270963033586235
253816,0.4076143979837622
522601,0.3617901200963953
967803,0.3326676016186797
1082097,0.3370430952051552
