UE ID,Internet usage,Data rate,optimal GU
1133398,107.67207671558468,33.32707136434764,59.903213475136745
798500,111.07546855416754,34.38050217152805,61.79668589681855
505408,106.46222950494503,32.9525948467687,59.23011662456995
920038,111.8440208145974,34.618387394994436,62.22426890188067
790376,112.79919825767095,34.91403755594577,62.75568057354566
372624,110.84236059697342,34.30834970858701,61.666996601798836
985060,116.9430964239138,36.19667270263999,65.06113268372813
