UE ID,Internet usage
731029,0.3854771498749067
1257678,0.40627946737298337
1251021,0.4747950695939647
887375,0.4762110116161794
971816,0.44321186477021685
95299,0.4839605823216315
434837,0.4534336068846143
