UE ID,Internet usage
776115,0.7579384407407078
452111,0.727333540484525
902731,0.6737352613720684
1283448,0.6655050731203733
1076214,0.6829079700410156
217445,0.7206060382417756
318182,0.6250972014189946
