UE ID,Internet usage,Data rate,optimal GU
440050,111.45068326135545,90.88537861193866,100.64411331403117
881115,114.44797111731644,93.32959549447828,103.3507757568509
891258,121.3076370996101,98.92348977765823,109.54530934081639
1025330,119.75882783247003,97.66047269671662,108.14667695183114
1081845,117.04422254923054,95.44677672169395,105.69528738889291
668652,121.51785157759777,99.09491467935055,109.73514083510366
26637,107.1602891166798,87.38666433919722,96.7697277847294
