UE ID,Internet usage
1170557,0.6952535177839332
848638,0.6542993471888967
545402,0.7022750160804829
641920,0.6460827215903722
725039,0.606245919120085
658596,0.6239465412859304
706733,0.6414813792782617
