UE ID,Internet usage
943893,1.124031159492035
864745,1.002642627886076
997766,1.099064186570241
80597,1.0206270898767
1007178,1.0391048807721488
361743,1.0192322072219273
215052,1.106665910902438
