UE ID,Internet usage
943893,0.6133319452245699
864745,0.49194341362304456
997766,0.5883649723072094
80597,0.5099278756136683
1007178,0.5284056665046836
361743,0.5085329929588958
215052,0.5959666966394062
