UE ID,Internet usage,Data rate,optimal GU
943893,128.02917135545846,91.44940811104176,108.20439890043204
864745,107.63589804606569,76.88278431861835,90.96893719515725
997766,123.83471990516715,88.45337136083369,104.65944041096614
80597,110.65728766041775,79.04091975744126,93.52247748291944
1007178,113.76155653051046,81.25825466465034,96.14606352629959
361743,110.42294737430774,78.87353383879125,93.32442379305927
215052,125.11180959275329,89.36557828053807,105.73877819409948
