UE ID,Internet usage
810982,0.932724897149468
1037938,0.8858964725679186
868766,0.8339552859226194
636155,0.9220611223365787
867827,0.8913651764750702
876879,0.8787784671991931
442335,0.8829973147399847
