UE ID,Internet usage,Data rate,optimal GU
810982,125.50048311805008,16.434587074982748,45.41529057218501
1037938,117.63330778869653,15.404361734234069,42.56836883381339
868766,108.90718843187878,14.261655627984124,39.41061807213167
636155,123.70896894999011,16.19998402916537,44.76698919130428
867827,118.55205004480364,15.524673220152856,42.90083724736365
876879,116.43748288662428,15.24776561610556,42.135631572156946
442335,117.14624927336335,15.340580261988057,42.39211529717396
