UE ID,Internet usage,Data rate,optimal GU
810982,125.50048311805008,2.2410800556794657,16.770707489369656
1037938,117.63330778869653,2.1005947819410093,15.719411964936748
868766,108.90718843187878,1.9447712219978353,14.55333521674717
636155,123.70896894999011,2.2090887312498233,16.53130633863995
867827,118.55205004480364,2.117000893657208,15.842184063119053
876879,116.43748288662428,2.0792407658325764,15.559613140717934
442335,117.14624927336335,2.091897308452917,15.654326033090765
