UE ID,Internet usage
1292763,1.0955656769058435
509520,0.9838269298933734
905262,1.0918984899821742
888857,1.0163488067252853
172930,1.0368886697173723
235718,1.0691325179316193
87943,0.9354597546518921
