UE ID,Internet usage,Data rate,optimal GU
1292763,130.89693962087821,38.95742250621375,71.4101350060403
509520,112.12483012238997,33.370485155473204,61.16910968094247
905262,130.28085221764988,38.77406316001485,71.07403177270668
888857,117.58850543060683,34.996578997204416,64.1497889276764
172930,121.03920241316352,36.02357214677486,66.03229846611946
235718,126.45616891320802,37.63576455750239,68.98749596891635
87943,103.99914468192696,30.952126393430646,56.73618484709457
