UE ID,Internet usage,Data rate,optimal GU
709255,118.32502937251812,27.46831039004885,57.01042565808446
354559,116.07982428898603,26.947102067086046,55.92865878102854
1089838,104.91258435582846,24.354707082603035,50.54814795089018
523265,118.61324930556748,27.535218588792453,57.14929349655808
621759,120.97448595749489,28.083362811561315,58.286965782123694
722581,119.49800929807007,27.740609301337695,57.57558152746163
1294589,112.8593819798653,26.199499388183018,54.37701085139008
