UE ID,Internet usage
59637,0.8532592812766374
217937,0.7799010104030181
757110,0.7223020347213303
1242400,0.7945951543649955
1095911,0.8263092083075501
732752,0.7618449837879717
312743,0.825833581690133
