UE ID,Internet usage
1171414,1.084974447339652
363670,0.9543952716363742
1104782,1.0215959257716076
784937,1.0500112547962261
1100382,1.1164552754975652
552140,1.0541902489137165
1217736,1.0304339479001858
