UE ID,Internet usage
468118,0.3455661660511825
107158,0.3962330582106929
457469,0.30048796947106216
188254,0.38863585129136013
737417,0.3846364916807301
989497,0.3279514769031033
380304,0.32372754024623546
