UE ID,Internet usage
918330,0.9672706795894399
715311,1.0327274549314958
808150,1.0151208442891781
1076107,1.0332070113797798
738404,0.9644442162597405
11336,0.9405785343700175
746529,0.8894745440834784
