UE ID,Internet usage
225124,1.0782061883438046
827923,1.0009830066017862
403616,1.0186796643825848
814305,1.0067593986278307
1218592,1.0730876154675164
1179392,1.02174717615279
126458,1.021514046294348
