UE ID,Internet usage
225124,0.438175711684805
827923,0.36095252994411664
403616,0.3786491877213685
814305,0.3667289219706044
1218592,0.43305713880674346
1179392,0.3817166994937905
126458,0.38148356963534835
