UE ID,Internet usage,Data rate,optimal GU
31819,126.73515003484499,62.61319912435795,89.08026260169606
441828,104.20533544082403,51.48239786659759,73.24438912972629
717228,115.65119435138185,57.137197209313655,81.28951407867785
8462,110.44655973620178,54.56585986967112,77.63125338195208
1011476,113.26195741944672,55.95680039175046,79.61015477499664
212690,111.63764682004674,55.15431360752309,78.46845087752632
21950,120.3519020273019,59.459570644440824,84.59357198265822
