UE ID,Internet usage
1092344,0.4292192703150962
103821,0.5347488013292978
1016123,0.5134419945060802
580422,0.4855537163046419
458827,0.5338040559314068
1016971,0.5207607386473754
1133344,0.4834259967408872
