UE ID,Internet usage
1092344,0.35794252956269973
103821,0.4634720605769014
1016123,0.44216525375191035
580422,0.4142769755544621
458827,0.46252731517901036
1016971,0.4494839978949789
1133344,0.41214925598804736
