UE ID,Internet usage,Data rate,optimal GU
1092344,109.0252529118712,11.032317258939347,34.68142412531331
103821,126.75421412248485,12.826319286203823,40.32108655786494
1016123,123.17467057566385,12.46410357015646,39.18241762927573
580422,118.48943983846064,11.990002840796611,37.692024624150164
458827,126.59549689534263,12.81025861440967,40.27059789286764
1016971,124.40421959169275,12.588522220587956,39.57354271056519
1133344,118.13198295134336,11.95383160817165,37.57831597796478
