UE ID,Internet usage
863472,1.016092499262539
6252,1.0283681688236461
1017245,1.0712772283940524
1281282,1.0152052946036525
727676,0.9944193406548023
648284,1.01734277892869
631780,1.0178328446225668
