UE ID,Internet usage
723296,1.045877903869067
1067793,1.059923179007548
85728,1.0455525565690398
227254,1.071553983437027
1174276,1.0335329142333511
1249994,1.068646685608063
534298,1.0652279757372005
