UE ID,Internet usage,Data rate,optimal GU
723296,121.47034168702001,28.198472177343934,58.52587505056114
1067793,123.82994791033983,28.74623790775746,59.66276177596745
85728,121.41568334009548,28.185783632522167,58.499540000061174
227254,125.78392305454146,29.199839280518553,60.6042105572354
1174276,119.39638342763234,27.71701758141465,57.52661695790054
1249994,125.29549701917497,29.086454665165622,60.36888100501472
534298,124.72115376096924,28.953124980225006,60.09215549902668
