UE ID,Internet usage,Data rate,optimal GU
723296,121.47034168702001,101.94832248732037,111.28206309622999
1067793,123.82994791033983,103.92870628189236,113.44375824731715
85728,121.41568334009548,101.90244851758014,111.23198919731182
227254,125.78392305454146,105.56864970649016,115.23384447137481
1174276,119.39638342763234,100.20767894819144,109.38205729502141
1249994,125.29549701917497,105.15872071252186,114.78638498348154
534298,124.72115376096924,104.67668262081348,114.26021454705332
