UE ID,Internet usage,Data rate,optimal GU
91470,118.54502692926593,3.5281258014662478,20.450960078799582
1157799,102.051590398625,3.0372497142447914,17.605571952550996
1218981,112.20198401580518,3.339344762375154,19.35668121479712
1076793,105.06822020272959,3.127030363176476,18.12599003582556
605709,113.09296517973054,3.3658620589205515,19.510390068609034
720693,105.81936963323814,3.1493860009892303,18.255575623803953
342765,110.64946657202908,3.293138886072294,19.088846510240092
