UE ID,Internet usage,Data rate,optimal GU
91470,118.54502692926593,44.454385098474724,72.59370688029813
1157799,102.051590398625,38.26934639948438,62.49358097903555
1218981,112.20198401580518,42.07574400592694,68.70940224165922
1076793,105.06822020272959,39.4005825760236,64.34088191976761
605709,113.09296517973054,42.409861942398955,69.25501454717127
720693,105.81936963323814,39.682263612464304,64.80086512609964
342765,110.64946657202908,41.49354996451091,67.75868335315384
