UE ID,Internet usage,Data rate,optimal GU
91470,118.54502692926593,92.43689599841571,104.68015249028798
1157799,102.051590398625,79.57594251321355,90.11576716059737
1218981,112.20198401580518,87.49083277422905,99.07898374763202
1076793,105.06822020272959,81.92819551522368,92.77957580850327
605709,113.09296517973054,88.18558594371846,99.86575689638109
720693,105.81936963323814,82.51391322591785,93.44287176418723
342765,110.64946657202908,86.28023881509411,97.70804675459152
