UE ID,Internet usage,Data rate,optimal GU
67369,108.742170724292,93.207574906536,100.67568734944784
610123,106.30082915839192,91.11499642147878,98.41544425732735
566966,119.43589663325383,102.37362568564613,110.5761537374232
963727,116.21535498196148,99.61316141310984,107.59451154450205
868998,116.74372116024506,100.06604670878147,108.083683572397
817354,121.95653566969172,104.53417343116432,112.90981202162871
1163704,128.48032283794686,110.12599100395444,118.94966530863758
