UE ID,Internet usage
1154070,0.9508627700220573
1150128,1.0081763689494636
1136590,0.987900540761602
430973,1.0404804364280285
327526,1.0533989661980274
1115961,0.9088635953501115
829778,0.967365157394896
