UE ID,Internet usage
1154070,0.30679884851996553
1150128,0.3641124474447119
1136590,0.3438366192595103
430973,0.3964165149232765
327526,0.4093350446941622
1115961,0.26479967384757636
829778,0.32330123589324755
