UE ID,Internet usage,Data rate,optimal GU
349753,111.93181073188852,62.628513147604295,83.7264765773482
208088,118.00194777758024,66.02489935174133,88.26701946550689
283875,114.45642537915501,64.04109515262245,85.61492176329718
429236,112.94069367703376,63.193007176435565,84.48113437948383
557267,132.12192327561533,73.92536183278477,98.8289481083012
553573,125.03505428696955,69.96008989866154,93.52787626371303
1244964,126.78678419652788,70.9402244909144,94.83819343166975
