UE ID,Internet usage,Data rate,optimal GU
466803,107.6682238266033,48.06617135116218,71.93885803600719
21334,120.16955916980241,53.64712462937607,80.2916640594749
1169776,116.37075618462389,51.95123043956423,77.7534820504763
192910,120.81971657943417,53.93737347296168,80.72606875131677
1134147,107.7368897590259,48.096825785279414,71.98473739194804
124248,119.08599650716617,53.16339129784203,79.56767830220966
386704,122.1119525127236,54.51426451460875,81.58948020225375
