UE ID,Internet usage,Data rate,optimal GU
466803,107.6682238266033,17.303821686418388,43.16331482160432
21334,120.16955916980241,19.31296486657539,48.174998435684934
1169776,116.37075618462389,18.702442958243125,46.65208923028578
192910,120.81971657943417,19.417454450266206,48.43564125079006
1134147,107.7368897590259,17.31485728270059,43.190842435168825
124248,119.08599650716617,19.138820867223135,47.74060698132579
386704,122.1119525127236,19.62513522525915,48.95368812135225
