UE ID,Internet usage,Data rate,optimal GU
1071464,98.6962695266641,58.7477794801572,76.14582508362898
602129,108.95448798600462,64.85386189643133,84.06021244822504
1224556,119.64346213594169,71.2163465094891,92.30693504319251
1119346,119.97664248273394,71.4146681444845,92.56398926145039
804453,114.45777412777936,68.12962745701152,88.30608988560404
845880,120.13044350617655,71.50621637272414,92.68264932717436
190850,118.81000010499503,70.72023815773514,91.66390512598612
