UE ID,Internet usage,Data rate,optimal GU
918745,126.69980923471985,34.691614433316154,66.29797078904912
1073849,118.10126726858455,32.33725175211244,61.79862791282453
340784,110.86091878643036,30.35477538199879,58.00998438548405
1159327,116.84065368819975,31.99208374795946,61.13898901649597
571699,117.40029234674965,32.14531814256241,61.43183008437973
556481,108.19877551594561,29.625855200794632,56.61696968523385
523336,132.24641865356708,36.21032891704813,69.20033466354995
