UE ID,Internet usage
221261,0.5496976793728287
978788,0.47798657820638296
1094361,0.5679630924738386
1078373,0.5534243915555784
856557,0.5420484546939005
1162077,0.5635602538055298
458242,0.5356948884437506
