UE ID,Internet usage
221261,0.8773230090537262
978788,0.8056119078872804
1094361,0.8955884221547362
1078373,0.8810497212364761
856557,0.8696737843747981
1162077,0.8911855834908607
458242,0.8633202181246482
