UE ID,Internet usage,Data rate,optimal GU
1138470,111.8136294606061,103.16138432377348,107.40041341364373
728732,109.47594599742158,101.00459303333537,105.15499689700421
584131,126.49362237023811,116.70542540111254,121.50099591874267
105790,104.91119848502133,96.79307003082324,100.7704171966072
658858,106.20364273706721,97.98550371574653,102.01184945896588
989876,98.16801104625435,90.57167685815132,94.29337927070372
1097214,109.53528030828842,101.05933599871847,105.21198931865669
