UE ID,Internet usage
758597,0.7158764005811277
174347,0.7170009796676297
749966,0.7357870496808158
375450,0.5942034305127403
1110397,0.6109766992321953
24728,0.7244333254600536
1127736,0.7505833969409865
