UE ID,Internet usage
758597,0.9720763832414487
174347,0.9732009623279507
749966,0.9919870323411367
375450,0.8504034131730613
1110397,0.8671766818925164
24728,0.9806333081203745
1127736,1.0067833796013077
