UE ID,Internet usage
1091720,0.7183745313096266
419387,0.7598649336015092
114119,0.7491970406920022
948418,0.7519859718776466
314876,0.6818341685440098
94168,0.7208744191053325
368815,0.7502215634103538
