UE ID,Internet usage
174725,0.773929727400644
972302,0.7883154843262474
68930,0.7716957214440352
418429,0.822611581695903
579609,0.8555621816982448
1021039,0.8036846567187237
154027,0.7828853872274161
