UE ID,Internet usage
1196104,0.910971392048219
226245,1.0085725173214064
421443,0.9559150801150021
692865,0.9192215937893742
538861,0.9953163827566796
707944,0.9245847873185602
962575,1.0255096464057372
