UE ID,Internet usage,Data rate,optimal GU
1196104,106.16476154903837,95.42189877324283,100.65010248289767
226245,122.56175059503846,110.15966868958814,116.19536066283098
421443,113.71530114390856,102.20839567101306,107.80843423946482
692865,107.55079544155639,96.66767923616081,101.96413975186726
538861,120.33471998805219,108.15799237021358,114.08401170339135
707944,108.45181195445481,97.47752145906355,102.818353551614
962575,125.40718828115018,112.7171751812719,118.8929939503466
