UE ID,Internet usage,Data rate,optimal GU
1196104,106.16476154903837,70.14457459490035,86.29531873645482
226245,122.56175059503846,80.97829950029326,99.62350198103492
421443,113.71530114390856,75.13332397008244,92.43272451464779
692865,107.55079544155639,71.06034698817118,87.42194714675952
538861,120.33471998805219,79.50686856353448,97.81327499741428
707944,108.45181195445481,71.65566146990764,88.15433241314064
962575,125.40718828115018,82.85832082861708,101.93639703665384
