UE ID,Internet usage
951829,0.2510153815146881
205108,0.2993855196609668
923364,0.2890979884955393
1122776,0.3384906798454925
1224272,0.27838066121159843
1174319,0.3094464646412246
874741,0.2484854716870348
