UE ID,Internet usage,Data rate,optimal GU
951829,106.70848541150782,82.57204228271438,93.86765986921925
205108,114.83466862004194,88.86016024169912,101.01597425595293
923364,113.10636338431526,87.52278119024395,99.49564560175307
1122776,121.40433553106745,93.94383106570695,106.79507660831095
1224272,111.30585240061765,86.12952864333508,97.91180011883054
1174319,116.52490737677576,90.16808308917172,102.5028171822958
874741,106.2834605604568,82.24315400511537,93.49378062240426
