UE ID,Internet usage
185012,0.38358005015997293
589021,0.3932854287026822
734534,0.31786700862422923
776192,0.30827911489364823
561115,0.3157055126632023
824995,0.2958659695386075
169304,0.3285868969612406
