UE ID,Internet usage,Data rate,optimal GU
185012,121.77721832295246,114.52857437515769,118.0972955062904
589021,123.40772191812715,116.06202418490531,119.67852775609225
734534,110.73742734490048,104.14591381246593,107.39111026559048
776192,109.12666119820278,102.63102660307167,105.82901902851192
561115,110.37429602347905,103.80439745065293,107.03895222187687
824995,107.041252778571,100.66974963698941,103.80662848801343
169304,112.5383685855676,105.83965616976,109.13762979377093
