UE ID,Internet usage,Data rate,optimal GU
144676,102.80606121708934,98.52247533304396,100.64148066452566
695578,124.50440161911953,119.31671821832289,121.88296273445846
658868,113.90835587127556,109.16217437663909,111.51001661992721
902859,106.68780482351745,102.24247962253756,104.44149419958404
940593,128.78578466133888,123.41971030044976,126.07420130113279
284171,120.18457984605325,115.17688901913436,117.65409476401648
527013,129.14025652007814,123.75941249840822,126.42120975856307
