UE ID,Internet usage,Data rate,optimal GU
823915,116.6404810223751,22.911523057966537,51.69536797853803
729394,116.36067730989403,22.85656161444347,51.571358237222796
905108,107.05904880436914,21.02945601514394,47.448852018301025
680275,114.71913811710064,22.534116415859057,50.843823749377464
342003,115.96917502679541,22.779659380263386,51.397843395618715
1227099,119.9590401294167,23.563382882563996,53.166162103299364
720965,120.36346788546453,23.64282404893053,53.34540554851129
