UE ID,Internet usage
129834,0.3815906946768654
755187,0.20412644247308923
1202807,0.369095957447599
1089919,0.3572431590462601
1012641,0.2346975193814964
364291,0.2937932071518019
1113050,0.3361921787331857
