UE ID,Internet usage,Data rate,optimal GU
1154937,116.92241683660156,2.087900300653599,15.624415165576146
755195,105.86958185602523,1.8905282474290221,14.147417963795188
811998,116.57367386051703,2.081672747509233,15.577812425127853
1194929,125.0975142488601,2.2338841830153586,16.716858509153777
1031733,123.89234318209088,2.212363271108766,16.555810751142946
883666,112.29378538933096,2.0052461676666242,15.005888271099924
453390,121.51930956056498,2.1699876707243746,16.23870079474847
