UE ID,Internet usage,Data rate,optimal GU
243981,121.78337731549296,32.620547495221324,63.02888578936246
808724,114.37651184993877,30.63656567409074,59.19546871901655
129435,110.1316849103805,29.499558458137635,56.998562061748224
844856,118.00517207933468,31.608528235536077,61.07347880716264
27224,106.26698973637247,28.46437225081405,54.99839228404356
223888,126.88660898277661,33.98748454895802,65.67005910056575
460659,109.36129994016119,29.293205341114604,56.599849960210726
