UE ID,Internet usage,Data rate,optimal GU
243981,121.78337731549296,98.58654354111334,109.57281702273463
808724,114.37651184993877,92.59050959280756,102.90859788002956
129435,110.1316849103805,89.15422111792707,99.08937676961105
844856,118.00517207933468,95.52799644517569,106.1734319823327
27224,106.26698973637247,86.0256583580158,95.61217366944415
223888,126.88660898277661,102.71773108129534,114.1643752635222
460659,109.36129994016119,88.53057614203524,98.39623413192393
