UE ID,Internet usage
355954,0.34817149252781165
699079,0.3481498286266962
1223131,0.31839169952148044
756863,0.35932494452837216
785338,0.3633321159050242
688833,0.2537589254441336
863299,0.44471578015961444
