UE ID,Internet usage
355954,0.3996137148946891
699079,0.39959205099357364
1223131,0.36983392188880126
756863,0.4107671668956929
785338,0.4147743382719016
688833,0.30520114781101104
863299,0.4961580025273786
