UE ID,Internet usage,Data rate,optimal GU
355954,116.02601204765124,15.88451355414273,42.93037107927258
699079,116.02237251224732,15.884015284414811,42.9290244277529
1223131,111.02300682260436,15.199578314999407,41.07922695191437
756863,117.89979198379673,16.14104295016265,43.623681713327514
785338,118.57299677503256,16.233207891819934,43.87277181812426
688833,100.16470077763492,13.713024511223828,37.06158384261401
863299,132.2454523698237,18.105032169678246,48.931668369771636
