UE ID,Internet usage,Data rate,optimal GU
355954,116.02601204765124,112.57285692718543,114.28639312740663
699079,116.02237251224732,112.56932571128758,114.28280816084064
1223131,111.02300682260436,107.7187506671697,109.35839972422602
756863,117.89979198379673,114.39086960332659,116.13207882009958
785338,118.57299677503256,115.0440385376804,116.79519001446549
688833,100.16470077763492,97.18360849258626,98.6628960914422
863299,132.2454523698237,128.309575811198,130.26264966033844
