UE ID,Internet usage,Data rate,optimal GU
202785,113.09938290977577,24.235582052094806,52.354840984871295
933105,115.61119227219996,24.773826915471417,53.5175827821359
884536,106.70314019129168,22.864958612419645,49.3939559489731
1073456,128.59289442230207,27.555620233350442,59.52694317204844
974812,116.02010837609018,24.861451794876466,53.70687415618702
901350,129.16668361516523,27.678575060392546,59.79255595594093
885970,105.64633797821885,22.63850099533261,48.90475158379964
