UE ID,Internet usage,Data rate,optimal GU
202785,113.09938290977577,49.817585329306,75.06222857602621
933105,115.61119227219996,50.92397754846903,76.72927576630218
884536,106.70314019129168,47.00019270330705,70.81714588317364
1073456,128.59289442230207,56.64210825744258,85.34502121978714
974812,116.02010837609018,51.10409535613496,77.00066676127439
901350,129.16668361516523,56.89484873525135,85.72583581347513
885970,105.64633797821885,46.53469649040593,70.11576337129375
