UE ID,Internet usage,Data rate,optimal GU
1090445,120.34142798275683,94.55397912930894,106.67127481132314
782572,111.51258473964839,87.6170308668666,98.84534171713835
346866,113.3338479916092,89.04802342197866,100.45971904430046
1074034,114.43157652394407,89.91052441167035,101.43275138988392
355282,129.81663122477093,101.99878167660573,115.07014480866812
851709,111.96091853337516,87.96929313336621,99.24274715032537
435372,120.29560529731046,94.51797559074393,106.63065734189655
