UE ID,Internet usage,Data rate,optimal GU
1090445,120.34142798275683,58.02175992025776,83.56088464632543
782572,111.51258473964839,53.76499621375905,77.43044424716727
346866,113.3338479916092,54.643105281668724,78.69506584139911
1074034,114.43157652394407,55.1723672526159,79.45729019589619
355282,129.81663122477093,62.5901614833717,90.14013485449046
851709,111.96091853337516,53.981157150020174,77.74175157539693
435372,120.29560529731046,57.99966683977469,83.52906697391658
