UE ID,Internet usage,Data rate,optimal GU
508520,114.98908985590526,65.70805134623158,86.92358149839582
987373,111.95229845447633,63.97274197398648,84.62798297503575
877284,116.34775559383179,66.48443176790389,87.950636257658
802343,115.59618680776272,66.05496389015012,87.38250365734444
588622,122.18489116926949,69.81993781101114,92.36309600096546
930536,114.07772360224652,65.18727062985515,86.23465336683077
405629,110.97931529657265,63.416751598041515,83.8924768419879
