UE ID,Internet usage,Data rate,optimal GU
508520,114.98908985590526,53.38779171881316,78.35185753485978
987373,111.95229845447633,51.977852853864015,76.28263298889622
877284,116.34775559383179,54.018600811421905,79.27763218416705
802343,115.59618680776272,53.66965816074698,78.76552437874373
588622,122.18489116926949,56.728699471446554,83.25496964802097
930536,114.07772360224652,52.96465738675732,77.73086610899293
405629,110.97931529657265,51.52611067340873,75.61965671986566
