UE ID,Internet usage,Data rate,optimal GU
508520,114.98908985590526,39.014155486825004,66.97911787211578
987373,111.95229845447633,37.983815547054476,65.21024041179132
877284,116.34775559383179,39.47513136219293,67.77051671459225
802343,115.59618680776272,39.22013480977664,67.33274114497773
588622,122.18489116926949,41.455588075287864,71.17054529323991
930536,114.07772360224652,38.7049419364765,66.44826309445843
405629,110.97931529657265,37.65369626133715,64.6434948735626
