UE ID,Internet usage,Data rate,optimal GU
1154282,114.05551343481957,0.6789018656834498,8.79957390231952
986703,107.5779560338783,0.6403449763921327,8.29981949905103
126710,126.93089698744129,0.7555410534966743,9.792931309427695
325653,106.07003160832382,0.6313692357638322,8.18348060387467
955743,118.4626608599049,0.7051348860708625,9.139592708053257
1144389,118.8193056881171,0.7072577719530779,9.167108453923156
461056,106.6298460542183,0.6347014646084423,8.226671226054016
