UE ID,Internet usage,Data rate,optimal GU
843397,126.35881747803799,101.53833547342339,113.27075526856036
292466,118.29434427033468,95.05795521723321,106.04158844576708
1268728,114.93024220955104,92.35465891838923,103.02593517494005
1080150,114.15607570934719,91.73256083786828,102.33195571286609
1162157,119.9008412058783,96.34889025472363,107.48168676939441
1245415,115.0059155425091,92.4154678466591,103.09377037432641
173510,100.14855804625469,80.47651985859751,89.77531632035235
