UE ID,Internet usage,Data rate,optimal GU
843397,126.35881747803799,118.83745929482146,122.54044568463146
292466,118.29434427033468,111.25301425424334,114.71966862445129
1268728,114.93024220955104,108.08915636374444,111.4572246250156
1080150,114.15607570934719,107.36107120283845,110.70645226213259
1162157,119.9008412058783,112.76388637219507,116.27761965946098
1245415,115.0059155425091,108.16032533164548,111.5306112246388
173510,100.14855804625469,94.18733435302525,97.12222053513783
