UE ID,Internet usage,Data rate,optimal GU
843397,126.35881747803799,42.87174164433432,73.60178379225628
292466,118.29434427033468,40.135581091720695,68.90437030518414
1268728,114.93024220955104,38.99418932109768,66.9448401554507
1080150,114.15607570934719,38.73152568709994,66.49390181569365
1162157,119.9008412058783,40.680642551994424,69.8401264516308
1245415,115.0059155425091,39.01986420192273,66.9889185379679
173510,100.14855804625469,33.97897505140784,58.33476969430974
