UE ID,Internet usage,Data rate,optimal GU
484572,118.0726336182753,82.93196885093147,98.95451466900462
377152,113.26916586912516,79.55810459855219,94.92881620459941
454012,117.84026065041637,82.76875450445911,98.75976713477905
175634,122.18167412496496,85.81808063539205,102.39822636268383
762767,111.24120107231896,78.13370075317641,93.2292160001815
607592,125.90183993723265,88.43105424162769,105.51602928754545
1042887,127.03642763731483,89.22796703097113,106.4669064872023
