UE ID,Internet usage
5940,0.7330236500531263
150855,0.8259746355113495
577937,0.7077301910019576
901742,0.8301615145966114
362613,0.828024510217344
321842,0.7657024898826417
180663,0.7201847245001795
