UE ID,Internet usage,Data rate,optimal GU
5940,109.41304736786351,88.57246691684189,98.44279312504774
150855,125.0288129254187,101.21380093962466,112.49285036459383
577937,105.16374624761565,85.13255648616504,94.6195464358283
901742,125.73220861154807,101.78321649506272,113.12572037123823
362613,125.37319187568487,101.49258389936394,112.80270030089706
321842,114.90309245939406,93.01678913379519,103.38238110101948
180663,107.2561078754876,86.82637304206139,96.50211828471261
