UE ID,Internet usage,Data rate,optimal GU
5940,109.41304736786351,47.54257415389308,72.12335209826334
150855,125.0288129254187,54.327996092592656,82.41701802463885
577937,105.16374624761565,45.696151643309186,69.32227993877244
901742,125.73220861154807,54.6336382657322,82.88068534728038
362613,125.37319187568487,54.47763694598212,82.64402718746537
321842,114.90309245939406,49.928129461522424,75.74230307986355
180663,107.2561078754876,46.60533258875354,70.70153166454266
