UE ID,Internet usage,Data rate,optimal GU
96284,115.10670927820583,10.277384756982665,34.39470801391207
1059943,115.7126524609896,10.331486826874073,34.57576817083565
82821,104.8917847747634,9.36533792631816,31.342415511735744
476792,112.84334549529453,10.075298704937012,33.71839872724535
1185100,119.94891464844528,10.709724522182615,35.841593611607784
601279,101.13881588429446,9.030251418240578,30.22100156477814
519853,111.43766617475879,9.949791622746321,33.29837169238184
