UE ID,Internet usage,Data rate,optimal GU
144148,130.00005499674728,72.7381260100848,97.24176253889765
1099670,130.1400050029095,72.81643137067556,97.34644699666102
1114235,119.66681221295364,66.95643064296216,89.51236010854036
752871,113.94051663330215,63.75243192577621,85.22901518997135
289694,110.38591692836287,61.76354875753637,82.57012754229159
1234091,116.49839506918265,65.18362581251887,87.14234213026751
341369,125.43403711970453,70.18333029316801,93.82632070574716
