UE ID,Internet usage,Data rate,optimal GU
114044,113.48770539626032,53.366242418479565,77.82295546748286
419193,120.40822570893899,56.62053470837012,82.56862674724731
450082,112.29154761550967,52.80376346205515,77.00270332317871
133582,121.685791059807,57.22129460550449,83.44470324434668
1276033,99.40550017515213,46.74425305855368,68.16623691828245
1044118,115.33338709602198,54.234152265391295,79.08861155089885
809239,126.14214147404245,59.31684033600806,86.50059690810184
