UE ID,Internet usage,Data rate,optimal GU
114044,113.48770539626032,61.472507089641006,83.52468961066963
419193,120.40822570893899,65.22112225900861,88.61805465001483
450082,112.29154761550967,60.8245882917344,82.64434132083736
133582,121.685791059807,65.91313682406212,89.5583172891792
1276033,99.40550017515213,53.8446459282074,73.16046719538787
1044118,115.33338709602198,62.47225134367857,84.88307456130734
809239,126.14214147404245,68.32699329843966,92.83810238876991
