UE ID,Internet usage,Data rate,optimal GU
114044,113.48770539626032,18.914617566043386,46.3311617166898
419193,120.40822570893899,20.0680376181565,49.1564523034613
450082,112.29154761550967,18.715257935918277,45.84283234757329
133582,121.685791059807,20.2809651766345,49.678016173909036
1276033,99.40550017515213,16.567583362525355,40.58212550921109
1044118,115.33338709602198,19.22223118267033,47.08465811535793
809239,126.14214147404245,21.02369024567374,51.49731361222858
