UE ID,Internet usage
758601,0.8804835012771451
448295,0.8412530945621692
384626,0.7775156875770253
222656,0.8318311927699803
178366,0.7846393230559758
876108,0.840658644263213
43294,0.8656500408678466
