UE ID,Internet usage
327317,0.8252417612950251
411328,0.9391164355841087
274563,0.86020077831557
310589,0.9040020587442591
327044,0.864267959734392
387014,0.8514875950800842
770059,0.8129258461069273
