UE ID,Internet usage
327317,0.6565641648295828
411328,0.7704388391186664
274563,0.6915231818501277
310589,0.7353244622788168
327044,0.6955903632645163
387014,0.682809998614642
770059,0.6442482496370516
