UE ID,Internet usage
318064,0.6469893029779744
838265,0.672184282903706
1135321,0.6695578521139299
407349,0.6923582380176637
431038,0.71966533289434
1194935,0.6871562455602745
1109326,0.6856710422241781
