UE ID,Internet usage
168943,0.24897070826974632
323683,0.329459324679242
146163,0.2839084686222042
974225,0.3372227350591796
53239,0.27938226816466827
749881,0.29245079173805705
1133977,0.21769401474013259
