UE ID,Internet usage
1089905,1.0025262683644762
1120768,1.065379296654309
12167,1.090002093479832
1239726,1.0746805409727527
1159166,0.9811795846296268
1289556,0.950770335692475
690699,1.033995796667045
