UE ID,Internet usage
1089905,0.3554846774845069
1120768,0.4183377057738963
12167,0.4429605026007492
1239726,0.42763895009455677
1159166,0.3341379937496575
1289556,0.30372874481250567
690699,0.386954205790179
