UE ID,Internet usage,Data rate,optimal GU
1089905,109.60100289589398,3.2619346099968447,18.907969341959518
1120768,120.16031164854327,3.57619975144474,20.729623167125904
12167,124.29694151540014,3.699313735577385,21.44325961784212
1239726,121.72292069435974,3.6227059730464206,20.999198838434594
1159166,106.0147600284504,3.1552011913229285,18.28928366939452
1289556,100.90600620705322,3.003154946638489,17.407939903568312
690699,114.88788365124864,3.419282251525257,19.82004292336455
