UE ID,Internet usage
1166467,0.6477246626391522
119743,0.6200222705210847
556382,0.6865132295383647
145593,0.6623306107757837
740231,0.6280395500126187
932307,0.7127841749509971
781990,0.6705461690695423
