UE ID,Internet usage,Data rate,optimal GU
1137007,130.26222890652917,32.56555722663229,65.13111445326459
1254542,120.24693773687494,30.061734434218735,60.12346886843747
960146,116.88181732897996,29.22045433224499,58.44090866448998
31995,111.51541030950293,27.87885257737573,55.75770515475146
879917,109.51151425605515,27.377878564013788,54.755757128027575
951916,110.60319110363402,27.650797775908504,55.30159555181701
64693,112.4991180230056,28.1247795057514,56.2495590115028
