UE ID,Internet usage,Data rate,optimal GU
1137007,130.26222890652917,108.55185742210764,118.91260193834589
1254542,120.24693773687494,100.2057814473958,109.76993378234269
960146,116.88181732897996,97.40151444081664,106.69801318880091
31995,111.51541030950293,92.92950859125244,101.79917622659819
879917,109.51151425605515,91.2595952133793,99.96987777431664
951916,110.60319110363402,92.16932591969501,100.9664378325251
64693,112.4991180230056,93.74926501917133,102.69717440106025
