UE ID,Internet usage
102606,0.4710969518554282
961955,0.39771639927598035
1103738,0.3491897520039596
306566,0.3689823058352223
197243,0.3502673268812861
471777,0.43888289816572806
525158,0.4693056352579649
