UE ID,Internet usage,Data rate,optimal GU
102606,126.90460342644265,121.61691161700755,124.23262831762463
961955,114.57667059284182,109.80264265147342,112.16425998196304
1103738,106.4241938511857,101.98985244071963,104.18343355354041
306566,109.7493428947839,105.17645360750123,107.43857161851595
197243,106.60522643058641,102.16334199597866,104.36065449385961
471777,121.49264240634027,116.43044897274275,118.9346160806646
525158,126.60366223812515,121.32850964486994,123.93802344290562
