UE ID,Internet usage
124088,0.8879735536145505
866856,0.8933144942428118
622158,0.9425751332068725
146452,0.9392652664367264
419134,0.8994828786250252
250759,0.888058730617533
79712,0.9116718680585768
