UE ID,Internet usage
124088,0.37969058323616517
866856,0.38503152386220985
622158,0.43429216282627053
146452,0.43098229605701105
419134,0.39119990824442313
250759,0.3797757602382611
79712,0.40338889767930475
