UE ID,Internet usage,Data rate,optimal GU
853672,111.0023344456985,87.87684810284465,98.7650509195728
827654,120.955549045649,95.75647632780546,107.62098851481713
560599,114.82832013384238,90.90575343929189,102.16924663486147
1271225,112.38900796306035,88.97463130408946,99.99885272414713
322933,105.98451151404323,83.90440494861757,94.3004102448961
975291,119.57176336259572,94.66097932872161,106.38975617965042
106866,110.58943199070612,87.54996699264235,98.39766826770534
