UE ID,Internet usage
60163,0.4190837436379286
592956,0.536620179244101
404225,0.37525431019667355
227377,0.49933575405396957
617838,0.4347983351705264
154075,0.42511976183760397
1101093,0.46268235583100853
