UE ID,Internet usage
60163,0.34898461486818405
592956,0.4665210504730265
404225,0.3051551814273724
227377,0.4292366252868851
617838,0.36469920640122533
154075,0.3550206330683028
1101093,0.39258322706392407
