UE ID,Internet usage,Data rate,optimal GU
60163,111.91738921343158,73.27924293736591,90.56059602877394
592956,131.66351039516923,86.20825085397985,106.53863586728681
404225,104.55404439534855,68.45800525885917,84.60237184058002
227377,125.3997269636953,82.10696408337192,101.47014771780307
617838,114.55744059093995,75.00784800597258,92.69685588949852
154075,112.93144027101695,73.94320493935633,91.38113936724845
1101093,119.24195606223427,78.07509027884386,96.48744210820843
