UE ID,Internet usage,Data rate,optimal GU
60163,111.91738921343158,97.92771556175263,104.68913151472262
592956,131.66351039516923,115.20557159577308,123.15993655966814
404225,104.55404439534855,91.48478884592998,97.80135313223663
227377,125.3997269636953,109.7247610932334,117.30070367328648
617838,114.55744059093995,100.23776051707246,107.15867344925186
154075,112.93144027101695,98.81501023713984,105.6376894222677
1101093,119.24195606223427,104.336711554455,111.54063642840815
