UE ID,Internet usage,Data rate,optimal GU
560413,120.51248422091297,30.845457270828916,60.96935855524163
707535,121.22679482895336,31.028286771696397,61.33074069637808
1234402,126.1661828022172,32.29253488390083,63.829662848155536
954492,108.7222027928945,27.827706667228952,55.004450433902605
37326,110.35796760228041,28.24638456486939,55.832012257229366
472196,120.79083347503162,30.916701425156905,61.11018027663967
866354,119.3635249940454,30.551378421094956,60.38808012984771
