UE ID,Internet usage,Data rate,optimal GU
2624,114.91798224628616,4.7882492602619235,23.457534897801445
534067,123.380950841427,5.1408729517261245,25.185031128409246
272779,123.76474536051933,5.156864390021639,25.26337285656367
197751,120.41608364716325,5.017336818631802,24.57983014665396
900339,128.78591162468413,5.366079651028506,26.28831412830372
836984,109.8627839470503,4.577615997793763,22.42564686599201
828721,124.92374565599395,5.205156068999748,25.499952801200983
