UE ID,Internet usage
107535,0.7196784324798213
1159655,0.737480456401262
644266,0.7698290010328291
354770,0.7617686965195143
199537,0.6805596021925456
217179,0.6892835980446075
733579,0.6898045103402833
