UE ID,Internet usage,Data rate,optimal GU
426638,106.67980608784809,81.91485110316907,93.48080247516613
914005,111.85818701864781,85.89110788931885,98.01848606014217
937918,121.73195543690544,93.47275149619524,106.67061835247688
981137,122.29871328994763,93.90794056192406,107.16725385318126
253973,113.18754549568811,86.91186529133194,99.1833691037855
138661,119.67044551694106,91.88980637907973,104.864169609309
8592,112.38502194226596,86.29564184852565,98.48013811255791
