UE ID,Internet usage,Data rate,optimal GU
426638,106.67980608784809,45.08491804903104,69.3516424820433
914005,111.85818701864781,47.273400466214255,72.71806426437125
937918,121.73195543690544,51.446243071549326,79.13691786380139
981137,122.29871328994763,51.68576573563263,79.5053623655256
253973,113.18754549568811,47.83521267972534,73.58226900199755
138661,119.67044551694106,50.57500971251676,77.79674764616128
8592,112.38502194226596,47.49605093988621,73.0605552062814
