UE ID,Internet usage
334477,0.7025051976968221
849781,0.6534078431325655
581302,0.6611573302367633
1013787,0.6303562081496009
106588,0.6282090499619662
70690,0.718911287530416
241407,0.6721482377642602
