UE ID,Internet usage,Data rate,optimal GU
334477,124.31678351407356,11.839693668007007,38.364992305467425
849781,116.0684279471716,11.054135994968723,35.81949451416454
581302,117.37034178095661,11.178127788662534,36.221273845994574
1013787,112.1957532703776,10.685309835274056,34.624361162279186
106588,111.83503069506779,10.65095530429217,34.51303975872467
70690,127.07300660595551,12.102191105329096,39.21558121810794
241407,119.21681424574938,11.353982309118988,36.79110761985514
