UE ID,Internet usage
423961,0.6931310441201947
1172701,0.7777808249761465
1065112,0.7294096437196784
1036359,0.7168768797791234
269751,0.8535020793893835
1091212,0.6658909464118105
528503,0.7400953709043401
