UE ID,Internet usage,Data rate,optimal GU
423961,106.37170409680796,25.959761118863845,52.548872758220085
1172701,120.59286728047499,29.430402133925444,59.574294612252686
1065112,112.46650882990828,27.44718370253714,55.55977797145618
1036359,110.36100448767738,26.933340380921265,54.51963406560057
269751,133.31403802241564,32.534973564994296,65.85870256011681
1091212,101.79536768173479,24.842917112804322,50.288108751321886
528503,114.26171099659763,27.8852985170268,56.44662895343148
