UE ID,Internet usage,Data rate,optimal GU
423961,106.37170409680796,93.70840599004511,99.83948534200597
1172701,120.59286728047499,106.23657355660893,113.1873359313866
1065112,112.46650882990828,99.07763873110967,105.5600119893836
1036359,110.36100448767738,97.22278966771579,103.58380533086867
269751,133.31403802241564,117.44331921022331,125.1273076617187
1091212,101.79536768173479,89.67687152914732,95.54417883815448
528503,114.26171099659763,100.65912635414553,107.24497193177581
