UE ID,Internet usage,Data rate,optimal GU
423961,106.37170409680796,96.8742305167358,101.51195487789694
1172701,120.59286728047499,109.82564698757542,115.08340310907121
1065112,112.46650882990828,102.42485625580932,107.32830940854357
1036359,110.36100448767738,100.50734337270617,105.31899815797603
269751,133.31403802241564,121.41099891327138,127.22338828007736
1091212,101.79536768173479,92.70649556729417,97.14469518588149
528503,114.26171099659763,104.05977251475855,109.04149509912745
