UE ID,Internet usage
118076,0.7446873212093841
1073210,0.7799498827244946
898653,0.6935330501483332
645825,0.6715071671418097
427043,0.7001439473370723
366681,0.7342938349088255
486440,0.7155540382896669
