UE ID,Internet usage,Data rate,optimal GU
418335,99.47551111796973,26.64522619231332,51.48346816536627
611222,130.97408086884616,35.082343089869504,67.78552678058328
51579,125.83139575318009,33.70483814817324,65.12393436993551
1242468,108.97077384653302,29.188600137464203,56.39773350478275
23301,117.52424670944683,31.4797089400304,60.82457628138244
1097254,120.52265393381523,32.28285373227194,62.3763994501974
807323,101.1022291738602,27.080954242998267,52.32537474421404
