UE ID,Internet usage,Data rate,optimal GU
127107,111.79069153903035,70.53460299486439,88.79815339423929
1060888,126.70316125777336,79.94366126978557,100.64350254935711
1201368,105.74478160320805,66.71992172583364,83.99573531722557
678025,113.77584088480884,71.78713770112938,90.37500736741082
803,116.55466607890226,73.5404440735931,92.58229799638714
615613,123.66240050245038,78.02508603130798,98.22814992679926
1164256,118.38472129243257,74.69512176784436,94.03595680584404
