UE ID,Internet usage,Data rate,optimal GU
127107,111.79069153903035,8.650470178615443,31.09729961596633
1060888,126.70316125777336,9.804411287803891,35.2455657414681
1201368,105.74478160320805,8.182631909772052,29.415482729989098
678025,113.77584088480884,8.804082925610208,31.649517185588934
803,116.55466607890226,9.01911106562934,32.4225149947218
615613,123.66240050245038,9.569114324594375,34.39970418567178
1164256,118.38472129243257,9.160722480962043,32.93158935954979
