UE ID,Internet usage,Data rate,optimal GU
356152,119.96985699903964,40.70405862467416,69.88032693457211
633069,117.4218820076747,39.839567109746774,68.39617641650389
870647,119.60076926895522,40.57883243053838,69.66533983788794
722073,118.18837130652106,40.09962597899822,68.84264292179999
571468,109.28357011993928,37.07835414783654,63.65575319990359
1191204,127.2803981232831,43.1844207918282,74.13858827295863
366120,123.78392432704617,41.998117182390665,72.10195392070497
