UE ID,Internet usage,Data rate,optimal GU
356152,119.96985699903964,64.26956624948552,87.8089441477409
633069,117.4218820076747,62.904579646968585,85.94401741278284
870647,119.60076926895522,64.07184067979743,87.53879959070557
722073,118.18837130652106,63.31519891420771,86.50503013477667
571468,109.28357011993928,58.54476970711033,79.98738303909367
1191204,127.2803981232831,68.18592756604453,93.15971236007275
366120,123.78392432704617,66.31281660377473,90.60055558546505
