UE ID,Internet usage,Data rate,optimal GU
356152,119.96985699903964,12.139806958236154,38.16295199241717
633069,117.4218820076747,11.88197615553851,37.35242966867948
870647,119.60076926895522,12.102458795072849,38.04554352268536
722073,118.18837130652106,11.95953757268368,37.59625336778424
571468,109.28357011993928,11.058456500231951,34.763595992955
1191204,127.2803981232831,12.879564095808409,40.48846805905154
366120,123.78392432704617,12.525754247379671,39.376223992364004
