UE ID,Internet usage,Data rate,optimal GU
364480,125.77606329888397,115.29472469064365,120.42141250922859
1066991,119.87671854050622,109.88699199546404,114.77321991955746
769031,113.9114507465339,104.41882985098941,109.06191082858251
180600,116.50340937174698,106.7947919241014,111.54352227854437
898809,124.72702812082716,114.33310911075823,119.417037792767
281610,116.71463269773653,106.9884133062585,111.74575321663723
1090500,127.48883982563542,116.86476984016582,122.06127118546918
