UE ID,Internet usage,Data rate,optimal GU
364480,125.77606329888397,47.16602373708149,77.021794234566
1066991,119.87671854050622,44.95376945268983,73.409198115869
769031,113.9114507465339,42.716794029950215,69.75623254729649
180600,116.50340937174698,43.68877851440512,71.34347656384095
898809,124.72702812082716,46.77263554531019,76.3793940074488
281610,116.71463269773653,43.7679872616512,71.47282390645294
1090500,127.48883982563542,47.808314934613286,78.07065136805538
