UE ID,Internet usage,Data rate,optimal GU
364480,125.77606329888397,38.18201921573264,69.29923567945892
1066991,119.87671854050622,36.39114669979653,66.04885502639527
769031,113.9114507465339,34.58026183376922,62.76215254976241
180600,116.50340937174698,35.36710641642319,64.19025219709523
898809,124.72702812082716,37.86356210810825,68.72124544718834
281610,116.71463269773653,35.43122778324145,64.30663058154161
1090500,127.48883982563542,38.70196923278218,70.24292958337399
