UE ID,Internet usage
372442,1.0449398730790214
349158,1.0522175469702733
33067,0.9685558750709705
792496,1.0713988726082109
193852,1.0203461240739153
1274912,1.0757049911379664
1245392,1.029778117633004
