UE ID,Internet usage,Data rate,optimal GU
41762,107.92536741489624,25.05410314988663,51.99974315034858
325290,123.5819601155858,28.688669312546704,59.54327826675633
780554,118.89297881616692,27.600155796610178,57.28407054713623
204873,115.41579257818292,26.79295184850675,55.60872029731036
272749,121.7068723013304,28.253381069951704,58.6398383521087
72307,126.35408335136553,29.332197920852714,60.87892066200069
1159550,102.58957959976134,23.81543812137317,49.42889625366728
