UE ID,Internet usage
899767,1.0494902579727086
41455,0.9622298399015904
933308,0.9762715586727707
427623,0.9580253766001201
284824,1.04233018515949
835884,1.0144552992521088
720949,1.0144567548015078
