UE ID,Internet usage,Data rate,optimal GU
1171470,111.39008125742855,39.782171877653056,66.56830595748072
1211369,134.37289547830605,47.990319813680735,80.3031644973858
1023736,119.60227108062854,42.7150968145102,71.47602806846741
696652,131.4895732335388,46.96056186912101,78.58004987894776
729655,125.63685869112692,44.870306675402475,75.08238394726868
563904,100.73893413137985,35.97819076120709,60.20302807383911
1178940,112.22472799290436,40.080259997465845,67.06710278594484
