UE ID,Internet usage
461303,1.0277323051268985
1077060,1.0450986986462476
957487,0.9521484960215335
1127328,0.9341051289781331
821588,0.8833343431307312
117779,0.9973139684004494
416533,0.9460991955057675
