UE ID,Internet usage
461776,1.0676673911594403
742590,1.0436591702438656
1069392,1.0065493812155213
300493,1.0055258333648482
1250381,1.0468390552627629
1079203,1.0350064784855102
1185354,1.0310596445858016
