UE ID,Internet usage
1135837,0.6006846826428995
35236,0.632452590525546
26398,0.5945444153216538
146349,0.6642698379913863
633688,0.6895254995974097
678134,0.67361641292537
729037,0.6548079206053342
