UE ID,Internet usage,Data rate,optimal GU
1135837,111.39954701318725,57.6890511318291,80.16566698847056
35236,116.73655553733362,60.45285911754776,84.00630063135871
26398,110.36798210326639,57.154847874905805,79.42332923878548
146349,122.08185311224291,63.220959647411505,87.85289926513711
633688,126.3248042615982,65.41820220689907,90.9062241484717
678134,123.65207770086046,64.03411166651702,88.98286886414563
729037,120.49225099116974,62.397772834712896,86.7089851496961
