UE ID,Internet usage
780223,0.8753078969303514
150207,0.813072743889464
300624,0.8726973046657671
156927,0.8933066456469282
686869,0.8257121810310737
1063722,0.8157163054172759
528698,0.8400587493621872
