UE ID,Internet usage
780223,0.7379058471592814
150207,0.675670694118394
300624,0.7352952548946969
156927,0.7559045958758582
686869,0.6883101312600036
1063722,0.678314255646206
528698,0.7026566995911171
