UE ID,Internet usage
338453,0.9633224094834024
1166864,1.074130554845706
595011,1.019092767640426
1111146,1.0750129650744036
293709,1.008009996290862
1158359,1.1026157621142032
690651,0.9605685024086162
