UE ID,Internet usage,Data rate,optimal GU
338453,109.52552651817334,91.92320975632406,100.33911474495817
1166864,128.14129493890553,107.54715825229572,117.39349268783417
595011,118.89494668824955,99.78683025620944,108.92267837095004
1111146,128.28953985733162,107.67157809454619,117.52930362025496
293709,117.03304110186284,98.22415949620631,107.2169394056529
1158359,132.926809760428,111.56357247750208,121.77762427847999
690651,109.06287012975463,91.5349088589012,99.91526348470121
