UE ID,Internet usage,Data rate,optimal GU
494804,129.46521187279112,45.4669494077064,76.7228012932152
378946,127.34437762298937,44.72213261759746,75.46596679405056
988865,110.89784643137499,38.94626749673288,65.71953432525167
358096,122.51675842646333,43.026718733103195,72.60505564288887
1229073,105.87931359028923,37.18380655849443,62.745485216766674
73217,132.27751010081093,46.45460176159431,78.38940651483745
78862,117.28309552983995,41.18870616821761,69.50351761082005
