UE ID,Internet usage
211233,0.42059413182285493
902326,0.4103866088737617
503266,0.37458225064591033
1063638,0.39348046919832785
1022275,0.4314828244986308
316582,0.3596846611792169
887242,0.35382803956442305
