UE ID,Internet usage
211233,0.8532506780438812
902326,0.8430431550925712
503266,0.8072387968664931
1063638,0.8261370154153639
1022275,0.8641393707196571
316582,0.7923412073966963
887242,0.7864845857823458
