UE ID,Internet usage
905012,0.6405546793864616
401559,0.6454026226110164
112533,0.617367760607231
475287,0.562491392004593
903797,0.6538366753964923
1147967,0.5820038326665565
732726,0.687281045931264
