UE ID,Internet usage,Data rate,optimal GU
905012,115.7853619024595,7.581184410280086,29.627524037515585
401559,116.59981636380215,7.63451178572514,29.835929217016762
112533,111.88995954720737,7.326128303686197,28.630756181720027
475287,102.67072962230422,6.722488249079443,26.271710515502274
903797,118.01673723185655,7.72728636637156,30.198495403171663
1147967,105.9488196534556,6.937125096357212,27.110518544421296
732726,123.63539148180631,8.095174442261127,31.636214395569954
