UE ID,Internet usage
240153,0.7782971886444837
998773,0.8261403044510618
250848,0.76012891034549
358360,0.6947781349787545
345667,0.7929421714068953
35130,0.8367412281628083
830649,0.7129586878855019
