UE ID,Internet usage
240153,1.0478134712498992
998773,1.0956565870564774
250848,1.0296451929509056
358360,0.9642944175797366
345667,1.0624584540123108
35130,1.1062575107682238
830649,0.9824749704909174
