UE ID,Internet usage,Data rate,optimal GU
240153,115.74907839772703,82.6779131412336,97.82582608874364
998773,123.7867218533408,88.41908703810057,104.61887465324642
250848,112.69680764355816,80.4977197453987,95.2461864742744
358360,101.71787738154272,72.65562670110195,85.96729685096437
345667,118.2094355019846,84.43531107284615,99.90520736355845
35130,125.56767703692037,89.69119788351456,106.1240565041295
830649,104.77221027057098,74.83729305040785,88.54867928748385
