UE ID,Internet usage,Data rate,optimal GU
1290284,105.83208049970548,105.2021276395882,105.51663395452486
164245,123.9691920369982,123.23128017963512,123.59968542659935
539495,102.50050080911953,101.89037878049382,102.19498447884564
76144,114.54351814955503,113.86171149390292,114.20210600965845
455504,118.89619699075456,118.18848153247627,118.54181111457449
1058244,113.73956395709753,113.0625427430672,113.4005481092449
721036,130.71589807381568,129.93782725194774,130.32628201172113
