UE ID,Internet usage
719843,0.30001253150554796
175241,0.3735134003568268
550623,0.3290748024983689
354247,0.3483983590810953
103874,0.38864352202188424
68514,0.2749338925607975
665306,0.42242361088112196
