UE ID,Internet usage
719843,0.5831872761290834
175241,0.6566881449843522
550623,0.612249547122791
354247,0.6315731037072907
103874,0.671818266645863
68514,0.5581086371843329
665306,0.7055983555051007
