UE ID,Internet usage,Data rate,optimal GU
719843,102.95248475933306,31.253432873368965,56.724056374455074
175241,115.30063072632213,35.00197718477636,63.527553440007836
550623,107.83494628605825,32.73560869398197,59.414161654920015
354247,111.08130379201039,33.72111007971744,61.20281752475875
103874,117.84249116598801,35.773613389674935,64.928050331488
68514,98.739273416568,29.97442228717243,54.40268998603643
665306,123.51754609438339,37.49639792150924,68.0548533070446
