UE ID,Internet usage
336503,0.7360029931616324
317467,0.8274097569744919
560823,0.8514835948640284
733172,0.7412006722340944
223854,0.8779677216885448
826764,0.785879025662736
1220557,0.7927136777183684
