UE ID,Internet usage
336503,0.9401165471174695
317467,1.031523310930329
560823,1.0555971488198652
733172,0.9453142261899314
223854,1.0820812756443818
826764,0.9899925796230065
1220557,0.9968272316742056
