UE ID,Internet usage
1171259,0.5679755615408498
289495,0.560516257125882
570421,0.5701628140468252
1002055,0.5947002154207998
98226,0.5469105406287565
927061,0.581333097830138
923661,0.5630543715984583
