UE ID,Internet usage,Data rate,optimal GU
1171259,116.11398023426118,49.76313438611193,76.01444338087258
289495,114.86081709276556,49.22606446832809,75.19405553029654
570421,116.48143865590477,49.92061656681633,76.25500138543411
1002055,120.60372208665133,51.68730946570771,78.95366936507102
98226,112.57505672103166,48.246452880442135,73.6976741125821
927061,118.35804633136915,50.724876999158205,77.48352948865563
923661,115.28722032410155,49.40880871032923,75.47320197089239
