UE ID,Internet usage,Data rate,optimal GU
361237,113.81823237340406,80.62124793116121,95.79231666090307
808165,131.22455286707307,92.95072494751008,110.44191830961333
633873,107.62870838603614,76.23700177344226,90.58305598785866
585585,120.97467472124096,85.69039459421234,101.81536039699326
627062,122.56260145623615,86.8151760315006,103.15179988881334
69182,116.9922946073764,82.86954201355827,98.46368809479242
1149525,115.1746230963463,81.58202469324529,96.93388956129503
