UE ID,Internet usage
1259600,0.5699206367300297
324092,0.6159920638085643
1153425,0.5960061799197833
1170884,0.5973638909927756
653631,0.6613058597444768
364494,0.5370264752885391
774411,0.6164051926029821
