UE ID,Internet usage
511109,0.5156402437978901
311876,0.5473010668750882
401797,0.5355204351211919
1095979,0.5261702729188762
1294471,0.5801125872685566
143848,0.6077582464324923
582632,0.5648052195849629
