UE ID,Internet usage
475038,1.0418622369561805
861390,1.0274258812237176
708331,0.996169428427175
1223203,0.9810552863361075
948038,0.9930667555264177
1066674,1.0623793791206104
1278178,0.9927309572715802
