UE ID,Internet usage
605296,0.7729945852806565
788759,0.7345061151056606
551758,0.764787214656204
348950,0.7468237152644707
295742,0.7839663496947792
880452,0.6182724961481217
1169875,0.6858592607501808
