UE ID,Internet usage,Data rate,optimal GU
605296,131.7543918670337,123.12761620907315,127.36798732673745
788759,125.28832887702735,117.08492639103152,121.11719433764182
551758,130.37555360186533,121.83905902079081,126.03505373572047
348950,127.35768570376382,119.01878961601739,123.11765755065002
295742,133.59764828790708,124.85018322143698,129.14987753264924
880452,105.76108089231911,98.83624821484584,102.24005302494538
1169875,117.11565734581883,109.44737025769975,113.21660970238301
