UE ID,Internet usage
368826,0.3608808876654473
1040064,0.43587155946597594
829821,0.4483137614843599
81541,0.3977090105854179
218590,0.39656745091284695
1203170,0.4034664076040257
1123491,0.3704974799430222
