UE ID,Internet usage
267823,1.0344469994863532
78015,0.9924360166082846
485765,0.9967444972447749
276773,1.0685688439556753
791568,0.9902284364774894
1024820,1.0374745931317293
1123317,1.1291397025985566
