UE ID,Internet usage,Data rate,optimal GU
267823,119.22581260196884,4.967742191748702,24.336867086959337
78015,112.16796747782594,4.673665311576081,22.896190483814312
485765,112.89179222543066,4.703824676059611,23.043940591716844
276773,124.95828247285486,5.206595103035619,25.507002599421746
791568,111.79709401631126,4.658212250679636,22.82048625549342
1024820,119.73444833411541,4.988935347254809,24.44069192101817
1123317,135.1341867248518,5.630591113535491,27.584150356822597
