UE ID,Internet usage,Data rate,optimal GU
224038,114.42632663384538,51.764290620072906,76.9623130269729
631933,114.62491644120236,51.85412886625821,77.09588308350963
534513,127.19394252430385,57.540116856232686,85.54971838792567
498083,125.1226406441983,56.60309933904208,84.15657584495
1289785,124.84661124382302,56.47822889601517,83.9709204827508
1222172,119.30459159849116,53.971124770745995,80.24339847542015
549117,118.33365261870294,53.53189047036561,79.59035199660006
