UE ID,Internet usage,Data rate,optimal GU
497487,127.2752318081067,110.60823716656893,118.64943752610505
913147,120.07439707751284,104.35036888879092,111.93662327021315
434831,112.53480505899454,97.79810439650716,104.9080102442141
1288699,105.15826850675296,91.38754286896389,98.03140196481381
542519,125.51909953772484,109.08207459826087,117.01232319410052
781405,119.07473333407887,103.4816134927114,111.00470950200639
757464,110.40798979832104,95.94980065806472,102.92533513283571
