UE ID,Internet usage,Data rate,optimal GU
476500,122.40981037311498,1.4572596472989878,13.356005281904523
1131460,115.62683615140153,1.3765099541833516,12.615922119810808
610342,114.9682707378118,1.368669889735855,12.544066742242835
668877,120.99088109868661,1.4403676321272216,13.2011874055746
1172673,127.34584081258826,1.5160219144355747,13.894570356225772
586477,112.30719535428204,1.33699042088431,12.253719614266435
1095228,122.8845998123495,1.4629119025279702,13.407809056772567
