UE ID,Internet usage,Data rate,optimal GU
476500,122.40981037311498,103.46543495822814,112.53970087666205
1131460,115.62683615140153,97.73220674701797,106.30364930825445
610342,114.9682707378118,97.1755621712457,105.69818513485858
668877,120.99088109868661,102.26610188103274,111.23518226314103
1172673,127.34584081258826,107.63755592492579,117.07773085549475
586477,112.30719535428204,94.92631988278602,103.25167674831783
1095228,122.8845998123495,103.8667450794859,112.9762072425161
