UE ID,Internet usage,Data rate,optimal GU
476500,122.40981037311498,5.829038589195951,26.712010563809045
1131460,115.62683615140153,5.506039816733407,25.231844239621616
610342,114.9682707378118,5.47467955894342,25.08813348448567
668877,120.99088109868661,5.7614705285088865,26.4023748111492
1172673,127.34584081258826,6.064087657742299,27.789140712451545
586477,112.30719535428204,5.34796168353724,24.50743922853287
1095228,122.8845998123495,5.851647610111881,26.815618113545135
