UE ID,Internet usage
18882,0.6892150787855142
880584,0.6323637576113817
1148779,0.6735307342705271
584056,0.6360814721321026
1027574,0.6230967439123128
578915,0.683012776265615
227812,0.6492772466798674
