UE ID,Internet usage
1035534,0.6189877847694399
361080,0.6691156734286817
550530,0.651759620919427
826689,0.6284414214239843
969310,0.605853654112193
584962,0.6926872447534523
1280488,0.7219577869054067
