UE ID,Internet usage
1035534,0.3311719728381925
361080,0.381299861494331
550530,0.3639438089864062
826689,0.3406256094900768
969310,0.31803784218050235
584962,0.40487143282131827
1280488,0.43414197497460255
