UE ID,Internet usage,Data rate,optimal GU
1035534,112.16212360674581,79.4481708881116,94.3984934386256
361080,120.58360890102043,85.4133896382228,101.48622946511476
550530,117.6677920796133,83.34801938972609,99.0322039328514
826689,113.75033456423442,80.57315364966604,95.73517213931866
969310,109.95558965628172,77.88520933986621,92.54141839451094
584962,124.54363288394109,88.21840662612493,104.81908627940972
1280488,129.46108396564318,91.70160114233059,108.95773806972674
