UE ID,Internet usage
968868,0.6848602920584248
1019472,0.7613357533455655
771055,0.6694652899817619
929507,0.7799980276348131
1250687,0.725991088353971
613629,0.6624001354400452
1281786,0.7852227363090883
