UE ID,Internet usage
814234,0.615941015961399
184356,0.7285171783087737
145195,0.603004375527138
632409,0.7396547330810503
160357,0.7214941970154386
955820,0.6759730901009933
1079183,0.6504030616923426
