UE ID,Internet usage
814234,1.0278507590246213
184356,1.1404269213719962
145195,1.0149141185947939
632409,1.1515644761487063
160357,1.1334039400830944
955820,1.0878828331642156
1079183,1.0623128047599986
