UE ID,Internet usage,Data rate,optimal GU
814234,109.53234346726227,28.03506410173975,55.41431466975364
184356,128.4451387417338,32.87583908270568,64.98262623370223
145195,107.35898787476533,27.478788563183986,54.31477633359186
632409,130.31624794382924,33.35475393800392,65.92925287222913
160357,127.26527788485885,32.573850887196016,64.38571413705805
955820,119.61773192282143,30.616443289769773,60.516687829605694
1079183,115.32196715056939,29.516932068300502,58.34338583221014
