UE ID,Internet usage
773751,1.0504424131097738
970740,1.0639014073617261
133290,1.0068923296586059
1088829,1.1111670658340063
175780,1.1004141837084571
553131,1.129637307997709
1096614,1.0080445858277076
