UE ID,Internet usage
773751,0.4378349431737986
970740,0.4512939374266376
133290,0.39428485972307403
1088829,0.49855959589891785
175780,0.48780671377336843
553131,0.5170298380626205
1096614,0.3954371158948359
