UE ID,Internet usage
300324,1.029958440449026
876068,1.0900208054950054
1041225,1.0035367845942027
362599,1.0961549390325205
268957,0.9688158084793219
1219713,0.9866006076961051
1284750,1.0202511060501613
