UE ID,Internet usage,Data rate,optimal GU
300324,112.74943322312136,14.764806731599224,40.80102438219829
876068,122.83991055062289,16.086178762581568,44.4525000455188
1041225,108.31059503963559,14.183530302809421,39.194726773636155
362599,123.8704449853732,16.221129700465536,44.82542307845091
268957,102.4774710520324,13.419668828242337,37.08387417563146
1219713,105.4653173205176,13.810934411020162,38.165096359777436
1284750,111.11860104417416,14.551245374832328,40.21086954421501
