UE ID,Internet usage
1062372,0.4961832455752192
884316,0.612342611425531
364591,0.5167785693743135
362739,0.5760328696649747
415083,0.5660677962565736
1289431,0.6173515954000629
739731,0.6125132836988159
