UE ID,Internet usage,Data rate,optimal GU
1062372,103.44095988312661,35.711759959650855,60.778768738286324
884316,122.95573334609382,42.44900317900858,72.2450573789354
364591,106.90097428166393,36.90628874009826,62.81176819224967
362739,116.85569673055396,40.34303815697696,68.66086099125809
415083,115.18156439770632,39.76506389920814,67.67719164006104
1289431,123.7972426539162,42.73952424956631,72.73950270957656
739731,122.98440628772015,42.458902170760524,72.26190472925119
