UE ID,Internet usage
930524,0.7732310196740798
146404,0.7674895281281687
933717,0.6045531803628876
929294,0.6445375320821547
380932,0.7215112959347227
751520,0.748754818310834
220317,0.7284488102120268
