UE ID,Internet usage,Data rate,optimal GU
286630,120.77155208435104,115.73940408083642,118.22870830792532
582843,114.5341674119134,109.76191043641701,112.1226517050682
1282636,101.74066491382561,97.50147054241621,99.59851626937626
983547,104.0011951660182,99.66781203410078,101.81145108055642
503051,110.15956617773692,105.56958425366454,107.84015765450148
669325,127.4499621379474,122.13954704886626,124.76650450711541
635130,116.87882801893896,112.00887685148318,114.41794550733296
