UE ID,Internet usage
576886,1.0990235407327806
799599,1.0189006662735176
1223250,1.1106134343872502
78595,1.0478220452530287
212517,0.9741816466535227
1039077,1.0658676411474552
490083,0.9400265133014561
