UE ID,Internet usage
576886,1.0305506344451365
799599,0.9504277599858734
1223250,1.0421405281040395
78595,0.9793491389698178
212517,0.9057087403703119
1039077,0.9973947348642446
490083,0.8715536070182454
