UE ID,Internet usage
375426,1.037270788808408
467865,1.0841104815019187
327943,1.0907120941056836
114835,1.0886941164459065
1288906,0.993920965673673
432315,1.0609823623484174
73321,1.0883675238121604
