UE ID,Internet usage
536038,0.3682951272771403
804805,0.3339567305811229
104561,0.32678737799719576
741080,0.36547373730975463
498846,0.3759241262124357
214587,0.425779183895663
1049609,0.4076901064714743
