UE ID,Internet usage,Data rate,optimal GU
536038,125.28918204510013,108.13649640797333,116.39730746103145
804805,119.52033140021794,103.15742888709286,111.03787681228309
104561,118.31588016613902,102.11787276244141,109.91890645645111
741080,124.81518853063521,107.72739486275061,115.9569536496557
498846,126.57085386629929,109.24270125365116,117.58801799645944
214587,134.94650355702746,116.4716846176725,125.36924105438192
1049609,131.90753854980275,113.84876839119879,122.54595385164546
