UE ID,Internet usage
815795,0.5883167935032922
475116,0.5624148761660414
382078,0.5578512882327037
684085,0.6255530789258879
826637,0.586628656237694
337705,0.6210182390419319
174261,0.584654755143608
