UE ID,Internet usage,Data rate,optimal GU
815795,116.8516397745896,52.16591061365607,78.07478591415016
475116,112.50011766192345,50.22326681335868,75.16730290404882
382078,111.73343488918428,49.880997718385835,74.65504142906099
684085,123.1073357256438,54.95863202037669,82.25454858641332
826637,116.56803271401608,52.03930031875718,77.88529297609013
337705,122.34548262530845,54.61851902915555,81.74551407203718
174261,116.23641733005314,51.89125773663086,77.66372312770213
