UE ID,Internet usage,Data rate,optimal GU
815795,116.8516397745896,27.821818993949904,57.017761890088856
475116,112.50011766192345,26.785742300457965,54.89443651649483
382078,111.73343488918428,26.603198783139113,54.52033362957256
684085,123.1073357256438,29.311270410867568,60.07022895757767
826637,116.56803271401608,27.754293503337163,56.879375814537646
337705,122.34548262530845,29.12987681554963,59.698482709481006
174261,116.23641733005314,27.67533745953646,56.71756407583751
