UE ID,Internet usage,Data rate,optimal GU
167627,114.72453517525284,10.926146207166937,35.404760200770724
476971,113.72524866865862,10.830976063681774,35.096373689691916
1217062,105.37765201321825,10.03596685840174,32.52024943355831
379561,112.23281012202322,10.688839059240307,34.63579715497512
852926,119.10717973240344,11.343540926895566,36.75727367449365
381786,119.93975292164451,11.422833611585192,37.014211338870695
11017,126.91932790013685,12.087555038108272,39.16815493985663
