UE ID,Internet usage
1181155,0.4004313455030824
750837,0.44628219054525425
560490,0.4130488272032105
602019,0.4024244464837612
471019,0.37077363488221
65726,0.37840047317219266
1135659,0.4035515527013611
