UE ID,Internet usage,Data rate,optimal GU
1181155,116.16337398983771,94.72846569409384,104.89984836932098
750837,123.86631595727904,101.01003146516207,111.85589154049268
560490,118.28311091553066,96.45706068706964,106.81404967435103
602019,116.49821495460063,95.00152052845408,105.20222221767821
471019,111.1808786055449,90.66535933904554,100.4004696722208
65726,112.46218743831562,91.7102361848169,101.55753921708164
1135659,116.6875687991353,95.15593408024723,105.3732157838738
