UE ID,Internet usage,Data rate,optimal GU
246741,124.81880734650571,105.50161097145126,114.75445636048984
431152,120.22441641530327,101.61825673198253,110.53051892008406
1148910,114.0246020444567,96.3779374423384,104.83060604006914
1236580,115.12734761544439,97.31002000829228,105.84443537551002
1249471,122.08558198493844,103.19138477298368,112.2416155703464
1088275,130.26970795371125,110.10891981801784,119.76584165692567
643795,117.31901623937249,99.16250182137436,107.85938606129103
