UE ID,Internet usage
971624,0.8417343719363106
489911,0.8173872035961586
1251113,0.8274149384301197
770604,0.8517547968808853
692438,0.8941243059172079
119799,0.8490976586281852
134670,0.8560897433948271
