UE ID,Internet usage,Data rate,optimal GU
971624,111.93335539177572,97.27541599523367,104.34732248350848
489911,107.84303111074371,93.72072941767013,100.53421078573896
1251113,109.52769056234641,95.18477870299152,102.10469620946274
770604,113.61678678264514,98.73839803729875,105.91666307556956
692438,120.73486430022727,104.9243463561499,112.55232880353833
119799,113.17038755629571,98.35045585249509,105.50051755875523
134670,114.34505779659366,99.37130022799212,106.59557714976931
