UE ID,Internet usage,Data rate,optimal GU
721294,110.1241703641741,7.866012168869579,29.431922536104572
1233374,115.29837842996236,8.235598459283025,30.81478780968042
329147,112.29369359879355,8.02097811419954,30.011752010146825
1010668,125.15940045917165,8.939957175655119,33.45025680373268
200733,117.02186352949852,8.358704537821323,31.275408577800015
403207,117.30924753556496,8.379231966826069,31.3522151841671
183776,108.67022041513316,7.76215860108094,29.043338067045383
