UE ID,Internet usage,Data rate,optimal GU
1044745,132.7759120217334,7.112995286878575,30.731652028838184
806869,115.17784553930744,6.170241725320041,26.658491112197282
246431,112.6195474277085,6.033190040770098,26.066360158965168
362311,109.59366166445606,5.871089017738718,25.36600369415649
213179,105.03890781546669,5.627084347257144,24.3117830284288
990155,122.28648766215058,6.551061839043781,28.303822052051782
310634,114.23997432263936,6.119998624427108,26.441416106349923
