UE ID,Internet usage
263838,0.7097221164014557
153468,0.6911589061937199
735977,0.5516478846962108
1278159,0.6222841265883335
161145,0.6938002630504516
524230,0.6288737281652628
527300,0.5740805476564323
