UE ID,Internet usage,Data rate,optimal GU
876357,130.89724571400464,122.32659272082577,126.53937752626612
174539,117.64536886567501,109.94239828518438,113.72868591625189
397425,105.34478867297452,98.44721322414881,101.83762012410354
756164,111.18768102211264,103.90753524090289,107.48598924585212
802847,112.33852187564395,104.9830234195006,108.59851597965236
756772,130.96028227298993,122.38550188606797,126.6003154542713
242059,126.0332034458861,117.7810294107388,121.8372703313298
