UE ID,Internet usage
921100,0.8017829650653533
480171,0.799653199809008
8174,0.8204133726995695
284463,0.7938388392560553
1255859,0.8028176559164958
964636,0.8745839015999405
970016,0.8799726146857774
