UE ID,Internet usage
921100,0.930084611534391
480171,0.9279548462780457
8174,0.9487150191686072
284463,0.9221404857250931
1255859,0.9311193023855335
964636,1.0028855480689784
970016,1.0082742611548152
