UE ID,Internet usage
502578,1.0234025840482441
148921,1.0297907647112348
941202,0.9834807827014629
157767,1.0256911910715814
831418,1.0008120534837934
62009,1.077074617116524
435129,1.064241011258093
