UE ID,Internet usage
599319,0.8298725223995287
20859,0.840920737361029
569462,0.7772887843118095
688762,0.7752314800536264
151893,0.8147539585039193
1172333,0.8724960484450139
557229,0.8724416618190275
