UE ID,Internet usage
599319,1.035540161574377
20859,1.0465883765403103
569462,0.9829564234866576
688762,0.9808991192329081
151893,1.0204215976787674
1172333,1.078163687619862
557229,1.0781093009938756
