UE ID,Internet usage,Data rate,optimal GU
599319,120.81265304548263,69.75492467507033,91.8002043188524
20859,122.66875315906773,70.82660152636649,93.21057289671327
569462,111.97858504651083,64.6543020804259,85.08758584033146
688762,111.6329579315306,64.45474356760992,84.8249590460885
151893,118.27273431095318,68.28842397715749,89.87023214370859
1172333,127.9734054208359,73.88940670131596,97.24134408826596
557229,127.96426846789856,73.88413119872715,97.23440132088726
