UE ID,Internet usage,Data rate,optimal GU
599319,120.81265304548263,53.934220109590456,80.72134922917633
20859,122.66875315906773,54.76283623172666,81.96150828285268
569462,111.97858504651083,49.99043975290662,74.81883926781629
688762,111.6329579315306,49.83614193371901,74.58790743784573
151893,118.27273431095318,52.80032781738981,79.02429464080888
1172333,127.9734054208359,57.13098456287317,85.50582816133696
557229,127.96426846789856,57.12690556602614,85.49972327786364
