UE ID,Internet usage
1162548,1.0386261821577676
1199315,1.0061449242878426
16023,0.9537674034860948
634760,0.9978831056432176
908225,1.0370610418577058
1227737,1.0740704766089062
891483,1.0231730460068365
