UE ID,Internet usage
1162548,1.0323151730514342
1199315,0.9998339151770759
16023,0.9474563943797614
634760,0.9915720965368843
908225,1.0307500327513723
1227737,1.0677594674981394
891483,1.016862036900503
