UE ID,Internet usage,Data rate,optimal GU
1162548,120.27085497323093,49.39695829257698,77.07797614705035
1199315,114.81400365074268,47.15575149941217,73.5808441430718
16023,106.01458015639125,43.54170256423212,67.9415580969522
634760,113.42601811878968,46.58568601307433,72.6913259322955
908225,120.00791140258208,49.28896361177478,76.90946351553208
1227737,126.22549644068044,51.84261460956518,80.8941268935838
891483,117.67472809982222,48.33069189814127,75.4141964618735
