UE ID,Internet usage,Data rate,optimal GU
1162548,120.27085497323093,13.6020609791154,40.44665008818693
1199315,114.81400365074268,12.984917079548278,38.611530881018524
16023,106.01458015639125,11.989744184353771,35.6523168375745
634760,113.42601811878968,12.827942525339308,38.14475640643061
908225,120.00791140258208,13.572323313387258,40.35822312392082
1227737,126.22549644068044,14.275502573648382,42.44917430644533
891483,117.67472809982222,13.308451392241798,39.573582084665446
