UE ID,Internet usage,Data rate,optimal GU
322143,129.4244764036755,81.6606815404143,102.80511150295695
863857,111.66753452398987,70.45689678299361,88.70032668467535
256452,125.411667485905,79.12879019944006,99.61763661648531
706474,106.52836053657443,67.21432271950529,84.61815173994954
594316,115.44351944856338,72.83936346159355,91.69968632661428
946081,127.70057605356395,80.57298250998677,101.43577416710065
1225940,105.6213273152802,66.64202794892678,83.89767247634255
