UE ID,Internet usage,Data rate,optimal GU
322143,129.4244764036755,0.770383788117116,9.985315138088424
863857,111.66753452398987,0.6646877054999397,8.615337329529595
256452,125.411667485905,0.7464980207494345,9.67572020870355
706474,106.52836053657443,0.6340973841462764,8.218841448381474
594316,115.44351944856338,0.6871638062414487,8.90666089116362
946081,127.70057605356395,0.7601224765093092,9.852313338576906
1225940,105.6213273152802,0.6286983768766679,8.148862316095169
