UE ID,Internet usage,Data rate,optimal GU
322143,129.4244764036755,16.948443338576553,46.835279490493406
863857,111.66753452398987,14.623129520998672,40.40951398662071
256452,125.411667485905,16.422956456487558,45.383150554545175
706474,106.52836053657443,13.95014245121808,38.54978345697848
594316,115.44351944856338,15.117603737311871,41.77594261131683
946081,127.70057605356395,16.7226944832048,46.2114457539797
1225940,105.6213273152802,13.831364291286691,38.22155223204403
