UE ID,Internet usage
885936,0.2984087961537446
444739,0.26045506220844805
756431,0.2981542486864881
450726,0.2941852811802382
565604,0.2770693050679079
300361,0.3520197065059909
152147,0.33018886388826724
