UE ID,Internet usage,Data rate,optimal GU
1071672,124.18863194131212,83.5316393414778,101.85126417297536
792764,122.39483218742569,82.32509545939942,100.38010880431936
1184640,124.04283830429534,83.43357576419865,101.73169391918955
712194,122.27220192438836,82.24261200866597,100.2795356107752
69843,127.2393252206176,85.58359374958208,104.35324009656955
692237,121.43293694868667,81.67810640000948,99.59122624287981
718782,122.69634291502392,82.52789731784347,100.62738786913832
