UE ID,Internet usage,Data rate,optimal GU
1071672,124.18863194131212,123.44941389404242,123.8184712611892
792764,122.39483218742569,121.66629151964341,122.03001816525787
1184640,124.04283830429534,123.3044880762936,123.67311218143416
712194,122.27220192438836,121.54439119864796,121.90775341797557
69843,127.2393252206176,126.4819482847806,126.86007154477147
692237,121.43293694868667,120.71012184780164,121.07098998278813
718782,122.69634291502392,121.96600754052973,122.33063020016381
