UE ID,Internet usage
530883,0.4927769457269013
1275322,0.3973028622319479
786329,0.3803079383068184
267841,0.4229529375093788
1019992,0.4633153844357414
1181825,0.3749488648285075
1197101,0.4026680200838173
