UE ID,Internet usage,Data rate,optimal GU
530883,129.02214981849778,5.375922909104074,26.336536047687066
1275322,112.98250379141125,4.707604324642135,23.06245701258528
786329,110.12735657192347,4.588639857163478,22.479652526896015
267841,117.29171643801877,4.887154851584115,23.942071360696673
1019992,124.07260752128461,5.169691980053526,25.32621495697914
1181825,109.22703222765143,4.55112634281881,22.295874589689983
1197101,113.88385031048144,4.745160429603393,23.24644360034826
