UE ID,Internet usage,Data rate,optimal GU
530883,129.02214981849778,86.78275553268006,105.81539437151625
1275322,112.98250379141125,75.99418409779446,92.66074245846656
786329,110.12735657192347,74.07375769421043,90.3191404200271
267841,117.29171643801877,78.89264260414357,96.1948723444819
1019992,124.07260752128461,83.45359910657834,101.75610865294094
1181825,109.22703222765143,73.46818239121792,89.5807542151356
1197101,113.88385031048144,76.6004469350262,93.39996698320884
