UE ID,Internet usage
627164,0.3018672680451415
980217,0.4293479412849516
562249,0.3466596961230485
656723,0.3590081699049911
1171165,0.37349577623306723
632625,0.35368937925416727
905598,0.3360723006876296
