UE ID,Internet usage
627164,0.3716680014225245
980217,0.4991486746632212
562249,0.4164604295004314
656723,0.42880890328237403
1171165,0.44329650961045014
632625,0.42349011263155023
905598,0.4058730340650125
