UE ID,Internet usage
627164,0.9680127621445502
980217,1.0954934353848036
562249,1.0128051902229005
656723,1.0251536640052863
1171165,1.039641270330259
632625,1.0198348733513591
905598,1.0022177947874817
