UE ID,Internet usage
569709,1.0076383214734517
263467,1.0314579424148445
739894,1.0108380540605628
556994,1.0188174976247493
85029,1.0502788568119306
1054228,1.1155013312351356
1158812,0.9666343237727136
