UE ID,Internet usage
569709,0.6261027031872306
263467,0.6499223241286233
739894,0.6293024357743415
556994,0.637281879338528
85029,0.6687432385257094
1054228,0.7339657129489144
1158812,0.5850987054864925
