UE ID,Internet usage,Data rate,optimal GU
569709,115.66977446464155,88.12935197306022,100.96485659098857
263467,119.67147078308052,91.17826345377564,104.45782350288815
739894,116.20732953948192,88.53891774436718,101.43407312825785
556994,117.54787605821822,89.56028652054722,102.6041980605852
85029,122.8333844018886,93.58734049667703,107.21776797890713
1054228,133.79076010505707,101.93581722290062,116.78214961278132
1158812,108.78110285131355,82.88084026766747,94.95193104703255
