UE ID,Internet usage
199612,0.33424946224054386
938856,0.3262440173309582
994779,0.35246750046852554
267719,0.2939995495253243
464354,0.3557746054592422
628155,0.3821569968755
583095,0.34907749593534676
