UE ID,Internet usage
384107,0.6702895054602213
61019,0.7323338119332995
345142,0.6516000659238308
145630,0.7146835439684904
775712,0.7217376844783165
157962,0.6819507969134466
904293,0.6596159429784985
