UE ID,Internet usage
384107,0.3349995221278046
61019,0.3970438286026563
345142,0.3163100825918575
145630,0.37939356063563046
775712,0.38644770114456994
157962,0.34666081358236006
904293,0.32432595964785527
