UE ID,Internet usage,Data rate,optimal GU
456202,131.43005246614348,64.93270449220184,92.38024008508896
710384,118.31557124281059,58.45352626876952,83.1622651906867
1152926,118.92275210396188,58.7535025275526,83.58904363804885
974750,122.55743852323093,60.54921069897719,86.14381096672037
530746,116.02423914586518,57.321499101826255,81.55172174754979
487944,111.37837530649249,55.026221133564746,78.28621276516206
13759,105.00661096860456,51.87826613329869,73.80759384768635
