UE ID,Internet usage,Data rate,optimal GU
846001,120.94142886457223,48.95248311185066,76.94402675982107
265997,119.03924060778563,48.18254976981799,75.73383745160396
720546,121.05274157221933,48.99753825542211,77.01484490738486
1299566,111.77127378503299,45.2407536748943,71.10989147255006
1194438,113.01291846550943,45.743324140801434,71.89983700583585
160727,102.55777546651305,41.51148054596957,65.24818082610481
679705,120.14492298025677,48.63008787296107,76.43728253947825
