UE ID,Internet usage,Data rate,optimal GU
846001,120.94142886457223,100.7845240538102,110.4039145433877
265997,119.03924060778563,99.1993671731547,108.66746218194862
720546,121.05274157221933,100.87728464351612,110.50552867824653
1299566,111.77127378503299,93.14272815419416,102.03274655524733
1194438,113.01291846550943,94.1774320545912,103.16620788841941
160727,102.55777546651305,85.46481288876087,93.62201178426518
679705,120.14492298025677,100.12076915021397,109.67680747667907
