UE ID,Internet usage
343387,0.6462322369340786
937764,0.666312909097226
1150562,0.7048510904702396
702220,0.63142626567857
920066,0.6149507395966776
821834,0.7025256371860344
1130735,0.7006362678929293
