UE ID,Internet usage
1186340,0.3430914474893106
295581,0.4164148262939064
48043,0.474857122925361
793925,0.41416321126992134
1263473,0.3842289979353819
254755,0.3179813946255447
1000051,0.3943338355789649
