UE ID,Internet usage
695196,0.300649023177305
682943,0.3018208449296335
1115852,0.3076610204513204
389056,0.3093625770070386
636688,0.25550710449040837
1096982,0.34225020390502625
742469,0.28217061245150754
