UE ID,Internet usage,Data rate,optimal GU
695196,115.04693721084658,77.38276133824799,94.3538535772829
682943,115.2438032652023,77.51517719623726,94.51531003425033
1115852,116.22495275288074,78.17511703021144,95.3199836513165
389056,116.51081425427641,78.36739292103115,95.55442826062095
636688,107.4630948714563,72.28172452663429,88.13409000085137
1096982,122.03593557310418,82.08369476048078,100.08576564822982
742469,111.9425642088771,75.294700926209,91.80785311192257
