UE ID,Internet usage
481496,0.45623214528948436
1190904,0.37982219391819766
1278782,0.40924558231358155
1043872,0.4674842611610867
449077,0.44794409591228407
756454,0.3233065702149902
1152890,0.287044285820358
