UE ID,Internet usage
1044586,0.6279364302394983
97326,0.5849131956464504
1063046,0.6083346683206772
1010056,0.6112745097988252
1028197,0.5923986537320535
483031,0.6458098137567988
1213668,0.6188035435785432
