UE ID,Internet usage
1044586,0.6770656912311176
97326,0.6340424566380697
1063046,0.6574639293122965
1010056,0.6604037707904445
1028197,0.6415279147236728
483031,0.6949390747484181
1213668,0.6679328045701625
