UE ID,Internet usage
766995,0.5303795105360479
289311,0.568137422334143
1248010,0.6527410282448904
893197,0.5803109928669777
836029,0.610343490825136
606029,0.6796270227877227
569787,0.6550160239093574
