UE ID,Internet usage
766995,0.25818321382153153
289311,0.2959411256187399
1248010,0.3805447315286007
893197,0.3081146961529047
836029,0.3381471941097328
606029,0.40743072606965947
569787,0.38281972719528434
