UE ID,Internet usage,Data rate,optimal GU
766995,104.34193354065876,31.05414688710082,56.92319150096671
289311,110.68526272255386,32.942042476950554,60.3837612788306
1248010,124.89866851539445,37.17222277243882,68.13780984178486
893197,112.730422572298,33.55072100366012,61.49948744784691
836029,117.77588222904419,35.05234590150125,64.25201135176182
606029,129.41551559829588,38.51652249949282,70.60195194415823
569787,125.28086778742086,37.28597255578002,68.3463166387632
