UE ID,Internet usage,Data rate,optimal GU
801058,115.05697297354098,95.88081081128415,105.03216582645108
383079,123.46339396135758,102.88616163446466,112.70614316463777
1284530,119.87651366139671,99.8970947178306,109.431784412372
1242082,119.95048915876386,99.95874096563655,109.49931449338973
1087373,114.10146859908697,95.0845571659058,104.1599136603122
1277877,109.41037840753692,91.1753153396141,99.87755379830688
338825,125.49351233104022,104.57792694253352,114.55937920710575
