UE ID,Internet usage,Data rate,optimal GU
1015825,123.99569155163921,69.37854170151242,92.75041917491949
1077313,119.02958571850796,66.59988724726041,89.03570625283291
145001,109.68995984212503,61.374144197379486,82.04954242623994
946102,115.87737742846764,64.83615165640451,86.67781271178082
327378,118.44716425928884,66.27400857364971,88.60004728917815
260601,110.5612493924818,61.86165144579339,82.70127854712493
708007,108.24423039216812,60.56522414799883,80.96811765398336
