UE ID,Internet usage
522761,0.7812957375285122
315050,0.8150903929608884
233052,0.9445175102572299
1280948,0.8723345826174388
240319,0.834773489594402
557735,0.7988667595686259
79645,0.8567226110348922
