UE ID,Internet usage,Data rate,optimal GU
522761,101.77966481116185,84.81638734263488,92.91169718731355
315050,107.45716692368705,89.54763910307256,98.09452381616904
233052,129.20092262940156,107.6674355245013,117.94376629100486
1280948,117.07419078603769,97.56182565503141,106.87362532529386
240319,110.76392715855407,92.3032726321284,101.11316910433194
557735,104.73159651379719,87.27633042816433,95.60642982356023
79645,114.45137956016936,95.37614963347447,104.47933720448408
