UE ID,Internet usage
317147,0.4551609461647054
9691,0.45761261623981536
110488,0.4875428448327549
15670,0.47952548074687756
223489,0.46803078858937125
771888,0.4597645698906289
969964,0.4872880625597799
