UE ID,Internet usage
317147,1.0327418397382968
9691,1.0351935098178402
110488,1.0651237384063463
15670,1.0571063743249023
223489,1.0456116821629626
771888,1.0373454634686536
969964,1.0648689561378046
