UE ID,Internet usage,Data rate,optimal GU
317147,117.26380735245242,106.7938245531263,111.90643622611438
9691,117.67568792559403,107.16893007509455,112.29949942380257
110488,122.70396632891969,111.74825504955186,117.09805346339341
15670,121.35704916284037,110.52159834472961,115.812672207652
223489,119.42594087980119,108.76291044410465,113.96978947340718
771888,118.03721613898568,107.4981789837191,112.64451068404807
969964,122.66116290711886,111.70927336184039,117.05720557946263
