UE ID,Internet usage
436905,0.8967550248169072
406479,0.9117480628367457
158308,0.8959902031994281
1052994,0.9875675273413782
197521,0.798692808394472
950809,0.8470521703435001
696866,0.919191399092928
