UE ID,Internet usage
436905,0.5253073237472318
406479,0.540300361762637
158308,0.5245425021253193
1052994,0.6161198262717028
197521,0.4272451073208065
950809,0.47560446926939137
696866,0.5477436980232527
