UE ID,Internet usage,Data rate,optimal GU
875566,112.77138302091271,75.85218024620914,92.48759523047705
1281793,113.51866408524481,76.35481572400394,93.10046550616153
1235583,117.92344894242532,79.31755791960751,96.71297736896895
739571,120.5339019634529,81.07339834446535,98.85389748459971
178992,117.92794530344936,79.32058225767724,96.716664985519
118190,122.04977520616586,82.09300356129013,100.09711599568908
639329,117.25492331965421,78.86789485191026,96.1646970735274
