UE ID,Internet usage,Data rate,optimal GU
875566,112.77138302091271,59.741982671793046,82.08036312242717
1281793,113.51866408524481,60.13786371182612,82.62426973660357
1235583,117.92344894242532,62.47135092783247,85.83028114542435
739571,120.5339019634529,63.85426949254351,87.73029270988523
178992,117.92794530344936,62.47373292861306,85.83355381031234
118190,122.04977520616586,64.65732138898072,88.83361717817144
639329,117.25492331965421,62.1171915205311,85.34369647825285
