UE ID,Internet usage
161082,0.6376623533198517
1235568,0.5940468484135704
1110421,0.6820195678142219
1056070,0.6873436235205979
1282171,0.6902128955958947
1092287,0.7117482851265491
534374,0.6573613973060476
