UE ID,Internet usage,Data rate,optimal GU
313756,128.43069106738733,100.90982869580434,113.841640162525
24590,116.46476660183008,91.50803090143792,103.23498177037192
1114425,115.88714418865044,91.05418471965392,102.72297422478842
745805,112.3745935773407,88.29432352505341,99.60943088540417
819435,124.99654129070865,98.21156815698536,110.79759173537964
1075610,129.1503378960415,101.47526548974689,114.47953889709432
752800,113.39059406111167,89.09260961944489,100.51001905881606
