UE ID,Internet usage
1262500,0.3549724520578657
1243522,0.3861967700418255
564023,0.4157786381172688
118665,0.3054821565462783
774078,0.3423954192536611
431278,0.26073060859904523
740930,0.3451604764361539
