UE ID,Internet usage
1017170,0.8865179663409014
762255,0.9700809588477118
675570,0.9659217362827854
103367,1.0076013188542534
823915,0.9296693797851563
81323,0.9601745829808018
1169145,1.0473242306401522
