UE ID,Internet usage
383182,0.26945570275355285
1115437,0.3522092670562358
626160,0.27658945178662503
223237,0.24742879200179005
1061042,0.27170960253814996
1259232,0.3413737610258647
813846,0.30147587885581856
