UE ID,Internet usage,Data rate,optimal GU
383182,112.81664391572566,49.693045534307736,74.87457928517486
1115437,126.71924271856395,55.81680929270079,84.1015089313952
626160,114.01511375329821,50.22094296276231,75.66998430485661
223237,109.11612290939007,48.063054138659915,72.41860343029742
1061042,113.19529907955345,49.859834118374735,75.12588658436152
1259232,124.89887770545629,55.014981846450986,82.89336215649465
813846,118.19603350089344,52.06253856586973,78.44479302333008
