UE ID,Internet usage
189105,0.7486312014449007
362505,0.8039705104749756
936449,0.7288082017232869
456423,0.79535476277903
892573,0.7604462525494335
1945,0.7878690725810191
1204076,0.6804041649122918
