UE ID,Internet usage
9439,0.38953637347001546
580664,0.3496502219538143
1287684,0.2940910300952479
883876,0.30784234707337105
354241,0.38269619489399054
103449,0.32805147502835186
1046510,0.3180578495500509
