UE ID,Internet usage,Data rate,optimal GU
461672,117.57792448210054,83.28436317482121,98.95656907911149
1014044,132.59585877997898,93.92206663581844,111.59604421289653
1060042,121.47498679319622,86.04478231184731,102.23643575044612
954773,117.13469812082008,82.97041116891421,98.58353851039779
970817,111.43046117655113,78.92991000005705,93.78270774471183
1050243,124.550380925396,88.22318648882217,104.82476560257624
864449,119.65975500641157,84.75899312954152,100.70869055087084
