UE ID,Internet usage,Data rate,optimal GU
1145479,125.7195182045221,47.8931497921989,77.59577125831184
409311,113.77310642438907,43.342135780719644,70.22228582750733
530273,111.11309868082989,42.32879949745901,68.5804934044822
600638,111.78519571673488,42.584836463518045,68.99532070104112
821334,115.2990940911424,43.923464415673294,71.16414586343083
616582,130.99606800956929,49.90326400364544,80.85252850295424
646255,121.68233611968624,46.355175664642374,75.10396837792337
