UE ID,Internet usage,Data rate,optimal GU
1145479,125.7195182045221,35.91986234414917,67.19990913594444
409311,113.77310642438907,32.50660183553973,60.81428343843331
530273,111.11309868082989,31.746599623094255,59.39244949235272
600638,111.78519571673488,31.938627347638537,59.751700469355974
821334,115.2990940911424,32.94259831175497,61.62995815635237
616582,130.99606800956929,37.42744800273408,70.0203436437638
646255,121.68233611968624,34.766381748481784,65.0419445403048
