UE ID,Internet usage,Data rate,optimal GU
1145479,125.7195182045221,23.198244430596343,54.00437123979234
409311,113.77310642438907,20.99384701878608,48.87264256335739
530273,111.11309868082989,20.50301225658171,47.73000339534692
600638,111.78519571673488,20.627030162016556,48.01871097516065
821334,115.2990940911424,21.275428076341754,49.52814940620597
616582,130.99606800956929,24.171893501765762,56.270978355430906
646255,121.68233611968624,22.45328821256115,52.27014983021433
