UE ID,Internet usage
53015,0.3682427679077549
171859,0.35950663705587144
674142,0.40002835739406895
176449,0.4099733350014414
179701,0.4203769181243441
37790,0.4097383865734303
39060,0.3325646554956104
