UE ID,Internet usage
53015,0.6002965936544332
171859,0.5915604628034363
674142,0.6320821831425205
176449,0.6420271607459029
179701,0.652430743871909
37790,0.6417922123196652
39060,0.5646184812405153
