UE ID,Internet usage
53015,0.6140605493927791
171859,0.6053244185417823
674142,0.6458461388808665
176449,0.6557911164886824
179701,0.6661946996102549
37790,0.6555561680580111
39060,0.5783824369832946
