UE ID,Internet usage
1211615,0.8835308467019723
513286,0.9841778315525039
440629,0.9476494037980732
857896,0.9362682703538926
1222865,0.9295623593620281
999503,1.0126469231264177
586517,0.929363764974711
