UE ID,Internet usage
1211615,0.8095090008317661
513286,0.9101559856867313
440629,0.873627557927867
857896,0.8622464244836866
1222865,0.8555405134962556
999503,0.938625077260645
586517,0.8553419191089383
