UE ID,Internet usage
901953,0.6639992329718091
44133,0.7187356621410593
1106897,0.6570165617454197
1129669,0.6618349950128894
94726,0.5903942819248224
421330,0.6496391199340638
1261542,0.6432869037220302
