UE ID,Internet usage,Data rate,optimal GU
1211177,124.40826332560289,99.97092588664518,111.52223667327554
1028265,115.66670236063811,92.9464572540842,103.68611385660053
1025659,107.6511413265688,86.50538142313565,96.50079295576133
894695,112.37320204781803,90.29989450271091,100.73374950754979
736159,106.7601763911609,85.78942745718287,95.70211287022636
256858,117.91958000142982,94.75680535829181,105.70564171380354
908200,114.42821141490941,91.95124131555221,102.57590399854813
