UE ID,Internet usage,Data rate,optimal GU
1211177,124.40826332560289,23.696812062019596,54.296217501673695
1028265,115.66670236063811,22.031752830597735,50.48108751938585
1025659,107.6511413265688,20.50497930029882,46.98280988356099
894695,112.37320204781803,21.404419437679625,49.0436861398755
736159,106.7601763911609,20.335271693554457,46.593960906603066
256858,117.91958000142982,22.46087238122473,51.46432393085267
908200,114.42821141490941,21.79584979331608,49.940565756879266
