UE ID,Internet usage
1074257,0.3892262099590797
875969,0.26863647226622195
395953,0.3014496390143109
764517,0.30381831447286534
243514,0.316610103674163
1180081,0.2950803089826669
33256,0.3652719105176449
