UE ID,Internet usage,Data rate,optimal GU
1074257,133.93011546677852,53.412605573060475,84.57869963401829
875969,113.67103953446315,45.3330931476728,71.78481610625337
395953,119.18365154806405,47.53157531976363,75.26610598696647
764517,119.58158902511715,47.69027657549315,75.51740894618136
243514,121.73060961094758,48.54732645198504,76.87454483755869
1180081,118.11360410277267,47.104830207653386,74.59035639058912
33256,129.90579316063926,51.80766751049303,82.0372850584006
