UE ID,Internet usage
470905,0.8806290905628366
74858,0.994931889863511
521436,0.9898065515012952
824799,0.9208181818426421
777185,0.9935201776870372
1011776,0.889076082665175
134981,0.9550856203635969
