UE ID,Internet usage,Data rate,optimal GU
470905,106.54300118408,18.391351394870952,44.26589853872355
74858,125.74587146630645,21.706132574540995,52.24420117820579
521436,124.88481462168252,21.55749776207615,51.886454029199335
824799,113.29476851863068,19.556835041906485,47.071085594341675
777185,125.50870382095191,21.665192921473842,52.14566407291257
1011776,107.96209585714392,18.63631416581651,44.855496167066654
134981,119.05169819025123,20.55059075903146,49.46294298437548
