UE ID,Internet usage,Data rate,optimal GU
967406,123.67016566018741,27.973013661232862,58.81689581658789
920616,108.04567445433041,24.43890255514616,51.38596802138134
140693,130.9070227515201,29.609921812843826,62.2587078923477
1004801,121.38521552648102,27.456179702418325,57.73018526483214
960571,109.31244264663158,24.725433455785712,51.988436469552354
874949,102.27651056040071,23.133972626757302,48.64218329459076
850488,113.51851835656758,25.67680772350933,53.988824481546644
