UE ID,Internet usage,Data rate,optimal GU
124271,116.20250883725727,8.991860802883004,32.324553893447614
462336,105.35370048476355,8.152369680368608,29.3066940057493
1088598,118.93546023612468,9.20333918493822,33.08479079078161
1189451,119.83810963001545,9.273187054703577,33.33588467224482
471642,131.08000129042188,10.143095337949312,36.46309024187703
761870,126.19914314062495,9.765409885881693,35.10536084439609
670253,108.71467155703374,8.412444822865705,30.24162984876169
