UE ID,Internet usage,Data rate,optimal GU
124271,116.20250883725727,101.67719523260011,108.69749388814697
462336,105.35370048476355,92.18448792416811,98.54936291069623
1088598,118.93546023612468,104.0685277066091,111.25393583546358
1189451,119.83810963001545,104.85834592626352,112.09828702854318
471642,131.08000129042188,114.69500112911915,122.6141137716612
761870,126.19914314062495,110.42425024804685,118.04848903416534
670253,108.71467155703374,95.12533761240452,101.69326347051955
