UE ID,Internet usage,Data rate,optimal GU
124271,116.20250883725727,15.216995204878927,42.05060070642802
462336,105.35370048476355,13.796317920623798,38.124705192328705
1088598,118.93546023612468,15.574881697587756,43.03958320924814
1189451,119.83810963001545,15.693085784882975,43.3662280435138
471642,131.08000129042188,17.165238264221912,47.43436996339898
761870,126.19914314062495,16.526078268415173,45.66811707251458
670253,108.71467155703374,14.236445084849656,39.34095132986972
