UE ID,Internet usage,Data rate,optimal GU
1079473,101.76471665749125,62.39146318881904,79.68217851725984
1149003,110.42706394934535,67.70230706418198,86.4648309527905
377608,119.19430522013334,73.07746093853413,93.3296157916661
890762,126.21634465333473,77.3826398767469,98.82790063979084
538144,106.04304663421767,65.01448692455013,83.03212793154108
62454,109.01281253553053,66.83523625690265,85.3574664621767
98657,119.5505593103509,73.29587862479848,93.60856416342605
