UE ID,Internet usage,Data rate,optimal GU
1079473,101.76471665749125,93.28432360270031,97.43229834102509
1149003,110.42706394934535,101.22480862023325,105.72586445504591
377608,119.19430522013334,109.26144645178891,114.11985890793846
890762,126.21634465333473,115.69831593222351,120.84294981301942
538144,106.04304663421767,97.20612608136621,101.52848743666952
62454,109.01281253553053,99.92841149090299,104.37182181427687
98657,119.5505593103509,109.58801270115501,114.46094623116184
