UE ID,Internet usage
847422,0.5951201741100661
793994,0.5724036435318721
1071229,0.557270078010301
118381,0.5379622765935774
6868,0.6713113841941399
189948,0.6247623988335056
721763,0.5491280512514434
