UE ID,Internet usage,Data rate,optimal GU
847422,123.54927034811742,52.94968729205032,80.8819833466873
793994,119.73289321096622,51.314097090414094,78.38357804504527
1071229,117.19045420352273,50.22448037293831,76.71916101627124
118381,113.94674356505028,48.83431867073583,74.59565394008074
6868,136.34939364228572,58.43545441812245,89.26163104672926
189948,128.52916410169556,55.08392747215524,84.14208907220296
721763,115.8225937076281,49.638254446126325,75.82368612161738
