UE ID,Internet usage,Data rate,optimal GU
618821,132.06632394153968,77.03868896589815,100.86732103611072
646146,110.44181913812267,64.42439449723823,84.35133268151162
1287314,126.323730483363,73.68884278196175,96.48134283486857
328509,126.51477480005136,73.80028530002996,96.62725534192116
355009,104.41727334011989,60.91007611506994,79.75000982366564
558847,122.53397514669041,71.47815216890274,93.58686938559107
461051,116.4018637339872,67.9010871781592,88.90339193248856
