UE ID,Internet usage,Data rate,optimal GU
618821,132.06632394153968,128.9218876572173,130.48463426201894
646146,110.44181913812267,107.81225201578641,109.11911490660646
1287314,126.323730483363,123.31602261471149,124.8108168592014
328509,126.51477480005136,123.50251825719299,124.99957313746316
355009,104.41727334011989,101.93114778440275,103.16672196050497
558847,122.53397514669041,119.61649954795968,121.06644945129842
461051,116.4018637339872,113.63039078793989,115.00777914792326
