UE ID,Internet usage,Data rate,optimal GU
618821,132.06632394153968,58.958180331044495,88.24052437856109
646146,110.44181913812267,49.30438354380476,73.79204435480506
1287314,126.323730483363,56.394522537215614,84.40359272998494
328509,126.51477480005136,56.47981017859435,84.53123958333104
355009,104.41727334011989,46.61485416969638,69.7667253749738
558847,122.53397514669041,54.70266747620107,81.87145593542655
461051,116.4018637339872,51.965117738387136,77.77426665616552
