UE ID,Internet usage
422609,0.6025620752727116
720452,0.6072183054902603
360756,0.6871800424664621
407394,0.6527000299228712
40134,0.5922825160505961
769363,0.5744776321833128
547935,0.6207695860261522
