UE ID,Internet usage
516608,0.8557038493017203
927603,0.8604167342233008
1249423,0.8337088613544232
700763,0.8787156356184576
135399,0.8968890286720728
955163,0.8716204179867663
173351,0.755985092804634
