UE ID,Internet usage,Data rate,optimal GU
516608,117.20922349369079,69.7673949367207,90.42887915766006
927603,118.0009881607996,70.23868342904738,91.03973886024262
1249423,113.51406551889782,67.56789614220109,87.5780028869116
700763,121.075203595354,72.0685735686631,93.41154756052718
135399,124.12833362819602,73.8859128739262,95.76708852021416
955163,119.88320703300782,71.3590518053618,92.49190224696062
173351,100.45647240253003,59.79551928722026,77.50385108542409
