UE ID,Internet usage,Data rate,optimal GU
689457,127.84065223598792,41.0916382187104,72.47883712729659
46723,117.79690026178505,37.86328936985948,66.78456499434913
597197,119.43587736963926,38.39010344024119,67.71377767261558
1115844,120.88495180893663,38.8558773671582,68.53532565781585
455894,127.5569697179783,41.00045455220731,72.31800425716443
478046,111.39595202761686,35.80584172316256,63.15556845521904
465404,127.3210414541674,40.924620467410946,72.18424550431553
