UE ID,Internet usage,Data rate,optimal GU
345460,122.46362505919939,121.7346749100375,122.09860599075797
280334,118.11912833945074,117.41603828981115,117.7670586193952
362445,104.56054454601954,103.93816035229324,104.24888798230549
67100,116.1845950248845,115.49302005449829,115.83829143781752
308535,128.1037329001979,127.34121068055389,127.72190274267567
810638,110.84215079389061,110.18237608678413,110.51177107005613
459600,124.66910839089618,123.9270303647599,124.29751558702263
