UE ID,Internet usage
300471,0.3631908359871257
517075,0.34511373167416326
88825,0.2696679001493684
878054,0.33644872598438624
547651,0.3709847177975379
1031311,0.40456460798900795
722387,0.35742654125854156
