UE ID,Internet usage,Data rate,optimal GU
300471,120.26681136687333,18.612720806778015,47.31271057858607
517075,117.22985784232263,18.14271609464517,46.1179794510652
88825,104.55495814612036,16.181124474994817,41.131700575593115
878054,115.77413688640023,17.917425946704796,45.54530188950053
547651,121.57618351104918,18.81536173385285,47.82781482549319
1031311,127.2176050632033,19.688438878829082,50.04713819588384
722387,119.29840985248222,18.462849143836536,46.93174346011409
