UE ID,Internet usage,Data rate,optimal GU
1241165,124.02907361580621,84.90085396320067,102.61663737545987
256291,110.35567843358672,75.54108940394329,91.30382341821392
1013744,108.71762770643046,74.41980467999704,89.94856652101349
30650,118.45536700217937,81.08551907887278,98.00517803182693
467439,110.43740675688386,75.59703438715265,91.3714421262361
187087,120.17841519119452,82.26498658921054,99.43075839002834
155733,112.5943053798403,77.07348284929544,93.15597278017903
