UE ID,Internet usage
873567,0.39173294078678406
142654,0.3107791960810407
1143035,0.3955079714177374
1075144,0.3926989123755672
230796,0.33898609226851883
524996,0.3374975440713739
1195816,0.36741810305958583
