UE ID,Internet usage,Data rate,optimal GU
873567,123.81754123616261,12.529155958421216,39.38691768260283
142654,110.21731212558797,11.152942298422591,35.060623531590466
1143035,124.45174638216191,12.593331479147336,39.58866119672829
1075144,123.97982446308842,12.545577475431566,39.43854070819661
230796,114.95607068509314,11.632459533610614,36.56804397814063
524996,114.70599458800606,11.607154214262518,36.488493645029365
1195816,119.73264849800748,12.11580371706028,38.087494899581294
