UE ID,Internet usage,Data rate,optimal GU
873567,123.81754123616261,67.80484401027952,91.62657403425251
142654,110.21731212558797,60.35709949734579,81.56222945882567
1143035,124.45174638216191,68.15214682832676,92.09589400444942
1075144,123.97982446308842,67.89371339645318,91.74666571074667
230796,114.95607068509314,62.95213394659863,85.0689717802128
524996,114.70599458800606,62.81518751247952,84.88391224991378
1195816,119.73264849800748,65.56787893938505,88.60370083585278
