UE ID,Internet usage
960365,0.7020866956387123
1125217,0.7159227156050951
383894,0.7322328981701564
567064,0.7222146227624837
1115866,0.8567677555526302
385514,0.6705573744617205
249629,0.6695877607741174
