UE ID,Internet usage
960365,0.5663445711790636
1125217,0.5801805911410128
383894,0.5964907737060742
567064,0.586472498302835
1115866,0.7210256310885481
385514,0.5348152500020718
249629,0.5338456363144687
