UE ID,Internet usage
126133,0.47331718261120065
453525,0.47512037707289284
358599,0.41672384821302244
1220032,0.5282117910816513
683192,0.5702076418312115
181876,0.62250676626938
1280446,0.5073098953337334
