UE ID,Internet usage,Data rate,optimal GU
126133,110.7232008562298,92.26933404685816,101.0759912468873
453525,111.02613752574571,92.52178127145476,101.35253332586956
358599,101.21552067713009,84.34626723094175,92.3967064074912
1220032,119.9454950791573,99.95457923263109,109.49475554329892
683192,127.00079800463607,105.83399833719673,115.93533648049377
181876,135.78705091057645,113.15587575881372,123.95605133470856
1280446,116.43397659333553,97.02831382777961,106.28919240033065
