UE ID,Internet usage
1245409,1.0080334145862673
638862,0.9932979488034995
758555,1.001795123027589
959664,1.0577624239140364
611706,1.045971692843103
368523,0.9826096016724811
1054379,1.0234560236263466
