UE ID,Internet usage,Data rate,optimal GU
1245409,115.7396901422294,75.0930132470417,93.22683135803197
638862,113.26413189020087,73.48684747638032,91.23280103537223
758555,114.69165715984393,74.4130394668035,92.3826542742119
959664,124.09416370929638,80.51347526376968,99.95625233164066
611706,122.11332088878994,79.22828557665538,98.36070892429967
368523,111.46848957272171,72.32181763944443,89.78643425051857
1054379,118.33068846037042,76.77407763202605,95.31384716874861
