UE ID,Internet usage,Data rate,optimal GU
1245409,115.7396901422294,17.912094902964075,45.53175061281159
638862,113.26413189020087,17.528972792531086,44.55787120445706
758555,114.69165715984393,17.749899322356796,45.11945664235654
959664,124.09416370929638,19.205049145486345,48.81838293824433
611706,122.11332088878994,18.898490137550823,48.039123539885445
368523,111.46848957272171,17.25107576720693,43.851469294370716
1054379,118.33068846037042,18.31308273791447,46.55104390031597
