UE ID,Internet usage
732090,0.724260845050842
1257220,0.6634815859397611
802747,0.6565037965442673
635885,0.6847827678398711
196092,0.6178557394706883
316091,0.6460859937657227
18972,0.6652922026340432
