UE ID,Internet usage
241456,0.9930853823043999
1022657,1.0088752334599682
136288,0.9872260687669007
339022,1.0583561819944294
921855,1.0668862943280095
589356,1.0662395819176707
385225,0.945342900511315
