UE ID,Internet usage
80539,0.6918676946302009
531797,0.6776988050154071
593683,0.7244023859866907
121683,0.6481186651716764
102122,0.7064400601159215
1175618,0.7137250421364869
1290643,0.6817655137415559
