UE ID,Internet usage
80539,0.2964168767509085
531797,0.2822479871356714
593683,0.32895156810784176
121683,0.25266784729149727
102122,0.3109892422384025
1175618,0.31827422425586444
1290643,0.28631469586182023
