UE ID,Internet usage,Data rate,optimal GU
80539,113.21363595676098,110.51807319588572,111.85773511671721
531797,110.83326250135684,108.19437529894358,109.50587015625295
593683,118.67946410466014,115.85376257835871,117.25810188344404
121683,105.86379900756263,103.34323236452542,104.59592334230794
102122,115.66179335864977,112.90794113582477,114.27657221059073
1175618,116.88567033754221,114.10267818664835,115.48579145139564
1290643,111.51646956736093,108.86131553004282,110.18089480653575
