UE ID,Internet usage,Data rate,optimal GU
80539,113.21363595676098,76.14964799472614,92.8503017028508
531797,110.83326250135684,74.54856346817454,90.89807755924902
593683,118.67946410466014,79.82606811801544,97.33301077141387
121683,105.86379900756263,71.20600766580105,86.82245379890692
102122,115.66179335864977,77.7963252948061,94.8581177354377
1175618,116.88567033754221,78.6195282627516,95.8618603127076
1290643,111.51646956736093,75.00810155423682,91.45839859891801
