UE ID,Internet usage
63262,0.6927664191180988
594754,0.6586144523946328
347963,0.7161263003626254
1214592,0.7195048604706288
789720,0.6748784358921782
191701,0.7476734747322322
1035525,0.6195226789348852
