UE ID,Internet usage,Data rate,optimal GU
63262,116.74060935947413,104.2326869281019,110.30950723832424
594754,111.00307894964457,99.1098919193255,104.88805059401014
347963,120.66506940878423,107.73666911498592,114.0177734242824
1214592,121.23266750664372,108.24345313093188,114.55410321412865
789720,113.7354281775169,101.5494894442115,107.46987793398496
191701,125.96499470240647,112.46874527000577,119.0257321007629
1035525,104.43566100840255,93.2461259003594,98.68242394102792
