UE ID,Internet usage,Data rate,optimal GU
63262,116.74060935947413,29.880036919389216,59.0611015614599
594754,111.00307894964457,28.41150235020665,56.15838529069369
347963,120.66506940878423,30.884511812962632,61.04655405153966
1214592,121.23266750664372,31.02978989753381,61.333711786005
789720,113.7354281775169,29.11085364067397,57.54072821432729
191701,125.96499470240647,32.24104031073499,63.72787829468204
1035525,104.43566100840255,26.730556091436366,52.835814506178835
