UE ID,Internet usage
977191,0.8925468248980327
297530,1.0116097300587432
1268315,0.9579826810578119
788281,0.9542674205356009
1211612,0.941276321604964
200012,0.9408995279275729
969451,0.9551168513130409
