UE ID,Internet usage,Data rate,optimal GU
977191,108.0738947460307,104.85740978335122,106.45350472514895
297530,128.0764628126815,124.26466332420884,126.15616723400177
1268315,119.0671185804639,115.5234543369977,117.28190327739446
788281,118.44295481338104,114.9178668725066,116.66709781780995
1211612,116.26045019245551,112.80031774625147,114.51731625842105
200012,116.1971488552225,112.73890037738849,114.45496402046314
969451,118.5856591839861,115.0563240892246,116.80766257145564
