UE ID,Internet usage,Data rate,optimal GU
46633,105.02195802665548,16.253398266030015,41.315417346137494
1234167,110.25360644963554,17.063058141015023,43.37353682957755
207011,123.94528929037416,19.18200905684362,48.759816055037156
773403,114.10330734020137,17.658845183602594,44.888001061059086
963199,100.7843334638959,15.597575417031509,39.6483447581153
827404,113.00543063855433,17.48893569406198,44.45609867630602
1289246,98.32520728601348,15.216996365692562,38.68092969316062
