UE ID,Internet usage,Data rate,optimal GU
738907,112.13599244900033,13.349522910595276,38.690593175864706
924876,114.63612789157914,13.647158082330849,39.553221857172105
470610,110.05064291696962,13.101267013924954,37.97107923024217
1273510,125.4113315048282,14.929920417241451,43.271020311374336
926314,113.48890913607207,13.51058442096096,39.15739378106859
1211629,113.50779240087519,13.512832428675617,39.16390912641288
297498,114.06111867783552,13.578704604504228,39.35482482981761
