UE ID,Internet usage
418685,1.1255280199916105
826728,1.0595167729075583
506551,1.0605602258635443
1193922,0.9727677093589737
1206958,1.0293437508614112
25722,0.9921069901658842
1052816,1.0180146746197534
