UE ID,Internet usage
418685,1.1563013113200697
826728,1.0902900642360176
506551,1.0913335171920036
1193922,1.003541000687433
1206958,1.0601170421898707
25722,1.0228802814943436
1052816,1.0487879659482129
