UE ID,Internet usage
418685,0.49632334869096945
826728,0.43031210160558736
506551,0.43135555456379004
1193922,0.34356303805700267
1206958,0.40013907956254374
25722,0.36290231886435664
1052816,0.38881000331822574
