UE ID,Internet usage
526837,0.3847166354719022
77645,0.43057798443777345
570433,0.4143085781706015
939087,0.3420910743412594
748050,0.361689528893022
416388,0.3590378486140698
404650,0.43496743786827774
