UE ID,Internet usage
845581,0.6618522290277572
680052,0.7287897410084209
761930,0.6095928883725177
786055,0.6582990575053921
451226,0.6578164412565197
1121754,0.7237652865191401
1264785,0.5923073734296285
