UE ID,Internet usage,Data rate,optimal GU
845581,119.36335024201762,110.1269005209091,114.65215130099001
680052,130.60885225477975,120.50221487792177,125.45380017904681
761930,110.58378101212229,102.02670271951757,106.21910633649688
786055,118.76641742576456,109.57615893448515,114.07877906045884
451226,118.68533789594608,109.50135341590261,114.0008996904402
1121754,129.7647439001147,119.72342443165343,124.64300826848749
1264785,107.67981450141718,99.34744790309323,103.42975762030134
