UE ID,Internet usage,Data rate,optimal GU
845581,119.36335024201762,45.47175247314957,73.67265922016718
680052,130.60885225477975,49.755753239916096,80.61353375046575
761930,110.58378101212229,42.12715467128468,68.25379144657936
786055,118.76641742576456,45.244349495529356,73.30422428716656
451226,118.68533789594608,45.213462055598505,73.25418091490918
1121754,129.7647439001147,49.434188152424646,80.09253876304251
1264785,107.67981450141718,41.02088171482559,66.46142440346125
