UE ID,Internet usage,Data rate,optimal GU
845581,119.36335024201762,24.15686850136071,53.697716484765735
680052,130.60885225477975,26.432743908705422,58.756704671556726
761930,110.58378101212229,22.380050919119984,49.74807182072598
786055,118.76641742576456,24.036060669499967,53.42917568842734
451226,118.68533789594608,24.019651717036705,53.39270062639127
1121754,129.7647439001147,26.26191245597559,58.37696758291668
1264785,107.67981450141718,21.792343411001095,48.44167106993501
