UE ID,Internet usage
137909,0.3283521865460936
408433,0.2905906776387745
649717,0.3639450024795446
828392,0.3993437533134938
1063319,0.24076818039370051
207708,0.28369149074466804
189306,0.3178570649140558
