UE ID,Internet usage
137909,0.3584333394540434
408433,0.32067183054628096
649717,0.39402615538749436
828392,0.4294249062214436
1063319,0.2708493333016503
207708,0.31377264365217444
189306,0.3479382178215622
