UE ID,Internet usage,Data rate,optimal GU
1024588,110.06090169684704,41.927962551179824,67.93106332668793
399691,122.90990777012422,46.82282200766637,75.86164204984766
402870,111.6000692182818,42.51431208315497,68.88105814552887
783992,118.93561179947073,45.30880449503647,73.40865332179696
972571,119.34544053838741,45.46492972890949,73.66160511109929
1100559,110.85965482627618,42.232249457629024,68.42406446134243
1133054,122.50046810928944,46.66684499401502,75.60893040475106
