UE ID,Internet usage,Data rate,optimal GU
22777,111.45464580271387,28.527081961408907,56.386840803451804
11528,111.70453265169648,28.591041095374695,56.513262899820944
685617,107.22994710015901,27.445760269683557,54.2494923648306
169755,115.09046816179006,29.45767935093436,58.22626647363654
859089,108.49311210164053,27.769070359348472,54.88854947486896
431265,129.9071373514653,33.25004110781553,65.72227671904602
751693,114.48676432849385,29.303159917412117,57.92084222061112
