UE ID,Internet usage
723173,0.7878340098505222
1250828,0.8043131747128096
383017,0.7845284336907556
352630,0.7428767274137857
1263948,0.7507299931347803
35630,0.8114845651195397
1041766,0.8425991227622022
