UE ID,Internet usage,Data rate,optimal GU
723173,118.62118781411682,60.72275090484552,84.87051808298045
1250828,121.3896875106238,62.13995908281933,86.85131095721232
383017,118.0658510188664,60.438471354895896,84.47318837829648
352630,111.06836436498361,56.85642461540828,79.46666021467361
1263948,112.38771300551619,57.53180546710948,80.41062144721111
35630,122.5944810989017,62.75669865777111,87.7133108908197
1041766,127.82172678322586,65.43255061522277,91.45327554258843
