UE ID,Internet usage
795595,0.56499483854392
1074596,0.5761961669705035
1223299,0.6423990364466156
1011054,0.5972751741192981
198114,0.5930222180691885
1103604,0.5719543571040685
358064,0.5558323541793652
