UE ID,Internet usage
795595,0.39767276150138375
1074596,0.40887408992575053
1223299,0.47507695940407946
1011054,0.42995309707587526
198114,0.4257001410244357
1103604,0.4046322800606456
358064,0.3885102771368291
