UE ID,Internet usage,Data rate,optimal GU
795595,114.569339446746,21.140770969340036,49.214674288795536
1074596,116.45116262205468,21.488012150498186,50.02303466766437
1223299,127.57324469411421,23.540301104271077,54.80066234041612
1011054,119.99243582322548,22.141461372142796,51.54423229352893
198114,119.27793920663504,22.009619734557656,51.237311450345665
1103604,115.73853856466779,21.356516044670844,49.71691820540653
358064,113.03004207350385,20.856733954039402,48.55345009719649
