UE ID,Internet usage,Data rate,optimal GU
97681,100.40137067217019,26.295597080806477,51.38203956205015
360891,128.59815064992065,33.68046802736017,65.81220176640727
85188,118.91817857492518,31.145237245813735,60.85831812132248
1260699,121.46266685648324,31.811650843364657,62.16050151456603
805356,113.4425182683968,29.711135736961065,58.05605962012081
219299,116.03689350068088,30.39061496446404,59.383773474339876
502906,117.76148995244175,30.842294987544268,60.26636384655987
