UE ID,Internet usage
411001,0.7050000273306842
673128,0.7031092950494036
1090640,0.8301928436136031
540034,0.7772475382184957
878511,0.7456464284267237
603905,0.71818570040233
130392,0.7536563824542193
