UE ID,Internet usage
1276941,0.6877765933705156
1161048,0.7503618428703525
641345,0.7455711980134295
1167486,0.7486309000955632
482474,0.7625424468812994
1260059,0.6881219636209499
978205,0.762412389331639
