UE ID,Internet usage,Data rate,optimal GU
78999,117.90194523793406,16.84313503399058,44.56274659861852
800589,127.47951766429745,18.211359666328207,48.182728713456655
889042,127.73759509423589,18.248227870605128,48.28027281325892
1189768,111.03175534377351,15.861679334824787,41.9660588957988
1282488,117.0373760085056,16.71962514407223,44.2359701454376
236928,116.14822626320219,16.592603751886028,43.8999031305277
808804,117.55881447501993,16.794116353574275,44.43305536064042
