UE ID,Internet usage,Data rate,optimal GU
78999,117.90194523793406,82.11028329070407,98.39188037644084
800589,127.47951766429745,88.78037837335,106.3845844710994
889042,127.73759509423589,88.9601108692,106.59995601194309
1189768,111.03175534377351,77.32568675727084,92.65854916748138
1282488,117.0373760085056,81.50817257735211,97.67037750363068
236928,116.14822626320219,80.88894329044439,96.92836162594448
808804,117.55881447501993,81.8713172236746,98.10552987637071
