UE ID,Internet usage
644128,0.25487080787553557
269490,0.356864247188755
1156235,0.29640891760824883
588980,0.37064009051872604
238535,0.30494039021009317
58043,0.22055250965568057
322191,0.2685009290879426
