UE ID,Internet usage,Data rate,optimal GU
644128,110.36638157619527,26.934652646571465,54.52229041056313
269490,127.50127938082986,31.116383658416808,62.9871314329593
1156235,117.34478401127066,28.63771514560772,57.96970327971011
588980,129.81562106025834,31.681193234943997,64.13044343932381
238535,118.77807140841554,28.987505522291887,58.677764109402
58043,104.60090747530838,25.527602419569305,51.67407840257847
322191,112.6562419399497,27.493487616297248,55.65350835908365
