UE ID,Internet usage,Data rate,optimal GU
413552,112.80840642271896,59.76159625965469,82.10731051087697
8186,133.2251327322265,70.5776000783819,96.96757261252047
85886,114.02037275610695,60.40364985293761,82.98943711136563
1297610,120.11774818304968,63.633807073163226,87.42739624364313
932136,119.60815727215864,63.36384522156023,87.05649180060665
839465,134.09483601262286,71.03833574478236,97.6005839240024
735043,123.26587573845993,65.3015651233508,89.71875284477548
