UE ID,Internet usage,Data rate,optimal GU
307648,120.86061916333226,94.96191505690392,107.13148860495299
267884,105.844518497518,83.16355024804986,93.82113798366005
520942,126.92827544514354,99.72935927832707,112.50989105161901
760278,127.89330673204304,100.48759814660525,113.36529986080426
22969,118.9210745870202,93.43798717551587,105.41226608967554
324438,124.60462515811894,97.90363405280773,110.45019521380556
72140,126.33987317241636,99.26704320689858,111.9883281818259
