UE ID,Internet usage
255732,0.37305683260735156
1023091,0.431791659454982
769223,0.3067216411083586
824519,0.2897684609595937
436932,0.3480921497458959
857590,0.35583834603481557
72912,0.27416488446985693
