UE ID,Internet usage,Data rate,optimal GU
255732,121.86675892404196,116.063579927659,118.92977892397386
1023091,131.73420983444873,125.4611522232845,128.55942498725588
769223,110.72244675223854,105.44994928784622,108.05404386254968
824519,107.87431248722034,102.73744046401936,105.27454942555119
436932,117.67269220337849,112.06923066988428,114.83678890532737
857590,118.97405317985806,113.30862207605529,116.10678717720614
72912,105.2529116369388,100.240868225656,102.71632414453408
