UE ID,Internet usage,Data rate,optimal GU
1022992,128.0204665454124,35.053222982672445,66.98902865516187
904720,120.26476018051473,32.92963671609332,62.930714778178356
121932,120.68218653536677,33.043932027540905,63.14914068148253
1092919,119.88660404687853,32.82609396521674,62.73283772964179
236223,120.00857714718387,32.85949136172892,62.796662364342794
491483,114.74978796969586,31.41958480122625,60.04490564599624
1281493,117.3342278548571,32.12722905549659,61.397260642009286
