UE ID,Internet usage,Data rate,optimal GU
1022992,128.0204665454124,39.62538250215146,71.22401248852701
904720,120.26476018051473,37.22480672254027,66.90913579812788
121932,120.68218653536677,37.35401011808971,67.14137038306025
1092919,119.88660404687853,37.107758395462405,66.69874914737183
236223,120.00857714718387,37.14551197412834,66.7666087158755
491483,114.74978796969586,35.51779151442967,63.84088850754403
1281493,117.3342278548571,36.31773719317005,65.27873812349802
