UE ID,Internet usage
153814,0.5351330743906693
734003,0.5757745468476229
1242823,0.5534067469648735
623955,0.5827640439832041
489118,0.5245944450693955
1239972,0.6114195953977104
927099,0.5697307130567592
