UE ID,Internet usage,Data rate,optimal GU
153814,113.47143759506635,83.75272774873946,97.48611398633999
734003,120.29920496778753,88.792270333367,103.35201753419676
1242823,116.54141458752738,86.01866314793689,100.1236070274567
623955,121.47344048645093,89.65896797809474,104.36083226365962
489118,111.70094786875983,82.44593771265606,95.96504254379515
1239972,126.28757312448114,93.2122563537837,108.49677248829266
927099,119.28384089067949,88.04283494312058,102.47969318318411
