UE ID,Internet usage,Data rate,optimal GU
153814,113.47143759506635,0.6754252237801568,8.754511472966598
734003,120.29920496778753,0.7160666962368305,9.281285162152972
1242823,116.54141458752738,0.6936988963543297,8.99136534008824
623955,121.47344048645093,0.7230561933717317,9.37187939924009
489118,111.70094786875983,0.6648865944569037,8.617915225045316
1239972,126.28757312448114,0.7517117447885783,9.743297795845043
927099,119.28384089067949,0.7100228624445207,9.202948122888502
