UE ID,Internet usage
396064,0.28204449650835656
288054,0.3613307696053306
107514,0.32261147374074606
755782,0.2840810767568596
597209,0.37238105029455043
559619,0.3178594603801607
268370,0.38217951955661283
