UE ID,Internet usage,Data rate,optimal GU
396064,106.00974445669165,90.86549524859284,98.14595218975694
288054,119.32983833697268,102.28271857454801,110.47796283497848
107514,112.82499663167151,96.70713997000415,104.45564963837191
755782,106.35188993845303,91.1587628043883,98.462717353818
597209,121.18628549275583,103.87395899379071,112.19669892596811
559619,112.02665838711665,96.02285004609999,103.71653204514588
268370,122.83242832878804,105.2849385675326,113.72073105066332
