UE ID,Internet usage
132594,0.46795974378501926
780759,0.43293549244901985
544613,0.5071336439302749
270186,0.4542357290746194
839017,0.4703877018275913
1268059,0.42703894482054555
102088,0.4754269699608226
