UE ID,Internet usage
1149028,0.8253010794551293
1263328,0.8486487257799983
531053,0.7719949451454062
72965,0.7883544836264298
1194882,0.8674558888458538
851292,0.7480669734937149
1274658,0.8409883305468121
