UE ID,Internet usage,Data rate,optimal GU
1149028,123.47386398343522,123.47386398343522,123.47386398343522
1263328,127.39626856572458,127.39626856572458,127.39626856572458
531053,114.51843341949879,114.51843341949879,114.51843341949879
72965,117.26683588397957,117.26683588397957,117.26683588397957
1194882,130.55587196101166,130.55587196101166,130.55587196101166
851292,110.49853418184398,110.49853418184398,110.49853418184398
1274658,126.1093221665519,126.1093221665519,126.1093221665519
