UE ID,Internet usage
23869,1.0065026752159258
21674,0.9597193342589062
1231495,1.0781970321865304
1255209,1.004867231080109
1181357,0.957331871853503
1058309,0.9970908449431461
17774,0.9833288540670323
