UE ID,Internet usage,Data rate,optimal GU
255879,135.00475099841114,19.28639299977302,51.02699956485641
784209,120.89867148351436,17.271238783359195,45.69540265478219
1252946,122.26689621618864,17.46669945945552,46.21254299482562
1088910,115.61367958230599,16.516239940329427,43.69786347598394
1095016,108.47882545542424,15.496975065060607,41.00114209591937
1167079,112.47631149730152,16.068044499614505,42.51204980109926
1002401,115.01331133735123,16.430473048193033,43.47094560866813
