UE ID,Internet usage,Data rate,optimal GU
255879,135.00475099841114,28.125989791335655,61.620956243498235
784209,120.89867148351436,25.18722322573216,55.182441286606156
1252946,122.26689621618864,25.472270045039302,55.806947578124635
1088910,115.61367958230599,24.086183246313748,52.7701835528362
1095016,108.47882545542424,22.599755303213385,49.5135830946679
1167079,112.47631149730152,23.432564895271152,51.338177493374765
1002401,115.01331133735123,23.961106528614838,52.49615419402661
