UE ID,Internet usage
772858,1.0149716441271217
878987,0.8974063903151435
879573,1.0055734059588108
485075,1.0124080918548406
939110,1.0713084969833464
1037516,0.9410236008297699
548119,1.0963090384444327
