UE ID,Internet usage
772858,0.5575795275101315
878987,0.4400142736972667
879573,0.5481812893462541
485075,0.5550159752378506
939110,0.6139163803663562
1037516,0.48363148421277974
548119,0.6389169218274424
