UE ID,Internet usage,Data rate,optimal GU
136250,129.41678461914213,20.028788095819614,50.91229080663258
411324,118.98184642963464,18.413857185538696,46.807208075540984
471088,116.65466665314617,18.053698410605953,45.89170044731043
1178406,131.69510750533948,20.381385685350157,51.808578237006046
878438,113.19382380895966,17.51809177995804,44.53021215320847
1102560,133.94547822913117,20.729657344984584,52.6938693454939
896616,120.0052017994079,18.572233611813125,47.20979392511029
