UE ID,Internet usage,Data rate,optimal GU
136250,129.41678461914213,19.258450092134247,49.923608520140405
411324,118.98184642963464,17.70563190917182,45.89824372191948
471088,116.65466665314617,17.359325394813418,45.00051463322897
1178406,131.69510750533948,19.597486235913614,50.80249065422929
878438,113.19382380895966,16.844319019190426,43.665465521853186
1102560,133.94547822913117,19.93236283171595,51.67059000757348
896616,120.0052017994079,17.8579169344357,46.29301162631375
