UE ID,Internet usage,Data rate,optimal GU
42075,115.87441862291678,4.138372093675599,21.898206785030663
1038781,116.93731074634468,4.176332526655167,22.099074515679206
1033444,114.50139560709984,4.0893355573964225,21.638729824729268
29602,122.95405010666558,4.391216075238057,23.236131376457987
736611,124.86766734388982,4.459559547996065,23.597771041762403
651072,113.76951037590781,4.063196799139565,21.5004165168739
1237674,116.12138269880795,4.147192239243141,21.944878608428873
