UE ID,Internet usage,Data rate,optimal GU
1245200,107.09667539524554,64.38550127928453,83.0389856071695
297305,123.28459064263774,74.11752175539532,95.59052426397037
961654,111.25413407015262,66.88492583979414,86.26253246139179
1221474,118.70778855393469,71.36599192825835,92.04183331377914
808384,119.18498878294339,71.65288016117431,92.41183754408927
1222530,110.12405989983374,66.20553601120957,85.38631279894362
202828,132.79052390191086,79.8323982981726,102.96108971043554
