UE ID,Internet usage
766927,0.37313051128214497
1196878,0.4178366756999233
795983,0.4629306491224326
1285563,0.43693987565844655
226393,0.4201997832519841
141310,0.44147584021269365
228309,0.4078622413960749
