UE ID,Internet usage
722625,1.072685429898624
588274,1.11826813446731
1112994,1.0794001434193776
80235,1.057013781788248
190524,1.0588428804468424
345518,1.069081495337291
1175303,1.0082263729624599
