UE ID,Internet usage
722625,0.850366530167897
588274,0.8959492347365831
1112994,0.8570812436886509
80235,0.8346948820575211
190524,0.8365239807161154
345518,0.8467625956065642
1175303,0.7859074732317329
