UE ID,Internet usage,Data rate,optimal GU
722625,119.0314400425902,99.19286670215851,108.66034127275059
588274,126.68933440995961,105.57444534163301,115.6510104194172
1112994,120.15951191390748,100.1329265949229,109.69012529009647
80235,116.39860315998096,96.9988359666508,106.25690102135614
190524,116.7058917346909,97.25490977890908,106.53741582807655
345518,118.42597903658107,98.68831586381756,108.10763352161563
1175303,108.20231847714614,90.16859873095511,98.77475100715162
