UE ID,Internet usage,Data rate,optimal GU
722625,119.0314400425902,46.762351445303295,74.60690338240926
588274,126.68933440995961,49.77080994676985,79.40674269355765
1112994,120.15951191390748,47.20552253760651,75.31395984649697
80235,116.39860315998096,45.72802266999252,72.95668553364436
190524,116.7058917346909,45.84874318148571,73.1492888407681
345518,118.42597903658107,46.524491764371135,74.22741061343177
1175303,108.20231847714614,42.50805368745027,67.819392233587
