UE ID,Internet usage
1055373,1.0339437380768577
1057151,1.0728877295279367
1043838,1.0775219720481155
414522,1.111860751384906
778295,1.027683463307444
880135,1.070129986757376
697404,1.0887265977610163
