UE ID,Internet usage,Data rate,optimal GU
239252,120.72632355613996,58.20733457171034,83.82814268993913
1014381,121.86237016088675,58.755071327570406,84.61697377565383
1157082,114.26455646485455,55.0918397241263,79.34131730006848
832052,119.10836830510945,57.427249004249205,82.70469107098668
1217584,106.10216055589233,51.15639883944809,73.67363465395464
352267,127.68702007225987,61.563384677696725,88.66140724721956
51334,109.10357045306255,52.60350718272659,75.75770886179697
