UE ID,Internet usage
614639,1.0200115992873657
234413,0.934540347837899
374014,0.9953915391759695
1124252,0.9829876028841376
374394,0.9904397779568622
503979,1.0510389561533497
1001085,1.0359751230999323
