UE ID,Internet usage,Data rate,optimal GU
614639,121.62333294613958,89.76960288881732,104.4896085770703
234413,107.26416270203906,79.17116770864789,92.15329084959923
374014,117.4871628468366,86.71671543456988,100.9361227103761
1124252,115.40330154971176,85.17862733431106,99.145826013262
374394,116.65526696216226,86.10269704350073,100.22142041386041
503979,126.83592889893096,93.61699513968715,108.96787847466301
1001085,124.30520494596254,91.7490798410676,106.79367103554118
