UE ID,Internet usage
634022,1.0152965150680264
1211121,1.0668996253387164
1124456,1.0484638342335661
479777,1.0627592252169236
743654,0.9888411709845081
104557,0.9843933869305574
343059,0.9778713883195655
