UE ID,Internet usage,Data rate,optimal GU
512753,102.13819696760488,88.76295688851377,95.21600902214942
397359,117.02771668057687,101.70265854383467,109.09642482560707
1261422,103.66378137319359,90.08876238384681,96.63820035545302
138094,114.57373367522102,99.57003045584685,106.80875503198153
427821,123.09355722505607,106.97416282653683,114.75116658880108
979797,121.04632578598593,105.19502121877349,112.84268168344529
605389,117.58713631308241,102.1888208435121,109.61793104323405
