UE ID,Internet usage
48884,0.567957902386316
1267166,0.7195926832934858
1235314,0.6654204173916275
141120,0.6379618701509747
10947,0.6255145697550722
378310,0.6820479435615971
1162205,0.6004802862966105
