UE ID,Internet usage,Data rate,optimal GU
48884,105.90144793029546,92.66376693900854,99.06173372961149
1267166,131.3760911228338,114.95407973247958,122.89108044880938
1235314,122.2751504514329,106.9907566450038,114.37792997637474
141120,117.66211451476207,102.95435020041681,110.06282997940022
10947,115.57096804808333,101.12459704207292,108.10674157343155
378310,125.06857484792222,109.43500299193195,116.99093923325445
1162205,111.36520842717877,97.44455737378144,104.17261368529326
