UE ID,Internet usage
185921,1.0746026721079505
98991,1.0066342527150391
1263461,0.9680125535958413
335892,1.0354635364029232
717047,1.1041982751512651
757099,1.0343038413270884
1096664,0.987765583735981
