UE ID,Internet usage
185921,0.9908767868331123
98991,0.9229083674357674
1263461,0.8842866683165695
335892,0.9517376511236515
717047,1.0204723898719934
757099,0.9505779560478167
1096664,0.9040396984567095
