UE ID,Internet usage,Data rate,optimal GU
185921,126.92332540587311,69.50563057940671,93.92489429097296
98991,115.5046309477309,63.25253599518597,85.474913434481
1263461,109.01618549548188,59.699339676097225,80.6733802941664
335892,120.34795060690084,65.90483009425523,89.05903231531106
717047,131.8953867166978,72.22842605914404,97.60428365091983
757099,120.1531218345588,65.79813814749649,88.91485651635095
1096664,112.33469455897837,61.51661844896435,83.12911971003678
