UE ID,Internet usage
507993,0.8680403173197562
99341,0.8448404874779343
842450,0.8534336934303332
1209749,0.9053635141532631
19073,0.9101578836661867
1119184,0.910917436742105
132439,0.8463559103909053
