UE ID,Internet usage
1120286,0.9231211761067352
211920,1.0125370650531835
690015,1.0954201594196065
440977,1.03305507702622
982304,1.0244004247991652
524551,1.0007444879360343
687667,1.0183551062425762
