UE ID,Internet usage
164221,0.7382328155664124
788697,0.7179644119564269
595958,0.8115625622480046
178616,0.7409830405904932
226381,0.702065834937856
851535,0.7253673333614644
205822,0.7080082530122428
