UE ID,Internet usage
164221,0.33272289617193324
788697,0.3124544925615045
595958,0.4060526428526388
178616,0.33547312119468414
226381,0.2965559155433769
851535,0.3198574139683154
205822,0.3024983336190937
