UE ID,Internet usage,Data rate,optimal GU
164221,116.29021955541951,85.83325729090488,99.90779917261786
788697,112.88512774882584,83.31997524318098,96.98240071969497
595958,128.6096169977515,94.92614587929278,110.49169771801196
178616,116.75225735924745,86.17428519373027,100.30474725897864
226381,110.21416680982648,81.34855169296716,94.68771222300428
851535,114.12881854522236,84.23793749766413,98.05088619331644
205822,111.21249304655002,82.08541153435836,95.5453989446275
