UE ID,Internet usage,Data rate,optimal GU
164221,116.29021955541951,106.59936792580123,111.33940856929486
788697,112.88512774882584,103.47803376975702,108.07928136926307
595958,128.6096169977515,117.89214891460554,123.13433363180759
178616,116.75225735924745,107.02290257931017,111.78177608748793
226381,110.21416680982648,101.02965290900761,105.52203096250676
851535,114.12881854522236,104.61808366645384,109.27002465140018
205822,111.21249304655002,101.94478529267086,106.47785556393025
