UE ID,Internet usage,Data rate,optimal GU
766187,116.3604701341007,47.790907376505636,74.57192803237326
1008292,125.79324375287446,51.66508225564486,80.61710913755617
788122,100.61599161121526,41.32442512603484,64.48176495583395
563107,119.76634873440972,49.18975037306113,76.75465326179645
148416,115.15736711317473,47.29677577862533,73.80089546617079
32290,114.4906364482274,47.02293996980768,73.37360782195512
748497,127.38538510299907,52.318997453017474,81.63746467618564
