UE ID,Internet usage,Data rate,optimal GU
693771,106.55461631776622,29.175668753674085,55.756633595133614
1110427,109.7466476718177,30.04967733871199,57.42692183587267
536343,125.34782086720433,34.32142714221071,65.59051837978286
682752,124.15602110504301,33.995101016857014,64.96688756064098
1116385,131.24826599651854,35.93702521333246,68.67803320074805
563265,104.94238291137201,28.73422389239948,54.91300325403156
44838,118.06746969991467,32.32799765592902,61.7809427226577
