UE ID,Internet usage,Data rate,optimal GU
693771,106.55461631776622,62.15685951869696,81.38243248719007
1110427,109.7466476718177,64.01887780856033,83.82038670395896
536343,125.34782086720433,73.11956217253586,95.73597955362152
682752,124.15602110504301,72.42434564460842,94.8257274497324
1116385,131.24826599651854,76.56148849796915,100.24251896012416
563265,104.94238291137201,61.21639003163367,80.15106888340041
44838,118.06746969991467,68.87269065828356,90.17551950196068
