UE ID,Internet usage,Data rate,optimal GU
693771,106.55461631776622,41.226488456278595,66.2787496833456
1110427,109.7466476718177,42.46150058731042,68.26424645868609
536343,125.34782086720433,48.497668787906434,77.96843656059484
682752,124.15602110504301,48.036555784689256,77.22711721809546
1116385,131.24826599651854,50.78057910579586,81.6386119059771
563265,104.94238291137201,40.60270767404274,65.27591359734382
44838,118.06746969991467,45.680866252943176,73.43993662977401
