UE ID,Internet usage
303013,0.6785611241695595
590582,0.7229953032058462
345915,0.7355447584114806
327291,0.773758755950404
599520,0.6505880688032001
177439,0.6686143017746228
827789,0.7062666327873959
