UE ID,Internet usage,Data rate,optimal GU
303013,114.554022159295,106.37159200505965,110.38701784026549
590582,122.01896423711047,113.30332393445973,117.58041601858952
345915,124.12727271181362,115.26103894668408,119.6120328996294
327291,130.54722429864134,121.22242256302411,125.79845304438282
599520,109.85454885785121,102.00779536800471,105.8584920548945
177439,112.88295599665828,104.8198877111827,108.77673819377054
827789,119.20854760709767,110.69365134944785,114.87223079010055
