UE ID,Internet usage,Data rate,optimal GU
697297,112.21036665287758,74.13899225279411,91.2094485454269
23738,106.25360597715823,70.20327537776525,86.36753533761978
682314,113.0234495700138,74.67620775161626,91.87035757465338
1134519,112.879054643472,74.58080396086542,91.75298712114282
97849,125.8212324713963,83.13188574002969,102.27295009669874
247983,116.05805864285193,76.6812173175986,94.33701933096641
1242383,122.00126912813457,80.60798138823176,99.16791835680189
