UE ID,Internet usage
1244238,1.0169716162659441
762838,1.0330710542469435
241913,0.9700176097567247
940746,0.9768966213907051
67391,1.0308666829200015
408047,1.0354192668099738
1240270,1.0162738726870164
