UE ID,Internet usage
1244238,0.3376546655620062
762838,0.3537541035443356
241913,0.29070065905278686
940746,0.29757967068898394
67391,0.3515497322160635
408047,0.3561023161055926
1240270,0.33695692198396526
