UE ID,Internet usage
1244238,0.6892966422210378
762838,0.7053960802064706
241913,0.6423426357118184
940746,0.6492216473502322
67391,0.7031917088750951
408047,0.7077442927650676
1240270,0.6885988986465436
