UE ID,Internet usage,Data rate,optimal GU
1244238,117.69313743298352,96.67650574852217,106.66846430694238
762838,120.3978430140792,98.89822819013648,109.11981191335803
241913,109.80486433948127,90.19685285028818,99.5191096778606
940746,110.96053829433444,91.14615645606042,100.56652814840577
67391,120.02750863091173,98.59402494682034,108.78416787502125
408047,120.79234272437036,99.22228152358993,109.47735763933761
1240270,117.57591651188952,96.58021713476639,106.5622238250378
