UE ID,Internet usage
830181,0.39647899170032397
814286,0.43191495124472845
86237,0.3422787357469426
535237,0.4171925311572853
429084,0.49962829897850414
480710,0.3755270936826359
126866,0.4411323773131063
