UE ID,Internet usage
830181,0.7380225278831337
814286,0.7734584874262082
86237,0.683822271929309
535237,0.7587360673405383
429084,0.8411718351626438
480710,0.7170706298645589
126866,0.7826759134959159
