UE ID,Internet usage
579091,0.5095388059630259
148209,0.4480461182953593
666795,0.48122942746764447
508185,0.48468288285240807
420284,0.572438190170816
1100774,0.5619979741074587
1248563,0.4054954685561205
