UE ID,Internet usage
566532,0.7787338258438415
968635,0.7320674888567397
354500,0.7136658314782766
915126,0.7536147242422334
1056340,0.7416751669737878
109660,0.8376498088604205
191242,0.7421249368231735
