UE ID,Internet usage,Data rate,optimal GU
630971,115.36120078459335,12.360128655492144,37.760816775457
568886,120.79194923490753,12.94199456088295,39.538446479301925
162848,125.7265165403373,13.470698200750425,41.153662779229506
835007,112.13869349956134,12.014860017810143,36.706003663942305
152924,121.87780187341986,13.05833591500927,39.893875187126945
399899,121.16843033909521,12.982331822045914,39.66167884770625
546238,126.50197764285414,13.55378331887723,41.40749200785646
