UE ID,Internet usage
669380,0.7590303249935121
808652,0.7048064716468714
502937,0.8504686976173477
1293359,0.7457669945451394
936033,0.7931894381634074
1124936,0.7297097470142435
551425,0.8495591840544053
