UE ID,Internet usage,Data rate,optimal GU
1010389,127.65685873212863,64.58829162042223,90.8027445572972
203156,128.57853713258112,65.05461700160355,91.45833744272048
760609,120.16690151695481,60.798729934173565,85.47511329244183
881884,117.58653323073247,59.493186456025356,83.63968882183619
191363,124.3660315574284,62.92328977607984,88.46196833661999
877174,116.22893332666878,58.80630555218361,82.67402353346824
831564,123.56094136131654,62.515952474475625,87.8893050253871
