UE ID,Internet usage,Data rate,optimal GU
1175312,123.24310320662678,121.7759234065479,122.50731690995221
248880,134.5739668583897,132.97189582436127,133.7705330099452
582285,129.4841912904705,127.94271282272682,128.71114443341608
576919,122.4305196307101,120.97301344463023,121.69958462262292
435724,113.40313206194973,112.05309477549795,112.72609238670506
423409,117.42521862213127,116.0272993528202,116.72416627519932
234106,108.69783844357754,107.40381655734448,108.04889032458347
