UE ID,Internet usage
299519,0.8121175809160833
90978,0.850832227330846
474701,0.7885900607179626
671093,0.8438280933965404
614645,0.8012021862293243
687950,0.7796168618960032
953637,0.857365494124734
