UE ID,Internet usage
299519,0.4634164892798658
90978,0.5021311356946283
474701,0.43988896908085834
671093,0.4951270017603228
614645,0.4525010945931067
687950,0.43091577025801225
953637,0.5086644024885163
