UE ID,Internet usage
1196317,0.7856822370350252
1250483,0.7235842553601575
466492,0.6996015783851172
271669,0.7046825450612783
655950,0.7361630696398368
668152,0.756411278787609
1170637,0.6317882963285202
