UE ID,Internet usage
521982,0.698832450675709
1087940,0.6473893207929869
1256736,0.6870999730049051
1095656,0.6416091235288557
1128602,0.6810048150132362
639113,0.649981640431119
885304,0.6560915333333939
