UE ID,Internet usage,Data rate,optimal GU
521982,123.15785755383419,47.650361553566796,76.60624283048267
1087940,114.51541173318715,44.30655811105455,71.23049729271722
1256736,121.18680130464206,46.88775050477222,75.38021294771899
1095656,113.54433859310565,43.93084528899921,70.6264735929486
1128602,120.1628147621473,46.49156523535461,74.74327622855586
639113,114.95092143234362,44.475058887513896,71.50139159399254
885304,115.97738343966424,44.87220192606056,72.13986809359139
