UE ID,Internet usage
94126,0.9943129867185898
171309,0.9021552799077893
528468,0.9266066567127105
537319,0.8748663236526064
1071512,1.0096547885117197
1143555,0.9707655384898718
51796,0.9042851125212888
