UE ID,Internet usage,Data rate,optimal GU
94126,125.64189573772467,7.478684270102659,30.653483803959375
171309,110.15940099379308,6.557107202011493,26.876141866452347
528468,114.26723229696664,6.801620970057538,27.878350083559184
537319,105.5748563428812,6.284217639457214,25.75762750163717
1071512,128.2193184394299,7.632102288061304,31.282310554612714
1143555,121.68592443564192,7.243209787835829,29.68832563338816
51796,110.51721287280786,6.578405528143325,26.96343902616044
