UE ID,Internet usage
243813,0.7118643321132587
495022,0.7099648533062196
237281,0.733324128229956
953132,0.637802865260233
499572,0.6860613779836086
1216950,0.7409376041976647
1021982,0.6114113429869756
