UE ID,Internet usage,Data rate,optimal GU
845115,126.63863062977414,60.30410982370197,87.38895747988488
613321,119.61516900986621,56.95960429041248,82.54230850862355
780451,100.75824311545477,47.980115769264174,69.5297933938192
304365,108.51531499718732,51.67395952247015,74.88268154074582
1285859,123.30887642436085,58.718512583028975,85.0912087816538
981549,127.0212191556155,60.486294836007374,87.65296864496756
393391,108.77285527472799,51.79659774987047,75.06040121642012
