UE ID,Internet usage,Data rate,optimal GU
845115,126.63863062977414,67.84212355166471,92.6899866522742
613321,119.61516900986621,64.07955482671404,87.54933912185967
780451,100.75824311545477,53.9776302404222,73.74748260490377
304365,108.51531499718732,58.13320446277892,79.42507786634111
1285859,123.30887642436085,66.05832665590759,90.25285612330156
981549,127.0212191556155,68.0470816905083,92.9700127799826
393391,108.77285527472799,58.27117246860428,79.61357804807047
