UE ID,Internet usage,Data rate,optimal GU
845115,126.63863062977414,126.63863062977414,126.63863062977414
613321,119.61516900986621,119.61516900986621,119.61516900986621
780451,100.75824311545477,100.75824311545477,100.75824311545477
304365,108.51531499718732,108.51531499718732,108.51531499718732
1285859,123.30887642436085,123.30887642436085,123.30887642436085
981549,127.0212191556155,127.0212191556155,127.0212191556155
393391,108.77285527472799,108.77285527472799,108.77285527472799
