UE ID,Internet usage,Data rate,optimal GU
970427,113.85104462349192,83.3552290993423,97.4170411570307
528365,113.46094416209138,83.06961983295976,97.08325034440084
451303,118.96263716147695,87.09764506465275,101.79079303868984
493825,115.69825668628481,84.70765221674422,98.99761456452077
1005582,117.16583410696892,85.78212854260224,100.2533522739525
955311,114.24201964199607,83.6414786664614,97.75158028747913
974279,107.82863746644644,78.94596671650542,92.26394758795122
