UE ID,Internet usage,Data rate,optimal GU
970427,113.85104462349192,67.09079415312917,87.39769447161304
528365,113.46094416209138,66.86091352408957,87.0982340577761
451303,118.96263716147695,70.1029826130132,91.32160579254625
493825,115.69825668628481,68.17932983298925,88.81570583920428
1005582,117.16583410696892,69.04415224160668,89.9422908736285
955311,114.24201964199607,67.32119014617625,87.69782623875018
974279,107.82863746644644,63.54187564987022,82.77459678783025
