UE ID,Internet usage
601021,0.8960910017952708
1062641,0.9438903953029573
245679,0.8396769400440123
286269,0.8044419056461823
680453,0.8678071767767394
1179033,0.8259529235868398
955900,0.7605351981659093
