UE ID,Internet usage,Data rate,optimal GU
601021,126.713151275989,44.500451936210425,75.0918936906169
1062641,134.74344938529097,47.32061615316766,79.8507548337217
245679,117.235588901719,41.1720222928656,69.47536455304716
286269,111.31610312272491,39.09315526333791,65.96739878672206
680453,121.96146867294141,42.83170626014014,72.2759835716866
1179033,114.92995413704224,40.362305321937455,68.1090148182718
955900,103.93977626650181,36.50265952216433,61.59608967999553
