UE ID,Internet usage,Data rate,optimal GU
601021,126.713151275989,104.84004778191947,115.2588948167224
1062641,134.74344938529097,111.4841634794967,122.56329278809814
245679,117.235588901719,96.99849319844607,106.63805827517308
286269,111.31610312272491,92.10082341701644,101.25366540119167
680453,121.96146867294141,100.90859610439794,110.93674135567993
1179033,114.92995413704224,95.09085491100518,104.54084174988245
955900,103.93977626650181,85.99779107764138,94.5441228423185
