UE ID,Internet usage,Data rate,optimal GU
601021,126.713151275989,98.0518432492772,111.46505302800166
1062641,134.74344938529097,104.26576440528467,118.52902070278886
245679,117.235588901719,90.71801522156827,103.12797844666433
286269,111.31610312272491,86.13746074972761,97.92081731453403
680453,121.96146867294141,94.37494599691894,107.28516682055245
1179033,114.92995413704224,88.93389308223506,101.09979353673228
955900,103.93977626650181,80.42958877765021,91.43212489467642
