UE ID,Internet usage
692448,0.4081748085669874
1150967,0.4454037024775835
678993,0.4921131134936396
64461,0.4737299354460296
971460,0.3798675423783073
769499,0.48850999311905724
347622,0.40935166362422837
