UE ID,Internet usage
920951,0.747413791320759
62635,0.6935335762328453
406295,0.7523829311068313
976119,0.6531149846357173
301282,0.7272490045249835
135340,0.7060564488641934
1154772,0.6060273919495299
