UE ID,Internet usage,Data rate,optimal GU
485667,115.15057695713944,83.62125231411316,98.12764875328799
496905,106.28918366792463,77.18619290170717,90.5762520418979
674630,120.72688974290661,87.67071755139646,102.87960464304355
947780,113.56296171591717,82.4683412460827,96.77473368449061
19907,125.77346565664968,91.33549291732893,107.18013566734669
711264,115.79979150297653,84.09270573430439,98.68088868141392
564867,133.03125396319652,96.60602966374985,113.36499136230022
