UE ID,Internet usage,Data rate,optimal GU
616255,113.40977082246606,60.75523436917825,83.0074527140408
730204,118.32578746306105,63.38881471235413,86.60560846267043
289114,111.82933164532282,59.90857052428009,81.85068968284219
418485,118.91795411812132,63.70604684899356,87.03903007407368
728688,117.92803092799423,63.17573085428262,86.31448048897984
97295,122.59858282396911,65.67781222712631,89.73297444097368
225550,125.71157483290415,67.34548651762722,92.01145128742961
