UE ID,Internet usage,Data rate,optimal GU
616255,113.40977082246606,79.65686283958925,95.04665464430839
730204,118.32578746306105,83.10977928953098,99.16667827609713
289114,111.82933164532282,78.54679246516723,93.72211747641818
418485,118.91795411812132,83.52570586868045,99.66296231888472
728688,117.92803092799423,82.83040267561499,98.8333257990853
97295,122.59858282396911,86.1109093644545,102.74762991799554
225550,125.71157483290415,88.29741565644458,105.35657158358549
