UE ID,Internet usage
400823,0.294523654349719
1099723,0.34374516395661064
1047136,0.34595661933206656
227047,0.25461717954548263
745172,0.3665782167696183
1234422,0.2678733758369034
423704,0.34053722737584796
