UE ID,Internet usage
400823,0.43882208582284254
1099723,0.4880435954292909
1047136,0.49025505080652015
227047,0.39891561101860623
745172,0.5108766482405253
1234422,0.412171807310027
423704,0.48483565884897156
