UE ID,Internet usage
400823,0.8963504415230753
1099723,0.9455719511321835
1047136,0.947783406509413
227047,0.8564439667197256
745172,0.9684050039434179
1234422,0.8697001630111464
423704,0.9423640145518642
