UE ID,Internet usage
1258723,0.9636776595205502
330397,0.9360379557301168
579582,0.945414107038452
296386,1.0347477849222873
1022858,1.0044036905874567
338429,0.8932579550341546
1006993,1.0065850530421379
