UE ID,Internet usage
803686,0.8555511924226464
653959,0.8476606743560148
139711,0.9136747081278553
99513,0.9029383792634694
236996,0.8162407416940214
283984,0.8324521329933309
444120,0.9947222610239086
