UE ID,Internet usage,Data rate,optimal GU
803686,114.25458123354974,17.002169826421092,44.07466158213171
653959,112.92897419839994,16.804906874761897,43.56329756648939
139711,124.01933187166756,18.45525771899815,47.841495919646846
99513,122.2156286223988,18.186849497380773,47.14570228539765
236996,107.65042551113676,16.019408558204876,41.52705320303261
283984,110.37393924914089,16.424693340645966,42.57767143663715
444120,137.63532075867792,20.48144654146993,53.09397766542763
