UE ID,Internet usage
45653,0.5489691576753484
355046,0.525857874596163
35507,0.6223437977916093
182925,0.5803136113636019
947088,0.6307461341489459
332009,0.5842595480161847
266579,0.5828825207618772
