UE ID,Internet usage,Data rate,optimal GU
1070528,114.30987161831312,97.9798899585541,105.8303767466542
900643,119.65466371549036,102.56114032756315,110.77869269932637
837022,109.69369321946202,94.02316561668172,101.55662600086198
443603,124.5148979282219,106.72705536704734,115.27839522307546
1235698,111.26271572335818,95.36804204859273,103.00925857196451
801410,102.06253189323142,87.48217019419836,94.49154346043073
159319,120.25841913006843,103.07864496863007,111.33766159748926
