UE ID,Internet usage,Data rate,optimal GU
1070528,114.30987161831312,78.92824468883525,94.98567006364466
900643,119.65466371549036,82.61869637498144,99.42691955079674
837022,109.69369321946202,75.74088341343806,91.14986137852713
443603,124.5148979282219,85.97457237901035,103.46552616304137
1235698,111.26271572335818,76.82425609469969,92.45363901179357
801410,102.06253189323142,70.47174821199313,84.80875573582202
159319,120.25841913006843,83.03557511361868,99.928609490575
