UE ID,Internet usage
204148,0.6259235236517232
343941,0.6137821390564957
1246707,0.6202528791213983
735114,0.6196356830345549
928264,0.5612678677323971
912963,0.631076328167076
660540,0.5911448487282023
