UE ID,Internet usage
143766,0.8013993545673088
191586,0.8898775668929753
101258,0.7568570370048477
500114,0.7693826109848241
276948,0.7728115309509251
613850,0.807291083140088
495450,0.9108152052118074
