UE ID,Internet usage,Data rate,optimal GU
143766,111.90739815333865,6.661154651984443,27.30260950533093
191586,126.77173782411013,7.54593677524465,30.92913704759035
101258,104.42428880271842,6.215731476352286,25.476917765042902
500114,106.52858523158366,6.3409872161656935,25.990313524651633
276948,107.10464378612538,6.375276415840796,26.130857421001604
613850,112.89720855357804,6.720071937712978,27.544098515780643
495450,130.28926106173196,7.755313158436426,31.787324843638675
