UE ID,Internet usage,Data rate,optimal GU
889432,119.46279921117946,5.688704724341879,26.068920005549558
720879,127.255835867723,6.059801707986809,27.769500023272236
397624,118.47341495944501,5.641591188545,25.85301866150335
167284,119.5375949022572,5.692266423917009,26.085241763455283
203824,125.06462272889229,5.955458225185347,27.291338115059215
659511,121.76016679268012,5.798103180603816,26.570246712281197
800488,122.01778949533882,5.810370928349467,26.62646459493227
