UE ID,Internet usage,Data rate,optimal GU
295327,107.47224665380833,28.78720892512723,55.62217200070477
946463,122.71869078508313,32.87107788886155,63.51295649877735
504004,127.62781546397538,34.18602199927912,66.0536698993432
727663,119.2066701490007,31.930358075625186,61.69531313528226
678558,118.30528462926972,31.688915525697247,61.228801808140076
980209,114.48540329628932,30.66573302579178,59.25182539664167
333263,124.68010301587402,33.39645616496625,64.52808376988358
