UE ID,Internet usage,Data rate,optimal GU
295327,107.47224665380833,98.51622609932431,102.8968422778315
946463,122.71869078508313,112.49213321965954,117.49420118600652
504004,127.62781546397538,116.99216417531078,122.1943302289336
727663,119.2066701490007,109.27278096991732,114.13169742602156
678558,118.30528462926972,108.44651091016392,113.26868649489208
980209,114.48540329628932,104.94495302159855,109.61142855828422
333263,124.68010301587402,114.29009443121787,119.37211042525057
