UE ID,Internet usage
406798,0.43729934607817156
322621,0.47142845258816324
664294,0.5454774210514489
626878,0.41275929678730844
765999,0.4623969845076832
1257661,0.5122540377019112
1177091,0.42900592797933185
