UE ID,Internet usage
406798,0.2628940441854278
322621,0.29702315069497615
664294,0.3710721191591485
626878,0.2383539948945647
765999,0.2879916826149394
1257661,0.3378487358073941
1177091,0.2546006260865881
