UE ID,Internet usage
830042,0.853002340626494
994748,0.7961108782016946
278227,0.8057220916183678
379276,0.8102113128998144
594779,0.8141472202836085
361021,0.8102352813133745
151183,0.7716384391254325
