UE ID,Internet usage,Data rate,optimal GU
830042,128.2995439308209,106.91628660901742,117.12092388089273
994748,118.74177824345192,98.95148186954327,108.39591743702464
278227,120.35646209756075,100.2970517479673,109.86991538724928
379276,121.11065127273918,100.92554272728265,110.55839276036833
594779,121.77188371309784,101.47656976091487,111.16201263259939
361021,121.11467796638841,100.92889830532368,110.56206861194143
151183,114.63040847829991,95.52534039858327,104.64276749932718
