UE ID,Internet usage,Data rate,optimal GU
353740,121.24809121357438,59.180615949482736,84.70853983346896
872881,119.08402553155426,58.124345795163386,83.19664103000869
607585,120.45295791257348,58.792515171613246,84.15302939015724
185188,123.23931952587506,60.15252500667711,86.09968785998048
866273,104.63971257547878,51.0741454237456,73.10529322271367
1268449,121.3005959557791,59.20624326413027,84.74522164843181
127712,127.98792234744239,62.47029543148974,89.41724286012902
