UE ID,Internet usage,Data rate,optimal GU
390954,128.44829863522295,10.704024886268579,37.07982989699771
517836,115.90334234832682,9.658611862360567,33.45841295239192
225576,108.6635344685455,9.055294539045459,31.36846043825546
50957,109.95180230796387,9.162650192330323,31.74035133019373
323780,123.19487038200401,10.266239198500335,35.56329578891554
1140795,117.79884628149019,9.816570523457516,34.00559780542285
73432,127.12659311363404,10.593882759469503,36.69828637765832
