UE ID,Internet usage
494598,0.39206496702280796
1054697,0.441186942850299
1112951,0.4583302295275233
44390,0.33082561090805657
699237,0.4709318170469096
414501,0.44763815874246005
55127,0.38947281293484404
