UE ID,Internet usage
494598,0.36589195529517354
1054697,0.41501393112310797
1112951,0.43215721780121885
44390,0.3046525991808655
699237,0.44475880532326534
414501,0.421465147015269
55127,0.363299801207653
