UE ID,Internet usage
494598,0.9325685214576588
1054697,0.9816904972851498
1112951,0.9988337839637041
44390,0.8713291653415773
699237,1.0114353714830906
414501,0.9881417131742075
55127,0.9299763673683648
