UE ID,Internet usage,Data rate,optimal GU
494598,114.7578224051055,92.21610728981692,102.87137436262317
1054697,123.01031434419843,98.84757402658802,110.26908521055218
1112951,125.89038650618626,101.16191772818539,112.85084369426873
44390,104.46961057788849,83.94879421437467,93.64880052653648
699237,128.00745320956338,102.86313204339915,114.74862771307792
414501,124.09411861407263,99.71848817202265,111.24063061325649
55127,114.3223405183972,91.86616648799775,102.48099905524266
