UE ID,Internet usage
302680,0.7986987390560163
662709,0.881451891558791
867487,0.8712256644926859
262387,0.8776850353677785
1249019,0.913298875530165
724497,0.933959998211428
577976,0.7862825791187481
