UE ID,Internet usage
755535,0.6354336317011269
750854,0.7024881531491658
657275,0.6272311363638226
314903,0.6809725945968171
454367,0.6706535845293236
1258247,0.6311438359649312
486226,0.6906713056839056
