UE ID,Internet usage,Data rate,optimal GU
755535,111.3773938549445,110.7144331772365,111.04541876821396
750854,122.64255345766607,121.91253825851331,122.27700106941403
657275,109.99937463795587,109.34461645558709,109.67150692017374
314903,119.0279396207572,118.31943998015745,118.67316106820441
454367,117.29434592977113,116.59616529923679,116.94473458302197
1258247,110.65670817094431,109.99803728897442,110.32688118343005
486226,120.65732308350377,119.93912473181625,120.29768793754687
