UE ID,Internet usage,Data rate,optimal GU
755535,111.3773938549445,3.3148033885400148,19.21442589715149
750854,122.64255345766607,3.650075995763871,21.157850562734726
657275,109.99937463795587,3.2737909118439243,18.976694996712546
314903,119.0279396207572,3.542498202998726,20.534270432941444
454367,117.29434592977113,3.4909031526717595,20.235197107930773
1258247,110.65670817094431,3.293354409849533,19.090095804741587
486226,120.65732308350377,3.590991758437612,20.81536578559229
