UE ID,Internet usage
1253665,0.6487452709682858
1249969,0.7207201747467475
1106112,0.7511571798678184
880514,0.7116334576975765
104470,0.6391491466004483
878310,0.6443946791160143
1103138,0.7199536236557513
