UE ID,Internet usage
1253665,0.7180621507428141
1249969,0.7900370545212758
1106112,0.8204740596423469
880514,0.7809503374721047
104470,0.7084660263749767
878310,0.7137115588905427
1103138,0.7892705034302796
