UE ID,Internet usage,Data rate,optimal GU
1253665,112.90154786470265,87.36429299054372,99.31547667276122
1249969,124.9933316996211,96.72103048184965,109.95218890657428
1106112,130.10674856034544,100.67784114788634,114.45027987657544
880514,123.4667632355164,95.53975726557816,108.60932091624478
104470,111.28939897120773,86.11679682295836,97.89732662209244
878310,112.1706484341519,86.79871605023658,98.67253043581515
1103138,124.86455111682986,96.62137884040405,109.83890520756393
