UE ID,Internet usage
54369,0.3480171537787688
163402,0.33813967823194513
382299,0.3375605210186282
848459,0.39742701945937886
729161,0.37052474540970115
663646,0.32743120398478426
1063824,0.39747567541955
