UE ID,Internet usage
222435,1.1607958385346548
828782,1.0412667884696856
54386,1.0124072275614255
939865,1.0858863676673047
36471,1.0320098465072645
983960,0.981839110336483
628936,1.046899672463199
