UE ID,Internet usage
222435,0.9628652761444199
828782,0.843336226083884
54386,0.8144766651756239
939865,0.8879558052815031
36471,0.8340792841170294
983960,0.7839085479462479
628936,0.8489691100729637
