UE ID,Internet usage
1200280,0.3872641888288965
61142,0.49077547108861996
168242,0.4065791523744336
778025,0.5013376478600822
184601,0.4189298638862396
499949,0.44730665781022055
91712,0.5276512726374241
