UE ID,Internet usage
1200280,0.5676918616041968
61142,0.6712031438630336
168242,0.5870068251484039
778025,0.6817653206344957
184601,0.5993575366619832
499949,0.6277343305846341
91712,0.7080789454162711
