UE ID,Internet usage,Data rate,optimal GU
1200280,110.61040851996948,53.33001839355672,76.80400458888062
61142,128.0003039394052,61.71443225649894,88.87894062307278
168242,113.85532239557534,54.89453044072383,79.05715945493068
778025,129.77474963712925,62.56996857504446,90.11105374275367
184601,115.93024192958003,55.894938073190374,80.49791111242486
499949,120.69754330881503,58.19345838103582,83.80815869135174
91712,134.1954386000982,64.70137218219021,93.18062576532317
