UE ID,Internet usage,Data rate,optimal GU
1200280,110.61040851996948,80.98262052354907,94.64417963682409
61142,128.0003039394052,93.71450824135023,109.52390395902039
168242,113.85532239557534,83.35836103961765,97.4207014475488
778025,129.77474963712925,95.01365598432676,111.04221457389227
184601,115.93024192958003,84.87749855558538,99.1961135424498
499949,120.69754330881503,88.36784420823956,103.27527150015445
91712,134.1954386000982,98.25023183221475,114.82479241559895
