UE ID,Internet usage
1105927,0.49532536827359475
307585,0.4971913331568081
1094352,0.3949744502476135
795860,0.44586945579440035
135751,0.4134703591712573
442305,0.42452202154266805
1278749,0.39970950730980853
