UE ID,Internet usage,Data rate,optimal GU
1105927,128.31275108067265,48.11728165525225,78.5751919100997
307585,128.62623318105736,48.23483744289651,78.76715970745933
1094352,111.45379685261149,41.795173819729314,68.25123304617799
795860,120.00415778461394,45.00155916923023,73.48723839618648
135751,114.56110955183061,42.96041608193648,70.15406569226727
442305,116.41778883023426,43.65667081133785,71.29104490428922
1278749,112.24928643908197,42.09348241465574,68.73836894181554
