UE ID,Internet usage
170000,0.5601265175612801
1085339,0.5089161033523482
1174866,0.5539283218061426
685313,0.5725913719639755
643631,0.5866942309122669
527781,0.5448052131314023
156476,0.6059414024134675
