UE ID,Internet usage
1194479,0.30503778112801244
985822,0.2706543425495711
975586,0.32582590214666385
1234186,0.39693495131263107
524719,0.34292054098044694
814535,0.30339059260446066
196483,0.3839797099207042
