UE ID,Internet usage
1194479,0.6702090390246006
985822,0.6358256004448293
975586,0.6909971600401487
1234186,0.7621062092052292
524719,0.7080917988752617
814535,0.668561850497502
196483,0.7491509678133024
