UE ID,Internet usage
1194479,0.9845589415719224
985822,0.950175502992151
975586,1.0053470625919039
1234186,1.0764561117569844
524719,1.0224417014225835
814535,0.9829117530492573
196483,1.0635008703650575
