UE ID,Internet usage
156993,0.3305403826591651
44091,0.3062110487360375
370292,0.36275809003801013
219077,0.34817044285968746
991154,0.3196765243400451
1010657,0.35072813551885484
619498,0.3942610248330021
