UE ID,Internet usage
748506,0.7768465150559496
1213243,0.7944704407075307
123623,0.7424045698604982
117464,0.763140310640263
359850,0.7764541935483821
729652,0.7835833976502689
1283822,0.7888059218078524
