UE ID,Internet usage,Data rate,optimal GU
853768,117.38898811506287,16.07111146813361,43.43468099489838
962874,112.23612748793761,15.365660310848602,41.52808940445908
827309,113.56367487526765,15.54740786982831,42.01929048047289
1281625,101.26021303985681,13.863005356647063,37.466930429203266
921962,124.96798807965155,17.10871265376182,46.23895975228563
832317,125.12323773077104,17.12996707028413,46.296403122223666
1206186,107.64187691648453,14.736685530233002,39.82818712924654
