UE ID,Internet usage
1171456,0.6200843468176662
1161943,0.7440279955080107
1142093,0.7026422494709749
470373,0.6838878912662905
1058204,0.7480924433161092
263948,0.7604138120795457
389225,0.7108380809455129
