UE ID,Internet usage,Data rate,optimal GU
473711,137.45872099018305,30.273646884742696,64.50873414108489
170976,140.45905597900298,30.93443494775661,65.91677730294293
661856,123.04268159109078,27.09868582660928,57.74335435095965
941417,118.84372992642571,26.173916709986617,55.772805995381034
251989,113.59165798726241,25.01721039005184,53.308033225979706
575966,119.45614277067494,26.30879334830341,56.060208475701515
57387,117.26910531205452,25.827124384202484,55.03384203668296
