UE ID,Internet usage
692517,0.7661310992690026
286478,0.7411251879624016
197152,0.7036125176042882
1054263,0.7867126863937971
1185305,0.7076505865942678
481041,0.7275275102155534
667000,0.7465358035704852
