UE ID,Internet usage
692517,1.0134532107798433
286478,0.9884472994732424
197152,0.9509346291151289
1054263,1.034034797904638
1185305,0.9549726981006751
481041,0.9748496217263941
667000,0.9938579150813258
