UE ID,Internet usage
288711,0.4105518100481188
993501,0.43216597397678846
226139,0.4305871954321859
334912,0.4364864549103189
132504,0.39531892128425083
1274866,0.3773525767171016
1191009,0.37495126459947636
