UE ID,Internet usage,Data rate,optimal GU
129173,122.76468784367083,46.036757941376564,75.17771091226261
352862,121.20286318620873,45.451073694828274,74.22129254264279
187490,122.7758368441957,46.04093881657339,75.18453825286959
549907,117.2576155008457,43.97160581281714,71.80533160813383
492533,120.91913031061134,45.344673866479255,74.04754235052624
597402,120.23143611253663,45.08678854220124,73.62641737943737
597746,128.44395656784434,48.16648371294163,78.65553853385568
