UE ID,Internet usage
1051242,0.8750056198391365
974869,0.8005879996901013
260325,0.9301441860045827
1231679,0.9022526519117948
70932,0.8542583720917509
255281,0.9007069129992055
460462,0.8347093141380226
