UE ID,Internet usage,Data rate,optimal GU
1051242,116.68713950961934,64.59466651425356,86.81801001592954
974869,104.1849793248266,57.673827840529015,77.51610517272604
260325,125.950418625711,69.7225531678043,93.71011022903743
1231679,121.26464089802282,67.12864049711978,90.22378003528615
70932,113.20160188801741,62.66517247372392,84.22468703779458
255281,121.0049567607078,66.98488677824896,90.03056885426707
460462,109.91736015219456,60.84711008425056,81.78113299136176
