UE ID,Internet usage,Data rate,optimal GU
1051242,116.68713950961934,104.18494599073155,110.25898297926862
974869,104.1849793248266,93.02230296859517,98.4455520149633
260325,125.950418625711,112.45573091581338,119.01195900289603
1231679,121.26464089802282,108.27200080180607,114.58431522918593
70932,113.20160188801741,101.07285882858696,106.9654595035121
255281,121.0049567607078,108.04013996491767,114.33893678391313
460462,109.91736015219456,98.14050013588799,103.86214276122412
