UE ID,Internet usage,Data rate,optimal GU
739362,114.3356690987636,69.41808480996362,89.08963561661878
53055,109.70094235861718,66.60414357487473,85.47828563531439
1123621,121.11008795391359,73.53112482916183,94.36822026196101
1247701,128.38944377756434,77.95073372209264,100.04024862340407
634048,125.45509260907214,76.16916336979381,97.75382061338078
886847,118.09555928652945,71.70087528110717,92.01931844811743
200348,119.7013395701418,72.67581331044323,93.27053236478066
