UE ID,Internet usage,Data rate,optimal GU
739362,114.3356690987636,90.51573803652118,101.73090716382144
53055,109.70094235861718,86.8465793672386,97.607128823711
1123621,121.11008795391359,95.8788196301816,107.75849051619417
1247701,128.38944377756434,101.64164299057177,114.23534482898575
634048,125.45509260907214,99.31861498218211,111.62448674190819
886847,118.09555928652945,93.49231776850249,105.07629397663983
200348,119.7013395701418,94.76356049302893,106.50504745528134
