UE ID,Internet usage
575889,0.8874120606839199
877454,0.8347581295475139
969731,0.8410838010246156
754928,0.8034728765910132
975675,0.8681936095541761
1116106,0.8400772132425247
814078,0.8403161170495062
