UE ID,Internet usage,Data rate,optimal GU
575889,126.37846356292118,94.78384767219089,109.4469599367358
877454,117.53260313218948,88.14945234914211,101.78622008539057
969731,118.59531594020063,88.94648695515048,102.70655637405532
754928,112.2766806353022,84.20751047647666,97.23445768276405
975675,123.14976377317168,92.36232282987876,106.65082389761925
1116106,118.42620919340743,88.81965689505557,102.56010563538106
814078,118.46634503298348,88.84975877473762,102.59486429205616
