UE ID,Internet usage,Data rate,optimal GU
81171,122.58318897370158,2.188985517387528,16.380867661348447
718982,113.56475955177206,2.0279421348530726,15.17572933764623
78391,103.04100514317672,1.8400179489852986,13.769433501234959
57527,108.93529783523614,1.9452731756292168,14.557091493772523
683658,103.56839700135167,1.8494356607384226,13.839909202730128
323276,107.61623393616863,1.9217184631458684,14.38082416585921
173344,115.02376433807692,2.0539957917513734,15.370697053218233
