UE ID,Internet usage,Data rate,optimal GU
248268,130.24046573078,86.82697715385332,106.34089496761653
1067888,107.64998824721481,71.76665883147653,87.89584734076078
809122,133.96301239772563,89.3086749318171,109.38034159352156
618395,104.77066177853169,69.84710785235445,85.5448871237063
844754,111.39322661849708,74.26215107899806,90.95218867251023
805529,118.42352637799131,78.94901758532754,96.69240438903428
1135747,111.98250002880872,74.65500001920581,91.4333283972613
