UE ID,Internet usage
1132220,1.0099283724527592
1047052,1.0449179430739208
843394,1.0513736859418619
1014573,0.976148513657683
1088670,1.029976626517124
607021,0.9535663638075308
1134410,1.0523496093008005
