UE ID,Internet usage
1132220,0.43010261360508184
1047052,0.4650921842297901
843394,0.47154792709329757
1014573,0.3963227548126655
1088670,0.4501508676729933
607021,0.3737406049611834
1134410,0.47252385045223627
