UE ID,Internet usage
251266,0.2946840594623837
1257243,0.3986547839227325
830953,0.38157539244505284
1239990,0.3654262433125867
477117,0.3757402646214202
1284675,0.4319626547415768
602338,0.4606859166908593
