UE ID,Internet usage,Data rate,optimal GU
251266,107.49817848238642,83.82298441186084,94.92532928166492
1257243,124.96526019172289,97.44314931616488,110.34948349763785
830953,122.09592242346197,95.20574903258047,107.81573979781214
1239990,119.38286536918952,93.09021049621326,105.41999841993425
477117,121.11562094905594,94.44134728765673,106.95009312763587
1284675,130.56098248928956,101.80648039343413,115.29073728597346
602338,135.38649049642098,105.56922770851874,119.55186006028461
