UE ID,Internet usage
738255,0.7081014319946055
449193,0.6025435713274362
1241869,0.7183383110805941
138110,0.6867533315339339
317978,0.7257859086510278
1230695,0.691079383449874
8616,0.6697119499253725
