UE ID,Internet usage,Data rate,optimal GU
738255,123.5855843042555,62.52842063012927,87.90683363195826
449193,105.85186371184517,53.55600247325499,75.29277969865524
1241869,125.30537999059965,63.39855535238672,89.13012997458202
138110,119.99910342658644,60.713832090832426,85.35575795745828
317978,126.5565763824285,64.03160114587156,90.02011009383787
1230695,120.72588014845552,61.08154650368285,85.8727166362281
8616,117.13615131640269,59.26531465413231,83.31933068106501
