UE ID,Internet usage,Data rate,optimal GU
111634,118.17441604478091,26.729927438700443,56.20314551684622
361209,110.53891550004643,25.002849934534307,52.57174066144119
211584,118.76546795063983,26.86361775073996,56.48424676857917
1073739,127.94585140434148,28.940133055743903,60.850390003450926
337277,125.10029930805521,28.296496272060104,59.497060036643724
39621,104.77632839201365,23.699407612479277,49.83108382025537
354044,116.64488073089139,26.38396111770162,55.4757063747978
