UE ID,Internet usage,Data rate,optimal GU
111634,118.17441604478091,2.8136765724947836,18.23470827552368
361209,110.53891550004643,2.631878940477296,17.05652496283377
211584,118.76546795063983,2.827749236919996,18.325909564599186
1073739,127.94585140434148,3.046329795341464,19.742473485441913
337277,125.10029930805521,2.9785785549536956,19.30339526449329
39621,104.77632839201365,2.4946744855241345,16.16733846761595
354044,116.64488073089139,2.7772590650212234,17.998695852705204
