UE ID,Internet usage,Data rate,optimal GU
832470,118.73648531977756,114.49589655835693,116.59691394233433
1291276,118.13492034426541,113.91581604625594,116.00618886325177
933251,126.97354719554897,122.4387776528508,124.68554813156807
1048252,117.74590911432716,113.54069807452977,115.62418741881321
769277,108.71879160165824,104.83597761588473,106.75973399544175
614200,103.71263541915872,100.00861272561734,101.84378621392563
849901,110.34581596552157,106.40489396675295,108.3574402036434
