UE ID,Internet usage
492226,0.7137238815123806
1224410,0.6754713530743843
723301,0.654594888866163
331203,0.737994718320676
877018,0.6585431710799071
783108,0.7082625446105385
1114131,0.6563962327063358
