UE ID,Internet usage,Data rate,optimal GU
492226,121.56364053315357,10.853896476174427,36.32408525501682
1224410,115.13721575521475,10.280108549572747,34.40382356743484
723301,111.62996976830267,9.966961586455596,33.3558333815522
331203,125.64114111671451,11.217959028278083,37.54247159302925
877018,112.293281179861,10.026185819630447,33.55403557555032
783108,120.64613593307136,10.771976422595658,36.049928318213276
1114131,111.93259553374251,9.993981744084154,33.44626012474606
