UE ID,Internet usage
625675,0.4374726539770939
1123041,0.3594089919838435
862414,0.43542239993412085
694398,0.394097790751781
439867,0.4622234830743175
847805,0.2614022125990057
1117045,0.29926469767536373
