UE ID,Internet usage,Data rate,optimal GU
462279,119.61447261778311,38.447509055716,67.81503166088555
1229211,105.31557902227968,33.85143611430418,59.708320987226344
500068,124.28483787129858,39.94869788720311,70.46287987359392
275772,114.37666888631942,36.763929284888384,64.84547607025289
466040,119.17265040869445,38.30549477422321,67.56454201325259
956079,123.51005223032706,39.69965964546227,70.02361770386655
709742,120.08442870640964,38.598566369917386,68.08147171894836
