UE ID,Internet usage,Data rate,optimal GU
1081890,120.62520251195718,77.54477304340105,96.71532428785011
82673,126.17876924010488,81.11492308292456,101.16808371027493
787709,112.2787730369923,72.17921123806649,90.02329296680938
821289,115.41011889671961,74.19221929074831,92.53395511679352
750319,119.41955432264915,76.76971349313159,95.74865519069832
856489,122.90264866784875,79.00884557218848,98.54134355188688
1109228,107.5980511152596,69.1701757169526,86.2703663052624
