UE ID,Internet usage
1128611,0.8573636648147291
776858,0.8828544103992176
1289871,0.8297709846350626
579995,0.8263798895082921
854080,0.7846261359722522
444745,0.8028597274397472
57263,0.8512925562620498
