UE ID,Internet usage
1128611,0.6626167792171408
776858,0.6881075248016295
1289871,0.6350240990374744
579995,0.631633003910704
854080,0.5898792503746638
444745,0.608112841842159
57263,0.6565456706600281
