UE ID,Internet usage
1152508,0.32019386285034684
1231408,0.36373464375537196
75424,0.368158935873701
1270761,0.3428735489570066
507710,0.36530543692956596
936444,0.3653001852603229
184614,0.34230043412598327
