UE ID,Internet usage
590388,0.6786713832823155
648293,0.6741332985418257
578126,0.6093651535015914
323644,0.6654561159341141
474011,0.6943776502833
519644,0.6676860528589131
111617,0.630793488839655
