UE ID,Internet usage,Data rate,optimal GU
854893,100.39239263163057,43.02531112784167,65.72224834745343
163681,106.46362835314159,45.627269294203536,69.69680509827401
670435,124.49281830280408,53.35406498691603,81.49968047871194
603446,125.04413948738502,53.59034549459358,81.86060491593692
653723,117.18192883136025,50.22082664201153,76.71357985009092
849099,120.80998954463445,51.77570980484333,79.08870311358727
318152,124.12336860166747,53.195729400714626,81.25781887572089
