UE ID,Internet usage,Data rate,optimal GU
854893,100.39239263163057,80.67245836470313,89.99389487464217
163681,106.46362835314159,85.55112992663163,95.43628084591435
670435,124.49281830280408,100.03887185046756,111.5980335691349
603446,125.04413948738502,100.48189780236297,112.09224970869235
653723,117.18192883136025,94.16404995377162,105.04439537717145
849099,120.80998954463445,97.07945588408126,108.29666684785205
318152,124.12336860166747,99.74199262633992,111.2668509297535
