UE ID,Internet usage
700953,0.3372906705530185
841549,0.39440545247933123
957218,0.39310736692175313
1208974,0.43591000687817705
909414,0.4110317786385719
1240693,0.40445028210771
68926,0.36338368837189505
