UE ID,Internet usage,Data rate,optimal GU
700953,107.85301417225757,86.02561844691972,96.323009948469
841549,117.44829753596592,93.67899922511567,104.8925115242404
957218,117.23021916224002,93.5050557603581,104.69774677405552
1208974,124.42106267496534,99.24060951455569,111.11985464493866
909414,120.2415203306581,95.90692693040586,107.38712541246896
1240693,119.13582891348744,95.02500639528165,106.39963770808303
68926,112.23664116585192,89.5220828346676,100.23800620290818
