UE ID,Internet usage,Data rate,optimal GU
700953,107.85301417225757,105.2850852633943,106.5613147114853
841549,117.44829753596592,114.6519094993953,116.04168035646337
957218,117.23021916224002,114.43902346790097,115.82621379400588
1208974,124.42106267496534,121.4586564207995,122.93093631364472
909414,120.2415203306581,117.37862698945196,118.80145017438517
1240693,119.13582891348744,116.29926155840441,117.7090010482928
68926,112.23664116585192,109.56434018571258,110.89244128432358
