UE ID,Internet usage,Data rate,optimal GU
463937,115.53980482541057,81.84069508466581,97.24123578430206
1226536,118.61262082461731,84.01727308410392,99.82739581419092
1016100,117.6416532260601,83.32950436845923,99.01020480947275
423190,100.62514112922604,71.27614163320177,84.68867581316661
731915,118.0741347513607,83.63584544888049,99.37419225118306
30303,119.5464486366024,84.6787344509267,100.6133290307512
1020634,123.9716839778321,87.8132761509644,104.3377195459315
