UE ID,Internet usage
194758,0.8106731697340509
1049577,0.7614560125329509
383952,0.7791978995943014
861818,0.7938834934670891
362679,0.8870800228673245
174794,0.8464897915596675
186642,0.7560822074611288
