UE ID,Internet usage
349435,0.7137611869528168
765586,0.7418459859360846
47503,0.688453490825716
811630,0.7760458651692883
71178,0.6360477645293038
1184334,0.6165748899775542
927306,0.6516425590621688
