UE ID,Internet usage,Data rate,optimal GU
973860,119.78601131782867,84.84842468346197,100.81495107092553
1164713,120.43967054450385,85.31143330235689,101.36508728657653
386583,117.90672996064832,83.51726705545921,99.23330012530764
1150929,106.79158088498588,75.64403646019832,89.87850821028401
377315,108.47154195068843,76.83400888173763,91.29240613356059
1249848,122.37684292680419,86.68359707315297,102.99546079003494
267995,119.44485192890544,84.60677011630801,100.52782265982563
