UE ID,Internet usage
815151,1.0881587620723365
99660,1.0703051034501465
562421,1.0977468499598149
1007932,1.1067322048173507
198296,1.055030680734565
533071,1.0674675762523311
1001805,1.0356662966970043
