UE ID,Internet usage,Data rate,optimal GU
815151,122.5270872558916,30.6317718139729,61.2635436279458
99660,119.52767260765357,29.881918151913393,59.763836303826785
562421,124.13788602089042,31.034471505222605,62.06894301044521
1007932,125.64742563712133,31.411856409280333,62.823712818560665
198296,116.96156959109904,29.24039239777476,58.48078479554952
533071,119.05096803803497,29.76274200950874,59.52548401901748
1001805,113.7083530731944,28.4270882682986,56.8541765365972
