UE ID,Internet usage,Data rate,optimal GU
986249,122.59493580980154,24.81087986626936,55.15150246901701
465212,114.15906302664365,23.10361989824931,51.356475736832465
988506,103.42308211319063,20.93086185624096,46.52670463785135
470451,113.90359742378837,23.051918526242883,51.24155001226191
150797,109.96874905397038,22.25558016568448,49.47138880495147
302759,122.84476534346045,24.86144060522414,55.2638927080706
112508,123.65083973271305,25.024574707810974,55.62651954396247
