UE ID,Internet usage,Data rate,optimal GU
986249,122.59493580980154,50.35149149331134,78.56740970370777
465212,114.15906302664365,46.88675802880007,73.16111238167977
988506,103.42308211319063,42.477337296489004,66.28074488993374
470451,113.90359742378837,46.78183465619879,72.99739215496604
150797,109.96874905397038,45.16573621859498,70.47566609873576
302759,122.84476534346045,50.4541000517784,78.72751794306863
112508,123.65083973271305,50.78516631879286,79.24410679214091
