UE ID,Internet usage
485378,1.087788223242443
1025255,1.0683795204939237
612823,1.0191676630812232
511332,1.0623445334731818
1269221,1.035170654883255
579480,1.020418069720908
260507,1.052421067691291
