UE ID,Internet usage
490687,0.8332808755216085
182840,0.8368873590278617
406291,0.7778942528100838
44339,0.8535282370944431
808748,0.8554201910437751
666848,0.7928502822433225
560693,0.8427129222907653
