UE ID,Internet usage
245839,0.7195222732503997
1174363,0.7847745260706511
453489,0.6382972949777137
852965,0.6752367512273721
1176526,0.6466628580484965
54433,0.7459419105541121
869253,0.6411809726481809
