UE ID,Internet usage
245839,0.3767352992736512
1174363,0.44198755209478935
453489,0.29551032100229524
852965,0.33244977725106695
1176526,0.3038758840708614
54433,0.4031549365773635
869253,0.2983939986705457
