UE ID,Internet usage
35865,0.40672316278502174
229415,0.4536955685355623
1010456,0.49726511395707074
247066,0.4848355634326171
378443,0.481134676465153
92717,0.41569544170102013
474925,0.4149443256302614
