UE ID,Internet usage,Data rate,optimal GU
35865,111.87321924849911,106.54592309380867,109.17708282559752
229415,119.76458341427775,114.06150801359786,116.87826569064434
1010456,127.08426704532363,121.0326352812606,124.0215454801422
247066,124.99610255698481,119.04390719712839,121.98370560364381
378443,124.37435354679442,118.45176528266136,121.37694069924333
92717,113.38056210646843,107.98148772044613,110.64809883064824
474925,113.25437460649935,107.861309149047,110.52495244022322
