UE ID,Internet usage
765443,0.3250076509094605
216305,0.29182962436464077
1110765,0.2717620586623433
867120,0.33947318276767735
8583,0.3254979813733023
934050,0.3193752075646503
207126,0.35872799769211206
