UE ID,Internet usage,Data rate,optimal GU
765443,121.52709580212208,119.3569690913699,120.43714467479639
216305,115.9531873426269,113.88259471150857,114.91322743552199
1110765,112.58183630459969,110.57144637058899,111.57211334046009
867120,123.95730515424844,121.74378184792259,122.84555798707251
8583,121.60947132003415,119.43787361789069,120.51878138390191
934050,120.58084532018464,118.42761593946706,119.4993809156981
207126,127.19211406162654,124.92082631052608,126.05135456932254
