UE ID,Internet usage,Data rate,optimal GU
584817,119.22465855322733,29.096494051680477,58.8983834108171
1226847,126.7861217847583,30.941851149851725,62.6338351702254
809552,118.89485225127248,29.016005608941498,58.73545521911951
796139,114.51952964617286,27.94821854460171,56.57399439827661
560986,108.61762995143164,26.507873976242244,53.65838654255889
934392,114.79874872329553,28.01636129556617,56.71193190599985
730415,126.94189800615095,30.979867965786838,62.71079045552636
