UE ID,Internet usage,Data rate,optimal GU
1292693,119.16050844441229,69.51029659257384,91.01034163265732
578743,121.97707369561579,71.15329298910922,93.16152887656105
576250,103.61850810061928,60.44412972536125,79.1399427949138
821844,128.78356529726753,75.12374642340606,98.36007270683609
18276,113.46057622848619,66.18533613328361,86.65694649339086
591862,100.54402595515774,58.650681807175346,76.79176826918584
704415,129.84912653226056,75.74532381048533,99.17390854299713
