UE ID,Internet usage
1008810,1.039933871014086
1015469,1.0488050877262798
839009,1.0796211329942325
912149,0.9579056836375531
637888,1.0546155179163537
824074,1.0849899599409847
1288728,0.9678014672605628
