UE ID,Internet usage
1008810,0.7074014279143704
1015469,0.7162726446265639
839009,0.7470886898945168
912149,0.6253732405378374
637888,0.7220830748122045
824074,0.752457516841269
1288728,0.6352690241608471
