UE ID,Internet usage,Data rate,optimal GU
1008810,120.49054670098076,20.081757783496794,49.19005970773164
1015469,121.98091110873928,20.330151851456545,49.79849842936725
839009,127.15800671385682,21.193001118976138,51.91203885972446
912149,106.7098112218859,17.784968536980983,43.564098007056465
637888,122.957063380325,20.49284389672083,50.19701092547453
824074,128.05996964105,21.343328273508334,52.28026368281286
1288728,108.37230287054847,18.062050478424744,44.24280738053341
