UE ID,Internet usage,Data rate,optimal GU
495054,122.95649786331576,60.01448109995174,85.9020978622421
884863,112.88353012047624,55.09791351118483,78.86473850470327
374273,112.7358916609549,55.02585188213275,78.76159264727872
869541,128.12039383774945,62.53495413509199,89.50979249452868
410202,113.42232649873382,55.36089745771532,79.24116219940184
1297958,117.57215162398079,57.386407340276335,82.14038826890517
509283,134.88612762415931,65.83727657845871,94.23659210194869
