UE ID,Internet usage,Data rate,optimal GU
495054,122.95649786331576,88.55795381822146,104.34929735954029
884863,112.88353012047624,81.30301871772396,95.80068769224903
374273,112.7358916609549,81.19668387485443,95.67539159336842
869541,128.12039383774945,92.27718841885526,108.73173282195013
410202,113.42232649873382,81.69108039492139,96.25794716586826
1297958,117.57215162398079,84.67994253870044,99.77977271807181
509283,134.88612762415931,97.15012763406712,114.47359745702126
