UE ID,Internet usage
1146062,0.48678188012502943
46399,0.3879659674618001
979228,0.39994861317761227
231419,0.44921477037420493
1170362,0.47761924065680594
990316,0.4134513561459562
1217666,0.45390019692332384
