UE ID,Internet usage
1146062,1.0899658737872449
46399,0.9911499611204686
979228,1.0031326068353943
231419,1.052398764031987
1170362,1.0808032343145877
990316,1.0166353498050682
1217666,1.057084190581106
