UE ID,Internet usage
383928,0.3923267728133001
374754,0.39310518063966804
309417,0.37549602608171684
189949,0.3775945706715235
884034,0.38511568474264224
1081045,0.3656784669172351
323964,0.2981968902371139
