UE ID,Internet usage
836582,0.7506110256104933
980646,0.677249268781363
131531,0.7037647375285959
641417,0.6575077056192744
723130,0.6705021567842029
679757,0.704578536624159
878570,0.6471785400853094
