UE ID,Internet usage
1090378,1.0290319172118148
1265570,0.9092523863993633
240311,1.0091601964773742
827419,0.9960956178652738
34659,1.0511344646921794
393241,0.9547891342719061
210197,1.0279918618530113
