UE ID,Internet usage,Data rate,optimal GU
1090378,118.83096744300241,98.31847901534127,108.08922230693277
1265570,98.7080062663829,81.6691242323049,89.7852795645943
240311,115.49251835961553,95.55630983325332,105.0525528856587
827419,113.29766915277466,93.74033340616475,103.05610743921218
34659,122.54419541957644,101.3907331150067,111.46679242079006
393241,106.3581799091957,87.99873218677502,96.74391448407567
210197,118.6562381424179,98.17391132021481,107.93028769063865
