UE ID,Internet usage
979101,0.9993958950568259
900,0.9566253583624557
280295,0.9452209662442073
1023291,0.9729661861539024
532095,0.9773674070357491
851019,1.005278470030422
573798,0.9910773324764545
