UE ID,Internet usage,Data rate,optimal GU
979101,126.68371097882469,111.6023168146789,118.90414478864061
900,119.4982608137024,105.27227738349974,112.15994855217203
280295,117.58232293813326,103.58442735026026,110.36166720406096
1023291,122.24351988295051,107.69071989688497,114.73662300644948
532095,122.9829249911593,108.34210058744986,115.43062171681733
851019,127.6719835742639,112.47293791066106,119.83172819199063
573798,125.28619246519331,110.3711695526703,117.59244699887971
