UE ID,Internet usage
283951,0.6983580698885553
1196178,0.6002216066854026
903720,0.6111417821562424
754084,0.6526238958517063
244465,0.6404614371789045
732099,0.6236710349283505
117986,0.6894790754311779
