UE ID,Internet usage
283951,0.7639463918818946
1196178,0.6658099286831753
903720,0.6767301041495817
754084,0.7182122178494792
244465,0.7060497591722439
732099,0.6892593569261233
117986,0.7550673974245173
