UE ID,Internet usage,Data rate,optimal GU
283951,127.80867607051194,64.66510396424711,90.91073273069817
1196178,111.3217502528971,56.3235045922396,79.1835280319411
903720,113.15633973164579,57.25171950708269,80.4884775776281
754084,120.12533483278733,60.77769917135073,85.44554677292976
244465,118.08204177553324,59.743890184049555,83.99214568366384
732099,115.2612541977039,58.3167059928859,81.98571017816937
117986,126.31700500148104,63.91038943527314,89.84970218059712
