UE ID,Internet usage
23794,0.8732687004014975
289841,0.9143763992226157
353924,0.9798491524149426
616023,0.9110113767366177
71792,0.8936637514129107
848797,0.9008111321130815
444549,0.8581800794985841
