UE ID,Internet usage,Data rate,optimal GU
94989,116.83906313486875,115.4481219070727,116.14151025495791
130340,105.33347981169395,104.0795098139357,104.70461759539164
1128464,107.34974003208275,106.07176693646272,106.70884033374621
510776,107.53267428448356,106.25252340014448,106.89068243159552
385711,122.82694481779093,121.36471928424581,122.09364307101637
461350,111.98311573661546,110.64998340641766,111.31455384654537
933701,110.89927829970836,109.57904879614041,110.23718713873508
