UE ID,Internet usage
1299915,0.3789586261961367
979932,0.41966486860451957
1142350,0.3379047716050045
896953,0.2974049158428536
866252,0.3513322799589328
702789,0.3160567251064601
515772,0.374792002575802
