UE ID,Internet usage,Data rate,optimal GU
1299915,121.6714563848913,2.896939437735507,18.774313314955283
979932,128.51010510954305,3.0597644073700727,19.829539722383036
1142350,114.77440881362764,2.7327240193720868,17.710075769861394
896953,107.97043304559735,2.570724596323746,16.66019951579342
866252,117.03023021710885,2.786434052788306,18.05815656933473
702789,111.10393700185716,2.6453318333775515,17.143709673363777
515772,120.97146361665958,2.8802729432537992,18.66630208586789
