UE ID,Internet usage
674197,0.3090272560560885
456508,0.41523357889228873
608593,0.38248302363688574
74537,0.321478939348721
866216,0.30061723300033055
337262,0.3437201183685752
567145,0.3441584972511259
