UE ID,Internet usage,Data rate,optimal GU
674197,107.8300989475545,14.762454022581867,39.897830491941875
456508,125.67276118401524,17.205199447811612,46.499730336080226
608593,120.170667901104,16.451936676936857,44.46392041570527
74537,109.92198174066708,15.048842738305613,40.6718405865557
866216,106.41721507416577,14.569023492296505,39.37505436695029
337262,113.658499816003,15.560389855762317,42.05437631873877
567145,113.73214746827067,15.570472570060867,42.0816264239968
