UE ID,Internet usage,Data rate,optimal GU
1291546,114.39728331012957,53.79396060416808,78.44668859556128
1284452,113.73203832074206,53.48113706749181,77.9905041040051
225040,113.7040922620118,53.46799576606508,77.97134039921028
501235,120.04834770521546,56.451306361381086,82.32184433359544
1168282,116.62401779799458,54.841055988342696,79.9736474699341
1180070,107.38778283685755,50.497826453046116,73.64000014172349
791801,107.31740427945306,50.464731774266625,73.59173881403491
