UE ID,Internet usage,Data rate,optimal GU
1291546,114.39728331012957,90.56451595385258,101.78572881017074
1284452,113.73203832074206,90.03786367058747,101.1938227427989
225040,113.7040922620118,90.01573970742601,101.16895755480732
501235,120.04834770521546,95.03827526662892,106.8138002063041
1168282,116.62401779799458,92.32734742341238,103.76698034129005
1180070,107.38778283685755,85.0153280791789,95.5489800551061
791801,107.31740427945306,84.95961172123367,95.48636027471669
