UE ID,Internet usage
35731,0.899514801859534
492740,0.9108015106506917
333147,0.7980636754565678
1114022,0.9469224867286243
5859,0.8941169041582135
637804,0.841149693403462
499409,0.7355342174535384
