UE ID,Internet usage,Data rate,optimal GU
35731,119.92118710978635,104.21722213112385,111.79379676551231
492740,121.8173541864095,105.86508161437969,113.56145535784596
333147,102.87739787375723,89.40535767600332,95.90511223954523
1114022,127.88567816749382,111.13874412175059,119.21851224828148
5859,119.01434029557528,103.4291290663928,110.9484094666645
637804,110.11584888877834,95.69591629620024,102.65299342028739
499409,92.37244892942698,80.27605680771632,86.11211272362648
