UE ID,Internet usage
364518,0.7745573598031004
305414,0.6267438769136091
217222,0.8108499185598742
1238932,0.6780290518445964
1085247,0.7098478092137295
1028631,0.7538414306408375
588198,0.7253548000540027
