UE ID,Internet usage,Data rate,optimal GU
40776,117.34894535472321,37.71930386401817,66.53059843377984
701191,118.30087486756369,38.025281207431185,67.07029173877386
1294341,120.8956696264058,38.85932237991615,68.54140208916317
599804,111.12310733018028,35.71814164184366,63.00088005179907
1061909,116.26849317996938,37.37201566499016,65.91803962851608
621976,114.00149637295506,36.643338119878415,64.63277324830094
1297308,110.85540310367955,35.63209385475414,62.84910602146154
