UE ID,Internet usage,Data rate,optimal GU
40776,117.34894535472321,14.668618169340402,41.489117512707196
701191,118.30087486756369,14.787609358445462,41.82567541957775
1294341,120.8956696264058,15.111958703300726,42.74307390446003
599804,111.12310733018028,13.890388416272534,39.28795136984551
1061909,116.26849317996938,14.533561647496173,41.1071199829491
621976,114.00149637295506,14.250187046619383,40.30561557536506
1297308,110.85540310367955,13.856925387959944,39.19330363289003
