UE ID,Internet usage,Data rate,optimal GU
40776,117.34894535472321,39.81482074535252,68.35369210184972
701191,118.30087486756369,40.13779683006626,68.90817426295202
1294341,120.8956696264058,41.01817362324483,70.41959647026074
599804,111.12310733018028,37.70248284416831,64.72725119844651
1061909,116.26849317996938,39.44823875748961,67.72434775571475
621976,114.00149637295506,38.679079126538326,66.40386207709082
1297308,110.85540310367955,37.61165462446271,64.57131820546323
