UE ID,Internet usage,Data rate,optimal GU
40776,117.34894535472321,23.050685694677775,52.00936123404749
701191,118.30087486756369,23.237671848985727,52.43125889791669
1294341,120.8956696264058,23.747363676615425,53.581278759900904
599804,111.12310733018028,21.827753225571126,49.250053446283985
1061909,116.26849317996938,22.838454017493987,51.5305019883762
621976,114.00149637295506,22.39315107325903,50.52576304082081
1297308,110.85540310367955,21.7751684667942,49.13140622897947
