UE ID,Internet usage
195077,0.6557418089813797
1273341,0.5893918326420099
1264169,0.6188110235388699
1166027,0.6718810659423361
941939,0.6436310114946586
879680,0.6379592935635968
1247508,0.6708737029034737
