UE ID,Internet usage
195077,0.37602714461199704
1273341,0.3096771682686372
1264169,0.33909635916993064
1166027,0.3921664015725102
941939,0.3639163471230593
879680,0.3582446291906676
1247508,0.3911590385332045
