UE ID,Internet usage,Data rate,optimal GU
195077,116.46053421032653,24.26261129381803,53.15671803841495
1273341,105.31373818469794,21.940362121812072,48.068925015793525
1264169,110.25616225605715,22.970033803345242,50.32482264299349
1166027,119.17192937972071,24.827485287441814,54.394294952238056
941939,114.42592023223202,23.838733381715006,52.22804806206688
879680,113.47307161957603,23.64022325407834,51.79313416286755
1247508,119.00269238908805,24.79222758106001,54.31704918779323
