UE ID,Internet usage,Data rate,optimal GU
915383,126.21301518253856,104.42624470460035,114.80396860891705
619832,110.66463214747034,91.56180874106177,100.66108425348217
384754,131.89201966671442,109.12494484329348,119.96961853486403
1219067,108.95834101856545,90.15005596178926,99.10903359597143
1028840,98.25092130362287,81.2909408404975,89.36951287333495
118981,130.1789540394482,107.70758697311487,118.41140576090206
224648,119.77640840119395,99.10071885574975,108.94919997190517
