UE ID,Internet usage
1163050,0.8724747468303352
913825,0.8074410596140732
400872,0.7773386482105752
61204,0.8881577963438486
1073120,0.7689889000702511
208600,0.8208145859677414
199995,0.8381427508417756
