UE ID,Internet usage,Data rate,optimal GU
1163050,128.95626063304763,2.3027903684472792,17.232505184585296
913825,118.03060118105125,2.107689306804487,15.772502527658911
400872,112.97339606538863,2.0173820725962255,15.096705067749982
61204,131.5910129512044,2.3498395169857926,17.584588772926402
1073120,111.57063837763776,1.9923328281721029,14.909253686884732
208600,120.27735360847723,2.147809885865665,16.072737449670722
199995,123.18848530675015,2.199794380477681,16.461753786196244
