UE ID,Internet usage
570904,0.7795971851923142
207593,0.7876108843627065
546064,0.752748459030848
1172077,0.7921510667290261
2273,0.7627220778023988
40814,0.7383355372393772
768095,0.7860562938785868
