UE ID,Internet usage
184976,0.6228301847775896
1062629,0.6268949281538286
1018867,0.604383178234101
862176,0.590366053651177
1000688,0.6717387307169861
683556,0.6545113070612991
110958,0.6526892292898656
