UE ID,Internet usage,Data rate,optimal GU
184976,112.9583324545748,45.048858776526856,71.33473183785098
1062629,113.64120934172443,45.32119658271153,71.76597793156147
1018867,109.8592353547039,43.81290933788786,69.37760963398297
862176,107.50435842527365,42.87376199103175,67.890472646195
1000688,121.17496817194784,48.32573135428872,76.52364966951092
683556,118.28076099789214,47.17149396939746,74.6959182560052
110958,117.97465193219246,47.049414758671986,74.50260619446603
