UE ID,Internet usage
1175508,0.9958171178494987
386812,1.0138104697120842
373448,1.0284446250280848
515000,1.025037242686058
709860,0.9748009974909859
1039506,1.0929119199308575
860324,1.0173971555085162
