UE ID,Internet usage
667789,0.9726320748204881
780357,0.9663692527465244
250306,0.9139586448231544
233050,0.942057788229078
996727,1.0044359320139167
492030,0.9964852546717554
1250755,0.9500770128052975
