UE ID,Internet usage
667789,0.631113812514285
780357,0.6248509904447548
250306,0.5724403825213847
233050,0.6005395259273084
996727,0.6629176697121472
492030,0.6549669923655524
1250755,0.6085587505035279
