UE ID,Internet usage
861117,0.9511427319669421
958557,0.8748402237284846
762750,0.924254119534866
420279,0.8427416901398607
198282,0.8867218651938906
482752,0.9335343714706136
584471,0.8360228157575901
