UE ID,Internet usage
861117,0.5518799138528331
958557,0.47557740561880923
762750,0.5249913014207572
420279,0.44347887203018527
198282,0.48745904708421517
482752,0.5342715533609381
584471,0.4367599976448113
