UE ID,Internet usage,Data rate,optimal GU
861117,127.6669000861731,41.79571133773524,73.04744282577713
958557,114.84807870250245,37.599073384747825,65.7128704230205
762750,123.1496131974141,40.31683765391533,70.4627771410027
420279,109.45552505960478,35.833654037370614,62.627401490598565
198282,116.84419446874602,38.25256366536328,66.85499224324086
482752,124.70869552317609,40.8272515105636,71.35484060439774
584471,108.32675416287343,35.4641159461788,61.981550236383654
