UE ID,Internet usage
162234,0.769015685500718
185853,0.7919428389164582
232785,0.8372219997353958
896474,0.8106326187232984
655941,0.8350233607270529
500606,0.7609568969556327
204774,0.7663083317336461
