UE ID,Internet usage,Data rate,optimal GU
162234,115.45970932339272,105.15080670523264,110.18476109383917
185853,119.31147109724772,108.65866117785059,113.86054941280915
232785,126.91837011448295,115.58637278283268,121.11991595539587
896474,122.45135410452374,111.5181974880484,116.85698220349191
655941,126.54899876108045,115.2499810145554,120.76741988063469
500606,114.10583284794609,103.9178120579509,108.89273847511055
204774,115.0048738900734,104.73658157845969,109.7507054925304
