UE ID,Internet usage
483394,0.47447126576718823
192391,0.5231996017524777
1142961,0.4773103823287237
52872,0.49421659679795304
1290246,0.48211112634308007
381367,0.4744974864846373
707303,0.44815144715969296
