UE ID,Internet usage
483394,0.46277280779073
192391,0.5115011437715861
1142961,0.46561192434783216
52872,0.4825181388214949
1290246,0.47041266836662193
381367,0.46279902850817917
707303,0.43645298918234815
