UE ID,Internet usage
483394,0.3050395627675242
192391,0.35376789875059705
1142961,0.3078786793281731
52872,0.3247848937987325
1290246,0.31267942334385945
381367,0.3050657834849734
707303,0.27871974416047235
