UE ID,Internet usage,Data rate,optimal GU
483394,114.66224720753519,45.045882831531685,71.86836684460522
192391,122.84860765266615,48.26195300640456,76.99943979948948
1142961,115.13921878971617,45.23326452453135,72.16732460513637
52872,117.97946282077987,46.34907467959209,73.94754176399974
1290246,115.9457437842974,45.55011362954541,72.67284089835009
381367,114.6666522880666,45.04761339888331,71.87112787494713
707303,110.2405176815561,43.30877480346847,69.09690119309474
