UE ID,Internet usage,Data rate,optimal GU
900329,118.81988218534175,106.08918052262656,112.2742353830029
187746,129.5582508922774,115.67700972524769,122.42104005624219
873606,116.6279565208174,104.1321040364441,110.20306031133454
979606,118.67220991427162,105.95733028059965,112.13469820272016
574216,113.20014618772844,101.07155909618609,106.96408399603064
848962,131.67590420695367,117.56777161335148,124.42203435398682
119299,113.3350103597164,101.19197353546107,107.0915186602638
