UE ID,Internet usage
559841,0.9405504988398907
595002,0.893058067631542
559211,0.9528640802464597
1282102,0.9382175980791257
541944,1.0039683479772632
1234546,1.0518529004704587
872618,1.0500916670375564
