UE ID,Internet usage
559841,0.7508267903840414
595002,0.7033343591756926
559211,0.7631403717906105
1282102,0.7484938896232765
541944,0.8142446395214139
1234546,0.8621291920146095
872618,0.8603679585817072
