UE ID,Internet usage,Data rate,optimal GU
559841,111.13405148991285,56.228537956205905,79.05001728290453
595002,103.15532304718786,52.19168130363671,73.37472143219706
559211,113.20273316604796,57.275192375679026,80.52147738049804
1282102,110.74212416205775,56.03024139151731,78.77123808224343
541944,121.78825014526453,61.61905513302074,86.62838391806218
1234546,129.83285496385716,65.68924209480868,92.35053785214785
872618,129.53696774734502,65.53953725312098,92.14007229937174
