UE ID,Internet usage
423100,0.6869510281598469
762073,0.649428446480008
462883,0.6906450593855454
213409,0.7219869370450338
305176,0.679271256854093
30137,0.6636808157356255
1152189,0.6394466137621909
