UE ID,Internet usage
423100,0.6093474799649994
762073,0.5718248982851606
462883,0.613041511190698
213409,0.6443833888501864
305176,0.6016677086592455
30137,0.586077267540778
1152189,0.5618430655673435
