UE ID,Internet usage,Data rate,optimal GU
423100,120.38479510010232,56.6095167435005,82.55255946293924
762073,114.08100137765442,53.64523279068273,78.22980171199764
462883,121.00539234612967,56.90134521038241,82.97812725173357
213409,126.27082779276004,59.37735354540503,86.58884214678972
305176,119.09459352044837,56.00281481021084,81.66781780985093
30137,116.4753994128247,54.77116996198305,79.87173403419813
1152189,112.40405348135026,52.85666800611114,77.07985299288583
