UE ID,Internet usage
257854,0.6655787570545488
1188284,0.6437253912458674
1254744,0.629804039598443
475732,0.7193006593771819
139404,0.6243371554428137
871738,0.596329606980086
1116564,0.6233161298965594
