UE ID,Internet usage,Data rate,optimal GU
257854,125.25944007237106,19.385389535009807,49.27680020800996
1188284,121.58807461609094,18.817202023918835,47.83249276120053
1254744,119.24928753950452,18.455246881113794,46.912418845530475
475732,134.28471966232306,20.78215899535952,52.82732621162724
139404,118.33085100123472,18.31310789304823,46.551107843550035
871738,113.62558285967212,17.584911633044495,44.70006525543905
1116564,118.1593187095337,18.286561228856403,46.48362740085853
