UE ID,Internet usage
122500,0.6669428952316616
326149,0.70201322191135
813443,0.7139257258591135
284352,0.7500792143083571
715670,0.6564944776844193
438257,0.7681148803049722
615017,0.6882971208042682
