UE ID,Internet usage,Data rate,optimal GU
1277541,109.19572090274936,59.797656684838934,80.80623880614723
868901,110.60562410213444,60.56974653212124,81.84958531900674
791582,116.58582508192261,63.84461849724334,86.27501100864428
115532,114.62987501551807,62.77350298468847,84.82758278662129
991582,123.85309696839778,67.82431500650355,91.6528857337053
912972,124.73878540689554,68.3093348656809,92.30830657691612
18793,108.17426703026331,59.23828908800134,80.05034979449741
