UE ID,Internet usage
951748,0.8774987594082714
787791,0.9363237544275588
429883,0.8746309499137985
62630,1.0101400900424578
64939,0.9391075939301691
118465,0.90410087566629
17619,0.8965364525406003
