UE ID,Internet usage,Data rate,optimal GU
951748,107.87581679905979,104.66522701337348,106.25839663069776
787791,117.7584159621276,114.25370120134998,115.99282249898573
429883,107.39402480352771,104.19777406532748,105.78382831247957
62630,130.1595603454342,126.28576390658198,128.20803215075102
64939,118.22610099828772,114.70746704000534,116.45349536844925
118465,112.34497232995118,109.00137196298834,110.66054453647263
17619,111.07414924466374,107.76837099333446,109.40877534991388
