UE ID,Internet usage,Data rate,optimal GU
122212,114.97367358406055,72.54291309470487,91.32647595843973
390424,112.03240579065796,70.68711317743895,88.99015309383958
1150703,111.051202831041,70.0680208338711,88.21075894465383
517103,130.0355904658561,82.04626541298063,103.29053474784263
389980,118.72322258976102,74.90869996734921,94.30483688620231
951285,103.92728363413462,65.57316705487065,82.55205104235772
792568,126.92678674526313,80.08475830355887,100.82113388938728
