UE ID,Internet usage,Data rate,optimal GU
339340,120.11252261930572,90.79934745626086,104.43245987315598
343595,112.45818877463613,85.0130355617785,97.77735935026749
2061,122.11219674480682,92.31100587256229,106.17108698144398
320623,107.5533571525936,81.30521641892493,93.51282788940537
146291,119.65772419763474,90.4555415065453,104.03703301102881
941546,107.94588241807305,81.60194682794808,93.85411103076697
786458,100.60621188136211,76.0535054103154,87.47259616377298
