UE ID,Internet usage,Data rate,optimal GU
334578,125.63650294564202,11.217544905860896,37.541085674339044
622856,117.83586656582037,10.52105951480539,35.210199731294665
1183659,118.9748630077863,10.622755625695206,35.5505400146366
812175,121.48076467332996,10.846496845833032,36.299321355345725
523007,123.81010425439082,11.054473594142038,36.99534468238046
219776,115.46020468984284,10.308946847307396,34.50033497122632
955936,108.4597200876129,9.683903579251151,32.408540102278785
