UE ID,Internet usage,Data rate,optimal GU
334578,125.63650294564202,83.75766863042801,102.58177509483289
622856,117.83586656582037,78.55724437721358,96.21258216164807
1183659,118.9748630077863,79.3165753385242,97.1425688622021
812175,121.48076467332996,80.98717644888664,99.1886290042596
523007,123.81010425439082,82.54006950292721,101.09052680801541
219776,115.46020468984284,76.97346979322856,94.27286236247208
955936,108.4597200876129,72.3064800584086,88.55699061991413
