UE ID,Internet usage,Data rate,optimal GU
334578,125.63650294564202,103.20141313392023,113.86775068119238
622856,117.83586656582037,96.79374753620958,106.79782356903392
1183659,118.9748630077863,97.72935175639589,107.83012675990398
812175,121.48076467332996,99.78777098166388,110.10129301647486
523007,123.81010425439082,101.70115706610675,112.21243629449836
219776,115.46020468984284,94.84231099522805,104.64469714594603
955936,108.4597200876129,89.09191292911059,98.29996916765191
