UE ID,Internet usage,Data rate,optimal GU
334578,125.63650294564202,47.11368860461576,76.93633132112467
622856,117.83586656582037,44.18844996218264,72.15943662123605
1183659,118.9748630077863,44.615573627919865,72.85692664665157
812175,121.48076467332996,45.55528675249874,74.3914717531947
523007,123.81010425439082,46.42878909539656,75.81789510601156
219776,115.46020468984284,43.297576758691065,70.70464677185406
955936,108.4597200876129,40.67239503285484,66.4177429649356
