UE ID,Internet usage
443991,0.3958957168084621
976658,0.4101243085785473
541159,0.4051267344878676
508625,0.4209540047247411
589883,0.36354476002378977
402500,0.3499687666387956
386041,0.42181394052492865
