UE ID,Internet usage
443991,0.34832761548243757
976658,0.36255620725252274
541159,0.35755863316228637
508625,0.37338590339915995
589883,0.31597665869776526
402500,0.3024006653127711
386041,0.3742458391993474
