UE ID,Internet usage
1065390,0.8008267251533558
42621,0.8013017679762579
181830,0.8713884990142653
927582,0.8362981525851088
234604,0.8652747553780096
172193,0.888890494025287
1090731,0.8764993683787791
