UE ID,Internet usage
1065390,0.28151324926752336
42621,0.2819882920899821
181830,0.35207502312931943
927582,0.31698467670193636
234604,0.34596127949395045
172193,0.36957701814078453
1090731,0.35718589249516325
