UE ID,Internet usage,Data rate,optimal GU
1065390,111.8321271940095,45.26538481662289,71.1486069596472
42621,111.91193438820743,45.29768772856015,71.19938101568111
181830,123.68650520276901,50.06358543921603,78.69046906008926
927582,117.79132700296205,47.67744188215131,74.93990357216376
234604,122.65939627198401,49.647850871993526,78.03701310378442
172193,126.62684036471644,51.25372110000427,80.56113678336435
1090731,124.54513125623475,50.41112455609502,79.23673469176562
