UE ID,Internet usage,Data rate,optimal GU
1065390,111.8321271940095,94.52477417588898,102.81491413517321
42621,111.91193438820743,94.59223025669914,102.8882863406808
181830,123.68650520276901,104.54454606424524,113.713453648618
927582,117.79132700296205,99.56171687155125,108.29361361129851
234604,122.65939627198401,103.67639446798648,112.76916224349317
172193,126.62684036471644,107.02982935589128,116.41670462657534
1090731,124.54513125623475,105.27028951419842,114.5028472350259
