UE ID,Internet usage
342098,0.7500849245839254
1091038,0.7402301593264874
957613,0.7395416752481675
267796,0.6799807519931642
770272,0.7912496688408643
871144,0.7899979080887379
829192,0.7751356068648967
