UE ID,Internet usage
342098,0.6360722365897692
1091038,0.6262174713323313
957613,0.6255289872584447
267796,0.5659680640034416
770272,0.6772369808511417
871144,0.6759852200990152
829192,0.6611229188707405
