UE ID,Internet usage
421104,0.7349569186455197
249475,0.7016166841731156
451228,0.6960559081390266
649791,0.730944062919575
731145,0.671750604112314
830954,0.711052368122198
197791,0.7460483911978522
