UE ID,Internet usage,Data rate,optimal GU
421104,121.12954578708434,25.9563312400895,56.07208408300113
249475,115.52838639589511,24.756082799120378,53.47925110980474
451228,114.59417602239431,24.555894861941635,53.046795739203205
649791,120.45538602499848,25.811868433928243,55.76000875390264
731145,110.51088494601785,23.680903917003825,51.156599263337604
830954,117.11358129972623,25.095767421369906,54.21305376181668
197791,122.99291317614089,26.35562425203019,56.934655574025754
