UE ID,Internet usage,Data rate,optimal GU
421104,121.12954578708434,88.68413173697246,103.6449159188304
249475,115.52838639589511,84.58328289699463,98.8522644614543
451228,114.59417602239431,83.89930744496725,98.05290411561279
649791,120.45538602499848,88.19055048258816,103.06806878047766
731145,110.51088494601785,80.90975504976306,94.55902194563379
830954,117.11358129972623,85.74387202301385,100.20864197822738
197791,122.99291317614089,90.04838286110315,105.23931268726318
