UE ID,Internet usage,Data rate,optimal GU
590451,111.04506094758435,19.82947516921149,46.92510286321917
407347,120.52844447542965,21.52293651346958,50.932563832109565
1131310,111.61546088090802,19.931332300162147,47.16614082849186
1074941,120.54304598779949,21.525543926392768,50.93873409726199
42935,116.3255798282528,20.77242496933086,49.15652936280478
1264764,110.1625859039469,19.67189033999052,46.55218909430822
8995,115.77721113208548,20.67450198787241,48.92480129444191
