UE ID,Internet usage,Data rate,optimal GU
275525,125.14370267174344,61.826948343778014,87.96165778698692
212165,117.06098037537744,57.83369863783529,82.28043182482169
27875,112.598844371734,55.62919096936859,79.1440624209132
649041,99.03413543945426,48.92757881830181,69.60962912856435
1289975,111.11714413561226,54.89716049557035,78.10259723864584
1125835,117.25877318584887,57.931417704913436,82.41945746603234
803141,106.33787439760387,52.53597366072096,74.74331922312236
