UE ID,Internet usage,Data rate,optimal GU
868100,111.59714905256256,3.321343721802457,19.252337270492163
502705,119.16936408644132,3.54670726447742,20.558668471195695
544549,133.24280199303217,3.9655595831259576,22.986567171416073
53194,124.08695033189429,3.693063997973044,21.40703269696639
662978,122.63887706361126,3.6499665792741447,21.15721632450478
597742,109.69954378587657,3.26486737457966,18.924969260550498
850555,117.37040035547159,3.4931666772461782,20.24831774288364
