UE ID,Internet usage
797283,0.5371157238902895
778066,0.5185100753281525
215910,0.6188554892757814
107134,0.6178651636378807
1149404,0.5591925361540673
565507,0.6421496851384688
439460,0.6006548748521895
