UE ID,Internet usage,Data rate,optimal GU
28777,118.1719667899485,66.1200290372331,88.39419593807243
1109869,116.15789505235145,64.99310794595856,86.88764360893212
273481,106.74727887139386,59.72764413042276,79.84837809449613
135440,118.87395663275692,66.51280906832828,88.91929363592187
1054627,113.0036093199778,63.22820997665425,84.52819611350617
144012,116.64280757344135,65.26442804704456,87.2503645956974
35624,111.78290982783675,62.545199546527705,83.61509672943973
