UE ID,Internet usage
1259534,1.0341718507073472
905620,0.9858439532920705
881630,0.9762065535924257
290972,1.0102381626309156
689820,1.0400721342815604
919824,1.0635248894616285
2907,1.015459678306528
