UE ID,Internet usage
1259534,0.3334890031353113
905620,0.2851611057200347
881630,0.2755237060172865
290972,0.3095553150553329
689820,0.33938928670686447
919824,0.3628420418887061
2907,0.3147768307336055
