UE ID,Internet usage,Data rate,optimal GU
1259534,119.44175318929369,80.33879827613207,97.95818962813787
905620,111.32266642352718,74.87774586820578,91.29945413764483
881630,109.70358327348279,73.78871970180687,89.97158971837082
290972,115.42089359187993,77.63429152310971,94.66054775337946
689820,120.43300082936727,81.00553031975298,98.77114507882425
919824,124.373063699844,83.65569165525221,102.00252284670802
2907,116.29810822578136,78.22432279472199,95.37998090935558
