UE ID,Internet usage,Data rate,optimal GU
1259534,119.44175318929369,84.60457517574969,100.52521468182466
905620,111.32266642352718,78.85355538333175,93.69198494133725
881630,109.70358327348279,77.70670481871697,92.32932341887957
290972,115.42089359187993,81.75646629424828,97.14115706844628
689820,120.43300082936727,85.30670892080181,101.35947388482991
919824,124.373063699844,88.09758678738949,104.67553091964963
2907,116.29810822578136,82.37782665992846,97.87944319570384
