UE ID,Internet usage,Data rate,optimal GU
697679,116.1571172942953,41.48468474796261,69.41715488397631
1155721,108.06896200742244,38.59605785979373,64.58355758617148
671777,123.71197171697665,44.18284704177738,73.93204395664893
150108,115.16325272423447,41.129733115798025,68.82320720000604
749611,120.96413058725489,43.20147520973389,72.28989479057432
138629,117.50435946651007,41.96584266661074,70.22228607794275
791053,117.83812970489754,42.08504632317769,70.4217519468753
