UE ID,Internet usage
1180584,0.5963986971989046
468373,0.5478891415287859
1067596,0.6122356413529064
894578,0.6132387748962692
573157,0.5623882706753375
670059,0.6641953638819357
610290,0.560411852344247
