UE ID,Internet usage
1180584,0.4005643347266616
468373,0.3520547790587596
1067596,0.4164012788824368
894578,0.41740441242668624
573157,0.36655390820442446
670059,0.46836100140969267
610290,0.36457748987289057
