UE ID,Internet usage
452498,0.9068988804409444
348330,0.9350766933099472
170894,0.9567071085918302
910599,0.8861680241565687
1093086,0.8909875159240055
507628,0.9587223134182982
1245716,0.9283646209495293
