UE ID,Internet usage,Data rate,optimal GU
452498,110.44532271472045,59.16713716860024,80.83769887058997
348330,115.17919527641503,61.70314032665091,84.30253880430509
170894,118.81310504434504,63.6498777023277,86.96228841001354
910599,106.96253885859115,57.30136010281669,78.28856210614457
1093086,107.77221347544557,57.73511436184584,78.88118324438416
507628,119.1516594550165,63.83124613661598,87.21008486556704
1245716,114.0515671200261,61.0990538142997,83.477199504246
