UE ID,Internet usage,Data rate,optimal GU
49143,117.38183819422571,29.345459548556427,58.690919097112854
703568,127.12588580801884,31.78147145200471,63.56294290400942
768141,108.05556148081313,27.01389037020328,54.02778074040656
454903,123.2287975897026,30.80719939742565,61.6143987948513
1230115,116.44755221128581,29.111888052821453,58.223776105642905
1283893,122.4919107473661,30.622977686841526,61.24595537368305
297465,103.27105938629762,25.817764846574406,51.63552969314881
