UE ID,Internet usage
938170,0.4694815495431447
77109,0.39089131385991394
398708,0.4479910392424383
151221,0.48211135747569894
1234447,0.40281991552468827
535536,0.4738556394305554
789291,0.3652812313503707
