UE ID,Internet usage
843184,0.7837424239278935
1210327,0.7629841200842006
1273108,0.687845861010907
687629,0.7019446543189652
92313,0.6630977127164511
763738,0.7182530524359347
645856,0.770981151703949
