UE ID,Internet usage
843184,0.92341150810957
1210327,0.9026532042703104
1273108,0.8275149451925834
687629,0.841613738505075
92313,0.8027667969025609
763738,0.8579221366220444
645856,0.9106502358900587
