UE ID,Internet usage
843184,1.0490980478285554
1210327,1.0283397439848625
1273108,0.953201484911569
687629,0.967300278219627
92313,0.9284533366171129
763738,0.9836086763365967
645856,1.036336775604611
