UE ID,Internet usage
548065,0.4260988123356649
343152,0.3573014685550363
927273,0.35553441666103647
146524,0.34900686727788444
901035,0.3459126784719998
482985,0.2678688612144424
24454,0.3357062471175674
