UE ID,Internet usage,Data rate,optimal GU
548065,131.977373470887,54.990572279536245,85.19102825482364
343152,120.41941971579944,50.17475821491643,77.73040118654205
927273,120.12255499760698,50.051064582336245,77.53877583493606
146524,119.0259267012313,49.594136125513046,76.83090531346225
901035,118.50610298182578,49.377542909094075,76.49536054542538
482985,105.39474168257794,43.914475701074146,68.03201321907618
24454,116.79142251427808,48.663092714282534,75.3885390629455
