UE ID,Internet usage
538236,0.8906233724326819
1146195,0.9079975629826503
1257017,0.8801700024831505
403612,0.8403808327241832
134796,0.8531881482957276
678670,0.8580106366474257
432357,0.8220749436261146
