UE ID,Internet usage,Data rate,optimal GU
538236,123.20316008924597,71.13515790867177,93.61664514281571
1146195,126.12202410134759,72.8204543918495,95.83456111382743
1257017,121.44699393772241,70.12118102356591,92.28221197324513
403612,114.76241341850461,66.26163155711278,87.20289418672988
134796,116.91404243446645,67.50394116751932,88.8378221376069
678670,117.7242204769279,67.97172253727385,89.45344068382498
432357,111.68702404985885,64.48596031450184,84.86604150379591
