UE ID,Internet usage
1182476,0.7662408968524709
780084,0.7820700379862848
112076,0.7760689126390206
1037491,0.826770916546398
37379,0.7620677137026889
862485,0.8717432216767719
598735,0.872410139229465
