UE ID,Internet usage,Data rate,optimal GU
1182476,110.12253995316978,80.62543103714215,94.22673320575866
780084,112.78183566406952,82.57241539690803,96.50216880298268
112076,111.77364660527255,81.83427697886025,95.63950833851624
1037491,120.29158326180728,88.07062345953746,102.9279103781002
37379,109.4214451845322,80.11212951010393,93.62683903564181
862485,127.84693052406334,93.60221699083208,109.39266946429825
598735,127.95897267275095,93.68424784969265,109.48853871737465
