UE ID,Internet usage
99229,0.8674023139593626
396909,0.9544229535647166
183286,0.9559165233394561
60192,0.9348128888181557
940683,0.8732201952348112
760340,0.963062974184598
233825,0.9449533598172366
