UE ID,Internet usage,Data rate,optimal GU
99229,106.17961396318073,48.03363488810556,71.41563421035633
396909,120.79908141683711,54.64720349809297,81.24858143111545
183286,121.0500011392297,54.7607148010801,81.41734820697478
60192,117.50459053940921,53.15683857735178,79.03273088664716
940683,107.15701801741082,48.47579386501918,72.07302905111004
760340,122.25060488107923,55.30384506525012,82.22486553030242
233825,119.2081896676644,53.927514373467226,80.17855923959958
