UE ID,Internet usage,Data rate,optimal GU
99229,106.17961396318073,5.056172093484797,23.170291345117416
396909,120.79908141683711,5.752337210325576,26.360520689228068
183286,121.0500011392297,5.764285768534748,26.41527586166718
60192,117.50459053940921,5.595456692352819,25.641603840554026
940683,107.15701801741082,5.10271514368623,23.38357839573961
760340,122.25060488107923,5.821457375289487,26.67726907722302
233825,119.2081896676644,5.676580460364971,26.01335964812975
