UE ID,Internet usage
1175699,0.3546965206448549
624740,0.3944744832781715
434724,0.4225838302479993
1090468,0.4434405699140115
761336,0.384272257069049
454995,0.3340172179883615
250374,0.4462128036854043
