UE ID,Internet usage,Data rate,optimal GU
1175699,110.77719698772646,34.28818002001057,61.63074291639958
624740,117.45989471012855,36.35663407694455,65.34865270755456
434724,122.182265001037,37.81832011936859,67.97593699772547
1090468,125.68619726500242,38.902870582024555,69.92534494836045
761336,115.74592070700969,35.82611831407443,64.39508560147122
454995,107.30307414139921,33.21285628186166,59.697919394734676
250374,126.15193253847319,39.04702673809884,70.18445613447898
