UE ID,Internet usage
1070207,0.530298041506056
654668,0.5653172639807732
899367,0.4788433628528692
90947,0.5504781174536855
1263510,0.5459981622298944
21136,0.5788579735798458
363824,0.5489417687747888
