UE ID,Internet usage
1070207,0.32813065932920926
654668,0.3631498818052565
899367,0.27667598067912585
90947,0.3483107352790554
1263510,0.3438307800530477
21136,0.3766905914034424
363824,0.3467743865992721
