UE ID,Internet usage,Data rate,optimal GU
1070207,112.65915207028195,85.83554443450053,98.33696992221104
654668,118.54238144631205,90.31800491147585,103.47227353105785
899367,104.01476605707859,79.24934556729798,90.79153120946401
90947,116.04940482988185,88.41859415610045,101.2962251404776
1263510,115.2967723518872,87.84515988715215,100.63927365459328
21136,120.81722065879828,92.05121574003678,105.45791598535725
363824,115.79129825170438,88.2219415251081,101.07093124869392
