UE ID,Internet usage
785422,0.8073765529137147
665638,0.7665975748630613
1121649,0.8697153173422895
561557,0.9149723254026966
1156334,0.8285143834159745
480610,0.8037593709251954
1224969,0.8761474369749309
