UE ID,Internet usage
785422,0.31987670959401654
665638,0.27909773154425005
1121649,0.3822154740239213
561557,0.4274724820812251
1156334,0.34101454009494636
480610,0.31625952760549747
1224969,0.3886475936539028
