UE ID,Internet usage
823899,0.8742145378161124
1290065,0.9402796653743554
963037,0.9309378457809779
1117918,0.9393419373124453
160563,0.907969304056246
1119201,1.0263526933183331
1123346,0.8776903566982313
