UE ID,Internet usage
823899,0.8883199807777826
1290065,0.9543851083360259
963037,0.9450432887426482
1117918,0.9534473802741157
160563,0.9220747470179165
1119201,1.0404581362800034
1123346,0.8917957996599016
