UE ID,Internet usage
823899,0.4530842463933492
1290065,0.5191493739471589
963037,0.5098075543537813
1117918,0.5182116458896823
160563,0.486839012633483
1119201,0.6052224018955701
1123346,0.4565600652754681
