UE ID,Internet usage,Data rate,optimal GU
823899,107.32406757130578,22.998014479565523,49.68138947343118
1290065,118.42300900074433,25.37635907158807,54.81920100421744
963037,116.85358330911852,25.04005356623968,54.09269807901413
1117918,118.26547068696902,25.34260086149336,54.7462749355287
160563,112.99486829964374,24.21318606420937,52.30646012148124
1119201,132.8832776954465,28.47498807759568,61.513004707050975
1123346,107.90800514368132,23.12314395936028,49.95170004419002
