UE ID,Internet usage
923892,0.6210681857483673
224389,0.7755423363616886
1264740,0.7138655949664248
911560,0.7466797797868878
838511,0.810075994864142
54908,0.7390981701727369
1279708,0.7092075407634247
