UE ID,Internet usage,Data rate,optimal GU
923892,96.34513345783276,66.52402072088452,80.05788939576944
224389,122.29679076099929,84.44302219211855,101.62239229744564
1264740,111.9350982069208,77.28852019049293,93.01235454384761
911560,117.44788125636978,81.09496562939819,97.59319593973213
838511,128.0984453893432,88.44892657835602,106.44327123422863
54908,116.1741708408945,80.21549891395097,96.53480758211997
1279708,111.15254510078184,76.7481859029208,92.36209284645726
