UE ID,Internet usage,Data rate,optimal GU
923892,96.34513345783276,4.5878634979920365,21.024231757673387
224389,122.29679076099929,5.823656702904728,26.68734766249787
1264740,111.9350982069208,5.330242771758133,24.42624097407287
911560,117.44788125636978,5.592756250303323,25.62922886045237
838511,128.0984453893432,6.099925970921104,27.953372495372957
54908,116.1741708408945,5.532103373375929,25.351282460815742
1279708,111.15254510078184,5.292978338132468,24.255473886253604
