UE ID,Internet usage,Data rate,optimal GU
923892,96.34513345783276,13.763590493976109,36.415037594393425
224389,122.29679076099929,17.470970108714184,46.223842070700826
1264740,111.9350982069208,15.9907283152744,42.30749040501491
911560,117.44788125636978,16.77826875090997,44.3911265451141
838511,128.0984453893432,18.299777912763314,48.41666140488438
54908,116.1741708408945,16.596310120127786,43.909709259162625
1279708,111.15254510078184,15.878935014397404,42.011713132651366
