UE ID,Internet usage
991947,0.7091274711644312
389531,0.7122337637419189
882846,0.6580047594860069
1091438,0.7102855214364607
859119,0.7884669521850739
784908,0.6286077302455781
234123,0.7195826345752248
