UE ID,Internet usage
991947,0.9382482872851708
389531,0.9413545798626585
882846,0.8871255756023131
1091438,0.9394063375572003
859119,1.0175877683058134
784908,0.8577285463618844
234123,0.948703450691531
