UE ID,Internet usage,Data rate,optimal GU
991947,116.41091287255007,106.01708136607238,111.09250749671601
389531,116.93277002598167,106.49234413080472,111.59052283135466
882846,107.82229731029199,98.19530647901591,102.89627558690205
1091438,116.6054653182483,106.1942630576904,111.27817152510396
859119,129.73994568426232,118.15602196245318,123.81258365641669
784908,102.88359639790569,93.69756100523553,98.18320655759211
234123,118.16738032532885,107.6167213677102,112.76872812629907
