UE ID,Internet usage
1187154,0.26593902910709283
1231205,0.31677958667405126
499992,0.40705362573389414
858861,0.35007080148868563
1066338,0.3755917022309309
668752,0.36310283517255637
329708,0.365317422467706
