UE ID,Internet usage,Data rate,optimal GU
1187154,103.87096793601755,47.60752697067471,70.32097771990975
1231205,112.41218160729666,51.5222499033443,76.10340671054918
499992,127.57822016932369,58.47335091094003,86.37086335422397
858861,118.00510569615255,54.085673444069926,79.88983421822243
1066338,122.29261702085913,56.0507828012271,82.7924931067414
668752,120.1944873550118,55.08914003771375,81.37205260813727
329708,120.56653802065551,55.25966325946712,81.62393209948392
