UE ID,Internet usage,Data rate,optimal GU
1187154,103.87096793601755,32.76881726552934,58.34148410427195
1231205,112.41218160729666,35.46336681658764,63.138850409176975
499992,127.57822016932369,40.24789088675092,71.65719981202744
858861,118.00510569615255,37.22780120176241,66.28024302648058
1066338,122.29261702085913,38.580408941104366,68.68842096847624
668752,120.1944873550118,37.91849898699777,67.50995887284876
329708,120.56653802065551,38.03587211365918,67.71892956434176
