UE ID,Internet usage,Data rate,optimal GU
1229203,115.44729498568618,11.682166754503958,36.72430464119361
87082,116.920125111631,11.831203136295994,37.19281853956283
688747,123.55853299196467,12.502946790853567,39.30452599325501
109445,128.8826134371869,13.041693026382008,40.998139968608925
880361,109.64492687982327,11.09502236283926,34.87854520623695
939701,124.9207712418295,12.64079232804227,39.73786011761129
524003,129.53758857529212,13.107970272499797,41.206490510795
