UE ID,Internet usage,Data rate,optimal GU
1229203,115.44729498568618,87.95984379861804,100.7706605809148
87082,116.920125111631,89.08200008505219,102.05625211195355
688747,123.55853299196467,94.13983466054451,107.85072956064316
109445,128.8826134371869,98.19627690452336,112.49796796945556
880361,109.64492687982327,83.53899190843678,95.70593847517875
939701,124.9207712418295,95.17773046996533,109.03978858818026
524003,129.53758857529212,98.69530558117495,113.06967714063295
