UE ID,Internet usage,Data rate,optimal GU
1229203,115.44729498568618,96.8932654344152,105.7641971403051
87082,116.920125111631,98.1293907186903,107.11349420104543
688747,123.55853299196467,103.70091161825607,113.1951081517267
109445,128.8826134371869,108.16933627763902,118.0726333797465
880361,109.64492687982327,92.02342077413739,100.4485004468036
939701,124.9207712418295,104.84421872082119,114.44308918782313
524003,129.53758857529212,108.71904755426303,118.67267272789361
