UE ID,Internet usage
819902,0.9045490580760657
759679,0.8055420572149246
350910,0.7553183432790681
409275,0.8388415511472969
220004,0.7848420351409017
209866,0.8174327589956407
146831,0.8041655637593033
