UE ID,Internet usage
819902,0.8028515636178793
759679,0.7038445627611718
350910,0.6536208488208819
409275,0.737144056693544
220004,0.6831445406827154
209866,0.7157352645374544
146831,0.7024680693011169
