UE ID,Internet usage,Data rate,optimal GU
819902,134.3447449224483,79.9671100728859,103.64922095668257
759679,117.71156877795082,70.06640998687548,90.81644695865498
350910,109.27398483636033,65.04403859307162,84.30670961978616
409275,123.30588375863671,73.39635938014091,95.13255466996974
220004,114.23396506929592,67.99640777934282,88.13341744822476
209866,119.70920667693069,71.2554801648397,92.35765805777413
146831,117.48031787728988,69.92876064124398,90.63803301538631
