UE ID,Internet usage
485152,0.6364666008062267
491263,0.6818940690400296
238561,0.6558313194571763
1156015,0.6822997586617083
464883,0.6333723324716397
789804,0.7453273200360008
467559,0.6698094911136315
