UE ID,Internet usage,Data rate,optimal GU
485152,108.58441737438588,18.743738713435658,45.11405487889702
491263,116.21623203772327,20.06113529222604,48.284879145147514
238561,111.83769010758981,19.305315554286334,46.465706692027275
1156015,116.28438789417244,20.072900291255955,48.31319616449996
464883,108.0645802936761,18.65400493164647,44.89807583554712
789804,126.87301820469534,21.9006995710486,52.71250188876651
467559,114.18602294610213,19.710682532362867,47.44137906852752
