UE ID,Internet usage
453756,0.942926367262675
744867,0.9374354859426698
38645,0.9304108598588295
1096478,0.852499176012151
1047436,0.9085975517837961
756838,0.939404857925391
662794,0.9432154841855406
