UE ID,Internet usage,Data rate,optimal GU
453756,116.4979405004768,104.7094584260238,110.44653121557087
744867,115.57547243882016,103.8803353467967,109.57198015372862
38645,114.39533525650043,102.819616807926,108.45314442508158
1096478,101.30617237044638,91.05495254724646,96.04388953980448
1047436,110.73069949995954,99.52580728865412,104.9788657748351
756838,115.90632693214654,104.17771051639363,109.88564862690505
662794,116.54651214345884,104.75311508132313,110.49257983634271
