UE ID,Internet usage
833694,0.7121094452674105
65128,0.7095809796218326
305179,0.6867710745069603
347762,0.771302464734718
730451,0.7348938182612816
1207248,0.6548255682905758
1227501,0.7706601989118138
