UE ID,Internet usage
833694,0.9937090731628584
65128,0.9911806075172805
305179,0.9683707024024083
347762,1.0529020926345996
730451,1.016493446161163
1207248,0.9364251961860237
1227501,1.0522598268072618
