UE ID,Internet usage,Data rate,optimal GU
380952,124.42988775199325,76.28737165747205,97.4290977697825
216877,106.64635219027016,65.3843706880823,83.50451858516641
897400,116.23584089699978,71.26364054994629,91.01312644176409
266881,115.46341877063479,70.79007222247252,90.40831683991703
703497,115.11657382831157,70.57742323997674,90.1367358684392
204438,129.14698958568175,79.1794043293168,101.12260729588988
587947,122.66047490624977,75.20255306752219,96.04364046320154
