UE ID,Internet usage,Data rate,optimal GU
380952,124.42988775199325,94.80372400151866,108.61131035016527
216877,106.64635219027016,81.25436357353917,93.08856790530143
897400,116.23584089699978,88.5606406834284,101.45895988139908
266881,115.46341877063479,87.97212858715031,100.78473457425122
703497,115.11657382831157,87.70786577395168,100.48198348804004
204438,129.14698958568175,98.39770635099562,112.72873439086861
587947,122.66047490624977,93.45559992857126,107.06684019754684
