UE ID,Internet usage
410911,0.6138039590947133
133996,0.6909812207784823
83419,0.7036606969402175
1163268,0.6394833640081911
968591,0.7931762712429391
1293688,0.6574545274851752
486117,0.6031524018046889
