UE ID,Internet usage,Data rate,optimal GU
410911,108.09608749699048,52.11775647176327,75.05814788361464
133996,121.06186745986018,58.36911466814688,84.06113265775437
83419,123.19201945548606,59.396152237466495,85.54023580759515
1163268,112.41022752237984,54.197788269718856,78.05373604516869
968591,138.23063593800944,66.64691375582599,95.98252586681336
1293688,115.42938298704205,55.65345251160956,80.15013215531049
486117,106.30662587278204,51.25498033151991,73.81560822901677
