UE ID,Internet usage
359753,0.33983259009077765
352572,0.34030623453739517
345378,0.3125887967414413
1087788,0.3725285524050492
699601,0.30575435679633817
865309,0.3777493972613949
584517,0.23945192148355487
