UE ID,Internet usage,Data rate,optimal GU
359753,117.48464813379958,89.5121128638473,102.54900820350265
352572,117.56422040078694,89.57273935298052,102.61846457239575
345378,112.907690851068,86.02490731509943,98.55391235575087
1087788,122.9775698025311,93.69719604002368,107.34362331463127
699601,111.75950494033148,85.15009900215732,97.5516935275924
865309,123.8546717384398,94.36546418166843,108.10922065053491
584517,100.62069580779635,76.66338728213056,87.82894381301954
