UE ID,Internet usage
1265935,0.635263040630609
466925,0.6103019366480992
814552,0.6285994240838964
1080381,0.6818894314203814
1183791,0.6956454001865193
122826,0.6805778442992422
491815,0.6234568012454733
