UE ID,Internet usage
1265935,0.37292345641463814
466925,0.3479623524294682
814552,0.3662598398692555
1080381,0.41954984720396726
1183791,0.43330581596833173
122826,0.41823826008282805
491815,0.36111721702728583
