UE ID,Internet usage,Data rate,optimal GU
792192,110.98633596574089,75.97278950035835,91.8256039443318
1077161,113.74165516763604,77.85887109689372,94.10524357358791
107147,121.48820943998113,83.16157193808232,100.51442915806567
196707,113.41192060661085,77.6331599390491,93.83243453863786
757394,130.48437634269277,89.3196623774385,107.95749367440845
5612,107.5189616651512,73.59928923507374,88.95683873569399
1139069,116.53987933301624,79.77432216248135,96.42038103372512
