UE ID,Internet usage
580307,0.5994138977884861
1112982,0.5857468365955316
1048216,0.5770161891657474
1206759,0.630441913737552
1075641,0.6547451459498841
1151150,0.5700844174039394
438128,0.5815798186846906
