UE ID,Internet usage,Data rate,optimal GU
1239841,118.93017773805607,87.78179785427949,102.17585243576669
885490,126.25997013473462,93.1918827184946,108.47305807820123
726370,113.2694526984266,83.6036436583625,97.3125837740269
743983,120.10547490337346,88.64927909534708,103.18557925208522
852531,125.39415645310581,92.55282976300667,107.72921616479034
443941,125.86017358313232,92.89679478755005,108.12958298854977
261180,118.11243668097205,87.17822707405081,101.47331090115878
