UE ID,Internet usage,Data rate,optimal GU
1045076,112.95595132264505,110.93888076331211,111.9428729990856
945056,127.15734216315686,124.88667533881478,126.01689453274412
955599,117.80157466138193,115.69797511385727,116.74503695466358
865426,117.77834031784779,115.6751556693148,116.72201099510143
527744,117.39957766900274,115.30315663919913,116.34664538930569
168129,132.34479584415215,129.98149591836372,131.1578230256714
413263,122.72365098997358,120.5321572222955,121.62296820920633
