UE ID,Internet usage
303419,0.44449559635242025
813366,0.46857489353199083
599833,0.41456119365662836
305511,0.4409887021170804
179707,0.4987416885992028
839735,0.3959931228519263
1009654,0.3977722638978391
