UE ID,Internet usage
348663,0.4778166077456114
357075,0.48009393322811766
106676,0.47026610889495746
163054,0.4534743776118946
47639,0.46592853068606005
383286,0.5067574662208254
874652,0.45218770429852856
