UE ID,Internet usage
348663,0.40653986699277156
357075,0.4088171924761645
106676,0.39898936814034425
163054,0.3821976368599414
47639,0.394651789935437
383286,0.4354807254697589
874652,0.38091096354613213
