UE ID,Internet usage,Data rate,optimal GU
348663,117.18960560014057,89.28731855248805,102.29147396660284
357075,117.57219628131996,89.57881621433901,102.62542649168653
106676,115.92112179293801,88.32085469938134,101.18425052577781
163054,113.10011093783476,86.17151309549315,98.72187037724395
47639,115.19240865447999,87.76564468912761,100.54817755113157
383286,122.05166982425844,92.99174843753023,106.53543155531844
874652,112.88394982109314,86.00681891130905,98.5331894858583
