UE ID,Internet usage,Data rate,optimal GU
996830,123.99502480250736,73.06849675862041,95.1847155160274
1188156,125.6283568392945,74.03099599458426,96.43854199424634
695667,127.55907197387326,75.16873884174674,97.92065445093623
893248,113.02695144395635,66.60516781518857,86.76507977616272
1180059,117.81386530577025,69.42602776947176,90.43975168225094
197509,132.2814657534415,77.95157803327803,101.54579754985329
1073011,118.74091175598905,69.97232299906497,91.15139840174443
