UE ID,Internet usage,Data rate,optimal GU
996830,123.99502480250736,10.33291873354228,35.79428047395098
1188156,125.6283568392945,10.469029736607874,36.265782819508516
695667,127.55907197387326,10.629922664489438,36.82313227084729
893248,113.02695144395635,9.418912620329696,32.62807042092548
1180059,117.81386530577025,9.817822108814187,34.00993342427839
197509,132.2814657534415,11.023455479453458,38.18636993077386
1073011,118.74091175598905,9.895075979665753,34.27754868307094
