UE ID,Internet usage,Data rate,optimal GU
325216,114.92425015950626,25.99477086941213,54.657383309442885
50917,104.15852835629764,23.559667128210176,49.53726129529783
699769,112.68256796090571,25.487723705442956,53.59125076546883
1124997,128.1397898926776,28.984000094772313,60.94262615274691
470556,109.60918202683712,24.79255307749887,52.12956419520112
551319,116.78916393364963,26.416596604039796,55.54432672522277
591772,115.70231038372835,26.17076068203379,55.02742475721491
