UE ID,Internet usage,Data rate,optimal GU
325216,114.92425015950626,47.885104233127606,74.1832844905238
50917,104.15852835629764,43.39938681512402,67.23404094823563
699769,112.68256796090571,46.95106998371072,72.73628485341222
1124997,128.1397898926776,53.39157912194901,82.71387870680965
470556,109.60918202683712,45.67049251118213,70.75242276355958
551319,116.78916393364963,48.662151639020685,75.38708115541883
591772,115.70231038372835,48.209295993220145,74.68552020565023
