UE ID,Internet usage,Data rate,optimal GU
325216,114.92425015950626,14.365531269938282,40.63185830528302
50917,104.15852835629764,13.019816044537205,36.82560085957468
699769,112.68256796090571,14.085320995113214,39.83930396333521
1124997,128.1397898926776,16.0174737365847,45.30425718646588
470556,109.60918202683712,13.70114775335464,38.752697945743584
551319,116.78916393364963,14.598645491706204,41.29120489329551
591772,115.70231038372835,14.462788797966043,40.906944135642505
