UE ID,Internet usage
137028,0.6000482675024005
333616,0.6351788285998817
270469,0.6657669743081562
1232548,0.5632887600776195
12197,0.6537852349288952
1261183,0.5815917833245122
304196,0.6164473587667373
