UE ID,Internet usage
137028,0.48753638039912495
333616,0.5226669414966061
270469,0.553255087209314
1232548,0.45077687297877733
12197,0.5412733478300531
1261183,0.46907989622567003
304196,0.5039354716634618
