UE ID,Internet usage,Data rate,optimal GU
137028,118.8225274063307,33.94929354466591,63.513312483578055
333616,124.72446167070932,35.63556047734552,66.66802904594469
270469,129.8632701501499,37.1037914714714,69.41483771827546
1232548,112.64693015907434,32.18483718830696,60.21231690387269
12197,127.85033793415117,36.52866798118605,68.33888019040876
1261183,115.72183806472518,33.063382304207195,61.855924315133834
304196,121.57757473850879,34.73644992528823,64.98594722662891
