UE ID,Internet usage,Data rate,optimal GU
1052346,115.99843573180365,110.47470069695585,113.20288189258292
1257755,125.75212389364681,119.76392751775886,122.7215068812429
310720,109.14207339514049,103.9448318048957,106.51175738807176
434127,108.56866509473262,103.39872866165011,105.95216818587443
1293026,126.44150248072901,120.42047855307524,123.39427149466557
815066,123.46526159484418,117.58596342366111,120.48975779701816
1012331,113.28127202973175,107.88692574260166,110.55120163751785
