UE ID,Internet usage,Data rate,optimal GU
1052346,115.99843573180365,20.02353950132325,48.194390337128205
1257755,125.75212389364681,21.707211862593795,52.246798902234524
310720,109.14207339514049,18.840000764637345,45.34574672688225
434127,108.56866509473262,18.741019569924084,45.10751020862178
1293026,126.44150248072901,21.826211737744888,52.53321811561697
815066,123.46526159484418,21.312455870538578,51.29666596655788
1012331,113.28127202973175,19.554505290846553,47.06547814756817
