UE ID,Internet usage
1003984,0.6840186137733317
1233049,0.7528868885875435
1215481,0.7372909895755733
1091552,0.6881801483915296
1275382,0.7056653077538452
252777,0.6602945389308167
429749,0.7738307857882977
