UE ID,Internet usage,Data rate,optimal GU
250744,116.18839556325923,20.056330186514987,48.27331380025759
731054,123.59853059089791,21.33546063771452,51.35203583404903
1069717,106.28623112238265,18.34702799136367,44.15921712959711
1063304,109.97720001117602,18.98415952573872,45.692720527522106
559551,112.7892514661655,19.469573169754756,46.861056157350724
733728,109.33808235195875,18.873835644088118,45.427183447255906
327356,116.47735265862423,20.10620968511966,48.393368100618176
