UE ID,Internet usage,Data rate,optimal GU
735733,114.10600536053583,38.71453753303894,66.46473672012556
908237,113.93087755643668,38.65511917093388,66.3627278613013
20298,124.83745139826192,42.35556386726744,72.715614868651
972238,102.87562369653999,34.90422946846893,59.9232373642804
126216,125.01980007019033,42.41743216667172,72.82182975570004
1158078,118.55936892830857,40.225500172104695,69.05874249673462
232084,108.35770297656534,36.76422065276324,63.116451909601416
