UE ID,Internet usage,Data rate,optimal GU
735733,114.10600536053583,27.847298927273624,56.36970853811405
908237,113.93087755643668,27.80455940365419,56.283193343380894
20298,124.83745139826192,30.466282781718682,61.67116908287462
972238,102.87562369653999,25.106551021179403,50.82176792647846
126216,125.01980007019033,30.510784540939305,61.761251471233045
1158078,118.55936892830857,28.934131702741972,58.5697225122815
232084,108.35770297656534,26.444439416899872,53.529979560225996
