UE ID,Internet usage
1018648,0.717841054100542
873730,0.7188228525967046
1036365,0.6887105737048375
676316,0.6509233939220209
1212551,0.7426021893225021
1267370,0.7355748775001528
291584,0.6759807981792041
