UE ID,Internet usage,Data rate,optimal GU
1095196,110.86096515540308,13.197733947071795,38.25066696459823
1113020,128.4081519035616,15.286684750423998,44.3050215837246
526251,121.5088034063077,14.465333738846155,41.924520193796944
465751,110.4938056793954,13.154024485642308,38.12398491000869
521791,120.41007963591771,14.334533289990203,41.545424477208485
202493,135.5159437501831,16.13285044645037,46.757442761888555
17517,120.73438404485141,14.373140957720405,41.657320128882496
