UE ID,Internet usage,Data rate,optimal GU
1095196,110.86096515540308,65.98866973535898,85.5310915175472
1113020,128.4081519035616,76.43342375211999,99.06904000580361
526251,121.5088034063077,72.32666869423078,93.74607707739261
465751,110.4938056793954,65.77012242821155,85.24782183195563
521791,120.41007963591771,71.67266644995102,92.89839328512184
202493,135.5159437501831,80.66425223225185,104.55282046963833
17517,120.73438404485141,71.86570478860203,93.14859956865156
