UE ID,Internet usage
1057611,0.46420155108155686
443803,0.43620867652007106
604276,0.4152077182303727
448360,0.5281224776365036
29939,0.4272367232814329
1296484,0.38861739881204005
928908,0.46041328508235624
