UE ID,Internet usage,Data rate,optimal GU
1057611,121.6963118942654,18.109570222360926,46.94537150829181
443803,116.99350896772215,17.40974835829199,45.13122589384892
604276,113.46534797500055,16.88472440104175,43.77020824289262
448360,132.43502755549514,19.707593386234397,51.08792101033713
29939,115.4862208236283,17.18544952732564,44.549776868869365
1296484,108.99817431275922,16.21996641558917,42.046958590526955
928908,121.05988320596842,18.01486357231673,46.6998638117513
