UE ID,Internet usage
1155886,0.4710354763422787
509902,0.526049166697432
643942,0.548902359275611
1296555,0.5193034030137826
1081633,0.5258901167452728
373263,0.515415184929653
996379,0.5543842776119037
