UE ID,Internet usage
1099793,1.0579338707480435
39660,1.087023985171207
1120992,1.0089207190594742
714772,1.0687257420655472
833046,1.0158719566753103
996574,1.0457611892959504
521816,1.0349070873141464
