UE ID,Internet usage,Data rate,optimal GU
1099793,118.90948009621711,54.500178377432846,80.50209858141359
39660,123.79661931977367,56.740117188229604,83.81070747649495
1120992,110.67527061253213,50.726165697410565,74.9275124083074
714772,120.72251447785123,55.33115246901515,81.72952866019035
833046,111.84307853211494,51.26141099388602,75.71812210730147
996574,116.86446961279259,53.56288190586327,79.1176199393116
521816,115.04098047995686,52.727116053313566,77.88311196051212
