UE ID,Internet usage
317497,0.9991209695809953
411129,1.0629991944577617
1116036,1.0684705242254706
1195412,1.1180179918622295
1088415,0.9815811261891114
933557,1.095017520931154
1148387,1.0270524065919353
