UE ID,Internet usage,Data rate,optimal GU
317497,107.04425945068209,94.93806344137876,100.8095962434344
411129,117.77580122991695,104.45591894796206,110.91609237303437
1116036,118.69498463112868,105.27114708356056,111.78173905063612
1195412,127.01895919399384,112.65371976133977,119.62089379960858
1088415,104.09756576069452,92.32462677585407,98.03452915749148
933557,123.15488007718164,109.2266495922623,115.9818732896111
1148387,111.73674086811499,99.09984755564962,105.22876976566495
