UE ID,Internet usage
146155,0.6629508255918883
579767,0.7007258750840764
79665,0.7107725148185997
452483,0.7425762457345437
180195,0.6709812591292
857961,0.6455554247293697
145654,0.5724904011469775
