UE ID,Internet usage
1252835,0.7476123067796607
511487,0.6870007686495594
672080,0.7165189069355296
362970,0.7814849252961665
984929,0.6924667630017974
1112331,0.7426954243035626
852896,0.6418737394232017
