UE ID,Internet usage,Data rate,optimal GU
1252835,127.24597435086298,68.16748625939088,93.13451673856078
511487,117.06323594436618,62.71244782733903,85.68151537327373
672080,122.0222831765301,65.36908027314112,89.31116628999172
362970,132.9365742616784,71.21602192589914,97.29960938962503
984929,117.98152299577806,63.20438731916682,86.35363267361915
1112331,126.41993809488245,67.72496683654417,92.52992010670862
852896,109.4818950343496,58.651015196973,80.13254201292408
