UE ID,Internet usage
1113871,0.7127368581218095
121272,0.7042321357910881
828955,0.7313747502428879
539125,0.7042589612820593
1005509,0.7456822104108609
64462,0.6881523472392952
950340,0.6876522209810231
