UE ID,Internet usage
1113871,0.4098330475652527
121272,0.40132832523275785
828955,0.42847093968677447
539125,0.4013551507241725
1005509,0.4427783998543041
64462,0.3852485366822949
950340,0.38474841042357955
