UE ID,Internet usage,Data rate,optimal GU
1113871,121.40233145731335,28.905317013646034,59.238272062657046
121272,119.9735381054755,28.565128120351307,58.54109229451358
828955,124.53349733365759,29.650832698489904,60.7661245662262
539125,119.97804478802338,28.566201140005568,58.5432913304272
1005509,126.9371506418288,30.223131105197332,61.93898728561983
64462,117.27213362900129,27.92193657833364,57.222941881686246
950340,117.18811241751843,27.901931527980576,57.181943728478565
