UE ID,Internet usage,Data rate,optimal GU
186532,124.62267060454678,95.69240778563413,109.20367857734945
744880,124.81871709556319,95.84294348409315,109.3754691342948
610308,134.35920107847798,103.16867225668844,117.7355527474008
661585,115.0747058059769,88.3609348153037,100.83703971563314
407457,120.6613230835943,92.65065879633133,105.73245043472696
1202188,121.78747052833276,93.51537915568407,106.71926481600563
166551,107.35131281067795,82.43047233677056,94.0692267479466
