UE ID,Internet usage
1288633,0.7655242506606328
1060754,0.7332792316918838
604007,0.7455604555825381
858126,0.7744390902874407
900214,0.7534268071099027
199144,0.7070797991921065
667769,0.813335489229574
