UE ID,Internet usage
1288633,0.7866545106984557
1060754,0.7544094917297068
604007,0.7666907156203611
858126,0.7955693503252637
900214,0.7745570671477258
199144,0.7282100592299295
667769,0.8344657492673969
