UE ID,Internet usage
406067,1.0108591352316305
797019,1.0316211092266934
262996,0.9794568738939458
576442,1.0150945409857308
141509,1.0090379185216394
949966,0.9715168093623826
1236467,0.9578334067332809
