UE ID,Internet usage
406067,1.05484890439079
797019,1.075610878385853
262996,1.0234466430531053
576442,1.0590843101448901
141509,1.053027687680799
949966,1.015506578521542
1236467,1.0018231758924403
