UE ID,Internet usage
438160,0.8991831897766847
700999,0.8372338356504775
204717,0.9209915080002167
422330,0.9285150164273086
617562,0.8219979640504252
890774,0.8678227059546796
1196110,0.9235300762967734
