UE ID,Internet usage
438160,1.0790012556333473
700999,1.01705190150714
204717,1.1008095738568795
422330,1.1083330822839714
617562,1.001816029907088
890774,1.047640771811342
1196110,1.1033481421534361
