UE ID,Internet usage,Data rate,optimal GU
438160,119.86547627964552,66.35410294051806,89.1827682463032
700999,109.45798478622633,60.59281300666101,81.43934678174769
204717,123.5292737409063,68.38227653514457,91.90872078935833
422330,124.793223157239,69.08196281918588,92.84912924866205
617562,106.89835835724428,59.17587694776022,79.53492377607375
890774,114.59691499783105,63.43757794522791,85.26283321270508
1196110,123.95575321494819,68.61836338684633,92.22603167215621
