UE ID,Internet usage,Data rate,optimal GU
438160,119.86547627964552,49.9439484498523,77.37283223604787
700999,109.45798478622633,45.60749366092764,70.65482536441323
204717,123.5292737409063,51.47053072537763,79.73780332793788
422330,124.793223157239,51.99717631551625,80.55367916792207
617562,106.89835835724428,44.54098264885178,69.00259360908659
890774,114.59691499783105,47.748714582429606,73.97199055222444
1196110,123.95575321494819,51.648230506228415,80.0130946446818
