UE ID,Internet usage
680392,0.8926410625754336
1159518,0.9353535976044586
705712,1.0219220024911382
851038,0.9938439928900039
528806,0.9173671394471291
776559,1.0404872562900171
458633,0.9817952985310034
