UE ID,Internet usage
881728,0.3400986597332185
460920,0.42330126758160097
158330,0.3636406184819937
794323,0.2701756131800189
147532,0.3321495366393247
1154613,0.37612296876207635
97179,0.3358135485636276
