UE ID,Internet usage,Data rate,optimal GU
110742,120.98900890086193,14.4034534405788,41.74517405072518
1052426,105.94040290417068,12.611952726686985,36.55291169351045
992382,125.5981027198026,14.952155085690785,43.33546250283952
683630,114.18536177146353,13.593495448983754,39.397692769767026
1121259,118.4738436825995,14.104029009833273,40.877359604135826
626869,116.67536218623852,13.889924069790299,40.25682453425922
709354,109.16382355549452,12.995693280416013,37.66509748088619
