UE ID,Internet usage,Data rate,optimal GU
110742,120.98900890086193,109.46624614839888,115.0835028559375
1052426,105.94040290417068,95.85084072282109,100.76942336283938
992382,125.5981027198026,113.63637865124996,119.46762556670353
683630,114.18536177146353,103.31056541227652,108.61194357166822
1121259,118.4738436825995,107.19062047473287,112.69110352802633
626869,116.67536218623852,105.56342293040626,110.98040639691416
709354,109.16382355549452,98.7672689311617,103.83550798575317
