UE ID,Internet usage
100281,0.6145481566635794
1070241,0.6262755557964794
408092,0.7202416164682685
625993,0.6753361290452344
842830,0.6968071924803082
143546,0.7271096546806084
474921,0.6821604605776687
