UE ID,Internet usage
100281,0.5896740841848257
1070241,0.6014014833177257
408092,0.6953675439895146
625993,0.6504620565664807
842830,0.6719331200015545
143546,0.7022355822018547
474921,0.6572863880989149
