UE ID,Internet usage,Data rate,optimal GU
100281,101.41656734400867,55.53764402171904,75.04956505574333
1070241,103.38677039809959,56.61656474181644,76.50754067208877
408092,119.17306859084972,65.26144232356057,88.18960450281806
625993,111.62894670417997,61.13013748086046,82.60685721458096
842830,115.23608536133837,63.105475316923396,85.27618624439543
143546,120.32689901051799,65.89330183909318,89.04345386305579
474921,112.77543440162401,61.757975981841724,83.45527286587267
