UE ID,Internet usage
103882,0.5353394331475015
97455,0.7205688250211884
707784,0.634711293996011
119311,0.6754016153526121
1106523,0.7076868799306177
659323,0.696918887125511
810264,0.7083099927491577
