UE ID,Internet usage
103882,0.8453985815744545
97455,1.0306279734437078
707784,0.9447704424185305
119311,0.9854607637751316
1106523,1.0177460283531372
659323,1.0069780355480304
810264,1.0183691411716773
