UE ID,Internet usage,Data rate,optimal GU
103882,92.28834596978433,23.072086492446083,46.144172984892165
97455,123.40688380434213,30.851720951085532,61.703441902171065
707784,108.98281859211272,27.24570464802818,54.49140929605636
119311,115.81879257992547,28.954698144981368,57.909396289962736
1106523,121.24271702911958,30.310679257279894,60.62135851455979
659323,119.43369423758053,29.85842355939513,59.71684711879026
810264,121.34739998258496,30.33684999564624,60.67369999129248
