UE ID,Internet usage,Data rate,optimal GU
103882,92.28834596978433,74.70961340411112,83.03509287709291
97455,123.40688380434213,99.90081069875315,111.03354330048468
707784,108.98281859211272,88.22418647932935,98.05570106074136
119311,115.81879257992547,93.75807018374918,104.20626892517427
1106523,121.24271702911958,98.14886616643012,109.08636581784828
659323,119.43369423758053,96.68441914470804,107.45872395327956
810264,121.34739998258496,98.23360950971163,109.18055277799265
