UE ID,Internet usage
1084919,0.5457237348414437
1075735,0.3494349998852766
657695,0.42557433201674844
763113,0.38774250918894354
286971,0.3447469065301827
743203,0.45457322955952556
788292,0.3823808217352238
