UE ID,Internet usage,Data rate,optimal GU
1084919,137.91721039014126,38.58398147819428,72.9478929868261
1075735,104.94070291716871,29.358410935160293,55.50578600530591
657695,117.73211071524888,32.93695954533749,62.271484387441305
763113,111.37636448012798,31.158863872416756,58.90976981317259
286971,104.15310323344242,29.138070547451154,55.08920465710145
743203,122.60392550276885,34.29990772994129,64.84831017130335
788292,110.4756009879749,30.906864562112027,58.4333332709445
