UE ID,Internet usage
72638,0.33865025852227343
678399,0.3808856801336534
186969,0.34619856357661605
890771,0.3705295155260544
1036644,0.3314851208935143
1206726,0.2942484090792509
751178,0.34759315915548994
