UE ID,Internet usage
72638,0.8167998208196496
678399,0.8590352424305863
186969,0.8243481258744355
890771,0.8486790778234307
1036644,0.8096346831900038
1206726,0.7723979713775138
751178,0.8257427214510928
