UE ID,Internet usage
107593,0.677554504989893
1216043,0.6893525152087854
256534,0.729703347650116
1000527,0.7020744213945
105965,0.6892314283304112
811738,0.6719329447789647
875745,0.6560194467785864
