UE ID,Internet usage
107593,0.6909153303326128
1216043,0.7027133405515051
256534,0.7430641729928357
1000527,0.7154352467372198
105965,0.7025922536731308
811738,0.6852937701216845
875745,0.6693802721168727
