UE ID,Internet usage
1127640,0.4060229758779717
1117883,0.39123406681695794
767447,0.36472988052472993
34513,0.34282104183236833
1156046,0.38150991947698976
402284,0.543231854988086
269682,0.4339930251326215
