UE ID,Internet usage
1127640,0.9692978993131308
1117883,0.9545089902547772
767447,0.9280048039616624
34513,0.9060959652693008
1156046,0.9447848429108189
402284,1.1065067784263485
269682,0.9972679485677807
