UE ID,Internet usage,Data rate,optimal GU
1127640,113.89005919320212,85.4175443949016,98.63168449982649
1117883,111.40552247093316,83.55414185319988,96.48001258170625
767447,106.95281917386991,80.21461438040244,92.62385841093474
34513,103.27213427349636,77.45410070512227,89.43629178388545
1156046,109.77186571783267,82.3288992883745,95.06522433245722
402284,136.94115088392513,102.70586316294386,118.594515488957
269682,118.58902746804132,88.941770601031,102.70111039741438
