UE ID,Internet usage,Data rate,optimal GU
1127640,113.89005919320212,88.80712948993737,100.56962381548085
1117883,111.40552247093316,86.86978240293003,98.3756753244149
767447,106.95281917386991,83.39773399867238,94.44375449901655
34513,103.27213427349636,80.52767612992872,91.1935577879415
1156046,109.77186571783267,85.59591910140524,96.93308897169183
402284,136.94115088392513,106.78149265353687,120.92468936110085
269682,118.58902746804132,92.47120594234175,104.71900678243311
