UE ID,Internet usage
772577,0.5968065075712021
448601,0.6136268684024042
306471,0.6218317627015758
513043,0.5172513055660332
603242,0.5918533052734227
78528,0.7405798135016838
277121,0.5520603895070395
