UE ID,Internet usage
94530,0.8880435248718624
917134,0.914147869366139
368245,0.9433265018986586
1171787,0.9121231094709229
395055,0.8794541278195663
225052,0.9364538472895163
987763,0.9341207805543037
