UE ID,Internet usage,Data rate,optimal GU
94530,118.87750755519092,96.2341727827736,106.95830310009465
917134,123.2630374308031,99.78436363445964,110.90411962449035
368245,128.16504769586916,103.75265765856075,115.31463184428343
1171787,122.92287776823433,99.50899628857064,110.59806593073702
395055,117.43448885056922,95.06601478379413,105.65996807303853
225052,127.01044172187821,102.81797663199664,114.27579196391353
987763,126.61848651036068,102.50067955600626,113.92313598064698
