UE ID,Internet usage,Data rate,optimal GU
94530,118.87750755519092,112.50906965044855,115.64946077435337
917134,123.2630374308031,116.6596604255815,119.9159042400266
368245,128.16504769586916,121.29906299787618,124.68480338271797
1171787,122.92287776823433,116.33772360207892,119.58498140725271
395055,117.43448885056922,111.14335551928873,114.24562636943597
225052,127.01044172187821,120.20631091534902,123.56155003525939
987763,126.61848651036068,119.8353533044485,123.1802381303252
