UE ID,Internet usage
1046138,0.6096995361699988
404458,0.5453616997447598
158020,0.5691034592030169
340516,0.6200112712037595
1172290,0.6030830883270292
975683,0.6063880518261955
311605,0.6031670888608144
