UE ID,Internet usage
1000961,0.6782506170254147
1051595,0.6200235176459107
301650,0.6743413724521853
163337,0.671755379354603
706647,0.6469604620304286
1190246,0.6493301041171256
1181586,0.6428551239563839
