UE ID,Internet usage
888786,0.8642845044877967
255298,0.9144565956931741
654463,0.8898212364945997
718531,0.9111955694213191
290880,0.8239749003306776
515446,0.9602968936552753
1074457,0.9654548220669895
