UE ID,Internet usage,Data rate,optimal GU
888786,109.94967187517872,5.890160993313145,25.448404046359315
255298,118.37858319768303,6.34170981416159,27.399317926753046
654463,114.23984285244354,6.119991581380904,26.44138567691247
718531,117.83073078428664,6.312360577729641,27.272514732745226
290880,103.17765837665983,5.527374555892491,23.88098749314436
515446,126.0797532554876,6.754272495829692,29.18179243457355
1074457,126.94628522865784,6.800693851535241,29.382355614037692
