UE ID,Internet usage
1117768,0.6195823960020299
234156,0.6176973149695847
199468,0.5152681962351303
1027129,0.6237742383071586
218037,0.5961064593827377
476228,0.6904308345429346
1076900,0.6453928159626544
