UE ID,Internet usage,Data rate,optimal GU
1117768,119.32801829836473,2.8411432928182077,18.412712967775477
234156,119.01132468491075,2.8336029686883513,18.36384608230793
199468,101.8032327380199,2.4238864937623785,15.708579848446977
1027129,120.03224780602353,2.8579106620481793,18.52137793994939
218037,115.38406094672177,2.7472395463505186,17.804147136309354
476228,131.2305559732363,3.124537046981817,20.249314404058172
1076900,123.66416885236632,2.9443849726753886,19.081795524197904
