UE ID,Internet usage,Data rate,optimal GU
1275817,109.92002989451623,10.468574275668212,33.922057681314286
693353,109.66139863206199,10.443942726863046,33.842242340911056
251278,115.82876273181903,11.031310736363716,35.74553222296796
74085,103.22942904227146,9.831374194502043,31.857293431793096
603921,135.61373071503655,12.915593401432053,41.851305900374356
846854,116.46484212985085,11.091889726652463,35.94183058688432
171934,111.06779882963022,10.577885602821926,34.27626686465531
