UE ID,Internet usage,Data rate,optimal GU
1275817,109.92002989451623,15.048575521273056,40.67111839091986
693353,109.66139863206199,15.01316766986563,40.57542315953243
251278,115.82876273181903,15.857509183522843,42.85738756312509
74085,103.22942904227146,14.132600404596689,38.195553021904146
603921,135.61373071503655,18.566165514558577,50.17795303220474
846854,116.46484212985085,15.944591482062915,43.092741033536285
171934,111.06779882963022,15.20571055405652,41.09580028274829
