UE ID,Internet usage
1083498,0.4463631980459585
759442,0.41009523130372866
394094,0.42618901958094424
389865,0.42917072803746864
730781,0.502654966138261
605230,0.3878094719116745
239699,0.4911880982489112
