UE ID,Internet usage
71587,0.8907316217193237
307139,0.8541661055011227
668143,0.9974369118810448
202267,0.8834701281089137
219581,0.9355745020884253
192324,1.0325574049792627
224500,0.9010811606089745
