UE ID,Internet usage,Data rate,optimal GU
337516,117.99542417219811,113.7813018803339,115.8692063416114
358630,117.48165462071022,113.28588124139914,115.36469465744209
1095156,117.77230997541156,113.5661560477183,115.65011254974134
1047808,113.55391411631165,109.49841718358624,111.5077300492527
837566,121.93907710870047,117.58411006910403,119.74179664793074
179652,104.56515431330179,100.83068451639816,102.68094314902363
399216,125.09214072496238,120.62456427049945,122.83804365347319
