UE ID,Internet usage
889836,0.6511062356198511
770479,0.6491065589516337
695918,0.739080206534428
1010021,0.6036607632365065
1197946,0.6900262785102851
1094147,0.622708680070281
506302,0.617428304797885
