UE ID,Internet usage
889836,0.8775175797854249
770479,0.8755179031172073
695918,0.9654915506955681
1010021,0.8300721074020803
1197946,0.9164376226714253
1094147,0.8491200242358548
506302,0.8438396489634588
