UE ID,Internet usage
448968,0.5358409761271624
325031,0.5200119044519501
1064927,0.5154400446140709
449962,0.46051555986966386
214880,0.4571909605696654
310744,0.4601822363662384
274742,0.5178102966924412
