UE ID,Internet usage,Data rate,optimal GU
448968,127.12332478942267,99.12592587746649,112.25514362546336
325031,124.46404074838152,97.05231748832131,109.9068860380972
1064927,123.69596829498036,96.45340384906207,109.22864635459197
449962,114.46865485810972,89.2582963476927,101.08054767286787
214880,113.91012217599955,88.8227738396187,100.5873402575202
310744,114.41265650941055,89.21463096864753,101.03109881927293
274742,124.09417064467142,96.76390687173784,109.58027546774342
