UE ID,Internet usage,Data rate,optimal GU
459373,111.32457304829964,30.481728334653475,58.252599878714044
823748,106.92211765121327,29.276294118784588,55.94893532642251
1289286,120.027834436369,32.86476419091056,62.806739089821576
328513,113.85519936008902,31.174637920024377,59.57679594744053
1212214,122.4260425225579,33.5214164049861,64.06164492278666
386283,122.26527670472586,33.47739719296065,63.97752129577503
500783,120.74329098805747,33.06066300863478,63.18111469347227
