UE ID,Internet usage
286978,0.9381766687413308
656320,0.9372911432542256
1111756,0.9881840369287876
1036062,0.910243648347372
603237,0.8538834067534425
52353,0.953596735273835
333844,1.0246342645168023
