UE ID,Internet usage,Data rate,optimal GU
286978,115.69999114940656,70.93511362136236,90.59355395486907
656320,115.55122286739298,70.84390449608023,90.47706779744175
1111756,124.10122900432742,76.0858725443198,97.17175666116519
1036062,111.00724372276666,68.05801252050576,86.91911402649528
603237,101.5387231354507,62.25290763661561,79.50522468926867
52353,118.29056232622357,72.52338047381564,92.62198150572203
333844,130.22486723962595,79.84024598619925,101.96658979259763
