UE ID,Internet usage,Data rate,optimal GU
286978,115.69999114940656,85.39761251503818,99.40071937451141
656320,115.55122286739298,85.28780735450435,99.2729088699007
1111756,124.10122900432742,91.59852616986072,106.61843026730774
1036062,111.00724372276666,81.9339179858516,95.3690641823469
603237,101.5387231354507,74.94524802854694,87.23442433975426
52353,118.29056232622357,87.30970076459359,101.6263430414481
333844,130.22486723962595,96.1183543911525,111.87939908615505
