UE ID,Internet usage,Data rate,optimal GU
1224502,118.03591246004449,10.538920755361115,35.2699748752838
1082711,112.46310392876836,10.041348565068605,33.604779827552804
1282062,119.52221954178385,10.671626744802131,35.7140940618716
40931,126.80076583296717,11.32149694937207,37.888975752268365
862849,123.22812177011566,11.002510872331756,36.82144415354617
76305,108.70937171142424,9.706193902805737,32.48313779306532
853782,117.53310365223597,10.494027111806783,35.119732007254285
