UE ID,Internet usage,Data rate,optimal GU
1224502,118.03591246004449,67.44909283431113,89.22676289824798
1082711,112.46310392876836,64.26463081643907,85.01411561883778
1282062,119.52221954178385,68.29841116673363,90.35030544400699
40931,126.80076583296717,72.45758047598125,95.85236927044774
862849,123.22812177011566,70.41606958292324,93.1517042095173
76305,108.70937171142424,62.119640977956706,82.17656078014531
853782,117.53310365223597,67.16177351556341,88.84667516611249
