UE ID,Internet usage
17102,0.652088952803224
655287,0.6312524146157765
536499,0.6570396915750449
412269,0.6458485123859589
462103,0.6160139541167019
725599,0.626940465327466
1007449,0.6256370538743287
