UE ID,Internet usage
17102,0.7015457137928106
655287,0.6807091756009298
536499,0.7064964525601982
412269,0.6953052733755456
462103,0.6654707151018552
725599,0.6763972263126191
1007449,0.6750938148639154
