UE ID,Internet usage,Data rate,optimal GU
17102,113.46328641342924,97.25424549722506,105.04659114780264
655287,109.96274799741398,94.25378399778342,101.80572232222976
536499,114.29501052676184,97.96715188008157,105.81661804939147
412269,112.41489242322058,96.3556220770462,104.07596691918671
462103,107.40268663368741,92.05944568601777,99.43556605504055
725599,109.23834051698991,93.63286330027705,101.13505131642754
1007449,109.01936739327337,93.44517205137717,100.93232159718079
