UE ID,Internet usage
542216,0.8149792593622537
860562,0.893354026375192
96244,0.6985039338609158
1228074,0.7119732878054509
1267913,0.7314513650844416
341856,0.7634386859509444
846975,0.8766801874556063
