UE ID,Internet usage,Data rate,optimal GU
542216,123.90534699413179,81.12850100806247,100.2609349074591
860562,137.07230785226199,89.74972537945725,110.9152919433066
96244,104.33749231020191,68.31621520310838,84.42714361161592
1228074,106.60034377287973,69.79784413700457,86.25818326170895
1267913,109.87266075542436,71.94043263748023,88.90605575424165
341856,115.24653066109526,75.45903793285999,93.25444937795783
846975,134.27110291405796,87.91560309849032,108.64863087673433
