UE ID,Internet usage,Data rate,optimal GU
221002,115.87512377903727,107.59832922339176,111.66006321500146
753447,108.60635883133108,100.8487617719503,104.65570604940687
1063139,121.66522925887664,112.97485574038545,117.23954846442608
251627,109.759378045695,101.9194224710025,105.76678316557455
1099420,132.75779527166003,123.2750956093986,127.92861253451808
1218223,121.52356435443232,112.84330975768717,117.10303674672761
269023,130.5405746895936,121.21624792605121,125.79204532077131
