UE ID,Internet usage
1087321,0.28830921613749594
1205006,0.21572762472730253
867433,0.23440659971021247
809332,0.2944202640852878
955835,0.24563204625365956
644233,0.3369069434268573
814080,0.31479407582407665
