UE ID,Internet usage,Data rate,optimal GU
1087321,114.65245452796864,62.785867955792355,84.84429191643082
1205006,102.45874717104063,56.10836154604606,75.82079154049812
867433,105.5968149681771,57.82682724447794,78.14300209700086
809332,115.67911058324253,63.34808436701377,85.60403061029524
955835,107.48268998753959,58.85956832650978,79.5385738823538
644233,122.81687271260985,67.25685886642921,90.8860664483187
814080,119.10191095533469,65.222475046969,88.1369469367452
