UE ID,Internet usage,Data rate,optimal GU
194812,116.98400039518975,110.71700037401888,113.80737065545644
875460,117.42748733981416,111.13672908946698,114.23881498046862
1050637,118.96717536049536,112.59393382332597,115.73669370466581
595106,106.56588153636174,100.85699502548522,103.67214950988179
915988,121.9942617342479,115.45885485562748,118.68158137973204
987884,109.70939943816073,103.83211018254498,106.73030708530705
970906,115.95092101166114,109.73926452889357,112.80234391743606
