UE ID,Internet usage
881364,0.985765150559982
577262,0.9269721819811004
1204751,1.0235327833613719
1151955,1.0212312288060201
1238274,0.9838870522960371
149660,1.014579897564936
300362,1.0345906625870858
