UE ID,Internet usage
881364,0.8979475706148263
577262,0.8391546020359447
1204751,0.9357152034162163
1151955,0.933413648856431
1238274,0.8960694723508814
149660,0.9267623176153469
300362,0.94677308264193
