UE ID,Internet usage,Data rate,optimal GU
881364,118.73011297888776,21.2018058890871,50.17263007425223
577262,108.8528942576928,19.438016831730856,45.998743360701184
1204751,125.07507528952524,22.33483487312951,52.853866020715905
1151955,124.68841412411045,22.265788236448298,52.690471856171605
1238274,118.4145924708966,21.145462941231536,50.03929832436081
149660,123.57099047549525,22.066248299195582,52.218274180690905
300362,126.93279899966464,22.666571249940116,53.63889756958308
