UE ID,Internet usage,Data rate,optimal GU
1253274,105.40415041739642,22.58660366087066,48.792640527937486
182247,106.45959402705917,22.812770148655535,49.28121598193862
345414,123.46003572315568,26.455721940676217,57.150891295567384
811617,121.44228244338893,26.023346237869056,56.21685302417236
584299,106.86436232856842,22.899506213264658,49.46858729658265
673591,115.88460808080349,24.832416017315033,53.644149707736254
1249614,118.21783745805,25.332393741010712,54.72422503515356
