UE ID,Internet usage,Data rate,optimal GU
211942,116.48051650225281,109.54715242473777,112.9606519801673
1175529,108.48728597089548,102.02970942500886,105.2089647507203
215495,112.88090550306406,106.16180398502453,109.469815765207
253687,119.58272130964838,112.46470218407408,115.96911286394638
1019182,109.60207234416727,103.07813946653827,106.29006397078558
306990,121.19728629838322,113.98316211395566,117.5348881478181
936496,133.43034789350276,125.48806528079427,129.3982851775825
