UE ID,Internet usage,Data rate,optimal GU
211942,116.48051650225281,39.52017524183578,67.84784760350601
1175529,108.48728597089548,36.808186311553825,63.191931719575884
215495,112.88090550306406,38.29887865282531,65.75113764858287
253687,119.58272130964838,40.57270901577356,69.65482721973193
1019182,109.60207234416727,37.186417402485326,63.841275131121854
306990,121.19728629838322,41.120507851237164,70.59528286494293
936496,133.43034789350276,45.27101089243844,77.72082560593792
