UE ID,Internet usage
279256,0.69100435691245
1124663,0.7489499160935331
610038,0.6707443997379803
281250,0.6619502663571187
177375,0.7116437502059089
219458,0.7290073146937466
44286,0.7376440791828731
