UE ID,Internet usage
279256,0.6824043132800933
1124663,0.7403498724611766
610038,0.6621443561056237
281250,0.6533502227247622
177375,0.7030437065735523
219458,0.72040727106139
44286,0.7290440355460831
