UE ID,Internet usage
318814,0.6190019499749823
706587,0.5495348089271382
949581,0.5628830505409577
168417,0.6571327710312604
684259,0.6804730031125866
272395,0.6756751694566445
132939,0.696474748215402
