UE ID,Internet usage
318814,0.8978769154871061
706587,0.8284097744436956
949581,0.8417580160530816
168417,0.9360077365433844
684259,0.9593479686247105
272395,0.954550134973202
132939,0.975349713727526
