UE ID,Internet usage,Data rate,optimal GU
318814,108.9693499648061,49.295658317412276,73.29199030545973
706587,97.29887026940489,44.01615559806411,65.44251075023008
949581,99.541374859882,45.030621960422806,66.95080298798574
168417,115.3753279025468,52.19360071781878,77.6006043612609
684259,119.29648689192324,53.96745835587003,80.23794730887289
272395,118.49045083830794,53.60282299828216,79.69581333591165
132939,121.98478006932828,55.18359098374374,82.04607370001168
