UE ID,Internet usage
126809,0.44284423140156703
932645,0.3014623638199399
1140493,0.5288909630079082
476417,0.4409731111251079
1041102,0.40088745913774393
304086,0.4065559079919817
627348,0.4200891157149362
