UE ID,Internet usage
126809,1.0689914084176118
932645,0.9276095408399747
1140493,1.1550381400274998
476417,1.067120288142926
1041102,1.0270346361537888
304086,1.0327030850084697
627348,1.0462362927327544
