UE ID,Internet usage
351017,0.36166168188755876
781937,0.38024021515094397
174245,0.3767759618420026
1080080,0.3418770199424404
297202,0.39497376773693954
337640,0.38614484423030965
131450,0.37524127044214983
