UE ID,Internet usage
917984,0.7309043730633669
1195893,0.7970684135629424
876726,0.6656405298072432
334120,0.7869735151428983
204531,0.7109788865210577
181548,0.7186924514648197
604045,0.7714921304043297
