UE ID,Internet usage
917984,0.5659525466317346
1195893,0.6321165871313101
876726,0.5006887033756109
334120,0.6220216887112658
204531,0.5460270600894253
181548,0.5537406250331874
604045,0.6065403039726974
