UE ID,Internet usage
859115,0.4830827332402888
323265,0.4613849483063367
569405,0.5416239080660411
670350,0.5210914161136881
175036,0.5347087336159911
991246,0.4371249803584841
890379,0.5213083214855239
