UE ID,Internet usage,Data rate,optimal GU
859115,112.1549542474612,17.357314347821376,44.12152305325269
323265,108.50972637860733,16.793171939546372,42.68749807834939
569405,121.98987161841234,18.879384893325717,47.99055885662718
670350,118.54041297029201,18.345540102545193,46.63354908130798
175036,120.82812231050345,18.699590357577915,47.533529122943676
991246,104.434051763384,16.162412772904666,41.08413625898328
890379,118.57685307305212,18.351179642258067,46.647884541072386
