UE ID,Internet usage,Data rate,optimal GU
1087091,116.9006452725667,54.27529959083454,79.65436299745566
201202,104.20512228807206,48.38094963374775,71.00382224217044
1293417,127.86625631135432,59.36647614455737,87.12616745273417
795156,120.03744637882522,55.731671533026,81.79173267053284
1187696,129.49319777516178,60.121841824182255,88.23474119611745
420943,112.45364005418539,52.21061859658607,76.62423970694162
463054,130.20566517162393,60.452630258253976,88.72020589555797
