UE ID,Internet usage
855576,0.442990141408927
287220,0.3515306104603116
917572,0.3455216531101752
391773,0.2632039782768234
206110,0.3698824547147921
873497,0.341064165115885
403960,0.35990902858789453
