UE ID,Internet usage,Data rate,optimal GU
855576,130.17410029393307,65.86189598204946,92.59326678066766
287220,114.80889909456165,58.08783585141512,81.6639485016894
917572,113.79939425980122,57.57707447668514,80.9458843839403
391773,99.97002488777245,50.580072115837254,71.1090083480678
206110,117.89200892931126,59.647742613044386,83.85697469352378
873497,113.05053627674585,57.198187997163075,80.41321923127697
403960,116.21647334004395,58.80000139228414,82.6651607038959
