UE ID,Internet usage,Data rate,optimal GU
855576,130.17410029393307,48.8152876102249,79.71503086150443
287220,114.80889909456165,43.05333716046062,70.30580517808941
917572,113.79939425980122,42.67477284742546,69.68761224358049
391773,99.97002488777245,37.488759332914675,61.21888763709442
206110,117.89200892931126,44.20950334849172,72.19381665711269
873497,113.05053627674585,42.39395110377969,69.22903225650663
403960,116.21647334004395,43.58117750251648,71.16776484721808
