UE ID,Internet usage
111796,0.3170675197970373
390702,0.41727275268693936
240771,0.4046854601813665
430166,0.33454371639686864
508883,0.39972417513236974
1041391,0.41222440482128947
1058721,0.4509727191294743
