UE ID,Internet usage
154629,1.1389058393718794
421972,1.1103822497464966
1067018,0.9934465249730999
1239490,0.9803861221321527
1271726,1.0936336999898486
252945,1.0233619584627076
1002690,1.0676953538172216
