UE ID,Internet usage
154629,0.8580494796291787
421972,0.8295258900037958
1067018,0.7125901652259656
1239490,0.699529762389452
1271726,0.8127773402471479
252945,0.7425055987155734
1002690,0.7868389940700874
