UE ID,Internet usage,Data rate,optimal GU
154629,130.52811757568202,111.10429055549125,120.42522119884148
421972,125.7361545186637,107.02541723910065,116.00415681948648
1067018,106.09095275633061,90.30360859616236,97.87949669517938
1239490,103.89680507955732,88.43597099033748,95.85517638606942
1271726,122.92239815960147,104.6303746239465,113.40818563539852
252945,111.11674558286927,94.58151558541849,102.51629238392857
1002690,118.5647560022614,100.92119112097251,109.38782565128395
