UE ID,Internet usage
1206216,0.6999660058112519
189377,0.7621760609150084
244198,0.7051860720822043
1222911,0.6861926968628156
988999,0.6432233821483153
593006,0.7537233327478197
651578,0.701831369990835
