UE ID,Internet usage,Data rate,optimal GU
1206216,114.87178669303329,85.47007938469739,99.08632967122952
189377,125.32307595035398,93.2463362725848,108.1014231302317
244198,115.74875782708173,86.12258766895961,99.84278914140982
1222911,112.55787079004278,83.74841576640088,97.09038758139414
988999,105.33902591808288,78.377251427145,90.86354230092576
593006,123.90301761889847,92.1897452521566,106.87650644673843
651578,115.18516787515225,85.70324990710732,99.35664662213738
