UE ID,Internet usage
946774,1.0162346215988487
145748,0.9857525803397535
912139,1.0386114926543868
400929,1.0646888824009402
1165804,0.9084351109910069
144867,0.9773502829168295
789580,0.9536737848268376
