UE ID,Internet usage
946774,1.0419537085169241
145748,1.0114716672622623
912139,1.064330579572462
400929,1.0904079693234487
1165804,0.9341541979135156
144867,1.0030693698349047
789580,0.9793928717449129
