UE ID,Internet usage
751631,1.0457322868345156
590688,1.0731061844911614
569637,1.0208185721545298
84390,0.9781646421235063
597375,1.0316336960279628
1290507,1.0324048409008175
67729,1.0085942451131746
