UE ID,Internet usage
751631,1.0287121568891384
590688,1.056086054545784
569637,1.0037984422091524
84390,0.9611445121825625
597375,1.014613566082586
1290507,1.0153847109598737
67729,0.9915741151722306
