UE ID,Internet usage
751631,0.7152384511844859
590688,0.7426123488411316
569637,0.6903247365045001
84390,0.6476708064779101
597375,0.7011398603779335
1290507,0.7019110052552214
67729,0.6781004094675784
