UE ID,Internet usage,Data rate,optimal GU
900864,126.39265680669239,18.056093829527484,47.7719339221776
408986,131.8004037442351,18.8286291063193,49.8158701435932
120718,113.05563867335887,16.150805524765552,42.73101489189769
754252,116.43842580542669,16.63406082934667,44.009588247572104
820333,103.38472258019763,14.769246082885376,39.075752187229554
1255381,125.15887739075677,17.879839627250966,47.305609135423865
198317,106.54906591391462,15.22129513055923,40.271761547778155
