UE ID,Internet usage
945258,0.6972821187393783
105331,0.7297840517310692
214899,0.7672608932791214
854001,0.7272875394762145
72699,0.7751722926266074
921245,0.8244908522970853
271423,0.8249496680353888
