UE ID,Internet usage,Data rate,optimal GU
1048782,112.03293061052962,36.67744752130434,64.1021211281314
941483,113.04218851836059,37.00785933636805,64.67959038029453
706685,125.7641072574335,41.17277320927882,71.95871778997821
264815,117.25336995898145,38.386519927047495,67.08911105718956
946978,112.62669164948933,36.871833575725674,64.44185464963391
1191725,127.06189398888147,41.59764386540762,72.70127519523759
52125,109.31860001693582,35.78882738649684,62.549056796562546
