UE ID,Internet usage
39050,0.4088519054890083
3461,0.3412571524663385
850491,0.3189917613346249
7984,0.39591345402157185
1288796,0.3336793018672973
333770,0.38525556545476075
996960,0.30174331764979406
