UE ID,Internet usage
39050,0.43352528833758547
3461,0.3659305353149156
850491,0.34366514418275873
7984,0.420586836870149
1288796,0.3583526847154311
333770,0.4099289483033378
996960,0.32641670049792787
