UE ID,Internet usage,Data rate,optimal GU
39050,133.2250214392092,59.47545599964696,89.01471170913103
3461,121.86910293142509,54.405849522957624,81.42721950051437
850491,118.12851722123997,52.735945188053556,78.92793554455451
7984,131.05136159272774,58.5050721396106,87.56237413396653
1288796,120.59602403074528,53.83751072801128,80.5766078803939
333770,129.26083631344008,57.70573049707146,86.36602910942149
996960,115.23077868216659,51.44231191168151,76.99180254282889
