UE ID,Internet usage,Data rate,optimal GU
1192132,117.08605958697285,51.57362148473804,77.7081213148151
367741,116.15670397968906,51.164262467243994,77.09132305095545
683270,116.93284831053226,51.5061355653535,77.60643747219164
1114937,110.66006117271999,48.74312218322191,73.4432902486313
917027,109.7240633136499,48.33083741196484,72.82208362984507
1172066,116.96243175814914,51.51916636966093,77.62607152721435
159806,105.60275847276239,46.51550075585963,70.08684035937588
