UE ID,Internet usage
909169,1.0294336965895357
156516,1.0226593275687272
341227,1.0505881795377319
52868,1.0531123922482475
1051581,0.9919544168392971
813429,1.0065607137053694
1236222,1.0448795661302575
