UE ID,Internet usage
848646,0.6094497240552139
342214,0.6354827053847166
1004048,0.6746411478500133
573109,0.5838576470692854
898515,0.692056962842505
790099,0.6694246629952605
968585,0.679149003548248
