UE ID,Internet usage
1021455,0.968651389315629
959261,0.9814447310552187
1154106,0.9395063891239421
887169,0.9722479320000907
844118,0.9589649552613824
852145,0.9785230935828404
37780,0.978424660565111
