UE ID,Internet usage
1021455,0.5279765114912361
959261,0.5407698532308258
1154106,0.4988315112995493
887169,0.5315730541756979
844118,0.5182900774369895
852145,0.5378482157584473
37780,0.5377497827407182
