UE ID,Internet usage,Data rate,optimal GU
1021455,119.90596810761379,9.992164008967816,34.61387148218675
959261,122.05524952000404,10.17127079333367,35.234315583190636
1154106,115.00960807594193,9.584134006328494,33.20041409101921
887169,120.51018727877977,10.042515606564981,34.788294532747855
844118,118.27864718691617,9.856553932243015,34.14410439637541
852145,121.56441442451762,10.130367868709802,35.092623695937235
37780,121.5478776777121,10.128989806476008,35.087849948327396
