UE ID,Internet usage
654689,0.368278437481744
930294,0.40406296357283344
585174,0.42927751541628145
926601,0.38323226702846375
153230,0.41978753414696585
1202927,0.3954908480015169
767310,0.38249478186047986
