UE ID,Internet usage,Data rate,optimal GU
844939,113.82220143737345,113.14468833357957,113.48293927755631
148389,127.52674277695182,126.76765502232712,127.14663241497855
271371,117.31660069833696,116.6182875989421,116.96692301829997
1165332,128.98295964446683,128.21520393229738,128.59850883508176
872550,110.8825965367802,110.22258108120413,110.55209625904747
279914,118.51021218261117,117.80479425295277,118.15697678531846
947357,121.78874130294233,121.06380831899625,121.42573381499999
