UE ID,Internet usage,Data rate,optimal GU
27141,116.36548944875001,79.65494813456102,96.27609789918259
838600,121.87081152291873,83.4234721734265,100.8309786416611
458850,102.57065627144245,70.212056376285,84.8628110581017
1073500,114.19553121502548,78.16956005790435,94.48076225167335
970454,119.40178690634762,81.7333660370832,98.7882075690126
801275,128.53977575504246,87.98853697517787,106.34860982543977
762739,114.66715015531497,78.49239445155489,94.87096068147858
