UE ID,Internet usage
1071027,0.7053174753163494
318890,0.6914209294427921
1047791,0.6640633950347861
185026,0.7650874376978063
1060457,0.705070768498047
317564,0.7762512876071458
1133351,0.6406089707379633
