UE ID,Internet usage
697587,0.7429936544237324
1017311,0.7304722494672237
129234,0.6943671863429633
895139,0.7045861152062125
223607,0.7082328770581952
469422,0.7130335383978846
408302,0.749086270989584
