UE ID,Internet usage
697587,0.3147527058717162
1017311,0.3022313009147641
129234,0.26612623779272054
895139,0.2763451666541963
223607,0.2799919285061788
469422,0.28479258984453837
408302,0.3208453224384545
