UE ID,Internet usage,Data rate,optimal GU
251401,131.98461500845505,0.785622708383661,10.182834119630805
655989,130.0344509309344,0.7740145888746096,10.032375694562221
1071515,116.15407048525472,0.6913932766979448,8.961481093803876
269291,126.31050001495088,0.7518482143747076,9.74506664384689
1102060,111.59571123537287,0.6642601859248385,8.609796042510146
140470,122.0352802270149,0.7264004775417553,9.415226276295517
1108627,115.70249528255889,0.6887053290628505,8.926641310535986
