UE ID,Internet usage
1192588,1.0686901867539946
1105171,0.9848375064177946
223714,0.971790983100806
601088,0.9703124698113337
819168,0.9881557471900211
294519,1.070034064202365
62852,1.0211465010738818
