UE ID,Internet usage,Data rate,optimal GU
1192588,126.64294359205013,48.99875793740035,78.77402451028328
1105171,112.55569329562218,43.5483337155681,70.01151971800702
223714,110.36387737841774,42.70030969998305,68.64817363739105
601088,110.11548714562458,42.604206336104745,68.49367076710723
819168,113.11315774564923,43.76401936587619,70.3582719096767
294519,126.8687150034894,49.08610997158816,78.91445809619019
62852,118.65560439825003,45.90841836837055,73.8057662277598
