UE ID,Internet usage
408743,0.35836773202748096
83598,0.29045670153069536
256973,0.3671469431474895
639326,0.3136917819741895
520387,0.2527475199833722
1214565,0.3169830682425316
1166588,0.357033206293804
