UE ID,Internet usage,Data rate,optimal GU
429439,117.83173517139757,40.68000380917297,69.23435155769074
178548,114.40698870730516,39.4976508632363,67.22207447167453
777282,112.89099028541538,38.97427045567912,66.33131980741241
193138,129.71322427384948,44.78194647549565,76.21555396764816
1197808,114.33579511306814,39.47307212236876,67.18024327632727
1228987,112.43460920403679,38.816710320441274,66.06316413452444
1179601,112.7849085685503,38.93764700580903,66.26898941001484
