UE ID,Internet usage
1276995,0.4349143017400736
588347,0.4107566618889058
478395,0.3966144607928272
300422,0.4609632456994269
937256,0.39304074526128313
413675,0.46371093590350637
965965,0.47247239620996145
