UE ID,Internet usage,Data rate,optimal GU
649441,123.05796024771317,29.29951434469361,60.046136191320485
716362,118.4847871906635,28.21066361682464,57.81465623132996
840792,110.02502017759764,26.196433375618483,53.686712608740685
890159,120.69804762828288,28.737630387686398,58.89461674259339
608316,121.37263055558188,28.898245370376635,59.22377950657386
1198134,102.57950368342483,24.42369135319639,50.053672563839314
1134913,123.87891416626903,29.494979563397386,60.446720685823514
