UE ID,Internet usage,Data rate,optimal GU
1126601,120.1330400484081,67.93237383689744,90.33782478414804
114793,118.44161755751517,66.97591469026156,89.06590634641698
264295,107.5843555357219,60.836391523176076,80.9014460633415
269544,120.79288212374435,68.30549881997449,90.83401382392356
540056,117.43733048578467,66.40801426279491,88.3107010383484
1195432,116.52184382036587,65.89032835080214,87.6222719938532
72250,118.1527601516534,66.81257270480401,88.84869091835631
