UE ID,Internet usage
1264724,0.9889279672768867
1033956,0.9987283038616556
1157935,1.0092729692759543
1068316,1.022346244927829
561155,1.005638243056363
33676,1.010019640620877
1001041,1.0643035952227038
