UE ID,Internet usage,Data rate,optimal GU
866745,118.48066814848659,77.57662795436622,95.87142803119119
1222280,124.62831859912812,81.60187527323865,100.84594443922622
1225113,121.46903220634681,79.5332948970128,98.28953331521177
1011450,115.30287406749312,75.49592944895383,93.3000409745948
656369,110.81893411803337,72.56001638680756,89.67175517169856
832394,112.10693433135802,73.40334985981775,90.71397093301718
63603,113.81863520529399,74.52410638441867,92.09903408054109
