UE ID,Internet usage
254402,0.3920385766591416
912533,0.35033587161754803
386768,0.3468088437515788
564871,0.33079878457207285
403539,0.40405069805450494
916583,0.3207536820370486
521733,0.27694632047963114
