UE ID,Internet usage
156733,0.6755707194628553
487553,0.7370257895098703
498339,0.6363856095008548
68866,0.6304494587186135
1011314,0.645325244877537
1267063,0.693567785820012
990373,0.5753796954101309
