UE ID,Internet usage,Data rate,optimal GU
1003307,122.80711158507764,37.28073030261285,67.66342295691345
666096,127.71490798594402,38.77059706716158,70.36748707316933
557335,112.27517784906402,34.08353613275158,61.86061009260808
1128860,130.59804667710287,39.64583559840623,71.95601912302683
68978,114.60534088125735,34.79090705323884,63.14446739346669
1163664,118.06976359294947,35.84260680500252,65.05327133989258
435550,107.64035919662395,32.67653761326084,59.306949390382485
