UE ID,Internet usage
772656,0.7638868493102565
847148,0.8523937664061275
484957,0.8254587088332462
992948,0.7593066529017756
805205,0.8599244682829102
679995,0.8753016603042652
427459,0.8825266192355095
