UE ID,Internet usage,Data rate,optimal GU
977551,119.0934410237899,12.051122008359691,37.8841601223134
570555,107.58822897312281,10.886904122280283,34.22430033640317
637866,121.43989898665984,12.288561206983436,38.63057897142438
1280990,99.35419204170995,10.05369800422065,31.605016093030144
44236,120.85793889824568,12.229672388512954,38.44545484548805
176501,114.07289041104211,11.543090101117356,36.28710035411407
214469,104.252837407915,10.549394261515207,33.16329725310402
