UE ID,Internet usage,Data rate,optimal GU
977551,119.0934410237899,20.557796367201828,49.48028606663903
570555,107.58822897312281,18.571777620360486,44.70016401599956
637866,121.43989898665984,20.962839706030568,50.45517948014747
1280990,99.35419204170995,17.150426007199933,41.27913176311342
44236,120.85793889824568,20.86238230981622,50.213389912169944
176501,114.07289041104211,19.691153701906078,47.39437538679583
214469,104.252837407915,17.99602550493771,43.314393923440306
