UE ID,Internet usage,Data rate,optimal GU
330079,113.82444522134632,85.36833391600975,98.57486113335617
728030,117.38285117947581,88.03713838460686,101.65653109007421
925423,115.71339876719907,86.7850490753993,100.21074289063334
1022748,118.40198674067545,88.80149005550659,102.5391283759732
622280,111.23752483210566,83.42814362407925,96.33452235870583
934246,122.73289566657279,92.0496717499296,106.28980552727708
600623,113.1348441767268,84.8511331325451,97.97764911023937
