UE ID,Internet usage,Data rate,optimal GU
330079,113.82444522134632,88.07843975461323,100.12731665749675
728030,117.38285117947581,90.83196817459437,103.25751983549331
925423,115.71339876719907,89.54012999842784,101.78896191716922
1022748,118.40198674067545,91.62058497790362,104.15401714637161
622280,111.23752483210566,86.07665612008176,97.85169478666282
934246,122.73289566657279,94.97188355151465,107.96376371350689
600623,113.1348441767268,87.54481989865764,99.52069914200885
