UE ID,Internet usage,Data rate,optimal GU
330079,113.82444522134632,62.33243428788013,84.23155437313252
728030,117.38285117947581,64.28108516971295,86.86482057848059
925423,115.71339876719907,63.366861229656635,85.6294043077086
1022748,118.40198674067545,64.8391832151318,87.61899400994206
622280,111.23752483210566,60.91578740805787,82.31719999168526
934246,122.73289566657279,67.21087143645653,90.823922353475
600623,113.1348441767268,61.95479562058849,83.72124072501694
