UE ID,Internet usage
463442,1.043418318820708
673751,0.9958117535679427
760783,0.9554457309068254
228161,1.0328784744859665
565025,1.008926833327231
1112404,1.0175359542017466
1288012,1.017055740736361
