UE ID,Internet usage
719694,0.6716566134037563
254696,0.6800038359810877
184584,0.5828430310751888
624522,0.6728969113452589
412715,0.7049696856969537
183815,0.705466499794739
801968,0.5568860138168457
