UE ID,Internet usage,Data rate,optimal GU
719694,118.892563837506,62.277057248217425,86.04812028449957
254696,120.294897230899,63.0116128352328,87.06305468088934
184584,103.97188200685027,54.46146200358823,75.24932359402067
624522,119.10093389180528,62.3862034671361,86.19892745794515
412715,124.48915998310943,65.20860761020018,90.09863919650516
183815,124.57262475112331,65.2523272505884,90.15904656064774
801968,99.6111031072562,52.177244484753246,72.09322353885467
