UE ID,Internet usage,Data rate,optimal GU
478370,128.99140783584485,63.727897918899544,90.66615284094644
1097889,123.87541898529736,61.20035580821239,87.07019994114856
243305,127.95698429698348,63.21684343243827,89.93907183415541
204920,103.09232755886258,50.9325189725333,72.4620723503985
700661,125.19707399914034,61.85331632100387,87.99917170367546
351027,113.27437589376872,55.96293570942146,79.61888353693374
398217,127.33471527700748,62.909412904712035,89.50168814310268
