UE ID,Internet usage,Data rate,optimal GU
478370,128.99140783584485,115.9387058524558,122.29103356572867
1097889,123.87541898529736,111.34040634988037,117.44079140820149
243305,127.95698429698348,115.00895612407444,121.31034248068322
204920,103.09232755886258,92.66036584159673,97.73726406578982
700661,125.19707399914034,112.52832246351305,118.69379391722033
351027,113.27437589376872,101.81208785689927,107.39041256290905
398217,127.33471527700748,114.4496548025484,120.72039681774696
