UE ID,Internet usage
700487,0.9860726589474834
80296,1.0499597436508332
972899,1.0112815825400885
1024455,0.9390598028034054
204403,1.0246191468368535
795565,0.9914158405034436
258231,0.9978031000364024
