UE ID,Internet usage
700487,0.35451285205981736
80296,0.41839993676183723
972899,0.37972177565153586
1024455,0.30749999591352273
204403,0.3930593399487442
795565,0.35985603361489094
258231,0.366243293148293
