UE ID,Internet usage,Data rate,optimal GU
700487,118.75137019209642,40.99749685203329,69.77470118621156
80296,129.4844004219707,44.70294776472797,76.08110401676934
972899,122.98646935553842,42.45961442036445,72.26311692528996
1024455,110.85321035949109,38.27075119553859,65.13398216672142
204403,125.22718015739545,43.233193149577,73.57969059000965
795565,119.64902469331341,41.307401382215346,70.30213572856299
258231,120.72208429492316,41.67786243515204,70.93263298460474
