UE ID,Internet usage,Data rate,optimal GU
337375,120.78175519203762,58.234060539018145,83.86663248194712
726401,115.96033538898938,55.90944741969131,80.51880695961951
737052,102.53247076994634,49.435298406938415,71.19496673861846
276726,124.90326885075243,60.221218910184206,86.72846762199107
839651,114.12381225214551,55.02398090728445,79.24358943427897
597163,127.29782699459598,61.375738015251635,88.39116516672439
263691,106.76720107172942,51.47704337386954,74.13541556149845
