UE ID,Internet usage,Data rate,optimal GU
337375,120.78175519203762,84.1158652230262,100.79514790471802
726401,115.96033538898938,80.75809071733188,96.77156237736494
737052,102.53247076994634,71.4065421433555,85.56570104368069
276726,124.90326885075243,86.98620509248829,104.2346456845024
839651,114.12381225214551,79.4790835327442,95.23894165236975
597163,127.29782699459598,88.65384379980792,106.23295943554375
263691,106.76720107172942,74.35572931781155,89.09968071160452
