UE ID,Internet usage,Data rate,optimal GU
1059351,115.07120321831096,71.23455437324012,90.5375385265633
491858,116.17505678164761,71.9178922934009,91.40604586569899
115201,127.96130613668092,79.2141418941358,100.67941726723488
647476,109.33126216352,67.68125752979809,86.02137705563116
1248473,120.70418254428374,74.72163681312803,94.96954295930604
269010,106.69778166306351,66.05100769618217,83.94936567832167
733729,121.26168820139571,75.06675936276878,95.40818606459966
