UE ID,Internet usage,Data rate,optimal GU
1213305,103.58070267283372,54.2565585429129,74.9662087775863
599907,122.40182029788755,64.11523920365538,88.58793364427179
507582,116.67681362547613,61.11642618477321,84.4444780161258
915716,105.7404207860459,55.38783945935737,76.5292979901319
175706,115.07312640219627,60.27639954400757,83.28381441670925
580001,133.92799698612563,70.1527603260658,96.92996788154701
652356,121.96739439011768,63.88768277577592,88.27351925568499
