UE ID,Internet usage
322038,0.4216625473916228
102112,0.3240289689955286
213845,0.37886457108929816
788539,0.4116352927410638
150413,0.37500305384616867
1294439,0.3555540311716345
287333,0.4631294050684977
