UE ID,Internet usage,Data rate,optimal GU
322038,116.38933275850836,76.2073012109281,94.17917465802398
102112,99.9868915879118,65.4676075873232,80.90675239035143
213845,109.19927273970718,71.49952381766542,88.36116795360073
788539,114.70475397723,75.10430319937679,92.81605799168484
150413,108.55053784283785,71.07475692090574,87.83622880573414
1294439,105.28310203354586,68.93536442672645,85.19230602970381
287333,123.35576484837141,80.76865555548127,99.81622754753384
