UE ID,Internet usage,Data rate,optimal GU
322038,116.38933275850836,15.241460242185617,42.11820732003343
102112,99.9868915879118,13.093521517464639,36.18259963671388
213845,109.19927273970718,14.299904763533084,39.51631562310544
788539,114.70475397723,15.020860639875357,41.50860301459398
150413,108.55053784283785,14.214951384181147,39.28155569936934
1294439,105.28310203354586,13.78707288534529,38.09915748847659
287333,123.35576484837141,16.153731111096256,44.63917401077456
