UE ID,Internet usage
187563,0.6755527229107365
292878,0.727240736007585
185724,0.6470409938015578
972409,0.7354995727780809
809322,0.7372406502753067
1096254,0.7724809283475693
1063536,0.7546629039609138
