UE ID,Internet usage,Data rate,optimal GU
1139433,130.45716756569138,25.625515057546522,57.81895979537762
425284,117.50915379599795,23.082155209928167,52.08036603660293
872329,114.78361957314486,22.546782416153455,50.87240210029629
625313,120.12886206068895,23.596740761921044,53.241427629907236
446569,130.99411351341257,25.730986582991754,58.05693565169038
1281113,121.47141036897119,23.86045560819077,53.836448571327224
503694,120.77237262073767,23.723144621930615,53.526633202691286
