UE ID,Internet usage,Data rate,optimal GU
601801,106.93799638308208,84.02271144385021,94.79040253358566
875017,121.53221303199568,95.48959595371089,107.72679294300738
338831,114.11148446609755,89.65902350907665,101.14902010598755
1040893,110.35343228591321,86.7062682246461,97.81786288450955
153326,117.68905074513148,92.4699684426033,104.32019367525277
1147394,118.17996195665563,92.85568439451514,104.75533995555081
269730,117.17955851971386,92.06965312263232,103.86857708649546
