UE ID,Internet usage,Data rate,optimal GU
601801,106.93799638308208,98.02649668449192,102.38533658631202
875017,121.53221303199568,111.40452861266272,116.35823522245077
338831,114.11148446609755,104.60219409392276,109.25342853415809
1040893,110.35343228591321,101.15731292875378,105.65536750448679
153326,117.68905074513148,107.88162984970387,112.67868746950015
1147394,118.17996195665563,108.331631793601,113.14869917091487
269730,117.17955851971386,107.41459530973772,112.19088580169422
