UE ID,Internet usage
389802,0.4740151185435048
689062,0.498780674661153
699024,0.45046199878299364
1125364,0.44532204228237515
395575,0.45324360420312637
112981,0.47140966709326393
1077886,0.49810396278947633
