UE ID,Internet usage,Data rate,optimal GU
389802,116.73658071582533,112.56741711883157,114.63304660726966
689062,120.89719414289375,116.57943720921898,118.71868788591053
699024,112.77965659559835,108.75181171718414,110.74742425724038
1125364,111.91614390361416,107.91913876419937,109.89947162697482
395575,113.24696630637132,109.20243179542949,111.2063132835129
112981,116.29886487172199,112.1453339834462,114.20321818116572
1077886,120.78350654915383,116.46980988668406,118.60704888507684
