UE ID,Internet usage
1067848,0.7645697919603207
781848,0.8276989632753756
757786,0.7869912482382349
189136,0.7732431133445481
319347,0.7220210535256649
32785,0.819200068271732
1100053,0.7975045501744639
