UE ID,Internet usage,Data rate,optimal GU
1067848,109.8417943312412,30.07572940022081,57.476709049328136
781848,120.44749511278224,32.97967128088085,63.02633414236514
757786,113.60859898654516,31.107116389173083,59.447757833961674
189136,111.29891232389026,30.474702183922336,58.239172439733714
319347,102.69360627427311,28.118487432241448,53.73629013427239
32785,119.019680751893,32.58872211063737,62.27920440821492
1100053,115.37483371132231,31.59072827810016,60.37197215517622
