UE ID,Internet usage
642007,0.9706429332181797
634091,0.939090490581885
243168,1.038624269437146
804439,1.0315058186236292
497616,1.0333378241071915
254347,1.0342435271074937
328389,1.0591739050421265
