UE ID,Internet usage
1167628,0.6050219499040758
527983,0.6567251900270754
415644,0.6336263803818332
698030,0.6366413532082051
735951,0.6698435057316959
222522,0.5919388557311044
149603,0.674482444184473
