UE ID,Internet usage,Data rate,optimal GU
1167628,110.6434589356692,92.202882446391,101.00319716577094
527983,119.3296032762888,99.441336063574,108.93252582094291
415644,115.44900325575514,96.20750271312929,105.39003887444076
698030,115.95551869064856,96.6295989088738,105.85242209013353
735951,121.53348031466285,101.27790026221905,110.9443811007515
222522,108.44549911490832,90.3712492624236,98.99674354190303
149603,122.31282197478525,101.92735164565438,111.65581944617243
