UE ID,Internet usage
948818,1.0220178171674132
837849,1.0476214104489068
556152,1.0332105871699524
75827,1.0740384124710158
190524,1.0163826570447398
513451,1.0030031717486556
933117,1.0646256646282515
