UE ID,Internet usage
948818,0.891533794756377
837849,0.9171373880423038
556152,0.9027265647589161
75827,0.943554390064413
190524,0.8858986346337036
513451,0.8725191493420525
933117,0.9341416422216484
