UE ID,Internet usage,Data rate,optimal GU
948818,117.6525986352929,5.60250469691871,25.673901854975615
837849,121.95400230666137,5.80733344317435,26.61254508919499
556152,119.5329839957213,5.692046856939109,26.084235581158943
75827,126.39205864642587,6.018669459353613,27.581008380406875
190524,116.7058917346909,5.557423415937661,25.46731347245439
513451,114.4581382050711,5.450387533574814,24.97681343945025
933117,124.81071700905821,5.94336747662182,27.23593134455817
