UE ID,Internet usage
667758,0.46873025875121754
1017517,0.36997165293234474
662822,0.3977479505941916
1297454,0.43360666122280983
1088053,0.3955670958713813
1271597,0.3302907616621588
245569,0.4699070026263714
