UE ID,Internet usage,Data rate,optimal GU
667758,127.63759141519101,12.915708655108613,40.6020928544133
1017517,111.04614563799856,11.236812356226045,35.32427920589944
662822,115.71256364514456,11.709009416472961,36.80868779683982
1297454,121.7368270308119,12.31860749716549,38.725033119971606
1088053,115.34618005168755,11.671934886182669,36.692139525151696
1271597,104.3797559045284,10.562237204624896,33.203670598662356
245569,127.83528438679149,12.935713301044377,40.66497987931396
