UE ID,Internet usage
857385,0.9076371936244444
437062,0.836470129737557
1110214,0.8640056607346268
432873,0.9062978833129977
1286979,0.959313640500834
841527,0.8082985044830336
140802,0.9071208532183326
