UE ID,Internet usage,Data rate,optimal GU
455731,119.16116532478868,90.7894592950771,104.01239238095071
1082152,111.0495532525816,84.60918343053837,96.93199688971137
791778,124.8467990008618,95.12137066732328,108.97522032274026
217641,118.61822389185176,90.37578963188705,103.5384742448819
311899,109.1477516269969,83.16019171580716,95.27196833618147
361126,113.73943096833054,86.65861407110899,99.27991465020554
624459,115.94043796842685,88.33557178546808,101.20111106602822
