UE ID,Internet usage
237588,0.41258916965476267
911437,0.4331789908775519
1285771,0.3937868981409925
667997,0.34776281070964077
1143266,0.35824471457770884
119705,0.3827934978468269
397539,0.31631929801260994
