UE ID,Internet usage,Data rate,optimal GU
237588,118.78454355681865,10.605762817573094,35.493671201459264
911437,122.2436335222326,10.914610135913625,36.52727202369034
1285771,115.62576194250217,10.323728744866266,34.54980466244163
667997,107.89371525406217,9.633367433398409,32.239413809758446
1143266,109.65467510385987,9.79059599141606,32.7656012078503
119705,113.77887069311964,10.158827740457111,33.997940347543796
397539,102.6112051209862,9.161714742945197,30.660961999720637
