UE ID,Internet usage
819966,1.0129975797230815
594982,1.1036674306124914
614814,0.9894975869880488
446049,1.008086426754786
408549,0.9745906153711416
1187264,1.037343911385675
736381,1.0490483706128049
