UE ID,Internet usage
487421,0.8732075957938228
310044,0.8785258336828357
1105478,0.8424247406405844
326749,0.8386496101022085
1171049,0.8703146883666529
159735,0.8758168708099645
579653,0.929611266503691
