UE ID,Internet usage
1131399,0.6879588955549639
1148888,0.6627832504398349
1073795,0.7620534400331974
989846,0.7134630920213326
698106,0.7025443390176114
6829,0.7134308063625072
535580,0.7563341764545815
