UE ID,Internet usage,Data rate,optimal GU
264858,107.3805343867945,15.340076340970642,40.58602709095398
1179031,117.64560935628892,16.806515622326987,44.465860742199155
890263,107.14546893154447,15.30649556164921,40.49718070003774
1270380,126.58826060239913,18.084037228914163,47.84586520774051
1142628,120.80765362535769,17.258236232193955,45.66100113798958
769779,114.20450949573745,16.314929927962492,43.165247246833694
477187,123.43372663308165,17.633389519011665,46.65356343843772
