UE ID,Internet usage,Data rate,optimal GU
264858,107.3805343867945,7.670038170485321,28.698654977434487
1179031,117.64560935628892,8.403257811163494,31.44211166210571
890263,107.14546893154447,7.653247780824605,28.63583109193366
1270380,126.58826060239913,9.042018614457081,33.832135740130816
1142628,120.80765362535769,8.629118116096977,32.287203540439094
769779,114.20450949573745,8.157464963981246,30.522439039830054
477187,123.43372663308165,8.816694759505832,32.989051073836094
