UE ID,Internet usage,Data rate,optimal GU
264858,107.3805343867945,102.90634545401139,105.11963834909167
1179031,117.64560935628892,112.74370896644355,115.1685822715785
890263,107.14546893154447,102.68107439273012,104.88952219456371
1270380,126.58826060239913,121.31374974396584,123.92294608846007
1142628,120.80765362535769,115.77400139096778,118.26404973136052
769779,114.20450949573745,109.4459882667484,111.79993473289794
477187,123.43372663308165,118.29065469003658,120.83483079914595
