UE ID,Internet usage,Data rate,optimal GU
399212,126.08565345064807,4.50305905180886,23.827948780249127
363167,125.91625348806981,4.497009053145351,23.795935196457286
1255077,120.41369324025007,4.300489044294645,22.75604905432293
82347,123.7549817399176,4.419820776425628,23.387493227797247
1201254,98.98735507812587,3.535262681361638,18.706851748340547
307612,106.45623386445673,3.802008352302026,20.11833716556322
933362,118.2092853835902,4.221760192271079,22.33945512740301
