UE ID,Internet usage
493517,0.41290244114706826
1286927,0.3004355945212617
894868,0.32601328951960956
817159,0.3371496923466692
865289,0.3339600377176429
309683,0.3819839548704179
1201036,0.35656863199452205
