UE ID,Internet usage,Data rate,optimal GU
493517,127.37401729667572,72.78515274095756,96.28570664521247
1286927,108.47958706352021,61.98833546486869,82.002859913444
894868,112.77663982330603,64.4437941847463,85.25112647713458
817159,114.6475554982211,65.51288885612634,86.66540579136253
865289,114.111693520546,65.20668201174057,86.26033221136723
309683,122.1797116022179,69.81697805841023,92.35918061630332
1201036,117.90993735900358,67.37710706228776,89.13153467289357
