UE ID,Internet usage
1096564,0.3532777646466256
1240416,0.30960664536186266
114632,0.31761378604111784
83275,0.34640521052745893
1040496,0.29915067652167965
1262207,0.32140052023231774
941780,0.33641570715315616
