UE ID,Internet usage
1096564,0.9945283230052296
1240416,0.95085720372224
114632,0.9588643443992786
83275,0.9876557688887231
1040496,0.9404012348807271
1262207,0.9626510785940252
941780,0.9776662655108734
