UE ID,Internet usage
233112,0.5481576065078755
385313,0.5542665886144518
572468,0.55701901094568
474648,0.5224804053876582
1059373,0.48263862543958225
405076,0.5067347775887621
309161,0.598141558026997
