UE ID,Internet usage,Data rate,optimal GU
115146,124.52290474966603,40.76642715018828,71.24853630080476
47320,123.13265957795686,40.31128736183111,70.45307675235728
489236,117.87378806012143,38.58963299587308,67.4440970068798
497085,117.26171244752088,38.38925109889076,67.09388439667063
707932,123.77030819759938,40.52004137421408,70.81792152461095
5140,119.46444944015296,39.11038523338341,68.35422912518608
128467,104.977673779617,34.36769082070795,60.065299762300505
