UE ID,Internet usage
374691,0.9561691621182988
557930,0.9966401495081278
969078,0.99325340210766
1173936,1.1115969812433566
617684,0.9572689966566494
48069,1.0599388470095896
95789,1.0245675970496548
