UE ID,Internet usage,Data rate,optimal GU
314385,134.58185273146034,8.811907024083713,34.43722946751895
1160285,103.74766619218035,6.793001953059427,26.547280445816643
298262,110.89169507854157,7.260765749190222,28.375317117098806
312261,115.34179256630557,7.552141179936674,29.51402211505084
544513,127.52801901456358,8.350048864048805,32.63227222102302
1272829,114.80088843982423,7.516724838321824,29.375613859067517
426070,116.24335989686402,7.6111723741994295,29.744718010617166
