UE ID,Internet usage
358870,0.9466455812104855
433520,0.942851849616908
730613,1.0083365343579094
690790,0.9751055176379477
479959,0.9228605767612139
180914,0.9350096013947493
802299,0.909892185606206
