UE ID,Internet usage,Data rate,optimal GU
358870,116.20899234654418,102.37458849576511,109.07267197141994
433520,115.5716454386795,101.81311621978908,108.47446413216583
730613,126.57307247472443,111.50484956106676,118.80030052477203
690790,120.99026166583161,106.58665908656594,113.56032658006228
479959,112.21311159893176,98.85440783715417,105.32217572134036
180914,114.25414773714891,100.65246348272643,107.23787312728378
802299,110.03442188448919,96.93508594585953,103.2772779578157
