UE ID,Internet usage,Data rate,optimal GU
358870,116.20899234654418,93.38222599275872,104.1722342358834
433520,115.5716454386795,92.8700722275103,103.60090279212038
730613,126.57307247472443,101.71050466718927,113.46281804485972
690790,120.99026166583161,97.22431741004326,108.45826664539223
479959,112.21311159893176,90.17125039199874,100.59024099410725
180914,114.25414773714891,91.8113687173518,102.41986958291913
802299,110.03442188448919,88.42051758575025,98.637216785934
