UE ID,Internet usage,Data rate,optimal GU
1283245,107.75495531007519,32.069927175617615,58.785147525595626
1097404,111.00032859814397,33.03581208278094,60.555643805472165
259018,117.16782336567108,34.87137600168782,63.92028804600039
455847,112.78149347390499,33.565920676757436,61.527348908849724
200936,111.79406193340269,33.27204224208413,60.98866084004751
269707,107.07551797398831,31.867713682734617,58.41448407052453
905292,106.15691551403006,31.594320093461327,57.91334534358032
