UE ID,Internet usage,Data rate,optimal GU
16121,123.34542779451309,72.68569852176664,94.68605271480226
423578,106.1845405225,62.57303280790178,81.51250663429735
922289,119.33458170334067,70.32216421804004,91.60712882430842
226171,126.81561559679771,74.7306306195415,97.34994055444541
1046481,100.58306320781458,59.272162247462155,77.21253552241583
276532,115.01978125830524,67.77951395578701,88.29487453407967
615235,114.22967811670333,67.31391746162875,87.68835227335605
