UE ID,Internet usage
334746,0.6864384786762653
102172,0.7213995031909384
1234238,0.6764867538172336
1197330,0.6819293366749531
1156679,0.6187925249757826
1175699,0.6318610313040021
638621,0.665239671732458
