UE ID,Internet usage
334746,0.45378426686842116
102172,0.48874529138309425
1234238,0.44383254200938954
1197330,0.449275124867109
1156679,0.3861383131714853
1175699,0.3992068194966013
638621,0.4325854599263873
