UE ID,Internet usage,Data rate,optimal GU
334746,119.94620814626714,15.707241542963553,43.40534602460854
102172,125.81966026501775,16.47638408232375,45.530792301846894
1234238,118.27431836989219,15.488303596057309,42.800333532925045
1197330,119.1886722902316,15.608040418958899,43.13121392434928
1156679,108.58168792509498,14.219030561619581,39.29282808654991
1175699,110.77719698772646,14.506537700773702,40.087324486531756
638621,116.38480857993764,15.24086779022993,42.11657014000603
