UE ID,Internet usage,Data rate,optimal GU
334746,119.94620814626714,31.414483085927106,61.384429027498506
102172,125.81966026501775,32.9527681646475,64.39026397886438
1234238,118.27431836989219,30.976607192114617,60.52881215635456
1197330,119.1886722902316,31.216080837917797,60.99674769343004
1156679,108.58168792509498,28.438061123239162,55.56845038399335
1175699,110.77719698772646,29.013075401547404,56.69203796810428
638621,116.38480857993764,30.48173558045986,59.561824692634254
