UE ID,Internet usage,Data rate,optimal GU
1022259,136.14393334018678,72.93425000367148,99.64715585864138
559932,127.45216870670468,68.27794752144894,93.2854355537414
243997,119.05582458061033,63.779906025326966,87.13994091987405
1201750,111.27224815529702,59.61013294033769,81.44294631892623
110135,100.3458120114835,53.756685006151876,73.44561394656492
1175101,120.93168924585787,64.78483352456671,88.51293326761652
71282,112.4374824772419,60.23436561280816,82.29581051376734
