UE ID,Internet usage
1009956,0.9207464711986558
225666,0.9062135952533203
882329,0.9807212602487513
735263,0.9133470513991492
453347,0.9322442537607417
227124,0.9229981093101889
62234,0.9103665952284107
