UE ID,Internet usage
1009956,1.0048571847736358
225666,0.9903243088283002
882329,1.0648319738237315
735263,0.9974577649785626
453347,1.0163549673357217
227124,1.0071088228851688
62234,0.9944773088033908
