UE ID,Internet usage
1009956,0.66449770428258
225666,0.6499648283372446
882329,0.7244724933282422
735263,0.6570982844830735
453347,0.6759954868402325
227124,0.6667493423941131
62234,0.654117828312335
