UE ID,Internet usage,Data rate,optimal GU
1009956,113.28272113076376,66.08158732627886,86.5211074187164
225666,110.84119797213579,64.65736548374588,84.656363304483
882329,123.35848569078921,71.95911665296038,94.21659971552808
735263,112.0396186047335,65.35644418609455,85.57167218169566
453347,115.21434860087221,67.20837001717547,87.99641226808774
227124,113.66099633374024,66.30224786134848,86.81001987724382
62234,111.53890196771202,65.06435948116535,85.18924353321654
