UE ID,Internet usage
1237017,0.8024314882229112
914523,0.7952756006772604
44477,0.8334661574166704
86215,0.7151522402693583
350444,0.7775478021540879
276528,0.8851245002479141
905287,0.8657642520096706
