UE ID,Internet usage,Data rate,optimal GU
1237017,117.02347502380572,38.31125670422211,66.957571581242
914523,115.82128591568058,37.91768288906209,66.2697124722461
44477,122.23729944825533,40.01816350984549,69.94077663510913
86215,102.36056136737034,33.51089806669862,58.56786096514023
350444,112.84301576391096,36.94265397032799,64.5656292800932
276528,130.91590104407229,42.8593723656189,74.90643064135689
905287,127.66337933981728,41.79455871244018,73.04542835281697
