UE ID,Internet usage
377079,0.309494366444664
1182083,0.30649366360892044
944885,0.30923628266562947
279060,0.2846671773582611
1206969,0.2016099434716883
996079,0.3113684103346167
530489,0.1840587006721556
