UE ID,Internet usage
855116,0.7422504903369684
524075,0.7369159883574882
1120887,0.8381184370238499
1269028,0.7543203931021428
762073,0.7683681587617587
714984,0.799857749135351
1172891,0.818301220538818
