UE ID,Internet usage
855116,0.468429631065712
524075,0.4630951290862318
1120887,0.5642975777525935
1269028,0.4804995338308864
762073,0.49454729949050213
714984,0.5260368898640946
1172891,0.5444803612675616
