UE ID,Internet usage,Data rate,optimal GU
855116,109.6932330818858,63.987719297766716,83.77959063702929
524075,108.79703674986558,63.46493810408826,83.0951093821919
1120887,125.79904812562368,73.38277807328049,96.08061006484385
1269028,111.72097674689525,65.17056976902224,85.32830544284145
762073,114.08100137765442,66.54725080363174,87.1308040282438
714984,119.37125256012794,69.63323066007463,91.17130010974623
1172891,122.46975575619375,71.44069085777969,93.5378210159186
