UE ID,Internet usage,Data rate,optimal GU
855116,109.6932330818858,60.07010383055651,81.17440422164069
524075,108.79703674986558,59.57932964873592,80.51120740198769
1120887,125.79904812562368,68.88995492593678,93.09291463425112
1269028,111.72097674689525,61.180534885204544,82.6749606306078
762073,114.08100137765442,62.472929325858374,84.42140923065284
714984,119.37125256012794,65.36997164007006,88.336263190692
1172891,122.46975575619375,67.0667710093442,90.62919543320993
