UE ID,Internet usage
722285,0.47730957601575097
62572,0.46028713992243553
678487,0.420040359336611
1169404,0.5275328819028273
231590,0.45474408146223294
1148352,0.48006263335651733
596954,0.46225272988496086
