UE ID,Internet usage
722285,0.8561849569019616
62572,0.8391625208086463
678487,0.7989157402210483
1169404,0.906408262789038
231590,0.8336194623484436
1148352,0.858938014242728
596954,0.8411281107711714
