UE ID,Internet usage
278483,0.6670630708355264
327640,0.674737049217646
55301,0.6955919083559703
745452,0.6753044394526678
251706,0.7152691751708166
517820,0.7450134402416034
823436,0.5920978329394878
