UE ID,Internet usage,Data rate,optimal GU
434070,105.64666649407332,94.32738079827973,99.82671656653501
267099,108.93046348325811,97.25934239576615,102.9296130627513
657742,104.65837445481391,93.44497719179813,98.89286836704026
242936,122.36354531139058,109.25316545659872,115.6226822979011
183060,120.00967385344595,107.1514945120053,113.39848283506733
454585,119.62312525741099,106.80636183697409,113.0332287440853
797734,116.23369129867609,103.78008151667507,109.83051469405326
