UE ID,Internet usage
981406,0.8679727921384085
572859,0.909173175192885
1297183,0.8654357938935361
1139621,0.908894488179321
845265,0.9234530207985366
731325,0.8394353116527781
1236250,0.8251409042354956
