UE ID,Internet usage,Data rate,optimal GU
981406,116.34140998565805,92.79612463141773,103.90395555908346
572859,123.26307433895248,98.31697596083114,110.08566081302747
1297183,115.91519428059361,92.45616686666395,103.52330435601606
1139621,123.21625492048264,98.27963190086115,110.0438466148276
845265,125.66208840064031,100.2304752719393,112.22820877150552
731325,111.54711326436615,88.97210224657775,99.62219213944137
1236250,109.14565281815315,87.05665165257453,97.477459326671
