UE ID,Internet usage,Data rate,optimal GU
1239728,117.42699938132635,23.066017735617677,52.04395498393679
872390,113.70966817866088,22.335827677951244,50.39642401753903
1231105,107.90640652350837,21.19590128140343,47.82440318815563
1073618,122.2874864124865,24.02075625959556,54.19813562026781
853537,118.16356450376873,23.21070017038314,52.370402583527124
178360,120.50779419655153,23.67117386003691,53.409371349194124
1213754,117.72198539956872,23.123961417772428,52.17469356309816
