UE ID,Internet usage,Data rate,optimal GU
768847,116.02019023186054,107.04243741629989,111.44094378603019
48235,122.96413560152595,113.44905367997929,118.11081584922597
525085,118.81053301032092,109.6168608130937,114.12115342968552
1249511,112.76968545900246,104.0434597984844,108.31873446242554
193631,113.42804293407444,104.6508729451282,108.95110696779712
50205,120.49410453857824,111.170155973093,115.73827541220716
935588,118.74541645468355,109.55678303854731,114.05860698495187
