UE ID,Internet usage,Data rate,optimal GU
768847,116.02019023186054,75.2750043766238,93.45277057144976
48235,122.96413560152595,79.78030226527576,99.0460292292331
525085,118.81053301032092,77.08540534598202,95.7003557802831
1249511,112.76968545900246,73.16604592280517,90.83453079635336
193631,113.42804293407444,73.59319452270306,91.36482927241124
50205,120.49410453857824,78.17772258752993,97.05645098626778
935588,118.74541645468355,77.04315710452683,95.6479052324757
