UE ID,Internet usage
277311,0.4800455288289399
1204382,0.39084506390722246
628408,0.39150853631149946
636562,0.3942704240563681
937206,0.36912300140974663
1271586,0.34664700976991775
795850,0.33156759245625284
