UE ID,Internet usage
277311,0.7723293772155626
1204382,0.6831289122934018
628408,0.6837923847003388
636562,0.6865542724429906
937206,0.6614068497981425
1271586,0.6389308581569837
795850,0.6238514408446488
