UE ID,Internet usage,Data rate,optimal GU
277311,130.30708867079164,98.50595393565796,113.29617855027017
1204382,115.32141056419793,87.17749489079247,100.2668024834708
628408,115.43287392804692,87.26175588608308,100.3637148870957
636562,115.89687106916762,87.61251562966837,100.76713962387295
937206,111.67210406454713,84.41879295355645,97.0938938951004
1271586,107.8961374691082,81.56434201533774,93.81086002518173
795850,105.36279536036102,79.64925601646338,91.60823250269397
