UE ID,Internet usage,Data rate,optimal GU
1295600,107.69909938625112,3.2053303388765215,18.579859814660296
977870,116.15191550057627,3.45690224704096,20.038109134647755
1284067,109.71256589738881,3.265254937422286,18.927215788216625
40395,123.63836075896603,3.67971311782637,21.329643643326918
635058,113.06686305195872,3.3650852098797235,19.505887023758813
1070080,118.71813658612815,3.533277874587147,20.48082433184713
1212773,123.1346087431644,3.6647204983084642,21.24273816418842
