UE ID,Internet usage
61652,0.5391715780787973
72050,0.5543000690126538
745861,0.5382502698760385
1024747,0.3761000145766602
241395,0.4596796366599839
21962,0.4518777961777427
1009314,0.47151166169201175
