UE ID,Internet usage
914340,0.28080975722697865
1242515,0.2845179734233527
1286623,0.3286938419938331
597566,0.33458903016358826
169589,0.3417310664430984
1257427,0.283664744600185
711692,0.2833149795479218
