UE ID,Internet usage,Data rate,optimal GU
914340,113.39254543102528,101.91829976240963,107.50244386088107
1242515,114.0155257519736,102.4782404080239,108.0930638767261
1286623,121.43707167181472,109.14879656216681,115.12910245030218
597566,122.42746328435318,110.03896997581745,116.06804881862378
169589,123.62732537934633,111.11741745405534,117.2055848622631
1257427,113.87218330974395,102.34940285578178,107.95716726385707
711692,113.81342278096689,102.29658833289287,107.90145901229538
