UE ID,Internet usage,Data rate,optimal GU
914340,113.39254543102528,30.3730032404532,58.68621771608533
1242515,114.0155257519736,30.53987296927864,59.008640663811185
1286623,121.43707167181472,32.52778705495037,62.849655591081294
597566,122.42746328435318,32.793070522594604,63.362231947637035
169589,123.62732537934633,33.11446215518205,63.98321957842339
1257427,113.87218330974395,30.501477672252843,58.93445390188016
711692,113.81342278096689,30.485738244901846,58.90404243901182
