UE ID,Internet usage,Data rate,optimal GU
310055,120.23887519296841,100.91477025124135,110.1538853847929
1174358,119.10930865749043,99.96674119467947,109.11906081175984
1131692,112.15738092068054,94.13208755842831,102.75022336301511
1292209,131.40468522427616,110.28607509894607,120.38316735739217
640016,125.60830404738671,105.42125518262813,115.07295544147937
555862,113.7382089556818,95.45885394494722,104.19846004937077
658837,115.23133820620332,96.71201599449208,105.56635365335426
