UE ID,Internet usage,Data rate,optimal GU
237645,116.3311557373961,100.4048665590621,108.07503952566813
972497,108.23332171035217,93.4156645714349,100.55191532907993
342451,114.31715504128134,98.66659214872496,106.20397408788742
1013655,121.01993995386614,104.45173388875351,112.43105693399023
946620,105.70703335655155,91.23523712321412,98.20491970301939
1203544,120.65647194040619,104.13802637713628,112.09338453941973
599379,118.23120109604224,102.04478666027454,109.84023712844782
