UE ID,Internet usage,Data rate,optimal GU
237645,116.3311557373961,18.003631245073205,45.76443193364538
972497,108.23332171035217,16.75039502660212,42.57876106334836
342451,114.31715504128134,17.69194066115068,44.97212829677857
1013655,121.01993995386614,18.729276421431663,47.60898978030327
946620,105.70703335655155,16.35942182899012,41.58492453968091
1203544,120.65647194040619,18.673025419348576,47.46600222845951
599379,118.23120109604224,18.2976858839113,46.511905780487325
