UE ID,Internet usage
86227,0.6236951687932131
1159325,0.5728646540236654
583438,0.5506940892996093
77422,0.6003285419378409
141663,0.5792890121818237
358542,0.5577357429377554
199913,0.6513349103387656
