UE ID,Internet usage,Data rate,optimal GU
86227,124.86296298404486,96.62014992812995,109.83750818362985
1159325,116.32343650229039,90.0121830077247,102.32559041868073
583438,112.59878162848052,87.13000959346707,99.04914398167311
77422,120.93736967199163,93.58248843666019,106.38430334823487
141663,117.40272867269923,90.84734956816011,103.27500535940224
358542,113.78177944025077,88.04542456686072,100.08978508713955
199913,129.50643956346485,100.2133163288716,113.92220940009632
