UE ID,Internet usage,Data rate,optimal GU
303204,124.19335896965421,69.48914132825891,92.89827702101634
1221006,122.20449672924425,68.37632555088668,91.41058172958462
178251,119.59405454094023,66.91572099314513,89.45793640645047
16174,129.9963759133483,72.73606747532583,97.23901053579844
159582,109.72602736831537,61.3943248370336,82.07652141342001
688210,117.58297269998904,65.79047282023197,87.95362055959212
710305,125.60126470289788,70.27689810757381,93.95140915232705
