UE ID,Internet usage
387086,0.5482529926839421
491003,0.500558289590707
1283521,0.49228873823128166
80778,0.5425788852563936
898181,0.5694520188654664
1181892,0.5086703578531518
1183099,0.566143129685127
