UE ID,Internet usage
34562,0.7303172725768652
1035258,0.6784073245331161
69205,0.7830900281617943
651481,0.7280539825244379
412973,0.7348158184594563
177550,0.809035201613544
491906,0.7833834354024328
