UE ID,Internet usage
34562,0.7378763407533765
1035258,0.6859663927096274
69205,0.7906490963383056
651481,0.7356130507009492
412973,0.7423748866359675
177550,0.8165942697900553
491906,0.790942503578944
