UE ID,Internet usage
211681,0.751412897812487
304863,0.6730470861222883
313127,0.705766507513346
1103145,0.7342679671015447
1056838,0.6610188737646934
178249,0.7416152223961392
844521,0.7132617866471028
