UE ID,Internet usage
211681,0.3418789778792062
304863,0.263513166187234
313127,0.29623258758050847
1103145,0.32473404716870724
1056838,0.2514849538287524
178249,0.332081302459755
844521,0.30372786671293533
