UE ID,Internet usage,Data rate,optimal GU
211681,123.21723009161293,74.81046112705071,96.01009218801674
304863,110.05177372731644,66.81714833444212,85.7516512354518
313127,115.54863652141135,70.15452931657119,90.03477221791134
1103145,120.33688173222474,73.06167819456502,93.76574282784323
1056838,108.03103405113319,65.5902706739023,84.17710356501571
178249,121.57122062114426,73.81109823426617,94.72753194149483
844521,116.80784341567104,70.91904778808599,91.01593832521445
