UE ID,Internet usage,Data rate,optimal GU
574037,113.51764314312162,45.94761746269208,72.22094739344357
670869,120.69280379692323,48.8518491558975,76.78584925160122
1165191,117.59295261918817,47.59714748871902,74.81369600179801
1042342,138.26294724125344,55.96357388336449,87.96413282280234
686478,104.16464551700942,42.16188032831334,66.27048603058024
485064,115.13606563699605,46.60269323402221,73.25060236648687
238810,125.53855374553342,50.81322413509686,79.86875903047256
