UE ID,Internet usage
758510,0.5532913842431476
83346,0.5244038655405826
111467,0.4423995171461804
469969,0.5010719549207171
384023,0.5227003553179382
517677,0.5528558215972192
1171675,0.5176844107066058
