UE ID,Internet usage,Data rate,optimal GU
758510,121.75732561960834,113.06037378963632,117.32829473822324
83346,116.90422247780755,108.55392087224988,112.65172753441385
111467,103.127491947286,95.76124252247986,99.37613781536865
469969,112.98446149344092,104.914142815338,108.87455133793625
384023,116.61803276023485,108.28817327736094,112.3759482220518
517677,121.68415109486148,112.99242601665709,117.25778200181793
1171675,115.77535406546713,107.50568591793376,111.56392271339192
