UE ID,Internet usage
363757,1.0099406395148094
823998,1.0769664080322565
867569,0.9884701368469976
929144,1.002545680871
497676,1.0262065301734509
776639,1.0469610847688877
352557,0.9679428100396706
