UE ID,Internet usage,Data rate,optimal GU
363757,120.71803954724638,36.6465477196998,66.51240032427616
823998,131.97836865818905,40.06486191409311,72.71653949369166
867569,117.11099509900119,35.55155208362536,64.52501562826107
929144,119.47568649469667,36.269404828747206,65.82789713084141
497676,123.45070917756074,37.476108143188085,68.01802795944269
776639,126.93747434999007,38.53459042767556,69.93914200217529
352557,113.66240419486267,34.5046584162976,62.62493458295097
