UE ID,Internet usage,Data rate,optimal GU
191028,117.66108393528255,86.84508576175617,101.08554261209069
106151,124.22743840815679,91.69168072983001,106.72685988262437
503612,117.20110770293716,86.50557949502506,100.69036567269693
1162664,124.21730241646209,91.68419940262679,106.71815180187157
402968,124.15553954212861,91.63861251919018,106.665089791422
656420,113.83786271848321,84.02318438745189,97.80091885799719
258248,121.11033640419204,89.3909625840465,104.04888058046764
