UE ID,Internet usage
530663,1.0232293569247055
306937,0.9691709178524935
1285603,1.058726020173369
550628,1.0477423408581146
821776,1.007269246762784
952817,1.013686410859438
878019,1.0024058235536664
