UE ID,Internet usage
530663,0.7814856000115346
306937,0.7274271609393226
1285603,0.8169822632601982
550628,0.8059985839449436
821776,0.765525489849613
952817,0.7719426539462667
878019,0.7606620666404954
