UE ID,Internet usage
408912,0.9308883374169733
1066900,0.864646965668468
1088627,0.8544869926518424
1040878,0.795730459567354
572521,0.9170448556673411
155312,0.9128714411544018
634986,0.8733638577192967
