UE ID,Internet usage,Data rate,optimal GU
408912,126.10550088054086,120.85110501051832,123.45035086753805
1066900,114.9769504265419,110.18624415876933,112.55611192791648
1088627,113.27007495981839,108.55048850315929,110.88517470644015
1040878,103.39897740155827,99.09068667649335,101.22191300488065
572521,123.77979594604311,118.62230444829132,121.17361362631264
155312,123.07866230832109,117.95038471214104,120.48724235006031
634986,116.44138829121545,111.58966377908148,113.9897160685393
