UE ID,Internet usage
111825,1.0375270187570043
276795,1.0119678066535465
799028,0.9853682569722129
750583,1.1004381799285117
292027,0.9545150746633597
365724,1.049246506423501
58423,1.0099439380247546
