UE ID,Internet usage,Data rate,optimal GU
753384,123.57469089843033,33.100363633508124,63.95597864653789
1013036,119.93421993051412,32.12523748138771,62.07185592047936
1021598,120.44007497002161,32.26073436697008,62.33366077606728
202730,123.94435218420371,33.19938004934028,64.14729653798871
873777,117.976788457389,31.600925479657768,61.05878888719705
323330,123.98523639093817,33.21033117614415,64.16845612523007
1224171,102.34893887078546,27.414894340388962,52.97060831247374
