UE ID,Internet usage
469430,0.6449257805057542
325883,0.756215197571838
277823,0.7274681994371157
806393,0.7310191562023396
797528,0.7067556705320954
636107,0.7593212612866247
764009,0.725083140169874
