UE ID,Internet usage,Data rate,optimal GU
469430,108.89914884873284,22.039113457481644,48.990210214903186
325883,127.59577091570722,25.82295363770265,57.401216683300675
277823,122.76627522919138,24.845555701145873,55.22858254046612
806393,123.36283596569709,24.96628823115298,55.496955950142336
797528,119.28657037246568,24.1413297182371,53.66317570102786
636107,128.117589619262,25.92855980389826,57.63596606611473
764009,122.36558527229246,24.764463686059187,55.04832506897068
