UE ID,Internet usage,Data rate,optimal GU
469430,108.89914884873284,20.09448579946856,46.778973910455484
325883,127.59577091570722,23.544457728493597,54.810338757021206
277823,122.76627522919138,22.653300786338885,52.73576925754793
806393,123.36283596569709,22.76338044605125,52.992029287346384
797528,119.28657037246568,22.011212390157358,51.241019074192835
636107,128.117589619262,23.6407457035543,55.034492423763666
764009,122.36558527229246,22.579363949053967,52.56364793944661
