UE ID,Internet usage,Data rate,optimal GU
83351,129.8486766905785,57.19525044704053,86.17846357144244
654770,121.09297570949764,53.33857263394539,80.3674466456514
9059,111.54230067777547,49.13172767949634,74.02881831857756
314248,124.8885864759562,55.01044880488547,82.88653203416162
15696,116.01953304330588,51.10384193574188,77.00028492222407
813753,108.93604322137617,47.98373332370141,72.29908745809814
245817,125.04686380906739,55.08016620161302,82.99157813654287
