UE ID,Internet usage,Data rate,optimal GU
83351,129.8486766905785,22.414354904921286,53.94881206548487
654770,121.09297570949764,20.90295414032995,50.31104171026195
9059,111.54230067777547,19.25432571223505,46.342979920824526
314248,124.8885864759562,21.55814885596863,51.88802113841088
15696,116.01953304330588,20.027181299142086,48.20315573175778
813753,108.93604322137617,18.80443603226136,45.26014644655966
245817,125.04686380906739,21.585470538469966,51.953781331859666
