UE ID,Internet usage,Data rate,optimal GU
576977,114.26667889921508,69.37619790309488,89.03587888621834
915797,117.124985562785,71.11159837740519,91.26305349537758
966440,120.43513566681067,73.12133236913505,93.84230167688095
642486,116.17522063345771,70.53495538459933,90.52300262461979
974100,103.19959279268586,62.656895624130705,80.41247486593177
71935,108.40254796305078,65.81583269185226,84.46658487299365
985283,118.73918209442051,72.09164627161246,92.52082529966722
