UE ID,Internet usage,Data rate,optimal GU
576977,114.26667889921508,53.73254543474995,78.3571280460818
915797,117.124985562785,55.07663011583343,80.3171806475043
966440,120.43513566681067,56.633188795702644,82.5870799571855
642486,116.17522063345771,54.63001446454262,79.66588971214233
974100,103.19959279268586,48.52837994417967,70.76799452526605
71935,108.40254796305078,50.97500767310127,74.33586425272959
985283,118.73918209442051,55.83568681820965,81.42409830310945
