UE ID,Internet usage
755775,1.03687649926427
868726,1.0776819524316499
1180935,1.0358155479100468
712224,1.1056715917739997
663304,1.0223776701813603
997845,1.0452625993199
1264428,1.0794079389736637
