UE ID,Internet usage,Data rate,optimal GU
755775,111.04866782791342,101.7946121755873,106.32100485867346
868726,117.90398396003589,108.07865196336624,112.88447035580685
1180935,110.87042800006829,101.63122566672926,106.15035321581271
712224,122.60624336921238,112.38905642177802,117.38654098185472
663304,108.6128645415323,99.56179249640462,103.9889007631302
997845,112.45753263726324,103.08607158415798,107.66989021830895
1264428,118.19394969903209,108.34445389077942,113.1620914146424
