UE ID,Internet usage,Data rate,optimal GU
1176226,114.80049207774752,42.36684826678778,69.74048342828219
1039658,108.07400608370733,39.884454626130086,65.65419096988198
40792,121.51117080872488,44.843408274648475,73.81717308666187
714565,123.93583230208606,45.73822382576986,75.29013771979628
603236,117.07469115787444,43.206136022548904,71.12204321421753
502570,115.85728363478232,42.7568546747411,70.38247679204426
609258,110.89472891705127,40.92543567176892,67.36776005355257
