UE ID,Internet usage,Data rate,optimal GU
1176226,114.80049207774752,52.61689220230095,77.72030054256061
1039658,108.07400608370733,49.53391945503253,73.16644799724158
40792,121.51117080872488,55.69261995399891,82.26345152019675
714565,123.93583230208606,56.80392313845611,83.90495511105577
603236,117.07469115787444,53.65923344735912,79.25994059812217
502570,115.85728363478232,53.101254999275234,78.43575180881442
609258,110.89472891705127,50.826750753648504,75.0760863828182
