UE ID,Internet usage,Data rate,optimal GU
69410,123.20693515301956,101.20569673283748,111.66576787215888
521915,113.32271369400374,93.0865148200745,102.70743141432337
886626,111.83377498537399,91.86345802370006,101.35796611022155
90910,110.68628138606385,90.9208739956953,100.3179617165061
372699,120.82062792376747,99.24551579452327,109.50299327832315
799009,118.1929867107069,97.0870962266521,107.12149118686601
1269119,119.56154706386688,98.21127080246208,108.36185434114141
