UE ID,Internet usage
651185,0.9406012793643199
887480,0.8620057394650196
100552,0.9962822997011789
936257,1.0207223723325913
153337,0.9361099188005029
5264,0.9171964093618723
937676,0.9897253304598361
