UE ID,Internet usage,Data rate,optimal GU
651185,116.14704309612172,70.5178475940739,90.50104686441281
887480,102.94299239351322,62.50110252463303,80.21253344571214
100552,125.50145451295035,76.197311668577,97.7899455178446
936257,129.60738671514198,78.6901990770505,100.98926211469609
153337,115.39249452145275,70.05972881659632,89.91310735172907
5264,112.21502493566264,68.13055085379517,87.43724299712942
937676,124.3998836800686,75.52850080575594,96.93160844000272
