UE ID,Internet usage
653820,0.7845033881169073
1071406,0.7087070519700002
1066439,0.7735159744763337
468552,0.8254449763795751
941982,0.8344050997383644
1137146,0.7982333881796864
1283835,0.7681483284765466
