UE ID,Internet usage,Data rate,optimal GU
653820,114.01155420571423,86.86594606149656,99.51744328518978
1071406,101.27776973286367,77.1640150345628,88.40248495564862
1066439,112.1656687140944,85.45955711550049,97.90622233479574
468552,120.8897410340219,92.10646935925477,105.52121695847893
941982,122.39504175846793,93.25336514930889,106.83515115151623
1137146,116.3181942160936,88.62338606940465,101.53084375158542
1283835,111.26390418632167,84.77249842767365,97.11909772383486
