UE ID,Internet usage,Data rate,optimal GU
653820,114.01155420571423,39.361131809115626,66.98972915942599
1071406,101.27776973286367,34.96494431253627,59.50774385579955
1066439,112.1656687140944,38.72386181796116,65.90514286460352
468552,120.8897410340219,41.73574392841232,71.03114299635067
941982,122.39504175846793,42.25543108328059,71.91561201825506
1137146,116.3181942160936,40.15747181269898,68.34504082621375
1283835,111.26390418632167,38.412538350039625,65.37529339538152
