UE ID,Internet usage,Data rate,optimal GU
348553,124.6093975326871,14.834452087224653,42.994326803853745
270974,107.36992989406153,12.7821345111978,37.04614536444746
674004,113.44834981721152,13.505755930620419,39.14339948654057
920190,116.86152548638105,13.912086367426316,40.32105697518016
357716,116.58194668220395,13.87880317645285,40.22459312323779
896666,108.22481847410036,12.883906961202424,37.34110994752741
658015,117.11062264991301,13.94174079165631,40.4070036619218
