UE ID,Internet usage,Data rate,optimal GU
348553,124.6093975326871,43.0199110529515,73.2167002685731
270974,107.36992989406153,37.06819008247362,63.08731227794492
674004,113.44834981721152,39.16669219879922,66.65880735321045
920190,116.86152548638105,40.34505046553632,68.66428579128747
357716,116.58194668220395,40.24852921171327,68.50001377078026
896666,108.22481847410036,37.36333018748703,63.5896188628982
658015,117.11062264991301,40.4310482958033,68.81064772482692
