UE ID,Internet usage
737813,0.8136785762484875
757887,0.7424443511385372
632775,0.7675738452268351
1178615,0.7737967766854245
338402,0.8045890621461608
765339,0.7268805447625675
216208,0.7300722470273584
