UE ID,Internet usage
737813,0.5370821101964777
757887,0.46584788508652736
632775,0.4909773791748253
1178615,0.4972003106334145
338402,0.5279925960941508
765339,0.45028407871055764
216208,0.4534757809753484
