UE ID,Internet usage,Data rate,optimal GU
950205,121.73538278195724,109.4169214290211,115.41191798503837
410988,109.1204585908094,98.07850742388227,103.45226777599483
210811,109.78401258761586,98.6749160757738,104.08135389465632
765963,119.69264623395358,107.58089036504163,113.4752900502866
1254800,104.11414445990373,93.57878460384205,98.70600335656705
268485,116.37552087448209,104.59942650027855,110.330470596939
535180,112.64702457343293,101.24821851540699,106.79564859637942
