UE ID,Internet usage,Data rate,optimal GU
120647,115.69538253226821,19.282563755378035,47.232442133361175
125397,127.90985411506071,21.318309019176784,52.21897927595565
1107890,117.41349065990799,19.568915109984665,47.93385683930219
790454,114.54903683511071,19.091506139185118,46.76444846221602
1269241,109.16228806211896,18.193714677019827,44.56531748448383
564610,113.82755988027783,18.971259980046305,46.469906728796424
940177,117.29790047256026,19.549650078760042,47.886667342923076
