UE ID,Internet usage
24377,0.6518979839879212
324830,0.6647343526601018
827749,0.6873269737524553
1284774,0.6259529402761675
856651,0.7499653262973294
636302,0.7015196583138591
652509,0.7510853788394246
