UE ID,Internet usage
1129124,1.074737810611736
662451,1.0395278758268744
546399,1.023255943972326
351677,1.0649847984506262
976970,0.9856015084087003
1147713,1.0169119612047994
923236,1.012622813787309
