UE ID,Internet usage,Data rate,optimal GU
286164,112.97123115809292,18.15609072183636,45.28924730953123
583235,124.18511809161555,19.95832255043821,49.78480333230938
873365,125.99227827786873,20.24875900894319,50.50927914587845
1079708,122.77914135607597,19.732362003655066,49.22115869964895
943672,111.4951767473809,17.91886769154336,44.69750910712542
823915,116.6404810223751,18.745791592881712,46.760219722953806
778863,127.61412998359862,20.509413747364064,51.15946629748518
