UE ID,Internet usage,Data rate,optimal GU
286164,112.97123115809292,58.50295899258383,81.29668691763287
583235,124.18511809161555,64.3101504403009,89.36645694508834
873365,125.99227827786873,65.24600125103916,90.66693083003912
1079708,122.77914135607597,63.58205534511077,88.35468386524396
943672,111.4951767473809,57.73857367275082,80.23448433675527
823915,116.6404810223751,60.40310624372996,83.93716320864252
778863,127.61412998359862,66.08588874150642,91.83405248566697
