UE ID,Internet usage
54388,0.9023509819807664
599946,0.9190544148133661
1014992,1.0255601017688578
175984,0.9574100793084838
392976,0.9915249211652575
603324,0.9060908168870866
353246,0.938131257845178
