UE ID,Internet usage
54388,0.4671152475963328
599946,0.48381868042893256
1014992,0.5903243673844244
175984,0.5221743449240502
392976,0.556289186780824
603324,0.47085508250265307
353246,0.502895523456311
