UE ID,Internet usage
861453,0.4297103794188626
542367,0.4371335996048019
650051,0.3932400548913135
1156782,0.39629083302478596
970471,0.3690490479884329
446238,0.4222934896819879
371184,0.41093844625054526
