UE ID,Internet usage,Data rate,optimal GU
257841,128.69149708613594,37.535019983456316,69.50135189209648
649876,103.08442268635378,30.06628995018652,55.671951122944286
998543,102.92994336472819,30.021233481379056,55.588522754050835
561563,123.56616903956882,36.04013263654091,66.73335838675658
16056,102.27474064740812,29.83013268882737,55.23467284439721
634391,127.66605943668706,37.23593400236706,68.94755226639123
429467,111.65887175053827,32.56717092724033,60.30268287433476
