UE ID,Internet usage
871092,0.9072496268057684
1101830,0.8915958101021156
1134605,0.9303944836335303
589709,0.8968202132640593
713778,0.9593403200077091
903229,0.9804561591284158
278576,0.906099614361862
