UE ID,Internet usage,Data rate,optimal GU
871092,111.20313791229995,71.48773151504997,89.16086622899967
1101830,108.5732967062685,69.79711931117261,87.05230234873036
1134605,115.09147385917869,73.98737605232915,92.27847071140627
589709,109.45099643757173,70.36135485272469,87.75602770937329
713778,119.95437436993736,77.11352638067402,96.17746520081205
903229,123.50183534249499,79.39403700588963,99.02176167629686
278576,111.00993582177193,71.3635301711391,89.00595993703588
