UE ID,Internet usage
1168092,1.0594309255650065
3861,1.0293464588823569
168880,1.0196781625673503
8163,1.0618260972633813
152008,0.9908423460157912
949700,1.0249315937322636
844366,1.0149398323358292
