UE ID,Internet usage
1168092,0.3461998646603171
3861,0.3161153979785542
168880,0.3064471016657644
8163,0.3485950363582485
152008,0.2776112851137618
949700,0.3117005328297908
844366,0.30170877143246977
