UE ID,Internet usage
1168092,1.1123207698738002
3861,1.0822363031911506
168880,1.0725680068805776
8163,1.114715941572175
152008,1.0437321903290184
949700,1.0778214380410571
844366,1.067829676644623
