UE ID,Internet usage
776018,1.0123019295094542
857091,0.99403462821801
119144,0.9448925935869358
1145599,1.000917819954608
164126,0.9958816819273528
863157,1.0428976673882557
1094119,0.9770327499156447
