UE ID,Internet usage,Data rate,optimal GU
776018,117.75408588258642,80.6054754553419,97.42496640684585
857091,114.68517926517201,78.50473580651655,94.88587723752845
119144,106.42931744784666,72.85340182441884,88.05531119658032
1145599,115.84155547703611,79.29630285630448,95.84261612900836
164126,114.99548428863012,78.71714698328847,95.14261105920174
863157,122.89416984599578,84.12398531124711,101.67766391377438
1094119,111.82886371060022,76.54951980189895,92.52267731231328
