UE ID,Internet usage
196766,0.46997657343824156
503611,0.36817057147340304
439064,0.4981873160774471
208615,0.3602335317688454
1245673,0.43405878458028646
719718,0.4510745402524051
369245,0.4354984759193275
