UE ID,Internet usage,Data rate,optimal GU
407179,109.40669659863279,66.42549436345563,85.24901118626997
850528,127.88318826196317,77.64336430190622,99.64577750367982
7965,120.65021097723631,73.25191380760776,94.00988700862376
1152555,113.3250143949396,68.80447302549905,88.3021398158103
931951,120.82538267006981,73.35826804968525,94.14637969203476
1277701,120.18137926391661,72.96726598166366,93.64457628070832
173082,118.7395652815993,72.091878920971,92.52112387671146
