UE ID,Internet usage
718947,0.7121803464595531
542415,0.7110428566917352
224632,0.6005589506435077
619843,0.6508306724832893
192622,0.6638822504508424
1030359,0.6781447962760745
661077,0.5769844777473879
