UE ID,Internet usage,Data rate,optimal GU
718947,121.30432664415002,26.715833844247328,56.92755251381721
542415,121.11322836286442,26.673746722773714,56.837870985184686
224632,102.5519321471014,22.585842199064,48.12714158023049
619843,110.99758141627163,24.445895907155062,52.09064523739503
192622,113.190246514234,24.928804291825347,53.1196527012066
1030359,115.58635421310704,25.45651848741048,54.24413482505123
661077,98.5914207005586,21.713586701908742,46.26849210257386
