UE ID,Internet usage,Data rate,optimal GU
876878,112.10268023356221,88.0806773263703,99.36840546709836
1179652,101.63285326770497,79.85438471033963,90.08789576879244
196557,114.10032229516712,89.65025323191702,101.13912589895702
709189,127.20224984898837,99.944624881348,112.75274340440967
432110,107.40775481381047,84.39180735370823,95.20679887771367
1073173,110.15430553390607,86.5498114909262,97.6413558840385
280344,108.32531569476738,85.11274804588867,96.02012966935675
