UE ID,Internet usage
869586,0.3551512546686257
75943,0.4647288702205623
307509,0.357411675338204
130910,0.41840981106084674
424942,0.36095030576105247
1149091,0.48527308680438425
39120,0.3472661790299077
