UE ID,Internet usage
869586,0.2969430874114085
75943,0.4065207029611284
307509,0.29920350808098684
130910,0.3602016438036296
424942,0.30274213850383536
1149091,0.4270649195489404
39120,0.28905801177224716
