UE ID,Internet usage
869586,0.7501804146974056
75943,0.8597580302444654
307509,0.7524408353652106
130910,0.8134389710856366
424942,0.7559794657889457
1149091,0.8803022468327208
39120,0.7422953390560275
