UE ID,Internet usage,Data rate,optimal GU
869586,110.85359230372443,67.96380956716439,86.79880435332278
75943,129.26263171609727,79.25030396879774,101.21315554465963
307509,111.23334297619405,68.19663289611897,87.09615064258351
130910,121.48102977757762,74.47944087553866,95.12013022919304
424942,111.82783288723473,68.56111182967368,87.56163861104794
1149091,132.71406010286918,81.36635827735432,103.9156377200871
39120,109.52889959638695,67.15164677635629,85.76156468663319
