UE ID,Internet usage
1232802,0.43311831484545427
252099,0.41073475867859016
911583,0.3935535774086104
1207658,0.34412531784670014
990890,0.3736336064733538
300570,0.40578142597801636
860666,0.37600849536271413
