UE ID,Internet usage,Data rate,optimal GU
1232802,122.4233167218129,56.83939704941313,83.41742927744286
252099,118.6628792857767,55.09347966839633,80.85512307407804
911583,115.77644083238636,53.75334752932224,78.88834679324493
1207658,107.47249322598722,49.89794328349407,73.23016025877597
990890,112.42988571524646,52.19958979636443,76.6080538532862
300570,117.83071939204481,54.7071197177351,80.28810168516532
860666,112.82886704866115,52.38483112973554,76.8799138065561
