UE ID,Internet usage
220593,0.8073862156040594
134702,0.71503633520572
1294912,0.7972601007407654
1168596,0.714025685999591
78962,0.749484480557834
994056,0.738053924669589
673887,0.7271919554138463
