UE ID,Internet usage
220593,1.1058113076869738
134702,1.0134614272930678
1294912,1.095685192828113
1168596,1.0124507780825052
78962,1.0479095726407484
994056,1.0364790167569367
673887,1.025617047501194
