UE ID,Internet usage
407461,0.9931024749370753
1060389,0.9578325302878246
610139,0.9842749714219347
61677,1.0681279341900118
442930,1.0732787864961517
162557,0.9659576770813754
34422,1.0170166109823997
