UE ID,Internet usage,Data rate,optimal GU
407461,112.794821140546,37.59827371351533,65.12212034868992
1060389,106.8694704394099,35.62315681313663,61.70111752634606
610139,111.3118005502409,37.10393351674697,64.26589801166352
61677,125.39909829493206,41.79969943164402,72.39920315671537
442930,126.2644414822501,42.08814716075003,72.89880927885484
162557,108.23449510108556,36.078165033695186,62.489214882214974
34422,116.81239599615124,38.937465332050415,67.44166827306309
