UE ID,Internet usage
241028,0.8772968842624763
688300,0.7649021075891557
204013,0.8971576547355329
333079,0.8483119462689048
14431,0.8052342909700677
126590,0.7797715116699089
870444,0.7869849313803038
