UE ID,Internet usage,Data rate,optimal GU
241028,123.55573953086876,104.43401793680574,113.59323183342416
688300,104.67341704908104,88.47395964862802,96.23342286484674
204013,126.89234897002662,107.25424734371298,116.66080482516816
333079,118.68626994780242,100.3181567415949,109.11639579686862
14431,111.44922385765281,94.20112968920654,102.46288494072458
126590,107.1714769348036,90.58541502822685,98.53005996814994
870444,108.3833314462701,91.6097206272045,99.64420060614924
