UE ID,Internet usage
1095659,0.6723869914640523
693905,0.74030315740851
764089,0.6651704711034131
1043790,0.6993599078984323
932438,0.6564115753209635
735084,0.7283670009160187
1298335,0.7069859203745418
