UE ID,Internet usage
1018723,1.020148347823538
232469,0.936404071545141
229924,0.8841883825686321
173730,0.8286278496301449
69714,0.9234840582906793
1081628,0.9548368135830451
797422,0.9561236092946414
