UE ID,Internet usage
1018723,0.38674434095448135
232469,0.30300006467652785
229924,0.2507843757004623
173730,0.19522384276197507
69714,0.2900800514229526
1081628,0.32143280671221514
797422,0.32271960242558484
