UE ID,Internet usage
429238,0.678012822552148
269612,0.6290484189558168
643957,0.6330627958903096
115668,0.6176660272367251
1047220,0.6063627357774399
405118,0.7248624197398965
954006,0.5985254529608306
