UE ID,Internet usage
293338,1.0935637978541974
955236,1.0551412686795127
538874,1.0622855023911928
1165681,1.027370171461689
297098,1.063970472952822
715178,1.0406033550858298
719999,1.030407524118185
