UE ID,Internet usage,Data rate,optimal GU
293338,123.43513326696365,58.04390195291744,84.64429557207582
955236,116.98014836561079,55.0085221481146,80.2178601201717
538874,118.18037962958142,55.572916611529365,81.04090561113944
1165681,112.3146040334726,52.81460546812105,77.0185140101787
297098,118.4634546839373,55.70602928589909,81.23502124042433
715178,114.5377788818751,53.86002697421508,78.54303190063696
719999,112.82487927966507,53.054556327937746,77.36842969154645
