UE ID,Internet usage,Data rate,optimal GU
293338,123.43513326696365,44.81870910288561,74.37878280106473
955236,116.98014836561079,42.47493482322773,70.48917773276142
538874,118.18037962958142,42.91073307978849,71.21240569980094
1165681,112.3146040334726,40.78089789310612,67.67784274778334
297098,118.4634546839373,43.01351628404866,71.38297932359085
715178,114.5377788818751,41.588122094014174,69.01746976321733
719999,112.82487927966507,40.966176405116485,67.98532126464309
