UE ID,Internet usage
5534,0.3522265084882377
191070,0.4110440416338335
448122,0.4672408194468085
121477,0.44675901623794584
294028,0.4989327187200231
605140,0.3864729290575555
865350,0.45130986278062324
