UE ID,Internet usage
5534,0.641334612880525
191070,0.7001521460234608
448122,0.7563489238408692
121477,0.7358671206320064
294028,0.7880408231096504
605140,0.6755810334467394
865350,0.740417967174684
