UE ID,Internet usage
257317,0.4268285011052371
908430,0.43527814799850256
44217,0.3862657112161488
408386,0.401953220472424
49644,0.4183302125638104
1096276,0.4319096665699035
1184386,0.3923473256831391
