UE ID,Internet usage,Data rate,optimal GU
257317,121.17675124047001,5.0490313016862505,24.735100768943337
908430,122.59629191858512,5.108178829941047,25.02486329648554
44217,114.36220253912265,4.765091772463443,23.344086840139436
408386,116.9977040941942,4.874904337258092,23.882056342325843
49644,119.74903876554265,4.98954328189761,24.443670180361824
1096276,122.03038703858627,5.084599459941095,24.909348446573198
1184386,115.38391376960226,4.807663073733427,23.552642771734952
