UE ID,Internet usage,Data rate,optimal GU
257317,121.17675124047001,22.359995764610538,52.052969603147275
908430,122.59629191858512,22.62193481831035,52.662750827779405
44217,114.36220253912265,21.102549278052393,49.125696072711726
408386,116.9977040941942,21.58886206500012,50.257808304891874
49644,119.74903876554265,22.096548819832275,51.43967808230142
1096276,122.03038703858627,22.51751189402485,52.41965939963576
1184386,115.38391376960226,21.29107932653375,49.56458474631389
