UE ID,Internet usage
1159816,0.3436566502864513
1080303,0.29170620684671206
87847,0.4194980287223281
1061729,0.3269928826663766
961201,0.2554288182262715
1203580,0.3966999404122227
434707,0.31069061170515494
