UE ID,Internet usage,Data rate,optimal GU
1159816,122.27221856516536,6.550297423133858,28.30051939785315
1080303,113.54454406727096,6.08274343217523,26.280455279247416
87847,135.01357014238698,7.232869829056445,31.24956924496827
1061729,119.47270560497202,6.400323514552072,27.652558055822965
961201,107.44994277910972,5.756246934595163,24.869829186077574
1203580,131.18349130628746,7.0276870342654,30.363078252424675
434707,116.73392408349206,6.25360307590136,27.018653310455015
