UE ID,Internet usage
848941,0.29285889329781933
777723,0.3203451304257144
824878,0.3652147647257381
195005,0.34784905326839966
1065472,0.3156604820935705
112127,0.49087025183944977
391077,0.2842747783440801
