UE ID,Internet usage
351412,0.4607171652188669
933364,0.4032459531676407
1225885,0.39933773302432907
305313,0.41541264171367076
406856,0.43689799858602896
224200,0.4077124424992761
933027,0.3588775988320658
