UE ID,Internet usage,Data rate,optimal GU
351412,123.63610669307751,50.779115248942546,79.23466482984793
933364,113.98094306859785,46.81360161745983,73.04696065405945
1225885,113.32436208448738,46.54393442755731,72.626177635238
305313,116.02494674429637,47.653103127121724,74.35690117618378
406856,119.63448669889286,49.13559275133099,76.67014684641816
224200,114.73131327630688,47.12178938134032,73.52785036739961
933027,106.52705954018279,43.75218516828936,68.26999073118044
