UE ID,Internet usage,Data rate,optimal GU
570672,111.175471474682,46.984871873228705,72.27423664545843
700660,110.80062367807646,46.82645405442517,72.03055125336125
372211,109.94630887015585,46.465404343934914,71.47516839976629
53448,115.44982800495117,48.79129635923532,75.05295978715509
1291574,127.84012598848157,54.02767229275114,83.10778803920665
931385,107.60705181269849,45.476789754176146,69.95443710982762
1108390,132.54393305067669,56.01559075355979,86.16569335085707
