UE ID,Internet usage
396446,0.6287695450198322
1245424,0.5738203368969184
190630,0.5582196364499344
904415,0.664338260606064
1053330,0.6676083647185915
713939,0.6040466781224162
349815,0.5697983371524401
