UE ID,Internet usage,Data rate,optimal GU
396446,120.87145933345879,39.57101347226329,69.15928098018676
1245424,111.6399923692185,36.54880702563701,63.87729281557066
190630,109.01907469389992,35.69076850097914,62.37767675291326
904415,126.84700355184026,41.52729282947151,72.57832087502634
1053330,127.39638104314476,41.707148555791434,72.89265936729603
713939,116.71801769469371,38.21125579290568,66.7827974090097
349815,110.9642964120264,36.3275970396515,63.490678416949855
