UE ID,Internet usage
819431,1.056333222769238
552580,1.0167875051298172
1257503,1.0375717159147078
268001,1.0953366335558057
302328,1.046881412977443
884333,0.9840808000095859
37811,1.0367498401585782
