UE ID,Internet usage
819431,0.9018505923011798
552580,0.8623048746661923
1257503,0.8830890854510828
268001,0.9408540030921808
302328,0.8923987825138182
884333,0.829598169545961
37811,0.8822672096949533
