UE ID,Internet usage,Data rate,optimal GU
828669,130.42219415919166,10.868516179932639,37.64964445305547
1029613,112.98714012639844,9.415595010533204,32.61657788347106
549796,125.56461787492746,10.463718156243955,36.24738296539093
1060649,129.29496957578672,10.774580797982226,37.32424274472247
366604,110.9834197399381,9.248618311661508,32.038153631219245
822288,107.75510625190797,8.979592187658998,31.106219800547898
1271745,108.93759201811912,9.078132668176593,31.44757403826535
