UE ID,Internet usage
314312,0.9641737493194479
737310,0.8919379779062404
299654,0.9678704270699369
392630,0.9555777790148982
624740,0.9345468422149383
1087535,0.9009175481395294
682419,0.943674994461093
