UE ID,Internet usage,Data rate,optimal GU
314312,122.43721510391178,5.830343576376752,26.71799076634601
737310,110.30160550631868,5.252457405062795,24.069783643231585
299654,123.05825696611944,5.85991699838664,26.853513211265195
392630,120.99309209292167,5.761575813948651,26.4028572896465
624740,117.45989471012855,5.593328319529931,25.631850410986054
1087535,111.81017330590716,5.32429396694796,24.398980125735733
682419,118.99342428766606,5.6663535375079075,25.96649400001078
