UE ID,Internet usage
762520,1.027146133710708
24694,1.016537912638458
1265373,1.0190027849862346
149750,1.0033238104009974
973118,0.9327372786029677
206370,0.9998092812342219
106964,0.9918597129642029
