UE ID,Internet usage,Data rate,optimal GU
762520,125.65171395197648,56.09451515713235,83.95458279807484
24694,123.86953281194002,55.29889857675893,82.76381293607722
1265373,124.28363136641387,55.48376400286333,83.04049417093428
149750,121.64956363600047,54.307840908928775,81.28053363865496
973118,109.79102629398635,49.013851024101044,73.35721509542607
206370,121.05912273650043,54.04425122165197,80.88602871846429
106964,119.72359526671698,53.448033601212934,79.99369189300808
