UE ID,Internet usage,Data rate,optimal GU
762520,125.65171395197648,11.218903031426471,37.54563083182597
24694,123.86953281194002,11.059779715351787,37.01310236042903
1265373,124.28363136641387,11.096752800572668,37.13683797027682
149750,121.64956363600047,10.861568181785756,36.349759692698164
973118,109.79102629398635,9.80277020482021,32.80634391868929
206370,121.05912273650043,10.808850244330396,36.17333172889727
106964,119.72359526671698,10.689606720242589,35.774266568787986
