UE ID,Internet usage
188654,0.88996718593469
807714,0.9901543503333656
1090093,0.9645796485361259
1229001,0.9811645650349594
589755,0.9512439219329883
729129,0.8895597022931366
1194759,1.0236696563395875
