UE ID,Internet usage,Data rate,optimal GU
188654,107.60079803737443,102.47695051178516,105.0076266539941
807714,124.43224165686088,118.50689681605797,121.43343371008004
1090093,120.13569175480048,114.4149445283814,117.24043034723228
1229001,122.92195772627466,117.06853116788062,119.95954751204795
589755,117.89528968530625,112.28122827172024,115.05402180417882
729129,107.5323407858178,102.41175312935027,104.94081921720611
1194759,130.06281306595582,123.86934577710078,126.92830875895771
