UE ID,Internet usage
381221,0.3996107740134157
159564,0.39278470659139947
196164,0.372311012508693
876734,0.37857282227507594
788225,0.3678606854501794
325883,0.44669875862886266
1051031,0.449969165004015
