UE ID,Internet usage
381221,1.0315384109696462
159564,1.0247123435485166
196164,1.0042386494662534
876734,1.0105004592321931
788225,0.9997883224081833
325883,1.0786263955846498
1051031,1.0818968019642357
