UE ID,Internet usage,Data rate,optimal GU
381221,119.68498950060832,2.849642607157341,18.46779482012166
159564,118.53821017375344,2.82233833747032,18.290842928320682
196164,115.09862956777053,2.7404435611373934,17.760104118352874
876734,116.15061360856053,2.765490800203822,17.92242877995343
788225,114.35097462200949,2.7226422529049876,17.64473845560622
325883,127.59577091570722,3.0379945456120767,19.68845489328928
1051031,128.1451991871952,3.0510761711236953,19.77323351614376
