UE ID,Internet usage,Data rate,optimal GU
381221,119.68498950060832,22.79714085725873,52.234811803479296
159564,118.53821017375344,22.57870669976256,51.73431627293425
196164,115.09862956777053,21.923548489099147,50.233160226665795
876734,116.15061360856053,22.123926401630577,50.69228370255205
788225,114.35097462200949,21.7811380232399,49.90685685688883
325883,127.59577091570722,24.303956364896614,55.687359864521255
1051031,128.1451991871952,24.408609368989563,55.92715002100149
