UE ID,Internet usage,Data rate,optimal GU
381221,119.68498950060832,89.76374212545625,103.65024135920062
159564,118.53821017375344,88.90365763031508,102.65710132960947
196164,115.09862956777053,86.3239721758279,99.678337146464
876734,116.15061360856053,87.11296020642041,100.58938205016395
788225,114.35097462200949,85.76323096650712,99.03084897016987
325883,127.59577091570722,95.69682818678042,110.50117902846208
1051031,128.1451991871952,96.1088993903964,110.97699786912804
