UE ID,Internet usage,Data rate,optimal GU
1028942,114.09432411312585,110.01952682337136,112.03840213140526
838316,117.3933117585241,113.20069348143397,115.27794368892562
974486,121.80594862166635,117.45573617089255,119.61106706886171
452347,119.95283618192674,115.66880631828651,117.7913467774965
274030,117.3265016473524,113.13626944566126,115.21233746214718
491992,112.61732206573146,108.5952748490982,110.58801491345037
96607,116.97861326767398,112.80080565097134,114.87071785501747
