UE ID,Internet usage,Data rate,optimal GU
503871,110.3004722970899,61.059190021603335,82.06617754873567
383680,128.91684190641715,71.36468034105235,95.91719977787842
288068,120.58079115313501,66.75008081691402,89.71497954321337
784376,120.77241103509199,66.85615610871164,89.8575492976945
1043836,116.56182620808217,64.52529665090263,86.72477393598359
457674,121.85373611422143,67.45474677751544,90.66208090199008
1367,112.39346801713961,62.217812652345145,83.62341619688674
