UE ID,Internet usage
262095,0.8789674538973407
831479,0.9658013058983679
615302,0.8368893594683973
776084,0.8845032315514799
847965,0.8337398225959441
195280,0.8517945903774669
3422,0.9298331779400939
