UE ID,Internet usage,Data rate,optimal GU
1139548,118.81432645568276,16.97347520795468,44.90759428476842
1140884,102.39594235259909,14.627991764657013,38.702028389583326
1044316,105.4457663975598,15.063680913937114,39.85475352750777
434302,109.34434788618962,15.620621126598518,41.32827882534127
1268988,112.86244221169491,16.12320603024213,42.657993493077626
997367,122.86640638346825,17.55234376906689,46.43913653926513
686566,122.71659007801314,17.530941439716162,46.382511298325596
