UE ID,Internet usage,Data rate,optimal GU
1139548,118.81432645568276,7.072281336647783,28.98772746385791
1140884,102.39594235259909,6.094996568607089,24.98205190288381
1044316,105.4457663975598,6.276533714140464,25.726132779873147
434302,109.34434788618962,6.508592136082715,26.67728926966056
1268988,112.86244221169491,6.718002512600887,27.53561639688567
997367,122.86640638346825,7.313476570444538,29.976333738137697
686566,122.71659007801314,7.304558933215068,29.93978230228207
