UE ID,Internet usage
1050463,0.36272870526379497
455327,0.3613071584360636
639051,0.4099467686473146
831968,0.37214855510116857
525911,0.37717793668758715
788615,0.4392089905113381
21360,0.4211187225205204
