UE ID,Internet usage,Data rate,optimal GU
1050463,117.43741192462971,59.417738176151936,83.53361834508638
455327,117.1985920575637,59.29690669579116,83.36374498614758
639051,125.37004657304274,63.43127356374186,89.17612752790812
831968,119.01994669728539,60.21842541231701,84.65928054719356
525911,119.8648828037652,60.645922847143105,85.26028638586077
788615,130.28609984618942,65.91856242217916,92.67293243149967
21360,127.24693482372412,64.38088964295565,90.5111643295486
