UE ID,Internet usage
253395,0.2709008843457274
252719,0.32717232217132725
237383,0.35787302907217733
1001543,0.3155531411513819
719630,0.3348608972774794
935377,0.34049498939224454
1072861,0.4111579342308049
