UE ID,Internet usage,Data rate,optimal GU
253395,110.04924988717792,68.12572612063396,86.58628677564994
252719,119.50285144185294,73.9779556544804,94.02434070255083
237383,124.66057020118559,77.17082917216251,98.08241212113447
1001543,117.55082903047641,72.76956082839015,92.4884976824737
719630,120.79453205961153,74.7775674654738,95.0406295778176
935377,121.74105953494134,75.36351304543987,95.78535341286383
1072861,133.61243426787712,82.71245930868584,105.12570110356576
