UE ID,Internet usage
465978,0.9353902612522034
580840,1.0091483800117649
1125054,0.9409284330579347
101469,0.9550452098882507
340040,0.9938481406906257
626859,1.0230891253324879
770647,0.9806849886007577
