UE ID,Internet usage
465978,0.9900121045835693
580840,1.0637702233475643
1125054,0.9955502763893006
101469,1.0096670532196168
340040,1.0484699840219915
626859,1.077710968668287
770647,1.0353068319321237
