UE ID,Internet usage,Data rate,optimal GU
465978,111.76075025784884,4.656697927410368,22.813067616862764
580840,124.15211421002454,5.173004758751023,25.342444191858398
1125054,112.69116312155012,4.695465130064588,23.00298734737858
101469,115.06278162888181,4.794282567870075,23.48709194800389
340040,121.58167400368063,5.065903083486693,24.817755281868656
626859,126.49415942390685,5.270589975996119,25.82051216923666
770647,119.37026445258036,4.973761018857515,24.366353197492586
