UE ID,Internet usage
548977,0.8525860753641232
1289408,0.8600592422742318
682212,0.8820653150775187
860839,0.8555145675186765
353907,0.8480436884109586
984782,0.7951929145766877
34966,0.9176823741963207
