UE ID,Internet usage,Data rate,optimal GU
159,126.14837959427324,0.7508832118706741,9.732558781842979
832061,108.98449896624571,0.6487172557514626,8.408336642215929
532197,111.59072409900536,0.6642305005893177,8.609411276586034
1103239,123.2416079567049,0.7335809997422911,9.508296481217183
915677,109.95680631575291,0.6545047994985292,8.48335178282679
662800,116.96523516586406,0.6962216378920479,9.02406380759835
305057,129.0409575530603,0.7681009378158352,9.955726016376657
