UE ID,Internet usage,Data rate,optimal GU
573228,124.71698159565736,7.423629856884366,30.42782785928072
1058867,117.50912348757457,6.9945906837842005,28.669290545910552
979362,114.98632853336946,6.844424317462468,28.053791600949815
533735,116.70524862216025,6.946740989414301,28.473165160960722
409829,121.49577066657959,7.231891111105927,29.64193286411332
808484,115.82782174366201,6.8945131990275,28.259094922277363
1009737,124.38874049204156,7.404091695954855,30.34774523003988
