UE ID,Internet usage
126097,0.7901115739581498
355426,0.8575000446976109
626878,0.7677837546008051
638609,0.7651427632850939
154154,0.8306858917801226
441119,0.7940819578218036
1245407,0.9201468095760307
