UE ID,Internet usage,Data rate,optimal GU
126097,110.0110510111561,80.54380520459642,94.13133730589126
355426,121.33231409569625,88.8325871057776,103.818415325276
626878,106.25997735918605,77.79748342368978,90.92171812720505
638609,105.81629081797851,77.47264149173427,90.54207619955676
154154,116.82753640548866,85.53444629687561,99.96388667249563
441119,110.6780755002583,81.03216241983196,94.70207912317107
1245407,131.85697059515422,96.5381391857379,112.8238741575769
