UE ID,Internet usage,Data rate,optimal GU
844655,114.78716588092172,6.832569397673912,28.00520088918672
324564,112.44628645694947,6.693231336723183,27.43408478903216
1160513,114.21028693839685,6.798231365380764,27.864456838663596
327498,122.87145332707536,7.313776983754486,29.977565066296282
202336,127.86534233167514,7.611032281647329,31.195949227267732
418,115.79481505827364,6.892548515373431,28.251042115607788
857849,118.45657497920477,7.050986605905046,28.900445040859832
