UE ID,Internet usage
41650,0.9004723790635266
1266111,0.9605172432329793
503376,0.9922855268712768
1182518,1.020844239805591
1166725,0.8703338790640681
1237773,0.921135726667794
600425,0.9412793795390773
