UE ID,Internet usage
803088,0.846654277397766
63556,0.7731060952112885
440319,0.8232676650101651
175498,0.8368164551180244
448578,0.7404505375175707
131644,0.8494927756106063
1064882,0.7583006717552488
