UE ID,Internet usage,Data rate,optimal GU
803088,127.23306930798985,31.050927628735618,62.85463250281793
63556,114.87697470095378,28.035452159161338,56.75057645890284
440319,123.30411842706032,30.09207652088972,60.91368456305978
175498,125.58031516557712,30.647576915408703,62.03815252002828
448578,109.3908410083573,26.696574293706245,54.04036189766514
131644,127.70993700824664,31.167306055584,63.09021075472309
1064882,112.38966356004876,27.42842979739285,55.52181550444293
