UE ID,Internet usage,Data rate,optimal GU
654665,114.98089819226331,110.87443754253962,112.90900059429809
992303,127.23999296986067,122.69570750665136,124.94719268786474
526016,111.0840881061236,107.11679924519062,109.08240905388324
631375,99.95087684637852,96.38120267329357,98.14981262694398
879648,100.7687500337546,97.16986610397765,98.95294815337806
496708,122.88969868751211,118.50078087724383,120.67528850696563
1171279,107.36563997081399,103.53115282899921,105.43096547220674
