UE ID,Internet usage,Data rate,optimal GU
983671,134.13691831413675,95.81208451009769,113.36638722936415
64898,118.31347542139648,84.50962530099748,99.993137144111
1195784,129.42139431693872,92.44385308352766,109.38104205985782
755087,121.00028955019636,86.42877825014025,102.26390953673092
980943,109.75902976246867,78.39930697319191,92.76331099862429
854815,123.53208592945151,88.23720423532251,104.40366801876466
146225,109.40944231611292,78.14960165436638,92.46785568093705
