UE ID,Internet usage,Data rate,optimal GU
276600,114.02454720600836,46.83151045961058,73.07490523518003
130199,120.39667327942684,49.448633668336015,77.15860931795439
17037,138.60447939646298,56.92683975211872,88.82744501294793
846925,105.6051504154236,43.3735439206204,67.67916688159731
412094,112.2738580435836,46.11247741075755,71.95294116888724
1274530,117.43074945305128,48.2304863825032,75.25783788006758
486172,123.16948961155764,50.58746894760402,78.93562396672942
