UE ID,Internet usage,Data rate,optimal GU
276600,114.02454720600836,80.76738760425592,95.96595646679845
130199,120.39667327942684,85.28097690626068,101.3288996956614
17037,138.60447939646298,98.17817290582794,116.65305201197356
846925,105.6051504154236,74.80364821092505,88.87997817808672
412094,112.2738580435836,79.52731611420505,94.4925319800113
1274530,117.43074945305128,83.18011419591132,98.83270283472093
486172,123.16948961155764,87.24505514151998,103.66257238228859
