UE ID,Internet usage
1190062,0.4053164612470887
1103831,0.3971676900105711
313839,0.31897364275535417
978611,0.35393770026829396
736305,0.24723279922858252
870346,0.32514745731324446
1102606,0.40047386804084756
