UE ID,Internet usage,Data rate,optimal GU
1190062,124.00668541963543,100.38636438732392,111.57320605324458
1103831,122.63769185185839,99.27813149912346,110.34147406310005
313839,109.50109191303827,88.64374107245955,98.52200992007297
978611,115.3750535751846,93.39885289419705,103.80702122943693
736305,97.44863020052948,78.88698635280957,87.67798332950613
870346,110.53829275875887,89.48337985232861,99.45521624912352
1102606,123.19312976102594,99.72777171130672,110.84122121850237
