UE ID,Internet usage,Data rate,optimal GU
450341,114.28225988762743,5.442012375601307,24.93843364407944
253195,124.04388104778455,5.906851478465931,27.068594018931947
22561,107.99625227168815,5.142678679604198,23.566714324121786
370990,122.95528426388773,5.855013536375607,26.831042725432294
179730,116.9868046337837,5.570800220656367,25.528613692634497
212763,106.51840006046986,5.072304764784279,23.244220532509136
965715,132.88922620291353,6.32805839061493,28.998806577093347
