UE ID,Internet usage
1072321,0.38664100296422055
1214610,0.3603579810784081
437664,0.3646891070988187
981913,0.3762167671407547
610737,0.34457308680334015
558092,0.36380912495565587
257380,0.3593142099012102
