UE ID,Internet usage,Data rate,optimal GU
1072321,125.34846149647186,8.953461535462276,33.500785491358776
1214610,120.93291381970373,8.63806527283598,32.32068073554221
437664,121.66054299113053,8.690038785080752,32.51514781154944
981913,123.59718987817887,8.828370705584204,33.03273846372781
610737,118.2810515814702,8.448646541533586,31.611940740371253
558092,121.51270599105972,8.67947899936141,32.47563671130992
257380,120.75756026193051,8.625540018709321,32.273815525917975
