UE ID,Internet usage
219145,1.0393586217424449
347519,1.0486280349087924
488788,1.0450093059357433
539003,0.9985133594417637
903243,1.0161214573369628
155442,1.0415614603073116
329945,0.9552183643433818
