UE ID,Internet usage,Data rate,optimal GU
219145,117.52977694584385,31.48119025335103,60.8274384506369
347519,119.08703835812672,31.8983138459268,61.63339780126883
488788,118.47909189060967,31.73547104212759,61.318755611900805
539003,110.66777287950143,29.643153449866453,57.27601394494933
903243,113.62593332595432,30.435517855166335,58.80700742727878
155442,117.8998538251351,31.58031798887547,61.01897143216774
329945,103.39421370257423,27.694878670332383,53.51158943357234
