UE ID,Internet usage,Data rate,optimal GU
219145,117.52977694584385,20.287878163270666,48.83062353926742
347519,119.08703835812672,20.556691145152826,49.477625922420515
488788,118.47909189060967,20.451748004926667,49.22503967697029
539003,110.66777287950143,19.103365556580602,45.979635934288915
903243,113.62593332595432,19.61400039555164,47.2086761220879
155442,117.8998538251351,20.351760481719747,48.98438104007153
329945,103.39421370257423,17.847810698658648,42.95765768172426
