UE ID,Internet usage
529130,1.0814717588051315
1140929,1.0608599920974653
110239,1.0224964215447332
576277,1.0157000376673417
305780,1.050543431510813
987822,1.110942464066057
539930,1.0508799856305842
