UE ID,Internet usage
707575,0.8157006097328762
153689,0.8247743346363918
184546,0.7649617226917649
112282,0.8220592924400861
1260022,0.8164534151053684
1182067,0.7533117109838297
979174,0.8038865087663305
