UE ID,Internet usage
889097,0.40203631291978176
56201,0.45646664571727324
1242357,0.3934708079931832
475564,0.430665437568143
720648,0.30845064567250086
903799,0.45930156902219416
650193,0.5181632822426248
