UE ID,Internet usage,Data rate,optimal GU
828823,119.236037604729,97.94388803245596,108.0668363402542
166927,109.84122798697238,90.22672298929874,99.55206703220665
861373,120.0111114717328,98.58055585178052,108.76930668747234
360174,120.76674369091991,99.20125374611278,109.45415654498787
346223,111.6799864886477,91.73713175853203,101.21858344839721
45076,120.69228061404283,99.14008764724946,109.38666865035535
412036,130.4469216811941,107.15282852383801,118.22756290462694
