UE ID,Internet usage,Data rate,optimal GU
743744,109.72488130567314,39.18745760916898,65.57315864618056
347214,107.32222783508469,38.32936708395882,64.13729856299862
1175787,126.18015455171722,45.064340911327584,75.40706532522393
358671,116.48336284052378,41.601201014472785,69.61212388923641
392240,116.38344979027761,41.565517782242004,69.55241442118637
1297539,110.1597272893904,39.34275974621086,65.83302882637707
1176334,123.70578617298982,44.18063791892494,73.92834738708024
