UE ID,Internet usage
179462,0.9819679780767447
421013,1.0125412090410526
25798,1.0802504604046945
1211338,0.963607351978445
1186200,1.0188910872376284
470606,0.9158931736810706
1003788,0.969085399297799
