UE ID,Internet usage
1129158,0.6329603386450489
903117,0.6736400471068167
752069,0.6635540036942136
888217,0.6549981785461857
12136,0.740539706295352
1099969,0.6995246828318584
379260,0.6606885916941417
