UE ID,Internet usage,Data rate,optimal GU
360987,129.15239266577458,10.762699388814548,37.2830843360346
617746,111.2957523924173,9.274646032701442,32.12831630171203
470654,116.59468365617357,9.716223638014464,33.65798599748553
262242,111.99902859672989,9.333252383060824,32.3313346546493
97663,121.80643950505245,10.150536625421038,35.162490318635946
1121163,121.97779025602861,10.164815854669051,35.21195501973691
754549,112.0747618510895,9.339563487590793,32.35319696204486
