UE ID,Internet usage,Data rate,optimal GU
1234258,125.72512120039595,69.59783495021918,93.54248358046443
495172,102.54113125927623,56.763840518527914,76.29304307334314
1063706,113.30580439027815,62.72285600176112,84.30221618044884
1266679,118.69659725608292,65.70704490961734,88.31309442276498
896337,118.94578831529766,65.84498996025407,88.49849850384626
1273990,125.04710973922664,69.22250717707189,93.03802691048276
961425,115.57975996853672,63.98165283972568,85.99409327160639
