UE ID,Internet usage
940865,0.7211900186640278
985544,0.7476880051108201
731136,0.7158487790272817
466798,0.6911191905526629
775396,0.7335885187152457
976970,0.6437884878661205
1234582,0.6673951673773811
