UE ID,Internet usage
378472,0.6242235578261094
1278064,0.5756832259659815
1209293,0.6521080632111597
125277,0.6404794367014237
759578,0.6124972411248502
355929,0.6858277475461969
1132156,0.5938472693252193
