UE ID,Internet usage,Data rate,optimal GU
955681,122.94342031308383,73.18060732921657,94.85290805053167
1266496,105.306589726751,62.68249388497084,81.24579783960647
798475,113.06751496318827,67.30209223999302,87.23348165354452
698213,104.70418752400576,62.32392114524153,80.78103445006579
343834,122.56873729591405,72.95758172375837,94.56383382691567
610137,116.86571746966453,69.56292706527651,90.16385850646303
991527,108.9852526999423,64.87217422615613,84.08394794033109
