UE ID,Internet usage,Data rate,optimal GU
955681,122.94342031308383,84.15769842859905,101.71841175760173
1266496,105.306589726751,72.08486796771646,87.12641170496656
798475,113.06751496318827,77.39740607599197,93.54748724369448
698213,104.70418752400576,71.67250931702775,86.6280084952097
343834,122.56873729591405,83.90121898232212,101.40841418862242
610137,116.86571746966453,79.99736612506798,96.6899663247925
991527,108.9852526999423,74.60300036007955,90.16998861271502
