UE ID,Internet usage
1008452,0.8651174554837989
1087339,0.741440373296544
595660,0.8211892981791676
894492,0.8336881395663369
1021432,0.8505499305093744
954154,0.8282122887295116
835957,0.8526927235739138
