UE ID,Internet usage,Data rate,optimal GU
1008452,122.63296988987813,31.38820062657595,62.04214907896359
1087339,101.85522008213253,26.07008609245059,51.530324630325175
595660,115.25303946211224,29.49928986232635,58.30851411763968
894492,117.3528448151642,30.036740041976554,59.37084211041227
1021432,120.18562569370667,30.761797052555874,60.803995150189344
954154,116.43290187498185,29.801278456096547,58.905427001488576
835957,120.54561492843402,30.853937154301565,60.98611995551562
