UE ID,Internet usage
1160600,0.8137282538765473
38449,0.8275711312161991
716871,0.8699677959589158
321701,0.8664211335059885
74337,0.8761683527567643
1195379,0.7978258858911119
290770,0.8500808956227615
