UE ID,Internet usage
1160600,0.6409687079550624
38449,0.6548115852947142
716871,0.6972082500374308
321701,0.6936615875845036
74337,0.7034088068352794
1195379,0.6250663399696269
290770,0.6773213497012767
