UE ID,Internet usage,Data rate,optimal GU
817400,115.24639953851383,89.86475202110304,101.76732833210032
399250,120.21725141004922,93.74083294474076,106.15679573868705
887202,116.8373671420131,91.10532795002212,103.1722184034551
502165,119.00540075192671,92.7958779672762,105.08668158060084
897193,121.40829415672533,94.66956270554178,107.20853565198514
60104,115.27212724835002,89.88481350913008,101.7900469619631
539550,114.34608261044494,89.16271917838266,100.97231131821854
