UE ID,Internet usage,Data rate,optimal GU
817400,115.24639953851383,80.26088539289356,96.17576651789305
399250,120.21725141004922,83.72272866056998,100.32405653741816
887202,116.8373671420131,81.36888068818769,97.50346551225984
502165,119.00540075192671,82.87876123794896,99.3127393386436
897193,121.40829415672533,84.552204859148,101.31800905633284
60104,115.27212724835002,80.2788029051009,96.19723688246978
539550,114.34608261044494,79.63387896084558,95.42443136978612
