UE ID,Internet usage,Data rate,optimal GU
817400,115.24639953851383,98.782628175869,106.6974331191742
399250,120.21725141004922,103.04335835147074,111.29954769483366
887202,116.8373671420131,100.14631469315407,108.17038290458078
502165,119.00540075192671,102.00462921593717,110.17759199762125
897193,121.40829415672533,104.06425213433599,112.40223900939472
60104,115.27212724835002,98.80468049858572,106.72125235006166
539550,114.34608261044494,98.01092795180995,105.86390161100255
