UE ID,Internet usage,Data rate,optimal GU
817400,115.24639953851383,26.753628464297854,55.527104688624156
399250,120.21725141004922,27.90757622019,57.92212104807361
887202,116.8373671420131,27.122960229395897,56.29365206042461
502165,119.00540075192671,27.62625374598299,57.33823679112501
897193,121.40829415672533,28.18406828638267,58.4959798024307
60104,115.27212724835002,26.75960096836697,55.53950060939212
539550,114.34608261044494,26.54462632028186,55.093321138612986
