UE ID,Internet usage
639665,0.9084968851180656
388016,1.0149987866529182
513847,1.042493231364216
1133180,0.969132186353858
647869,0.9619121036452163
1155703,0.956703013247593
243327,1.0381366480458603
