UE ID,Internet usage
1148464,0.6798690280828672
382388,0.6767687214296717
165552,0.6813624176208036
822583,0.6139358995457217
1036997,0.5509480055057956
924391,0.6869183855032271
787697,0.6969928852704145
