UE ID,Internet usage
548955,0.40806816000651236
710138,0.40594413356817965
71594,0.38735283652706876
1225409,0.41534443865990717
533633,0.48691881963578065
108248,0.4521894911140739
261659,0.514002329171191
