UE ID,Internet usage,Data rate,optimal GU
548955,114.82018416640949,49.89210383421365,75.68765124307951
710138,114.4633477247745,49.73704990421749,75.45243029877109
71594,111.34000982183505,48.37988522020214,73.39357530190608
1225409,116.04259898016385,50.42327217590453,76.49344777414693
533633,128.06709498382946,55.64820198702114,84.41980555267327
108248,122.23256779264435,53.11296100513713,80.57377741379946
261659,132.61712458579223,57.6252981831121,87.41911317579928
