UE ID,Internet usage,Data rate,optimal GU
548955,114.82018416640949,38.273394722136494,66.29146423687892
710138,114.4633477247745,38.1544492415915,66.08544462124429
71594,111.34000982183505,37.11333660727835,64.28218464221204
1225409,116.04259898016385,38.68086632672128,66.99722575866139
533633,128.06709498382946,42.68903166127649,73.93957176324732
108248,122.23256779264435,40.74418926421478,70.5710059188224
261659,132.61712458579223,44.20570819526407,76.56653257876127
