UE ID,Internet usage,Data rate,optimal GU
161801,116.2481882052339,87.87809465514705,101.07259414197745
266844,117.46910365527859,88.80104859654988,102.13412545415733
284557,107.38201114507251,81.17568699657267,93.36385020860529
45617,121.287696159909,91.68772269231216,105.4542206433633
533311,136.91150342583106,103.49857699452704,119.0384214392766
246907,108.27080311348296,81.84757140126389,94.13661502573258
151571,107.80386627797353,81.49458938870617,93.73063435632153
