UE ID,Internet usage
657995,0.6653658885366631
401712,0.7082235462458106
449984,0.6913213063141908
1239381,0.6906304039353669
638756,0.7272442799524053
738510,0.7455376320765628
218281,0.7298138463012805
