UE ID,Internet usage
545390,0.3710477654438686
901907,0.3103046868941179
1246287,0.4318200624520125
668172,0.30609521135585405
13086,0.4092507707208329
308179,0.40177773716175197
912318,0.31849765633289284
