UE ID,Internet usage
545390,0.783696945421881
901907,0.7229538668739036
1246287,0.8444692424286947
668172,0.7187443913365265
13086,0.8218999506970718
308179,0.8144269171402077
912318,0.7311468363100185
