UE ID,Internet usage,Data rate,optimal GU
18442,96.66248487425796,13.80892641060828,36.5349851552613
519015,121.19518088589916,17.313597269414167,45.80747267479685
1133983,120.07035683969072,17.152908119955818,45.38232914694356
862363,128.71264323888437,18.38752046269777,48.648806371409606
281595,115.12755760932669,16.446793944189526,43.51412664064861
1209136,107.82898305040965,15.404140435772806,40.755524753768974
665227,117.92299202180818,16.84614171740117,44.57070153519404
