UE ID,Internet usage,Data rate,optimal GU
18442,96.66248487425796,16.110414145709658,39.462294201904825
519015,121.19518088589916,20.199196814316526,49.47772540912698
1133983,120.07035683969072,20.011726139948454,49.01851791518974
862363,128.71264323888437,21.45210720648073,52.546716563359645
281595,115.12755760932669,19.187926268221116,47.00062857928753
1209136,107.82898305040965,17.971497175068276,44.020997992786604
665227,117.92299202180818,19.653832003634697,48.14185989928695
