UE ID,Internet usage
1136807,0.9087721761748175
802009,0.9159175943181417
542926,0.9812738822204472
1073262,0.9872575264953319
710473,0.9621721742328652
654023,0.9332215546539508
399450,0.9709055883157521
