UE ID,Internet usage
1136807,0.6411536494067707
802009,0.6482990675545283
542926,0.7136553554524004
1073262,0.7196389997272851
710473,0.6945536474692517
654023,0.6656030278903375
399450,0.7032870615521387
