UE ID,Internet usage
848950,1.02154734924881
254114,1.0191964885915539
516142,1.0592172016028387
393094,1.014526493955279
282235,1.0467293897379764
1295166,0.9684639839655539
343199,0.9636647131899959
