UE ID,Internet usage
848950,0.7995063830785013
254114,0.7971555224212452
516142,0.83717623543253
393094,0.7924855277849703
282235,0.8246884235676677
1295166,0.7464230177952453
343199,0.7416237470241207
