UE ID,Internet usage
470043,0.701972530755333
1072534,0.6828369360985754
1062147,0.6698849118808238
380437,0.7318126708724583
463365,0.7506166033308351
674608,0.7872284069482797
950037,0.6104028243382202
