UE ID,Internet usage,Data rate,optimal GU
597685,122.1267263702359,102.49921677501942,111.88339376442909
1207783,117.53658907088291,98.64678011306245,107.67825248078076
64245,112.23765051113384,94.19945667898733,102.82376037217698
494456,109.29580753674165,91.73040989690817,100.12866335549924
368500,116.74074330489667,97.97883813089543,106.94915797495035
828439,105.75929401025282,88.76226461574791,96.88877355252642
869747,125.50326806226015,105.33309998082548,114.97672930955372
