UE ID,Internet usage
292370,1.0158012073105291
639290,1.0383890090124634
28613,0.9990496430762824
986515,1.0054705875616288
238818,1.0735277792415023
500778,1.055798889858732
971163,1.0362377149767437
