UE ID,Internet usage,Data rate,optimal GU
54111,118.51000507730939,76.1850032639846,95.01939340802826
1041736,119.43260826360608,76.77810531231819,95.75912162811431
1118135,131.33452833042992,84.42933964099066,105.30188744271956
126469,118.3224666970973,76.0644428767054,94.86902818682309
704519,122.84040897858847,78.9688343433783,98.49144078194306
1026742,127.62530315388582,82.04483774178374,102.32789106107153
466295,128.51693182179199,82.61802759972342,103.0427844163995
