UE ID,Internet usage
309768,1.023932255704468
1285638,1.0159094885976936
726057,0.969285804574205
82870,0.9853572877313002
790305,1.0190592067044721
951176,0.9928185279340437
587748,1.0152914003444387
