UE ID,Internet usage,Data rate,optimal GU
309768,114.93814745134267,21.892980466922413,50.1631200889308
1285638,113.59032257758412,21.63625191953983,49.574881088212436
726057,105.7575436618641,20.144294030831258,46.156376108865665
82870,108.45755283197686,20.658581491805116,47.33475671830534
790305,114.11947521975617,21.737042899001175,49.80582223458761
951176,109.71104118643183,20.897341178367967,47.88182388659444
587748,113.48648375120844,21.616473095468272,49.52956210897987
