UE ID,Internet usage,Data rate,optimal GU
309768,114.93814745134267,15.051424071009158,41.593061912130715
1285638,113.59032257758412,14.874923194683634,41.10531989902161
726057,105.7575436618641,13.84920214619649,38.270845308907894
82870,108.45755283197686,14.202774775616016,39.24790689434332
790305,114.11947521975617,14.944216993063307,41.29680618181686
951176,109.71104118643183,14.366922060127976,39.701511027427614
587748,113.48648375120844,14.861325253134439,41.06774338652253
