UE ID,Internet usage
1000068,0.46137339851174874
125565,0.4631789252387355
866278,0.4824110914652586
760890,0.516202935320551
1249957,0.3841441179218985
912676,0.4012508737291628
1241466,0.3486132109073997
