UE ID,Internet usage
532377,1.0373030245955408
626892,1.0838704038281652
214764,1.1546947048554916
922929,1.0527098708157379
961088,1.131401811522248
24592,1.001021479759822
426338,1.0526714183441024
