UE ID,Internet usage
532377,0.7155791664583803
626892,0.7621465456910046
214764,0.832970846718331
922929,0.7309860126785772
961088,0.8096779533850874
24592,0.6792976216270947
426338,0.7309475602069418
