UE ID,Internet usage
1144757,1.0944924530807814
903728,1.1116492005942737
951829,0.9993345094758737
564807,1.156831811518502
378240,1.0126437296622444
865427,1.027228528871645
1288399,1.0869441641016249
