UE ID,Internet usage,Data rate,optimal GU
1144757,122.69501993726804,105.16715994622975,113.59351559991669
903728,125.5773535195751,107.63773158820722,116.26203796466598
951829,106.70848541150782,91.4644160670067,98.79286061026002
564807,133.16803215496685,114.14402756140015,123.28964081622574
378240,108.9444344031183,93.38094377410138,100.86294712875916
865427,111.39468066965959,95.48115485970821,103.13143437171574
1288399,121.42690738863847,104.08020633311868,112.41947151362163
