UE ID,Internet usage,Data rate,optimal GU
1144757,122.69501993726804,61.34750996863402,86.75848061546088
903728,125.5773535195751,62.78867675978755,88.79659823715191
951829,106.70848541150782,53.35424270575391,75.45429364462296
564807,133.16803215496685,66.58401607748343,94.16401857404527
378240,108.9444344031183,54.47221720155915,77.03534833897794
865427,111.39468066965959,55.697340334829796,78.76793408962632
1288399,121.42690738863847,60.713453694319234,85.86178963301715
