UE ID,Internet usage
381359,0.3717026064227427
965231,0.4800172170294087
846604,0.4154593662215208
978244,0.39568908995747637
15493,0.47914536417122394
148325,0.34272423345651915
118224,0.3775662932838592
