UE ID,Internet usage,Data rate,optimal GU
381359,112.56937145249533,42.88357007714108,69.47932447298842
965231,130.76622603438324,49.81570515595552,80.71066695602181
846604,119.92050709863724,45.68400270424276,74.0165438978902
978244,116.59910068630793,44.4187050233554,71.96652735385825
15493,130.61975475392543,49.759906572923974,80.6202629190303
148325,107.70100479415422,41.02895420729684,66.47450333608526
118224,113.55447084515846,43.258846036250844,70.0873410183226
