UE ID,Internet usage
217605,0.8865081483828507
633252,0.9281962040436361
1050252,0.8943906237135486
171739,0.8961788343096134
770252,0.9392119704043317
433166,0.8349089984007152
232479,0.837528751641716
