UE ID,Internet usage
217605,0.7727348727548257
633252,0.814422928415611
1050252,0.7806173480855235
171739,0.7824055586815883
770252,0.8254386947763066
433166,0.7211357227726902
232479,0.7237554760136911
