UE ID,Internet usage
723803,0.8633527913137994
1165801,0.9031242287665808
1037181,0.8774279660061957
61879,0.8848946904193029
614634,0.9154984316873165
449870,0.9297263078103594
1211942,0.8091080461036988
