UE ID,Internet usage,Data rate,optimal GU
530725,131.18537903319609,7.808653513880719,32.005955242069255
735633,126.09164197811407,7.505454879649647,30.763210651160463
286745,114.47905565243546,6.814229503121158,27.930029690572738
148277,115.48286374639238,6.873979984904309,28.174933788602463
584727,122.4546009256333,7.288964340811506,29.875863494052265
1269265,121.8486234926713,7.252894255516148,29.72802013879407
36616,112.13370416106406,6.674625247682385,27.357822517692913
