UE ID,Internet usage
945297,0.7305926305828955
154263,0.7354297517565278
1005424,0.7227443122233764
182446,0.7139813678117777
755189,0.7186013829696772
1107659,0.730545557091569
746804,0.6303190016500989
