UE ID,Internet usage,Data rate,optimal GU
945297,119.04042856659987,58.103066324173746,83.16618252789543
154263,119.85306492358917,58.49971026032328,83.73392127352977
1005424,117.72191108209468,57.45950421864145,82.24501593682228
182446,116.24973642081176,56.74094277682479,81.21649858294954
755189,117.02589896695052,57.119784019582994,81.7587553335406
1107659,119.03252021948418,58.09920629760538,83.16065745504719
746804,102.19445890531539,49.88062875140394,71.3969457687557
