UE ID,Internet usage
625088,0.6808177006293977
332178,0.7304034395345004
200322,0.6108875578929336
199295,0.660108860487301
913078,0.6283165740497336
1274181,0.6781629665966168
475078,0.7256276689309964
