UE ID,Internet usage
625088,0.9633450209249562
332178,1.0129307598344923
200322,0.893414878188492
199295,0.9426361807828594
913078,0.9108438943452919
1274181,0.9606902868921753
475078,1.0081549892265549
