UE ID,Internet usage,Data rate,optimal GU
625088,114.93312700442186,78.67446193755067,95.09101916518229
332178,123.26353114087424,84.37682191190795,101.9832585050432
200322,103.18486302474865,70.63249552289342,85.37098087538838
199295,111.45404186043788,76.29294532113308,92.21256487853304
913078,106.11293773903076,72.63683238088414,87.79355142601973
1274181,114.48713168690581,78.3691675237748,94.72202068414498
475078,122.46120167925494,83.82760829234714,101.31944357021858
