UE ID,Internet usage
571185,0.4971215158150047
1269047,0.42611536886116536
387378,0.4789207909013847
844370,0.4158404234006194
1002009,0.4219951508917143
138269,0.45614513122242195
640160,0.45369982188293384
