UE ID,Internet usage
462993,0.4836615189199133
881965,0.482180998393452
916996,0.40243529914931503
770093,0.5417083607302352
504362,0.45429168574342316
758421,0.4899736009703398
669774,0.501313414464639
