UE ID,Internet usage,Data rate,optimal GU
462993,117.64903015994585,37.115467848078154,66.08024512862409
881965,117.40030271127604,37.03700026010494,65.94054171792897
916996,104.00302523846587,32.8104782002303,58.41565708219574
770093,127.4008995843087,40.19195046409739,71.55760368524075
504362,112.71489818652864,35.558866689797725,63.30887803909413
758421,118.70945994423876,37.45000819669437,66.67585955904057
669774,120.61454861127885,38.05101831189154,67.74589580106166
