UE ID,Internet usage
742439,0.3269375193660875
1081895,0.3146534319163423
682394,0.25666813289519236
1081424,0.22659880252177883
1121320,0.3229689539491965
2681,0.3429101246742492
233708,0.37548689522604717
