UE ID,Internet usage
742439,0.750440460568663
1081895,0.7381563731189178
682394,0.6801710740990979
1081424,0.6501017437256843
1121320,0.7464718951531021
2681,0.7664130658794848
233708,0.7989898364290661
