UE ID,Internet usage,Data rate,optimal GU
742439,118.34110391608048,20.427928652180558,49.167709194327706
1081895,116.27737722452774,20.07169011613872,48.3102834101404
682394,106.5358469889591,18.3901164445227,44.262926153190676
1081424,101.48419948623524,17.518105863695368,42.16409550900207
1121320,117.67438492607425,20.31284025509615,48.890704465368884
2681,121.02450160788577,20.891134206123137,50.28259246816444
233708,126.49739906057805,21.83586055212359,52.556441718338505
