UE ID,Internet usage
938704,1.071008293311415
1226242,0.9789366890936629
1021681,1.0180597747854232
490414,1.016297062948773
543977,1.0428308521858056
519033,1.0279247496991897
266331,0.9841991286849814
