UE ID,Internet usage,Data rate,optimal GU
938704,126.3194697677,94.73960232577501,109.39586981140859
1226242,110.85144025939921,83.13858019454942,96.00016331073279
1021681,117.42411865545535,88.06808899159151,101.69226977262255
490414,117.12798306677618,87.84598730008214,101.43580882986174
543977,121.58565965881313,91.18924474410986,105.29627000042098
519033,119.08143444101277,89.31107583075959,103.12754734500825
266331,111.73553011035366,83.80164758276526,96.76580758088734
