UE ID,Internet usage,Data rate,optimal GU
41970,112.53709615202482,68.99595775987235,88.11699457269181
872640,125.50025098784408,76.94360626040441,98.26719644718986
323246,105.14012942448227,64.4609126828671,82.32514015959461
270397,111.42203139115408,68.3123168648147,87.24389442312767
31890,124.06410533028479,76.06311219654366,97.14268867650958
562971,124.66543035083075,76.4317817031879,97.61352856294393
1051158,113.77719383406802,69.75625574350599,89.08799599759611
