UE ID,Internet usage
725276,0.9490296650337022
792843,1.06875947877827
668394,0.9540524690443828
50693,1.0390498667709966
38156,0.9340366812923893
943994,0.9534418705183085
404241,0.9161172166546361
