UE ID,Internet usage
725276,0.4532889345659607
792843,0.573018748306095
668394,0.45831173857664126
50693,0.5433091363032551
38156,0.438295950822431
943994,0.4577011400461336
404241,0.42037648618290446
