UE ID,Internet usage
725276,0.6466315097992706
792843,0.766361323539405
668394,0.6516543138099512
50693,0.7366517115321315
38156,0.6316385260535242
943994,0.6510437152794435
404241,0.613719061415771
