UE ID,Internet usage,Data rate,optimal GU
725276,112.54643598843214,102.49764706089354,107.40458497617206
792843,132.66104469683498,120.81630856318898,126.60022792399633
668394,113.39026706215519,103.26613607446275,108.20986437455778
50693,127.66982988001783,116.2707379264448,121.83704416594053
38156,110.02761471947521,100.20372054809349,105.00083979627779
943994,113.28768650937606,103.17271449961034,108.11197036662135
404241,107.01714466005431,97.46204245826374,102.12790753080357
