UE ID,Internet usage,Data rate,optimal GU
725276,112.54643598843214,34.83580161546709,62.615056628744554
792843,132.66104469683498,41.06175192997273,73.80579183311065
668394,113.39026706215519,35.09698742400042,63.08452089922305
50693,127.66982988001783,39.516852105719806,71.02893625650798
38156,110.02761471947521,34.056166460789946,61.21371384069185
943994,113.28768650937606,35.06523630052116,63.02745034816682
404241,107.01714466005431,33.12435429954062,59.538842916576996
