UE ID,Internet usage
938607,0.4703745249850989
646334,0.4998324744555726
1170555,0.5510083685374926
124487,0.44892063461405013
817240,0.43028477002089877
547248,0.477048781798663
47353,0.5666496261089339
