UE ID,Internet usage,Data rate,optimal GU
218126,120.68489889711276,107.75437401527924,114.03651052954773
253518,118.34254488051715,105.66298650046173,111.8231940258387
60935,115.76602957036485,103.36252640211147,109.38861589733392
1155792,118.68085567467607,105.9650497095322,112.14286767840774
872999,108.22657817305632,96.63087336880028,102.26450396192791
748809,108.81406019195099,97.15541088567052,102.81962229111271
773578,116.35879151855289,103.89177814156507,109.94872329075095
