UE ID,Internet usage,Data rate,optimal GU
477265,113.12410743828057,21.547449035862968,49.37140812002264
981810,134.48396297614445,25.61599294783704,58.69361334245911
1150427,115.24701690898094,21.951812744567796,50.29792177173912
1054016,108.16925822855919,20.603668234011273,47.20893463805689
897434,104.43798708191078,19.892949920363957,45.580474403016794
2873,121.03412097220699,23.05411828042038,52.82362105024578
150239,108.81897799187479,20.72742437940472,47.492495590047604
