UE ID,Internet usage,Data rate,optimal GU
477265,113.12410743828057,63.29563154284747,84.61833030157767
981810,134.48396297614445,75.2469792842713,100.59578508134747
1150427,115.24701690898094,64.4834499371679,86.20629469625878
1054016,108.16925822855919,60.52327543740812,80.91203748285673
897434,104.43798708191078,58.435540391069125,78.12099725737603
2873,121.03412097220699,67.72147244873487,90.53512516573973
150239,108.81897799187479,60.886809114501375,81.39803646910904
