UE ID,Internet usage,Data rate,optimal GU
563709,119.42319893546023,41.94029010233425,70.77177126723605
1153582,105.91350605612122,37.1958146268521,62.76574812541839
130814,105.60762546256973,37.088392275545324,62.58447922963532
789539,109.68515032795437,38.52038017469826,65.00087453374556
169825,124.4558022820802,43.707692468111496,73.75415874387865
1209104,115.60333192388724,40.59878918755564,68.50806742389481
724453,112.31978409087782,39.445638460486855,66.56219343748154
