UE ID,Internet usage,Data rate,optimal GU
563709,119.42319893546023,71.08523746158347,92.13699829465422
1153582,105.91350605612122,63.043753604834066,81.71404395344908
130814,105.60762546256973,62.861681822958175,81.47805195208213
789539,109.68515032795437,65.28877995711571,84.62393068349503
169825,124.4558022820802,74.0808346917144,96.01973607172368
1209104,115.60333192388724,68.81150709755192,89.18990691317723
724453,112.31978409087782,66.85701433980823,86.65659476120662
