UE ID,Internet usage
470299,1.0060956456377583
622703,1.0641124381239164
248096,0.947880994350692
379875,0.9741523941015832
467628,1.0529500730955714
569317,1.01243189281762
177683,1.0557451541405762
