UE ID,Internet usage
900507,1.0611473982958037
875165,0.9521950335550918
482154,1.0814783498797875
673761,1.063955797654162
6153,0.9458288537390345
625829,0.9332532210153263
913089,1.0500808780600472
