UE ID,Internet usage
900507,0.8333620102042177
875165,0.7244096454635057
482154,0.8536929617837681
673761,0.8361704095581425
6153,0.718043465643015
625829,0.7054678329193069
913089,0.8222954899684614
