UE ID,Internet usage,Data rate,optimal GU
1116269,118.6043031544366,84.71735939602614,100.23893144008291
260431,123.84866458437138,88.46333184597957,104.67122581592642
842287,115.30200485044989,82.3585748931785,97.44797997808578
105192,121.44632274594714,86.74737338996225,102.64087638986986
280199,128.70153755429308,91.92966968163792,108.77265205411275
146433,123.03575480551719,87.88268200394086,103.98419165761739
1298583,109.15863419860757,77.97045299900542,92.25588413330695
