UE ID,Internet usage
479118,0.591379242039806
196951,0.664035585357059
695855,0.6608390112942324
1023406,0.687250168122527
1063248,0.6887365154750882
887211,0.6362898300969759
508930,0.6428205655200737
