UE ID,Internet usage,Data rate,optimal GU
555914,106.35312661879402,21.52384705380355,47.8448370363692
1215009,101.88120053199333,20.6188143933796,45.83306190888688
715358,128.32854573433343,25.971253303377004,57.7308684095465
383784,109.24268569254532,22.10863877111036,49.144756346556754
621095,113.83929583235593,23.038905108929175,51.21262280286926
447117,123.07871993004207,24.90878855727042,55.36914132110884
109873,125.76266613056956,25.45196814547241,56.57656203981414
