UE ID,Internet usage,Data rate,optimal GU
555914,106.35312661879402,96.85731174211598,101.49422613954582
1215009,101.88120053199333,92.78466477020821,97.22660663495029
715358,128.32854573433343,116.87063986519651,122.46566560853569
383784,109.24268569254532,99.48887446999663,104.2517714172327
621095,113.83929583235593,103.67507299018128,108.638378598773
447117,123.07871993004207,112.08954850771687,117.45568588989701
109873,125.76266613056956,114.53385665462584,120.01701202372196
