UE ID,Internet usage,Data rate,optimal GU
668001,112.74952376413904,99.99808952890903,106.18256434889973
159075,121.49466501892644,107.75419695130977,114.4183554460682
565757,120.75673881788663,107.09972668967326,113.72340886260804
585042,126.01918606305793,111.7670162106883,118.67935124345574
156865,113.0160150287194,100.23444190047137,106.4335341526296
706909,104.22119801805984,92.43427681363642,98.15096060380743
804747,118.81104365132751,105.37408038123691,111.89103835380934
