UE ID,Internet usage
289712,0.7592297301760033
535042,0.650946970898876
690926,0.7123566982625451
1105975,0.7110334865193284
231844,0.6381191919020122
760295,0.7185866175570491
900163,0.66992324540344
