UE ID,Internet usage
289712,0.767153964592598
535042,0.6588712053154706
690926,0.7202809326835733
1105975,0.718957720935923
231844,0.6460434263186068
760295,0.7265108519780772
900163,0.6778474798244681
