UE ID,Internet usage
289712,1.073946503707234
535042,0.9656637444301066
690926,1.0270734717937757
1105975,1.0257502600505592
231844,0.9528359654332429
760295,1.0333033910927134
900163,0.9846400189346707
