UE ID,Internet usage
1234926,0.7185585833081848
471842,0.7191540455028557
301209,0.655210572895065
667184,0.6699322556830204
1224863,0.6581684174291786
277299,0.6952095434354836
609197,0.7445042748642664
