UE ID,Internet usage
940526,1.0484997874058686
489088,1.0495225127482366
1019788,1.0200569038077165
1271087,0.999003101796473
1114722,0.9614092889174402
732620,1.04269867093286
85500,1.0206631064825682
