UE ID,Internet usage,Data rate,optimal GU
1189967,129.38887832113747,105.51354958330853,116.84297081239424
182861,122.62264205327375,99.99584500772919,110.73280773644917
511601,102.58444616248136,83.65517335869015,92.63757136080152
366906,110.300378378449,89.94733236813995,99.60534520967211
828540,124.41626920653715,101.45850524580707,112.35251978462786
994953,128.39809319787932,104.7055879054135,115.9482549856531
244177,133.1621663364254,108.590576119585,120.25039026882384
