UE ID,Internet usage
836079,0.8185323320190532
431839,0.8319812995026732
192589,0.8478883900080072
100019,0.8458102051871861
443471,0.7808571781520194
601870,0.8077869159505832
768093,0.8417928626004971
