UE ID,Internet usage
685111,0.9054847470246004
907635,0.8630767876890246
1145735,0.905904651444208
356627,0.8983475183062222
1291965,0.9257163205114155
827637,1.0010703082346417
1053068,0.8994920544800441
