UE ID,Internet usage,Data rate,optimal GU
685111,116.87131262148985,77.91420841432657,95.42502716398185
907635,109.74677545281308,73.16451696854206,89.60786692506477
1145735,116.94185656386688,77.96123770924459,95.48262605173787
356627,115.67225819702622,77.11483879801749,94.44600332606105
1291965,120.27021696719804,80.18014464479869,98.20022094115298
827637,132.92968690477323,88.61979126984882,108.53663486154046
1053068,115.86454027354286,77.24302684902857,94.60300098411055
