UE ID,Internet usage
822853,0.9902403434339085
1158051,0.9809755672221944
470440,0.9870538307068946
939495,0.9576014062122051
451396,1.0482156037062593
926834,1.085506940698922
1272330,1.0150879068358354
