UE ID,Internet usage,Data rate,optimal GU
1089992,129.2486766970658,45.39090431623144,76.59447967677596
818529,122.887687437675,43.15698546918348,72.82487309353378
1014743,114.02774757821356,40.045458970920244,67.57435524805103
540382,118.97870906605313,41.78418949343533,70.50836067659122
641371,132.4398420625056,46.5116112005228,78.4856065878955
347956,124.38674546627513,43.68344037208472,73.71323475912388
808360,128.60962558068528,45.16647565035971,76.21576951124945
