UE ID,Internet usage
275685,0.506942440776981
636402,0.37652703410807653
72435,0.44796696476785014
980355,0.4823437320765878
244635,0.4584196941793519
1126139,0.49089315405660244
336713,0.49658480102465075
