UE ID,Internet usage
575567,0.5318291614024229
324513,0.5920899709590687
701840,0.5409653111856574
351,0.5960602975294621
636652,0.5363243455011066
887058,0.5924830717844327
254255,0.5876142763756472
