UE ID,Internet usage
184605,0.6778141974588708
1095113,0.7129480930524764
575984,0.7189364226773537
69849,0.6655403253801497
1219571,0.6979304432835516
904761,0.7246435876510898
1127218,0.7302853225422513
