UE ID,Internet usage
184605,0.4793601997902257
1095113,0.5144940953838313
575984,0.5204824250087086
69849,0.4670863277115046
1219571,0.49947644561490656
904761,0.5261895899824447
1127218,0.5318313248736062
