UE ID,Internet usage,Data rate,optimal GU
118046,123.4539887271945,62.46183953459245,87.81322926406595
240928,114.69597221035174,58.03070022547558,81.583623236581
196857,115.84184784369322,58.610458730440016,82.39868835303565
926698,123.77903215024989,62.62629602840024,88.0444337226972
1147751,113.28705471456215,57.31785506391537,80.58145557600162
168932,133.83887263172508,67.71609627200375,95.20003142891468
254387,109.89156818034361,55.59990056743575,78.16623480779083
