UE ID,Internet usage,Data rate,optimal GU
118046,123.4539887271945,27.9241164978178,58.71408317719408
240928,114.69597221035174,25.943136571389083,54.54881548889401
196857,115.84184784369322,26.202322726549653,55.09378805673386
926698,123.77903215024989,27.997638224461284,58.86867216029812
1147751,113.28705471456215,25.62445285210334,53.878741561834474
168932,133.83887263172508,30.273078333366385,63.653080642099795
254387,109.89156818034361,24.8564261360301,52.263865599926945
