UE ID,Internet usage,Data rate,optimal GU
49991,117.58298264049601,15.39777153625543,42.55015749970669
903572,117.68350796487677,15.4109355668291,42.58653494386618
65021,117.07495412038145,15.331243991954713,42.36631547546319
491480,116.48899553340071,15.254511319850092,42.15427263044907
423379,118.13530187101082,15.470099054537132,42.75002715533854
742255,109.90200366502815,14.391929051372733,39.77061527498401
271136,120.76544863728604,15.814523035835077,43.7018073929136
