UE ID,Internet usage
983975,0.3671557972380966
1256764,0.32747698728446895
1237078,0.4099373530929533
1271033,0.348737280841413
504620,0.43888941600715725
967817,0.34133245712944577
172274,0.41465509119924254
