UE ID,Internet usage
925076,0.9766807991066582
296388,1.0151988193701786
723446,0.9421317884044941
849756,0.8747636276935556
550489,0.8175352094488815
874,0.9631364119080476
814436,0.9803461429811126
