UE ID,Internet usage
625542,1.1210577022407948
312369,1.07061915948239
1046917,1.0981130253557512
710412,1.1048734197199863
863280,1.0587040248504938
759285,1.0505517048429203
386827,1.1398730375520416
