UE ID,Internet usage
472638,1.0099229653043356
1044166,0.9566646379531669
416722,0.9870651529200438
272928,0.9910305390451182
1225753,1.043509671889076
433581,1.0298662919251638
867931,1.0482931787142262
