UE ID,Internet usage
931521,0.7981178351794307
944428,0.7322209439710705
367705,0.7622722705082341
963066,0.7906133443197448
946226,0.8031270004991239
338468,0.7840912950567758
56356,0.809514383871179
