UE ID,Internet usage,Data rate,optimal GU
931521,124.00948499452873,45.02725348015627,74.72487212964825
944428,112.93880727175878,41.00754311653146,68.05397129283702
367705,117.98743012981555,42.84067403523065,71.09613937792952
963066,122.74873053026853,44.569479537776076,73.96517446512779
946226,124.85102476868978,45.332812564821886,75.2319619866779
338468,121.65302625387292,44.17163453265624,73.30493172684706
56356,125.92410517490644,45.72244295041246,75.87857217252706
