UE ID,Internet usage,Data rate,optimal GU
663523,111.42532578405068,73.62030453589063,90.57133330824183
536370,126.71002396825384,83.71912297902485,102.9953983402823
153399,130.365644455565,86.13444365814115,105.96684508522053
930516,115.11430000793874,76.05766250524523,93.56989141562232
63608,124.00405287565336,81.93124922141382,100.79586777552208
894677,114.92825057052518,75.93473698409699,93.41866237061642
9332,110.39502765796131,72.93957184543872,89.73386234436286
