UE ID,Internet usage
966894,0.5448847060116405
968003,0.5855059526398395
1127443,0.6075841031532342
1139973,0.5877018546902167
512573,0.6258373334584634
467596,0.6013469768649004
696278,0.655090969656324
