UE ID,Internet usage,Data rate,optimal GU
1126194,102.97252700442944,95.00441479575335,98.90826390193959
223075,110.18948686558686,101.6629194295593,105.84037474045829
713895,117.55190482440896,108.45562647490112,112.912202533868
886406,121.51322700074631,112.11041776854569,116.7171737297378
123436,108.88185866001346,100.45647673989336,104.58435782599614
181875,114.82506105195378,105.93978847055259,110.29298562901573
585572,119.7460107461746,110.47995039081584,115.01970842744939
