UE ID,Internet usage
334375,0.7930087533531118
559520,0.8239661838547311
682904,0.7055224996274507
985388,0.7663846368289394
371292,0.8552242837294304
92466,0.7848693766524909
3909,0.7624446060062403
