UE ID,Internet usage,Data rate,optimal GU
334375,119.49054472264987,53.3439931797544,79.83797844841872
559520,124.69139304686959,55.66580046735249,83.3129414037415
682904,104.7928540963487,46.782524150155666,70.0176708233441
985388,115.01769314653346,51.34718444041672,76.84942878061169
371292,129.94275382541784,58.01015795777582,86.821654412254
92466,118.1231294366273,52.73353992706575,78.92433567953766
3909,114.35576796827301,51.05168212869331,76.40716141762421
