UE ID,Internet usage
831155,0.9500810755859662
310508,0.9685510916445634
1180760,1.0278602468204505
7380,1.0054655899383185
1000738,0.9874870140842671
146745,1.0546475959707915
584553,1.0309967069396047
