UE ID,Internet usage,Data rate,optimal GU
831155,112.72307296064412,30.864650929700176,58.984390296530194
310508,115.82603565842058,31.714271668377066,60.60807174908537
1180760,125.78997372797285,34.442492806468756,65.82188287531434
7380,122.02767137188722,33.412338589921504,63.853190000321575
1000738,119.00727062829655,32.58532410060501,62.2727105861906
146745,130.29024838587515,35.67471086756105,68.17673312816338
584553,126.3168990281994,34.586769972006984,66.09760608573933
