UE ID,Internet usage,Data rate,optimal GU
831155,112.72307296064412,92.59395278910051,102.16396084706297
310508,115.82603565842058,95.14281500513118,104.97625961819575
1180760,125.78997372797285,103.32747841940626,114.00684538989225
7380,122.02767137188722,100.2370157697645,110.59696930590593
1000738,119.00727062829655,97.75597230181502,107.85949866031439
146745,130.29024838587515,107.02413260268315,118.08556567204319
584553,126.3168990281994,103.76030991602093,114.48441199917434
