UE ID,Internet usage,Data rate,optimal GU
831155,112.72307296064412,39.5872696707024,66.80118776940482
310508,115.82603565842058,40.6770006181358,68.64004461008015
1180760,125.78997372797285,44.17624077351427,74.54480643412366
7380,122.02767137188722,42.854956017508016,72.31521616894435
1000738,119.00727062829655,41.79422004208034,70.52528663710932
146745,130.29024838587515,45.75669437361091,77.21172887103579
584553,126.3168990281994,44.361291920617646,74.85706935418416
