UE ID,Internet usage
663727,0.6750061740113338
1269587,0.7012893006636117
14156,0.71155937439085
1121890,0.6666873872100663
24614,0.6741567374792972
528641,0.7113559768439135
867751,0.7428213361230147
