UE ID,Internet usage
602586,0.9462919667910691
1186218,0.9130843127712575
1135695,0.8599143647186441
1195610,0.8938416326351695
716695,0.8698768740774171
757161,0.9093795721127125
384880,0.8884530788159954
