UE ID,Internet usage
602586,0.4972447576568035
1186218,0.4640371036414253
1135695,0.4108671555857085
1195610,0.4447944235053374
716695,0.4208296649462549
757161,0.46033236298288027
384880,0.4394058696852767
