UE ID,Internet usage,Data rate,optimal GU
602586,132.4280272320331,41.77788954343901,74.38120390364364
1186218,126.84914135714364,40.01788388052746,71.24769616748873
1135695,117.91659008373401,37.199876633558944,66.23052622593939
1195610,123.61637109406493,38.998021833246675,69.43193745585
716695,119.59029165628937,37.72788962966271,67.17059866033397
757161,126.22674492611216,39.82153262549967,70.89811310102547
384880,122.71109405245258,38.71242848083325,68.92346808098365
