UE ID,Internet usage
431588,0.494638502176808
102751,0.4955567848538521
113027,0.44586545419511314
487386,0.488555930968675
555520,0.4279272074465004
2647,0.5502722822587415
112082,0.4997584428648472
