UE ID,Internet usage
1287148,1.0198998116420297
401238,1.037822283052074
298662,1.0907008214450198
694105,1.0205930033084443
505671,0.9738799436254366
989299,0.9282223026377278
339483,0.9948114662400793
