UE ID,Internet usage
1287148,0.7002432179766813
401238,0.7181656893822923
298662,0.7710442277752381
694105,0.700936409643096
505671,0.6542233499556549
989299,0.6085657089723796
339483,0.6751548725702976
