UE ID,Internet usage,Data rate,optimal GU
401495,122.15234952287115,49.442617664019274,77.71442539336546
572887,102.8927196396202,41.64705318746532,65.46127532697648
316252,123.593775545768,50.026052006620375,78.631473616785
106552,115.04853579370776,46.56726448792933,73.19491509151844
703441,123.31125619282007,49.91169893518907,78.45173225886096
46124,122.28271813985238,49.49538591374977,77.7973670821467
258120,116.68841509415364,47.231025157157426,74.23822107823435
