UE ID,Internet usage
163494,0.42841206715677893
799205,0.4092504619716515
642272,0.39352866437535805
630640,0.48547102838636147
219135,0.46791903860161893
823980,0.54172945092334
787191,0.3935614525647504
