UE ID,Internet usage
163494,0.8110556978935568
799205,0.7918940927084293
642272,0.7761722951108058
630640,0.8681146591222526
219135,0.8505626693330767
823980,0.9243730816592312
787191,0.7762050832993116
