UE ID,Internet usage,Data rate,optimal GU
163494,117.65142652802663,88.93887600630585,102.29264702773686
799205,114.43227685697305,86.5053521478308,99.49374053974714
642272,111.79101486073858,84.50868385305833,97.19728150765691
630640,127.23733201495553,96.18536408273422,110.62716259931027
219135,124.2885977304219,93.95626137954513,108.06337018091125
823980,136.68874700089003,103.33018374472043,118.84474470264796
787191,111.79652327659028,84.5128479531367,97.20207082857743
