UE ID,Internet usage
460044,0.9709818972991664
1070866,1.0442943038117607
62186,1.0656029088001133
16335,1.0102421320257422
1139995,0.9630821423557379
194589,1.028067002821786
520954,1.074352871360489
