UE ID,Internet usage,Data rate,optimal GU
460044,108.82584101638817,51.82182905542294,75.09696485187601
1070866,121.14232531026502,57.686821576316675,83.59614647526146
62186,124.72217094825683,59.39150997536039,86.06647465780158
16335,115.42156045044891,54.962647833547095,79.64844367240637
1139995,107.49868218576316,51.18984865988722,74.18113825108462
194589,118.41613874447197,56.3886374973676,81.71489901786586
520954,126.19216465840042,60.09150698019067,87.08086668962154
