UE ID,Internet usage,Data rate,optimal GU
116106,116.22177302883173,69.8714230709048,90.1142645386854
351651,103.36014458936052,62.139134544794125,80.1418113796266
397438,110.85879724029324,66.64725310279535,85.95600222407562
396706,121.45769518656869,73.01920960621094,94.1740139481977
785401,125.54563505779956,75.47684012403427,97.34365837345486
312972,118.62249960063203,71.31471702180855,91.9757032668882
257444,118.73879441200583,71.38463235483684,92.06587416278407
