UE ID,Internet usage,Data rate,optimal GU
116106,116.22177302883173,61.56986785455967,84.59172067766323
351651,103.36014458936052,54.75626707412551,75.23041726559313
397438,110.85879724029324,58.72876758563154,80.68829244659868
396706,121.45769518656869,64.34365995002746,88.40267324803398
785401,125.54563505779956,66.50929476276286,91.37806984302878
312972,118.62249960063203,62.84168133604911,86.33908338167907
257444,118.73879441200583,62.90328989683643,86.42372826312959
