UE ID,Internet usage
604513,1.0372861695948976
1226856,1.070894279089404
1161644,0.9610960994618301
130546,0.975336466743683
766590,1.0412678420485417
646474,1.046847753282326
611823,1.0611580635938203
