UE ID,Internet usage
604513,0.6531735804387778
1226856,0.686781689933284
1161644,0.5769835103057103
130546,0.5912238775875632
766590,0.6571552528924217
646474,0.662735164126206
611823,0.6770454744377004
