UE ID,Internet usage,Data rate,optimal GU
604513,120.2176818430585,55.09977084473515,81.3877553507762
1226856,125.86384423798035,57.687595275740996,85.21022536203924
1161644,107.41775006110343,49.23313544467241,72.72216056966593
130546,109.81013176405175,50.32964372519039,74.34181063910763
766590,120.88660281527324,55.4063596236669,81.84061698977112
646474,121.82402790276807,55.8360127887687,82.47525677412756
611823,124.2281600347733,56.937906682604435,84.1028619216467
