UE ID,Internet usage,Data rate,optimal GU
604513,120.2176818430585,75.13605115191156,95.04042241238342
1226856,125.86384423798035,78.66490264873771,99.50410571416946
1161644,107.41775006110343,67.13609378818964,84.92118783094449
130546,109.81013176405175,68.63133235253234,86.81253163440175
766590,120.88660281527324,75.55412675954577,95.56925087409661
646474,121.82402790276807,76.14001743923004,96.31035047716318
611823,124.2281600347733,77.6426000217333,98.21098381044646
