UE ID,Internet usage,Data rate,optimal GU
604513,120.2176818430585,93.02558714046192,105.75121955852691
1226856,125.86384423798035,97.39464137462764,110.71794782956415
1161644,107.41775006110343,83.12087802347288,94.49157475873115
130546,109.81013176405175,84.97212576980195,96.59606786538222
766590,120.88660281527324,93.54320455943761,106.33964554974119
646474,121.82402790276807,94.26859301999909,107.16426506267402
611823,124.2281600347733,96.12893336024123,109.2790946038999
