UE ID,Internet usage,Data rate,optimal GU
604513,120.2176818430585,62.971166679697305,87.00717028605204
1226856,125.86384423798035,65.92868031513255,91.09356261558467
1161644,107.41775006110343,56.266440508197036,77.74325979361461
130546,109.81013176405175,57.51959282878901,79.47473854970475
766590,120.88660281527324,63.321553855619314,87.49129974226115
646474,121.82402790276807,63.81258604430708,88.16975820999768
611823,124.2281600347733,65.07189335154791,89.90974130227377
