UE ID,Internet usage,Data rate,optimal GU
448287,106.90186629261471,96.08441553681442,101.34891880291849
33754,116.60963166860955,104.80984751166693,110.55242065906388
210877,121.30128847636465,109.026753332923,115.0003724240854
1112841,114.35938745939987,102.78730658553204,108.41906391277773
233362,121.98937060425483,109.64520810263382,115.6527125761123
1108534,110.98965013107407,99.75855458209635,105.22436538486954
608789,99.32959817414113,89.27838883509114,94.16998719668773
