UE ID,Internet usage,Data rate,optimal GU
1208408,114.22836546649319,81.59168961892371,96.54058908469068
492311,125.57220372397828,89.69443123141306,106.12788225295633
599238,113.16430964028001,80.83164974305716,95.64129777589794
1257490,108.86161761890952,77.7582982992211,92.00485930725023
595089,104.83531880480041,74.88237057485743,88.60201573369753
472066,120.94900819608836,86.39214871149169,102.2205688821183
330145,124.2058654878519,88.71847534846565,104.97311567929586
