UE ID,Internet usage
412864,0.5875733844604639
289135,0.6258681330791683
946919,0.6211003671860396
209582,0.5524852249775208
198768,0.5621766486881977
130251,0.5620294548941772
103923,0.5725350070114197
