UE ID,Internet usage,Data rate,optimal GU
412864,116.72674705574421,111.8631325950882,114.26906660724082
289135,123.16026482363431,118.02858712264955,120.56712672526004
946919,122.35928015313641,117.2609768134224,119.78300677869122
209582,110.83193626203479,106.21393891778334,108.49837099364865
198768,112.46009544600042,107.77425813575042,110.09224930288408
130251,112.43536688825958,107.7505599345821,110.06804140466996
103923,114.20029964408623,109.44195382558264,111.79581351962956
