UE ID,Internet usage
908081,1.0116139574439287
1092718,1.0040159014409606
1171998,0.9984475175685908
180262,1.0511963606898898
876132,1.0853054978838221
1199446,0.9913025124306256
829117,1.0466053973247635
