UE ID,Internet usage
816452,1.0803365104438232
45052,1.032517779505375
91772,1.0681661858359794
451087,1.0436067560391153
749193,0.9558786791570555
1292581,1.067339491868724
1270155,0.9902769390816512
