UE ID,Internet usage,Data rate,optimal GU
816452,127.100597521877,16.644125865960085,45.99432946345512
45052,119.06705072404343,15.592113785291401,43.087202310759835
91772,125.055982987373,16.37637872453694,45.254437784271154
451087,120.9299987817074,15.836071269033111,43.76135371844895
749193,106.19168186535236,13.906053577605666,38.427948390665435
1292581,124.91709840096857,16.358191457269694,45.204179142305435
1270155,111.97058953257007,14.662815295931795,40.51918154272948
