UE ID,Internet usage
797019,1.0637573895863184
502568,0.9575460033634731
331463,0.9850960360858504
267095,1.009953405839099
859650,1.0941459791536932
112946,0.9955989066275776
718434,0.9641793166167877
