UE ID,Internet usage,Data rate,optimal GU
797019,126.40350983917233,22.57205532842363,53.4152320765972
502568,108.55999695397185,19.385713741780688,45.87497165948205
331463,113.18840245161414,20.212214723502527,47.83082995895267
267095,117.36444056975782,20.957935816028183,49.595528150681474
859650,131.508792886727,23.483713015486966,55.572607921214306
112946,114.9528847021712,20.52730083967343,48.5764597996783
718434,109.67439358063068,19.584713139398335,46.34589018471996
