UE ID,Internet usage,Data rate,optimal GU
810084,118.56001418947659,23.288574215790046,52.546110126980345
414172,110.21020082046054,21.648432304019035,48.84545088003675
1110375,118.35255936598612,23.247824161175846,52.45416560355879
1101030,114.00689977001984,22.394212454825325,50.52815784061201
25608,123.15544373505406,24.19124787652848,54.582816588543224
1027760,124.08597675290392,24.37403114789184,54.995231269555205
209262,110.34873012440438,21.675643417293717,48.90684743190637
