UE ID,Internet usage
1129550,0.4925522577419719
1038027,0.6130250814361233
1229737,0.5317533567974305
526905,0.6076032867349888
285276,0.5923780171190903
618694,0.611169706819499
1225354,0.5616994598662736
