UE ID,Internet usage
183070,0.33564607956570436
240438,0.3381455217375083
917872,0.31215439923817456
576164,0.34540898533963305
1080529,0.35218525406405915
330329,0.2545772789455727
579313,0.2784380543935245
