UE ID,Internet usage,Data rate,optimal GU
183070,119.80414202958332,99.12366513161953,108.97442661432729
240438,120.22404831446053,99.47108759351198,109.35637540049652
917872,115.85753973461286,95.85832156613802,105.38457809253748
576164,121.44431019961308,100.48070903420368,110.46633150886697
1080529,122.58272334529939,101.42261038688461,111.50183760823658
330329,106.18458352539365,87.85510184541498,96.58601037436236
579313,110.19319380065534,91.17174963268506,100.2322616547152
