UE ID,Internet usage,Data rate,optimal GU
183070,119.80414202958332,107.68110384801835,113.58099426977341
240438,120.22404831446053,108.05851961597347,113.97908879746265
917872,115.85753973461286,104.13386011861037,109.8393956484217
576164,121.44431019961308,109.15530261989034,115.13596497751084
1080529,122.58272334529939,110.17851919726314,116.21524399730383
330329,106.18458352539365,95.43971495437168,100.66889481966236
579313,110.19319380065534,99.0426920470176,104.4692804573461
