UE ID,Internet usage
1131921,0.9736589168053076
1258321,0.9655048286602439
257398,1.0397854417152688
351763,0.9399239337732342
1279238,1.1079279381297755
835275,1.0170136841183128
213046,0.9508472847705757
