UE ID,Internet usage,Data rate,optimal GU
1131921,111.26205974794479,22.517321615655494,50.053207519246456
1258321,109.89217293964715,22.240082618738114,49.436939684110804
257398,122.37131593276149,24.76562346258268,55.05090310804643
351763,105.5945825988566,21.37033219262574,47.50359257865896
1279238,133.8192553308385,27.082468340764933,60.2009613368605
835275,118.54566065711265,23.991383704415654,53.32986434745771
213046,107.42970556651412,21.741726126556426,48.32915513728483
