UE ID,Internet usage,Data rate,optimal GU
1131921,111.26205974794479,2.6490966606653523,17.168108542790307
1258321,109.89217293964715,2.616480308086837,16.9567304192011
257398,122.37131593276149,2.913602760303845,18.88230398769461
351763,105.5945825988566,2.514156728544205,16.29359783285239
1279238,133.8192553308385,3.1861727459723452,20.648759386980906
835275,118.54566065711265,2.8225157299312533,18.291992562861843
213046,107.42970556651412,2.5578501325360503,16.57676345435432
