UE ID,Internet usage,Data rate,optimal GU
1221531,117.67154440788764,52.53193946780698,78.6226077405126
1261576,113.34239972677786,50.59928559231154,75.7300762807827
1059786,126.71564756181601,56.56948551866786,84.66545334277005
151545,125.94980437099174,56.22759123704988,84.15375283704537
119354,115.76581239751633,51.681166248891216,77.34928698090238
182991,113.68803874204436,50.75358872412694,75.96101606196648
971782,123.0196397882702,54.919482048334906,82.19595427358047
