UE ID,Internet usage,Data rate,optimal GU
1221531,117.67154440788764,64.4391790805099,87.0784572829586
1261576,113.34239972677786,62.06845699323549,83.87483450327409
1059786,126.71564756181601,69.39190223623258,93.77121001357742
151545,125.94980437099174,68.97251191744786,93.20447619604144
119354,115.76581239751633,63.39556393197323,85.6681910687016
182991,113.68803874204436,62.257735501595725,84.13061182291119
971782,123.0196397882702,67.36789797929083,91.03611669389953
