UE ID,Internet usage
321056,0.5744135692652078
895500,0.620267837756356
546324,0.5790349949022219
1049737,0.684566042106325
695634,0.6241977622704935
1146658,0.6581011725693939
563488,0.5419409404926898
