UE ID,Internet usage,Data rate,optimal GU
769690,111.51107242262064,105.53726497140882,108.48305673012756
509657,117.89959684208537,111.58354701125937,114.69810463489517
1236922,113.26592919656554,107.19811156103525,110.19026143029951
259968,120.860598371155,114.38592345841457,117.57870195924566
50018,110.88650406971072,104.9461556374048,107.87544815289336
890307,98.48606220519606,93.21002315848914,95.81173278328039
1128746,117.47670443997158,111.18330955925882,114.2866956200542
