UE ID,Internet usage
1028543,0.4998150520685514
1160826,0.40854689485445833
1074876,0.3464806752738675
942216,0.4414824835256093
1297993,0.32416914614208037
5279,0.33862612994960034
183467,0.39015586980345385
