UE ID,Internet usage,Data rate,optimal GU
1028543,134.0922623211454,95.78018737224671,113.32864602688839
1160826,118.75921190898448,84.82800850641749,100.36985323308375
1074876,108.33208701947854,77.38006215677039,91.55732426813219
942216,124.29239080575472,88.78027914696766,105.04624291986316
1297993,104.58375012534802,74.70267866096287,88.3894013939019
5279,107.0125234049786,76.43751671784186,90.44208946495263
183467,115.66951970038699,82.62108550027642,97.75858671718603
