UE ID,Internet usage,Data rate,optimal GU
218070,119.7049730881949,62.702604950959234,86.6360989323405
1273884,128.4261370544359,67.27083369518071,92.94801400731187
669367,114.9090863424751,60.19047379843934,83.16509093784093
1135550,123.30055048492581,64.58600263496113,89.23838679913244
490821,114.83932250881301,60.15393083794967,83.11459958197558
801080,120.63107237014977,63.18770457484035,87.30636038383005
1001683,116.83880066548498,61.20127653906356,84.56171562841467
