UE ID,Internet usage,Data rate,optimal GU
527593,117.17677296882125,9.764731080735105,33.82602070816031
191150,108.4499918360171,9.037499319668092,31.306815990068596
730749,123.93915420301887,10.328262850251573,35.778152021123745
523062,118.68560904472582,9.890467420393819,34.26158416545357
1142382,120.43428399850558,10.036190333208799,34.76638314309852
890970,115.01583450882295,9.584652875735246,33.20221150736919
575213,108.30133531800536,9.025111276500446,31.26390254972316
