UE ID,Internet usage,Data rate,optimal GU
527593,117.17677296882125,84.39517576921054,99.44422733760139
191150,108.4499918360171,78.10981554855994,92.03808374012426
730749,123.93915420301887,89.26570034860288,105.18324676746752
523062,118.68560904472582,85.48189699054657,100.72472887340793
1142382,120.43428399850558,86.74135930844747,102.20877409190454
890970,115.01583450882295,82.83878556885462,97.61030709868325
575213,108.30133531800536,78.00274746118242,91.91192364714826
