UE ID,Internet usage,Data rate,optimal GU
527593,117.17677296882125,27.20175086776208,56.45718187959964
191150,108.4499918360171,25.175890961932545,52.25251352122729
730749,123.93915420301887,28.771589368557954,59.71537868435268
523062,118.68560904472582,27.55201638538278,57.18415729124126
1142382,120.43428399850558,27.957958785367367,58.026689965699816
890970,115.01583450882295,26.700104439548184,55.41601567766635
575213,108.30133531800536,25.141381413108387,52.18088901867157
