UE ID,Internet usage
891030,0.7760529305814213
845034,0.7667942304079673
1195051,0.7979359553548857
343607,0.7432937494632446
1232249,0.7735892334481804
186191,0.6847057251631238
243562,0.7245616548839603
