UE ID,Internet usage
391470,0.7657497468870785
349358,0.7522297447915698
150029,0.7172530945476431
88239,0.7683414350180847
1133507,0.7054329526955309
239847,0.7479780723401431
152667,0.6281636175459276
