UE ID,Internet usage,Data rate,optimal GU
1043346,121.41677935040683,97.56705483514834,108.84060624963575
1149137,117.87369551686862,94.71993389748371,105.66450987729948
1105551,125.34029449549976,100.7198795053123,112.35772941256465
1027751,142.07418200646276,114.16675339805043,127.35834523642951
1198515,129.9046746657835,104.3876849992903,116.44933773511592
717088,117.30319052506285,94.26149238621122,105.15309696131871
612240,126.15730013710923,101.37640189589135,113.09011080019408
