UE ID,Internet usage
865860,0.7120641787726182
1030947,0.6686627800968695
850703,0.7693725912479175
155724,0.6990514362987489
83746,0.6608399443723674
1257939,0.7175361191482474
321809,0.808151955505306
