UE ID,Internet usage,Data rate,optimal GU
865860,114.73208341707979,77.17098467934534,94.09563141617593
1030947,107.44064843937488,72.26662662886524,88.1156809287171
850703,124.35989671259308,83.64683528882749,101.99172415864865
155724,112.54594268140363,75.70054477975363,92.3027040434525
83746,106.1264120373788,71.38264619180835,87.03783155657247
1257939,115.65136939960554,77.78931394140135,94.84956869685224
321809,130.87482990777548,88.02890344987279,107.33483947894128
