UE ID,Internet usage,Data rate,optimal GU
865860,114.73208341707979,64.19533238812798,85.8211176258027
1030947,107.44064843937488,60.115600912507375,80.36702771262894
850703,124.35989671259308,69.58232316061756,93.02284945795132
155724,112.54594268140363,62.972134595547274,84.18585540764018
83746,106.1264120373788,59.38025435424766,79.38396148141793
1257939,115.65136939960554,64.70969478311262,86.50875571349692
321809,130.87482990777548,73.22758340077914,97.89610575571642
