UE ID,Internet usage
1262518,0.6891171477211188
1156168,0.7056025508010949
291117,0.6225270356433179
74425,0.6260844499969503
581389,0.6006248338806145
1122582,0.6059041294656651
405135,0.6510505232509637
