UE ID,Internet usage,Data rate,optimal GU
1262518,124.7714521694489,96.54933798826403,109.75700937432033
1156168,127.54099988683038,98.69244038861873,112.1932820111607
291117,113.58431334003342,87.892623417883,99.91608118103102
74425,114.1819589517359,88.35508728408134,100.44180877228375
581389,109.90474344420564,85.04533718896865,96.67929439585065
1122582,110.79166510202244,85.73164561466021,97.45948783768928
405135,118.37625925841543,91.60067680710718,104.13138559514341
