UE ID,Internet usage,Data rate,optimal GU
1206610,115.00502709464638,8.214644792474742,30.736386367487206
314667,110.9301777689957,7.923584126356836,29.647337076107803
840181,110.97312292698032,7.926651637641451,29.658814652364896
1185742,116.80218111246079,8.343012936604342,31.21669598219619
6046,117.18315603805733,8.370225431289809,31.318515813948615
1209928,103.6709431265932,7.405067366185229,27.707225010245615
21032,118.87662214915687,8.491187296368349,31.771113669937684
