UE ID,Internet usage
953327,0.7611704349707353
670396,0.7618775251539375
1217329,0.7237187648705737
48955,0.6383157764720822
688626,0.7311146675874334
327898,0.770844108313419
62983,0.7489045322280242
