UE ID,Internet usage,Data rate,optimal GU
953327,125.90066465845256,30.725757446408064,62.196408936828284
670396,126.01945580923046,30.75474814391934,62.25509316230003
1217329,119.60878408192335,29.19023897237415,59.088145939320555
48955,105.2610820307457,25.688716447979605,52.000212396636876
688626,120.85129573827729,29.493470983746242,59.70196130953335
327898,127.52584177997016,31.1223780534451,62.999265546989164
62983,123.83999299789345,30.22285543400971,61.1784129029522
