UE ID,Internet usage
876133,0.708224102876679
531490,0.7419017802436889
873837,0.7196622979342789
382100,0.7400433049812539
1288779,0.70410027034934
899686,0.6690042738728086
896400,0.6774394063234627
