UE ID,Internet usage,Data rate,optimal GU
876133,120.8729508229468,50.36372950956117,78.02315425737018
531490,126.53080062038596,52.721166925160816,81.67528059750765
873837,122.79456759258323,51.16440316357635,79.2635525484693
382100,126.21857677619006,52.59107365674586,81.47374097269773
1288779,120.18014695803559,50.075061232514834,77.57595128553864
899686,114.28401955002174,47.618341479175726,73.77001740914618
896400,115.70112180167976,48.2088007506999,74.68475297923693
