UE ID,Internet usage
1132346,0.6527804431750244
376734,0.5881130322241761
513480,0.6627654008250006
1226691,0.7143178530492934
130089,0.6866538966799504
366982,0.6273135761472669
97278,0.6942738357202252
