UE ID,Internet usage,Data rate,optimal GU
1132346,114.64413682300463,90.07753607521792,101.62116595712932
376734,103.78001178332195,81.54143782975297,91.99114837200793
513480,116.32160970824451,91.39555048504926,103.10808674683115
1226691,124.9824216815821,98.20047417838593,110.78507603957469
130089,120.3348770113183,94.54883193746439,106.66546799577912
366982,110.36570316193522,86.71590962723481,97.82873985356551
97278,121.61502677064665,95.55466389122238,107.80019947658332
