UE ID,Internet usage,Data rate,optimal GU
283548,121.26654088917957,27.429336629695374,57.67374421665395
968712,123.84104886958443,28.01166581573933,58.89816699359533
1190095,119.07757840947863,26.934214164048736,56.63268490030473
1200216,125.29208442681302,28.33987623939818,59.58827205442451
802111,114.55177513644306,25.910520566576402,54.48023610090767
4750,131.30404210940026,29.699723810459577,62.44752826050157
816815,124.34240198663689,28.125067116025008,59.13660796192088
