UE ID,Internet usage
784424,0.5234355065013421
148721,0.5376184230872237
284691,0.6445432554230511
285079,0.6994303510326656
44552,0.6235365611292404
256937,0.556344164161816
258009,0.546031538384776
