UE ID,Internet usage
148949,0.6857344678849941
999125,0.7151265636051268
1147448,0.7119400954385524
890002,0.6658539693114548
411288,0.6399094872758168
896822,0.6551580697423398
163868,0.6414595799619119
