UE ID,Internet usage,Data rate,optimal GU
148949,119.82793433316998,28.53046055551666,58.47004492850631
999125,124.765806414213,29.70614438433643,60.879479790556516
1147448,124.23047976233802,29.578685657699527,60.61826713124847
890002,116.48801057309336,27.735240612641274,56.84032900795565
411288,112.12933759149757,26.697461331308943,54.71351436760659
896822,114.69109944586948,27.307404629968925,55.96352615788575
163868,112.38975316215469,26.75946503860826,54.840584154807196
