UE ID,Internet usage
126167,0.6875531505996024
360631,0.6894272117347245
260680,0.7380132545103127
842695,0.693132146156478
1009475,0.7613487379322168
1223839,0.7190795688308808
741549,0.6808693283474895
