UE ID,Internet usage
126167,1.0533729047073401
360631,1.0552469658424621
260680,1.1038330086180506
842695,1.0589519002642156
1009475,1.1271684920399545
1223839,1.0848993229386183
741549,1.046689082455227
