UE ID,Internet usage,Data rate,optimal GU
126167,113.82006394235495,113.1425635617457,113.48080815362506
360631,114.13490621259261,113.455531770851,113.79471199474034
260680,122.29736139935832,121.56940091483834,121.93283790179521
842695,114.75733519539585,114.07425581923279,114.41528574545026
1009475,126.21772261355584,125.46642664561801,125.84151395970514
1223839,119.11650220498535,118.40747540614616,118.76145967991029
741549,112.69718180392825,112.02636524557154,112.36127291426278
