UE ID,Internet usage
394545,0.8967108242480829
1091762,0.9481712923224918
542833,0.8394211137683977
824500,0.9023092458600547
317181,0.9421817788955181
844482,0.8951529720204816
227665,0.9181218245377644
