UE ID,Internet usage
228336,0.34850253947824056
1231809,0.37910029794309913
308109,0.3499832032050452
1031008,0.4316733777331933
103768,0.42769845716192983
890394,0.45585397470737016
691798,0.4936865874471041
