UE ID,Internet usage,Data rate,optimal GU
228336,106.30874214687829,94.28572964217182,100.11691825390912
1231809,111.44916556897635,98.84479565343737,104.95794394142625
308109,106.55749365291635,94.50634853740796,100.35118152984123
1031008,120.2814429736399,106.6781845420973,113.27579604898705
103768,119.61365631768447,106.08592137699398,112.64690381778212
890394,124.34378326562391,110.2810934915355,117.1015302522025
691798,130.6996622054488,115.91815278935637,123.08721872334462
