UE ID,Internet usage,Data rate,optimal GU
226434,117.38749050209228,60.789950438583496,84.47472834955956
234771,109.99380539154753,56.96107779205139,79.15406310197665
59655,118.48094042549768,61.356201291775584,85.26159997317495
908482,110.32014686559691,57.1300760553984,79.38890590551222
555252,125.6974083795674,65.09330076799026,90.45473569365001
706635,111.05986173246082,57.513142682881494,79.92122167584846
357695,129.6310824687981,67.13038199277044,93.28549771677666
