UE ID,Internet usage
420463,0.3132153910443746
215356,0.3237393178811746
569620,0.2782177359354199
480262,0.27097126423747614
332210,0.2867485201389905
1119709,0.3302749059569691
508494,0.32920000410528133
