UE ID,Internet usage,Data rate,optimal GU
420463,121.16029788909744,106.01526065296027,113.33508089511815
215356,122.92831759772109,107.56227789800596,114.98891189580155
569620,115.28069183088131,100.87060535202116,107.83521303535686
480262,114.06328458554383,99.80537401235085,106.69643283229958
332210,116.71386357704033,102.1246306299103,109.17582244798976
1119709,124.02629639447454,108.52300934516524,116.01597701464999
508494,123.84571288339671,108.36499877297213,115.8470566076115
