UE ID,Internet usage
436256,0.5393744919514462
538233,0.5191981493227463
1082033,0.5107845008516219
272959,0.5562528945838664
32541,0.5540497150480677
694353,0.5710963723803518
707474,0.5861959727388085
