UE ID,Internet usage
436256,0.3478109476690398
538233,0.32763460503679326
1082033,0.31922095656611216
272959,0.36468935030013
32541,0.3624861707647745
694353,0.3795328280961721
707474,0.39463242845462887
