UE ID,Internet usage
369090,0.3468212694050798
209349,0.39479405490727065
407107,0.34616986671166683
1112848,0.41968542689157096
1240104,0.3117971228319992
661219,0.41140193183556806
702209,0.2855225776301322
