UE ID,Internet usage,Data rate,optimal GU
538406,121.3192629303714,95.32227801672039,107.53803285271896
1066676,109.59937141659498,86.11379182732463,97.14945936326302
287536,119.75935579459293,94.0966366957516,106.15532296178588
974640,123.30505736908196,96.88254507570726,109.2982514893205
568007,124.52421894379492,97.84045774155315,110.37892272245766
467140,115.47657712580948,90.73159631313602,102.35904542052775
141609,123.21185033320698,96.8093109760912,109.21563228241203
