UE ID,Internet usage
191927,1.010706642043786
1249622,0.9662332313954048
1184165,1.019993367634705
238508,0.9531245406614772
826977,1.0145365254540846
669501,1.0544962682084618
359978,0.9837327115989436
