UE ID,Internet usage
360302,0.6287479883053936
614434,0.7474973709044727
899670,0.6694450636165619
674516,0.668679793765662
915638,0.7576190291341718
1034881,0.7680793873407943
897353,0.679586917780374
