UE ID,Internet usage
601966,0.8386720245397139
1030406,0.9036992193518144
958647,0.8993519363792888
153004,0.8319567523841798
370598,0.9045233848743456
1245751,0.9011129216374542
155575,0.8655613839875903
