UE ID,Internet usage
601966,0.6007997660716191
1030406,0.6658269608837195
958647,0.6614796779067605
153004,0.5940844939160849
370598,0.6666511264062509
1245751,0.6632406631693593
155575,0.6276891255150622
