UE ID,Internet usage
601966,0.9745631704763178
1030406,1.0395903652928518
958647,1.035243082315893
153004,0.9678478983207837
370598,1.0404145308153832
1245751,1.0370040675740582
155575,1.0014525299241945
