UE ID,Internet usage
601966,0.7515153546587389
1030406,0.8165425494708394
958647,0.8121952664983138
153004,0.7448000825032045
370598,0.8173667149933705
1245751,0.813956251756479
155575,0.7784047141066153
