UE ID,Internet usage
601966,1.0220384869114247
1030406,1.0870656817279585
958647,1.0827183987509996
153004,1.0153232147558904
370598,1.0878898472504899
1245751,1.0844793840135982
155575,1.048927846359301
