UE ID,Internet usage,Data rate,optimal GU
601966,111.41888102926892,27.19151263214301,55.04223751780631
1030406,122.34344975786402,29.85762761947872,60.43910294298475
958647,121.61310621790655,29.679389017465287,60.07830464538405
153004,110.29071530701242,26.916186473735173,54.48491038374923
370598,122.48190956564888,29.891418405902403,60.50750371632192
1245751,121.90895174173845,29.75158941316236,60.22445581330915
155575,115.93629341621914,28.293976369434432,57.27389236186346
