UE ID,Internet usage,Data rate,optimal GU
196698,99.72751443721737,14.840403934109727,38.47072390263881
606352,123.78709632770739,18.42069885828979,47.751909113613536
1141636,104.72186466521582,15.583610813276165,40.39733633029906
918545,120.43187309186786,17.92140968628986,46.45760365071182
1098096,119.69400217652334,17.811607466744544,46.17296376551867
383770,118.44115870028253,17.62517242563728,45.689668902113404
1088357,118.70126057027319,17.663878061052557,45.79000537679081
