UE ID,Internet usage,Data rate,optimal GU
196698,99.72751443721737,49.86375721860868,70.51800172943572
606352,123.78709632770739,61.893548163853694,87.53069523671427
1141636,104.72186466521582,52.36093233260791,74.049540643274
918545,120.43187309186786,60.21593654593393,85.15819413425747
1098096,119.69400217652334,59.84700108826167,84.63644060637704
383770,118.44115870028253,59.220579350141264,83.75054648856182
1088357,118.70126057027319,59.350630285136596,83.93446628463153
