UE ID,Internet usage,Data rate,optimal GU
838555,114.5285571494196,112.48340434317997,113.50137445281956
375558,109.70068193879825,107.74174118989116,108.71679944610479
1044896,121.99752896661055,119.81900166363538,120.90335862253667
987175,122.91108845214599,120.71624758692911,121.80872458394842
416741,119.53539753057008,117.40083686038135,118.46330952884648
594216,119.7329275436224,117.59483955177201,118.65906793648861
559604,122.1263932419277,119.94556479117901,121.03106714109666
