UE ID,Internet usage
183154,0.8766235674609251
1103776,0.8528528719491081
575039,0.8324679746130592
464312,0.8443565372311075
1203300,0.8528385174935924
1269925,0.8731978950513188
337611,0.8704013428866969
