UE ID,Internet usage
657501,1.1020130493406182
361893,0.9436609787863935
1296930,1.0437394859028484
915751,1.056164117444234
70647,0.9989823460172524
656512,0.9748449945607819
201148,1.0073314957282975
