UE ID,Internet usage
657501,0.9124028071964748
361893,0.7540507366422503
1296930,0.8541292437587051
915751,0.8665538753000909
70647,0.8093721038686758
656512,0.7852347524166388
201148,0.8177212535841543
