UE ID,Internet usage
755932,0.6057133793516338
458774,0.5303886605973512
629097,0.4452448905475987
813315,0.58175039550172
1102684,0.48746301942727505
331874,0.503239534606691
320407,0.4449500829449407
