UE ID,Internet usage
551316,1.0351094233818487
1246080,0.9788966440086005
1127912,1.0113608291785667
443096,0.955835100807314
1189579,0.9378792276570436
182707,1.0537086602061454
367324,0.9864888251004497
