UE ID,Internet usage,Data rate,optimal GU
551316,127.00783539035197,79.37989711896998,100.40851013031323
1246080,117.56408845579475,73.47755528487171,92.94257264045474
1127912,123.01807156407156,76.88629472754472,97.25432487601462
443096,113.68974919821272,71.05609324888295,89.8796385199135
1189579,110.67316250845838,69.17072656778647,87.49481734517063
182707,130.13250717676732,81.33281698547957,102.87878007669813
367324,118.83957487901313,74.2747342993832,93.95093319595263
