UE ID,Internet usage
1009162,0.976161852271728
1046923,1.0234679559287048
186665,0.9926955076442141
515057,1.055819841006064
605757,0.9837127275164476
62705,1.071263384927208
681750,1.0592789985088784
