UE ID,Internet usage,Data rate,optimal GU
1009162,108.82807774069917,23.320302373006964,50.37761089597455
1046923,116.77550315472897,25.02332210458478,54.05655399085053
186665,111.60573184334508,23.91551396643109,51.663414895197185
515057,122.21061984789115,26.187989967405244,56.57252413041997
605757,110.09662478173708,23.5921338818008,50.96483407002449
62705,124.80513522682378,26.743957548605096,57.77355137391238
681750,122.79175830861435,26.312519637560214,56.84153896426418
