UE ID,Internet usage
1270563,0.6852256998895965
173543,0.762354750117211
619442,0.6498931484435525
825660,0.7044949115223843
372399,0.7104271875636028
1167047,0.6907318238813394
621164,0.6957893242967788
