UE ID,Internet usage,Data rate,optimal GU
1270563,112.09778084022068,45.37291129247027,71.31761820298058
173543,125.05546127898789,50.61768670816176,79.56141125045774
619442,106.1619121978124,42.97029779435264,67.54116508883983
825660,115.33500839443057,46.68321768345999,73.37717154129675
372399,116.33163076941203,47.08661245428582,74.01123167610695
1167047,113.02280967083831,45.74732772391074,71.90612987978861
621164,113.87246974067777,46.0912377521791,72.44669127189592
