UE ID,Internet usage
431628,0.6930884628052989
1165377,0.699050762607504
1284216,0.6713882149926699
1113003,0.6615083306905245
141877,0.6939834430901881
361385,0.6746010483356886
1256280,0.6707902242468722
