UE ID,Internet usage,Data rate,optimal GU
544579,116.92926964628175,79.34486154569119,96.32100866749172
342607,124.76006601646121,84.65861622545583,102.77166218929284
242938,114.36022761500223,77.60158302446581,94.20474880791521
1058031,115.13293063002702,78.12591721323263,94.84126637133409
104793,122.43720335380272,83.08238799008042,100.85819368529764
366413,136.4009571052501,92.55779232141971,112.36089827066449
303123,112.89086397089561,76.60451483739345,92.99435393648712
