UE ID,Internet usage,Data rate,optimal GU
1089617,123.20891592097665,118.80859749522749,120.98875360742683
776750,115.67062371760021,111.53953001340021,113.58629761471227
176698,116.53955039525937,112.37742359542868,114.43956667337075
985938,120.92065262874799,116.602057892007,118.74172366172112
572713,112.08509943784465,108.08206017220735,110.06538266798044
8376,121.14817101800887,116.82145062450856,118.96514228474592
914783,112.1900488653855,108.18326140590746,110.16844095994792
