UE ID,Internet usage
741845,1.0585794449630161
747148,1.0353692548965994
35388,0.9925532655741675
439213,1.0956530421850694
935071,1.0057025800005555
829040,1.0415359945725426
680116,1.017251674997114
