UE ID,Internet usage
741845,1.0973632460232519
747148,1.0741530559568353
35388,1.0313370666344035
439213,1.1344368432453054
935071,1.0444863810607912
829040,1.0803197956327786
680116,1.0560354760573498
