UE ID,Internet usage
913448,0.7437310883288122
179286,0.7292384519765642
1154330,0.7450828926275994
1137697,0.7145886639486525
122868,0.7477577158196825
1189211,0.7172551557616842
754267,0.7309571322513067
