UE ID,Internet usage
1152317,0.5269799581074164
768241,0.5270642759508996
308464,0.5638776817653761
830724,0.5459381355627925
836828,0.5109221810427972
451057,0.46664129476407545
1054583,0.46544078763249386
