UE ID,Internet usage,Data rate,optimal GU
1094039,123.66057759908188,21.34617113317485,51.377814782815065
814640,109.64028262659005,18.926001167685186,45.55273995070085
767779,99.85996206611273,17.2377315471266,41.489266303489835
618740,117.19523096144472,20.23012915405891,48.691628218717334
866110,126.7437835880267,21.878391214599848,52.658808202972345
1164199,123.13693202589732,21.2557799330418,51.16025340801588
1116812,120.09526188985906,20.730729730987576,49.89651707495064
