UE ID,Internet usage
631951,0.4515766634709674
923146,0.44113962586638455
695738,0.37985502661704507
1248139,0.3703111421504187
179301,0.3590712309194537
914488,0.42376390058633956
225916,0.376419721764637
