UE ID,Internet usage
306260,0.3610734232858309
1151418,0.3723517897460269
561353,0.2796131354101586
982667,0.32445486437137533
1287055,0.35073972569758793
399959,0.2582997485103032
982669,0.33173809525223424
