UE ID,Internet usage
941943,0.6608823909286203
699627,0.6293682964541389
638926,0.7390481745477968
414812,0.6749648656194134
164486,0.6579102779875007
27093,0.6468516051905018
693995,0.7333226243117983
