UE ID,Internet usage
941943,0.7700536307890438
699627,0.7385395363145624
638926,0.8482194144082202
414812,0.7841361054798367
164486,0.7670815178479242
27093,0.7560228450509252
693995,0.8424938641722218
