UE ID,Internet usage,Data rate,optimal GU
941943,111.5839949750863,100.29275738832162,105.7878373748893
699627,106.28962710332999,95.53412912263589,100.76848197768163
638926,124.71584662300334,112.09579071472325,118.23756358222926
414812,113.94985072268506,102.41921106622289,108.03080029385727
164486,111.08468000047583,99.84396833376103,105.31445898989125
27093,109.22682297086865,98.17410874167362,103.55310712793505
693995,123.75395418300756,111.23123262877466,117.32563601558202
