UE ID,Internet usage
219372,1.0735295483942489
42808,1.0340834595626576
165940,1.1116682426209321
691612,1.0277315417118278
734213,1.074771251556814
1102575,1.1210672314847931
414640,1.0297102985327533
