UE ID,Internet usage
551847,0.7254644453312986
1126734,0.6036278712435903
596140,0.5602433433559413
75427,0.673167632826699
758374,0.686909980019336
1055330,0.5651962420034311
871290,0.6082332328975886
