UE ID,Internet usage
761721,0.6542480791641266
666324,0.7096656976757857
313437,0.6560795831110978
499033,0.7474885351957674
1046315,0.6892644259144115
477079,0.7010899952466733
858163,0.6487613363345328
