UE ID,Internet usage,Data rate,optimal GU
761721,111.8049788387748,97.16385065750667,104.22764636437114
666324,121.11513874891972,105.25482296037072,112.90683100166385
313437,112.11267150233142,97.43125023416899,104.51448584557473
499033,127.46937545215914,110.77695723818593,118.83042351873573
1046315,117.68772509295206,102.27623728316073,109.71170264343796
477079,119.67442074093302,104.00277040581084,111.5637544356036
858163,110.88320604340213,96.36278620438519,103.36834465936441
