UE ID,Internet usage,Data rate,optimal GU
761721,111.8049788387748,73.87114673276191,90.87993176302717
666324,121.11513874891972,80.0225023876791,98.44763318495531
313437,112.11267150233142,74.07444367118326,91.13003769353617
499033,127.46937545215914,84.22083735231942,103.61263213217794
1046315,117.68772509295206,77.75796122212904,95.66168284166001
477079,119.67442074093302,79.07059941811646,97.2765551559133
858163,110.88320604340213,73.2621182786764,90.13067489079715
