UE ID,Internet usage
580820,0.5653263269738772
81953,0.5681158558218165
1110251,0.5998062410243109
860256,0.5907875167994799
481517,0.6026947930553385
17488,0.47153513363639515
939202,0.6085414009932857
