UE ID,Internet usage,Data rate,optimal GU
580820,110.21299870203227,15.088684346111561,40.77951873494056
81953,110.68163954859108,15.152843509628541,40.95291886384796
1110251,116.00562426260751,15.881722369285553,42.92282746761202
860256,114.49047859295834,15.674291712131202,42.362213819954476
481517,116.49090100376962,15.94815906599227,43.102382984573794
17488,94.45607822088174,12.931486899287382,34.94935676191189
939202,117.47313113733634,16.082631048563904,43.465814454595744
