UE ID,Internet usage,Data rate,optimal GU
580820,110.21299870203227,40.01781500490458,66.41147034356125
81953,110.68163954859108,40.187976264667,66.6938610601696
1110251,116.00562426260751,42.1210897620182,69.90195499744087
860256,114.49047859295834,41.57094758434797,68.98896784627803
481517,116.49090100376962,42.29729143589254,70.1943700690173
17488,94.45607822088174,34.29655221115349,56.91676219149565
939202,117.47313113733634,42.653934520104265,70.78623625680042
