UE ID,Internet usage,Data rate,optimal GU
1085816,111.7592200159905,70.51474596247019,88.77315477322738
439139,121.94148064983139,76.93926755286981,96.86118007494268
442399,107.77525990606249,68.0010568454918,85.60859521922906
109626,118.08296689976724,74.50472911532933,93.7962657145878
1189425,119.29660850717508,75.27047917714617,94.76029171833252
320590,124.99600750965652,78.86652854775947,99.28746745997847
445988,116.4503083827793,73.4745993367536,92.49940405789708
