UE ID,Internet usage,Data rate,optimal GU
86945,127.05783805429674,69.57929226782917,94.02443538197089
902342,108.59128406213888,59.46665555783796,80.35894776505322
567196,131.59310952031663,72.06289330874482,97.38059463532018
737654,111.32780479874008,60.965226437405285,82.38400832888894
88482,125.06951430450442,68.49044830960958,92.55305021759486
1247650,110.65820241326654,60.598539416788824,81.88849394592215
874316,119.12818131677504,65.23686119728157,88.15638734230802
