UE ID,Internet usage,Data rate,optimal GU
86945,127.05783805429674,49.159282580531475,79.03209579014452
902342,108.59128406213888,42.014484904994205,67.5455910111287
567196,131.59310952031663,50.91400070726536,81.85311033301453
737654,111.32780479874008,43.073257809036335,69.24775258021161
88482,125.06951430450442,48.38999065352849,77.79532523382312
1247650,110.65820241326654,42.81418545751384,68.83124872117823
874316,119.12818131677504,46.09126062851415,74.09971695811238
