UE ID,Internet usage,Data rate,optimal GU
248088,114.25635270959137,57.80827369235277,81.27092043607018
1184468,119.25919193740881,60.33947211118898,84.82945647539074
443344,107.22920497377237,54.25287156411102,76.27248707996748
427048,122.86991689024819,62.16632699804224,87.39777704050282
390730,102.92319331649816,52.07423471370442,73.20960678932308
930315,131.97654474280148,66.77384704248884,93.87535146060445
61746,111.15041958406569,56.23681943241419,79.0616599622483
