UE ID,Internet usage
1055791,0.7075254603393201
1218071,0.7576088622604762
815828,0.7199382450283438
453087,0.6820794931419024
959436,0.6996646055024343
79292,0.7376990997233395
737898,0.7209248013833028
