UE ID,Internet usage
1055791,1.0616376438008739
1218071,1.11172104572203
815828,1.0740504284898977
453087,1.0361916766078898
959436,1.0537767889684215
79292,1.0918112831848934
737898,1.0750369848448567
