UE ID,Internet usage,Data rate,optimal GU
1055791,117.17541197805826,43.243306801426264,71.18323039698811
1218071,125.58942350092771,46.34847772058047,76.2946826264668
815828,119.26075980575351,44.01289945212332,72.450064388615
453087,112.9004894893913,41.665656835370605,68.58624535291565
959436,115.85478836591403,42.75593380170637,70.38096093393241
79292,122.24458339447425,45.114072443198836,74.26271602255719
737898,119.42650127349879,44.074065946172176,72.55075115289159
