UE ID,Internet usage
249255,0.8858918107505906
161550,0.833819824740248
28376,0.8689566600637644
784082,0.8651740526595983
634143,0.7984950777951586
806621,0.8768281245989779
1141821,0.8320186831178411
