UE ID,Internet usage,Data rate,optimal GU
249255,122.40825772631241,8.743446980450887,32.71498298027038
161550,113.66016407681327,8.118583148343806,30.376956607139043
28376,119.56315241149215,8.540225172249439,31.954596600459872
784082,118.92767436727082,8.494833883376488,31.784757949153203
634143,107.72560658990884,7.694686184993488,28.790879402988285
806621,120.88555845347098,8.634682746676498,32.30802448155163
1141821,113.35757228411777,8.096969448865554,30.29608554883073
