UE ID,Internet usage,Data rate,optimal GU
249255,122.40825772631241,62.66137002656469,87.58007268606003
161550,113.66016407681327,58.183179229797275,81.32102863201739
28376,119.56315241149215,61.20494706778765,85.54447039173955
784082,118.92767436727082,60.87964283086483,85.08980161091485
634143,107.72560658990884,55.145250992453335,77.07499992679084
806621,120.88555845347098,61.88189301784824,86.49061911918848
1141821,113.35757228411777,58.02828105020314,81.10453170860124
