UE ID,Internet usage,Data rate,optimal GU
249255,122.40825772631241,79.41964340576222,98.59827675240764
161550,113.66016407681327,73.74379693078956,91.5517998665277
28376,119.56315241149215,77.57371198126575,96.30658102508505
784082,118.92767436727082,77.1614077740031,95.79471163622155
634143,107.72560658990884,69.89339951369085,86.77159016200629
806621,120.88555845347098,78.43170161564485,97.3717620784549
1141821,113.35757228411777,73.54747249386212,91.30806607051284
