UE ID,Internet usage
544049,0.35425311554999844
99556,0.26924490812888446
235169,0.28912178043450804
834186,0.23210239861721324
382221,0.311693527778854
291169,0.252043921125899
409173,0.32789535863210406
