UE ID,Internet usage
791154,0.6901856317713594
830996,0.729136038329688
670341,0.6892184710758769
441168,0.6296104389197142
1039153,0.6730703202440018
350086,0.6974969398388856
1033633,0.6861100290146884
