UE ID,Internet usage,Data rate,optimal GU
1109926,115.89755301077494,57.25891011841858,81.46267593682775
303062,109.45027161013638,54.0736460931031,76.93097719280917
303591,127.78819929436895,63.13345560376562,89.82043535207451
912091,116.33217119701847,57.473632198526985,81.76816263212422
972549,110.72353344817542,54.70269807261048,77.82593410777751
1206503,123.78704400765675,61.156694360925655,87.00808247639249
731189,123.95944836996372,61.241870325636846,87.12926295287247
