UE ID,Internet usage,Data rate,optimal GU
1109926,115.89755301077494,8.278396643626781,30.97492395227075
303062,109.45027161013638,7.81787654358117,29.251815518177214
303591,127.78819929436895,9.127728521026354,34.15283284516544
912091,116.33217119701847,8.309440799787033,31.09108054848392
972549,110.72353344817542,7.908823817726815,29.59210905829122
1206503,123.78704400765675,8.841931714832624,33.08347911415427
731189,123.95944836996372,8.854246312140265,33.129556118135554
