UE ID,Internet usage,Data rate,optimal GU
1109926,115.89755301077494,14.487194126346868,40.97597282842316
303062,109.45027161013638,13.681283951267048,38.69651462911845
303591,127.78819929436895,15.973524911796119,45.17995113833314
912091,116.33217119701847,14.541521399627308,41.12963356178306
972549,110.72353344817542,13.840441681021927,39.14668066907017
1206503,123.78704400765675,15.473380500957093,43.76532912042583
731189,123.95944836996372,15.494931046245465,43.82628326727254
