UE ID,Internet usage
1230557,0.3345928865714771
690282,0.4204548022326205
383055,0.2768272114454689
545770,0.2609798359661269
807158,0.2472222177273348
672167,0.44426532909101385
997384,0.27661047417080875
