UE ID,Internet usage,Data rate,optimal GU
1230557,113.54737484006259,78.40175881813845,94.35207415125197
690282,127.97217667115456,88.36174103484481,106.33834837292692
383055,103.84274141890772,71.70094050353153,86.28801900727998
545770,101.18038233834902,69.86264494790765,84.0757344719487
807158,98.86910247424747,68.26676123221849,82.15517884986433
672167,131.97234518341304,91.12376215045187,109.66228427736978
997384,103.8063295567356,71.67579897965078,86.25776260791815
