UE ID,Internet usage
771960,0.9047063873772402
945253,0.9565828013028743
275331,0.9855391928441495
85125,0.9551962948447316
1174565,1.0292782873019808
662361,1.0157189784476806
4864,0.9104819175748583
