UE ID,Internet usage,Data rate,optimal GU
771960,110.07698388011347,81.24729762579804,94.56985498063192
945253,118.7922214191651,87.67997295224092,102.05733075565425
275331,123.65689519866636,91.27056550377756,106.23669212293667
85125,118.55928833420462,87.50804615143676,101.8572121905517
1174565,131.0050630674224,96.69421321643084,112.54968458717826
662361,128.72709918011898,95.01285891865926,110.59262956186956
4864,111.04727295349421,81.96346337043622,95.40345428290611
