UE ID,Internet usage
1195316,0.38626559860560944
1185511,0.25052363486590296
31222,0.35799805851645583
773376,0.30146457285972544
321927,0.3854606602250896
963566,0.31660981862257
1018063,0.30370431664391795
