UE ID,Internet usage
1195316,0.7817164164822418
1185511,0.6459744527434219
31222,0.7534488763957483
773376,0.6969153907381311
321927,0.780911478104382
963566,0.7120606365036357
1018063,0.6991551345240969
