UE ID,Internet usage
997400,0.7267382741146089
6012,0.6759663493447574
216073,0.7315241386396614
212027,0.7983628208502038
239339,0.6825587082867465
96290,0.6579218064528404
770191,0.7062612590892274
