UE ID,Internet usage
1236624,0.6802613398413146
832124,0.7353096968839224
1138836,0.7565662072560077
667229,0.6435602421616932
308410,0.6914623087164464
533360,0.657914302591874
1204272,0.7172905142243585
