UE ID,Internet usage
882169,0.9456135302605838
438525,0.9970986115914461
355202,0.9238444307833225
1187056,0.852397659022754
358910,0.9704929370641837
144282,0.8550567294898824
63763,0.9458001895613467
