UE ID,Internet usage
882169,0.7844864021969747
438525,0.8359714835278369
355202,0.7627173027241468
1187056,0.6912705309591448
358910,0.8093658090005745
144282,0.6939296014262734
63763,0.7846730615021711
