UE ID,Internet usage
927505,1.0691012627800622
192797,1.0678133428650152
1135496,0.9926298009774609
792503,0.9562696003336377
134012,1.0604696282078996
1084331,1.0843084314409177
402377,1.1102558929743647
