UE ID,Internet usage,Data rate,optimal GU
927505,124.44189870552512,123.70117311799224,124.07098313023806
192797,124.22552816014442,123.48609049252453,123.85525750595026
1135496,111.59469312288142,110.93043899714999,111.2620703468773
792503,105.48617941447613,104.85828548938997,105.17176387333318
134012,122.99178409797778,122.25969014501364,122.62519078150778
1084331,126.99670304078077,126.24077028458565,126.61817253250399
402377,131.355876578457,130.5739963607281,130.96435297559293
