UE ID,Internet usage,Data rate,optimal GU
927505,124.44189870552512,38.51773055171016,69.23308113671257
192797,124.22552816014442,38.45075871623518,69.11270367799679
1135496,111.59469312288142,34.54121453803472,62.085555779614275
792503,105.48617941447613,32.650484104480704,58.68709248390784
134012,122.99178409797778,38.06888555413598,68.42631184657637
1084331,126.99670304078077,39.30850332214643,70.6544430547731
402377,131.355876578457,40.65777132190336,73.0796633251349
