UE ID,Internet usage
640338,0.46571114898170235
79681,0.4961567209946756
927556,0.5289913799915342
401558,0.513345081154064
774643,0.4949973832225419
256977,0.43814248059009203
77607,0.43175320675192136
