UE ID,Internet usage,Data rate,optimal GU
640338,113.19054758717674,54.57401401524593,78.59556304535228
79681,118.30540368559562,57.040105348412176,82.14714048287259
927556,123.82162639682454,59.699712727040406,85.97741287853077
401558,121.1930481925285,58.43236252139767,84.15221997700978
774643,118.11063494003324,56.9461989889446,82.01189986828574
256977,108.55901129770623,52.34095187567979,75.37958600313895
77607,107.48561329282578,51.823420694755285,74.63425591715838
