UE ID,Internet usage,Data rate,optimal GU
640338,113.19054758717674,90.95669002540988,101.46643558681482
79681,118.30540368559562,95.06684224735362,106.05150234290888
927556,123.82162639682454,99.499521211734,110.99636274284958
401558,121.1930481925285,97.38727086899611,108.64004883911399
774643,118.11063494003324,94.910331648241,105.87690746023364
256977,108.55901129770623,87.23491979279966,97.31462707805561
77607,107.48561329282578,86.37236782459215,96.35241007457893
