UE ID,Internet usage
1159620,0.663870321469126
1138571,0.6999896786300709
795025,0.6940516640900468
360568,0.7092524627671386
790070,0.5828715699773478
1095721,0.6297050362771365
972153,0.6837307000311
