UE ID,Internet usage
1289974,1.0926706194319267
95663,1.0186691916374495
70472,1.0090773613824038
698102,1.0669513466421545
582172,1.079254153870015
524170,1.0302281347438396
1161178,1.0967983021789682
