UE ID,Internet usage,Data rate,optimal GU
778565,127.53817671116246,64.52824416933815,90.71832564443685
939350,114.65696167715946,58.010962753324726,81.55587491568635
1149982,117.62996875279566,59.515162761831135,83.67058465190586
504419,112.15671482623735,56.74595690613199,79.77744108620556
987883,115.53934004057722,58.4574041871968,82.18351355517719
1106011,106.38410812563171,53.8252928016589,75.67136690522689
850340,112.7896801706251,57.066207229185316,80.22767142283531
