UE ID,Internet usage
1150873,0.40078211108994377
1164428,0.4463132713697753
243432,0.3994711445457435
259362,0.4496474955650985
757795,0.3835462575558415
726279,0.35224281681195724
164088,0.4759063063556378
