UE ID,Internet usage
166974,0.36542514150551186
640794,0.3867929628397265
509785,0.46412612078691623
771722,0.3714320836881336
304270,0.37168782380972293
1255165,0.3688529504274793
361489,0.4043134936422627
