UE ID,Internet usage
166974,0.6820866279461356
640794,0.7034544492807937
509785,0.78078760722488
771722,0.6880935701265407
304270,0.6883493102472433
1255165,0.6855144368672165
361489,0.7209749800824433
