UE ID,Internet usage
166974,0.6727462455344422
640794,0.6941140668691003
509785,0.7714472248131866
771722,0.6787531877148473
304270,0.6790089278399833
1255165,0.676174054455523
361489,0.7116345976707499
