UE ID,Internet usage,Data rate,optimal GU
166974,114.67939768844053,70.99200809284413,90.22926758419499
640794,118.2691916725642,73.21426151158737,93.05370238673562
509785,131.26116220769435,81.2569099380965,103.275730139663
771722,115.68856397516534,71.61673007986425,91.02327537249208
304270,115.73152831555909,71.64332705248896,91.05707953474011
1255165,115.25526958736965,71.34850022075264,90.68236117127381
361489,121.2126408474746,75.03639671510332,95.36959581290277
