UE ID,Internet usage
860986,0.42231880996068233
324570,0.38213799797639536
764702,0.37777894928112304
827783,0.38060907783265774
213815,0.42281965001814154
316347,0.38167895408784364
958812,0.3463555972604391
