UE ID,Internet usage
860986,0.4032726131465715
324570,0.363091801162728
764702,0.35873275246701225
827783,0.3615628810185469
213815,0.40377345320403074
316347,0.3626327572737329
958812,0.3273094004467716
