UE ID,Internet usage
352712,0.446644389603607
634703,0.4048519826891318
1061050,0.4240324885439959
374383,0.4301592011603305
113843,0.43457493443654244
260699,0.35299279869162653
444866,0.44598672579692494
