UE ID,Internet usage,Data rate,optimal GU
320709,105.63573816918662,55.33300570766918,76.45353427441697
579957,112.61136818789163,58.98690714603847,81.5021246280581
1125639,102.81427155461802,53.85509462384753,74.41150665895637
830504,125.15942343912597,65.55969799192313,90.5837402711564
1082824,122.39569451552472,64.11203046051295,88.58350012849435
1072303,114.69863669100374,60.08023826671624,83.01277866246272
225,120.42078750188233,63.07755535812883,87.154167369779
