UE ID,Internet usage
1062949,0.362248139722613
947545,0.3240287585058625
747240,0.3683881536314635
1186412,0.3544902835826671
1082710,0.36894800957576185
772192,0.4887893685384318
148734,0.3049529594961973
