UE ID,Internet usage
1062949,0.69198567299342
947545,0.6537662917766693
747240,0.6981256869040438
1186412,0.6842278168525873
1082710,0.6986855428470121
772192,0.8185269018079087
148734,0.6346904927652308
