UE ID,Internet usage
502218,0.4393175648453493
419729,0.4834934495686011
833840,0.5126000515317106
288142,0.4765507748368435
103472,0.510033496113687
568580,0.5721624423108165
399536,0.5668620954449063
