UE ID,Internet usage,Data rate,optimal GU
502218,108.75642545257756,78.97788038818132,92.67875679377572
419729,116.17797408606393,84.36733832440356,99.00316381592431
833840,121.0678832158201,87.91834376386936,103.17018840407563
288142,115.0116047309637,83.52033200700936,98.00922105490389
103472,120.6367019058662,87.60522400306951,102.80274944501694
568580,131.0743648669981,95.18495543912958,111.69739289292936
399536,130.1839065931147,94.53831312119044,110.93857275465412
