UE ID,Internet usage
96599,1.0730173124031792
748097,0.9692664865308478
765932,1.0138451778787418
443987,1.0908852917646235
306481,1.1094888617558274
1008146,1.0538252928228116
1172250,1.0317247536257261
