UE ID,Internet usage,Data rate,optimal GU
96599,124.73362257207395,66.07912148163442,90.78704862911016
748097,107.30348382581882,56.84529797915402,78.1005666578675
765932,114.79270397209872,60.81280150902849,83.55157641445136
443987,127.7354431053237,67.6693716450822,92.97191603781972
306481,130.8608428633241,69.3250893740229,95.24673026965236
1008146,121.50936328302396,64.37103173922102,88.44027974008264
1172250,117.79647269770034,62.404083750567445,85.73786180998873
