UE ID,Internet usage
200240,0.31977885551707935
1142595,0.18075998951692704
82623,0.2689364796793654
893415,0.24102745607914755
876885,0.30872218389257583
171990,0.3058821345308815
524404,0.3451871381237299
