UE ID,Internet usage,Data rate,optimal GU
200240,118.26074904388344,87.99162875288945,102.0095874215165
1142595,94.90557955591153,70.61427050291036,81.86383980120048
82623,109.71922990317942,81.63633177319898,94.64182719218734
893415,105.03051393837474,78.14770382319549,90.59742543612437
876885,116.40322821099299,86.60954479984598,100.40732348084323
171990,115.9260999182244,86.25453862963124,99.99576122805895
524404,122.52934052184905,91.16766407875673,105.69159737882444
