UE ID,Internet usage
510547,0.7959178468068533
338955,0.7123330444188212
235424,0.7609203128259502
586174,0.6662011660211963
334574,0.6365079377716256
1021387,0.7393779110222959
816184,0.6581279330085964
