UE ID,Internet usage
713636,1.019759122701252
1083115,0.9756908210632393
979633,0.9988295334625967
817444,0.9569090990379285
406958,0.9362321602070123
437873,1.0268810621214728
56622,0.9069556208875786
