UE ID,Internet usage,Data rate,optimal GU
713636,129.40584341409289,77.02728774648386,99.8387757173222
1083115,122.0023687393063,72.62045758292042,94.12687099892682
979633,125.88967242211552,74.93432882268782,97.12599090181402
817444,118.84703943900539,70.74228538036036,91.69248159257694
406958,115.37331371568898,68.67459149743392,89.01244401279088
437873,130.602329237098,77.73948168874881,100.7618845706814
56622,110.45485511003066,65.74693756549445,85.21777081527608
