UE ID,Internet usage,Data rate,optimal GU
713636,129.40584341409289,108.60847572254225,118.55197764185382
1083115,122.0023687393063,102.3948451919178,111.76946658237455
979633,125.88967242211552,105.65740363998982,115.3307241510672
817444,118.84703943900539,99.74662238630809,108.87878932396859
406958,115.37331371568898,96.83117401138183,105.6964210211189
437873,130.602329237098,109.61266918113581,119.64810867268987
56622,110.45485511003066,92.70318196734716,101.19049625553843
