UE ID,Internet usage
1259414,0.9315370232549378
114171,0.9346846226460437
916368,0.8930862210023294
564079,0.8897940274141005
358542,0.9225986835181438
398840,0.9596256915349723
224955,0.9710849565160193
