UE ID,Internet usage,Data rate,optimal GU
377067,126.62957097707557,49.74733145527969,79.36928397961294
671179,129.60654881071605,50.91685846135273,81.23520358477373
610829,120.84100981362795,47.47325385535384,75.74111126079194
576763,103.47029462670689,40.649044317634846,64.85343932159452
802895,121.98287471715258,47.92184363888137,76.45681296533776
378735,116.13311337375343,45.62372311111742,72.79028100368987
180879,107.65924581093792,42.294703711439894,67.4790034260339
