UE ID,Internet usage
1106440,0.962743295552366
216723,0.9644053816261429
482904,0.9558375855915857
1015034,0.9815952056343175
693478,0.9377716887793422
577064,0.9137366805003236
3270,1.0069742698916373
