UE ID,Internet usage
1106440,0.7360660272660408
216723,0.7377281133398174
482904,0.7291603173052603
1015034,0.7549179373479921
693478,0.7110944204930171
577064,0.6870594122139984
3270,0.780297001605312
