UE ID,Internet usage
1106440,1.0786915182751171
216723,1.0803536043444604
482904,1.0717858083143368
1015034,1.097543428352635
693478,1.0537199114976599
577064,1.0296849032186413
3270,1.1229224926143884
