UE ID,Internet usage,Data rate,optimal GU
1106440,120.93659029790156,51.11010661399411,78.61985769294343
216723,121.21582075777907,51.228114725013775,78.80138306061774
482904,119.77643102426394,50.61980120668298,77.86564793087011
1015034,124.10371119139188,52.44859222969538,80.6787762826705
693478,116.74136035951167,49.33712253288886,75.89257408148285
577064,112.70347896865037,47.63063694508438,73.26758143410864
3270,128.367393986857,54.250505792064565,83.45056051936511
