UE ID,Internet usage
341184,0.7101586910938356
588499,0.7544450335946556
33876,0.6236940766434862
977272,0.719680006729967
1017404,0.7299252745946694
780886,0.6855752359625594
1236004,0.7606793230575022
