UE ID,Internet usage
993016,0.4875325759324556
256300,0.5675273969002755
13194,0.43981846749934195
760588,0.4995756180184974
157873,0.4817798486342142
331403,0.5255731567077251
719952,0.509445646700575
