UE ID,Internet usage,Data rate,optimal GU
993016,112.9025278198476,94.75747870594353,103.43287135014867
256300,126.34165774221836,106.03674846221898,115.74479937479424
13194,104.88655760299943,88.0297894168031,96.08923757864575
760588,114.92575889029777,96.45554764007134,105.28640468604894
157873,111.93606963393238,93.94634415705039,102.5474744760541
331403,119.29334539021572,100.12120059535962,109.28766153370337
719952,116.58392370901497,97.84722168435185,106.80549156287589
