UE ID,Internet usage,Data rate,optimal GU
993016,112.9025278198476,96.10155641808457,104.16385480109426
256300,126.34165774221836,107.540815816293,116.56279400040577
13194,104.88655760299943,89.2784389120769,96.76832191196362
760588,114.92575889029777,97.82371143638441,106.03048747549914
157873,111.93606963393238,95.2789164145972,103.27220062741945
331403,119.29334539021572,101.54135946905267,110.06002210854653
719952,116.58392370901497,99.2351255380306,107.56031008220589
