UE ID,Internet usage,Data rate,optimal GU
993016,112.9025278198476,61.82757475848798,83.54932363103784
256300,126.34165774221836,69.18709828740529,93.49445273386321
13194,104.88655760299943,57.43787678259493,77.61740250582743
760588,114.92575889029777,62.935534630401165,85.04654066195444
157873,111.93606963393238,61.29832384715345,82.83413213523943
331403,119.29334539021572,65.32730818988004,88.27861088229939
719952,116.58392370901497,63.843577269222486,86.27360396822215
