UE ID,Internet usage
517319,0.9596530888501885
1104461,0.9072472791520263
53859,0.9347024273546308
841644,0.8619825819397356
811042,0.929987147244035
879430,0.9196149452987985
447160,0.9818906072904555
