UE ID,Internet usage,Data rate,optimal GU
517319,125.9715940480641,113.9742993768199,119.82288668284237
1104461,117.16741801911326,106.00861630300722,111.44844485232726
53859,121.77988291681172,110.1817988294963,115.8357740985908
841644,109.56294888692534,99.12838232626578,104.21515190247649
811042,120.98771585794577,109.46507625242712,115.08227292679364
879430,119.24518593119598,107.88850155679636,113.42479635414078
447160,129.70749714636943,117.35440218004852,123.37643934675103
