UE ID,Internet usage
1208184,0.45922230059339053
620929,0.5154762806172596
1098132,0.4418467139782865
877075,0.4789354622321218
34449,0.48356360392228065
1279495,0.4584349315753038
1128960,0.43909720668363156
