UE ID,Internet usage
934568,0.30828685925596494
141656,0.2886411351722127
277362,0.4107562328491483
96217,0.3435200264538947
577317,0.3390701190406932
1261907,0.41777981577802126
109257,0.40533118363058523
