UE ID,Internet usage,Data rate,optimal GU
934568,109.79859953897115,33.98528080968155,61.08630155641857
141656,106.49811789293673,32.96370315733756,59.250083080430414
277362,127.01345430267169,39.31368823654124,70.66376259654882
96217,115.71777162824294,35.817405503979955,64.37942489977465
577317,114.97018718282378,35.586010318493074,63.963507310083045
1261907,128.1934162346997,39.67891454883562,71.32023281299611
109257,126.10204603392563,39.031585677167456,70.1567018455064
