UE ID,Internet usage,Data rate,optimal GU
934568,109.79859953897115,13.071261849877517,37.88411600293364
141656,106.49811789293673,12.678347368206753,36.745341646348685
277362,127.01345430267169,15.12064932174663,43.82380519368884
96217,115.71777162824294,13.775925193838445,39.926424402247136
577317,114.97018718282378,13.686927045574258,39.66848326300523
1261907,128.1934162346997,15.261120980321392,44.23093073900264
109257,126.10204603392563,15.012148337372098,43.509339465308095
