UE ID,Internet usage,Data rate,optimal GU
348795,121.45554970964182,91.09166228223137,105.18359147915352
219965,105.82342811772934,79.36757108829701,91.64577706551007
846786,119.2925535917667,89.46941519382503,103.31038189278655
1140146,128.40755744090356,96.30566808067768,111.20420678173201
788038,120.50760013266276,90.38070009949708,104.36264306398294
568238,116.37296675499915,87.27972506624937,100.78194552359119
1003567,123.56935086376316,92.67701314782238,107.01419697717147
