UE ID,Internet usage,Data rate,optimal GU
348795,121.45554970964182,57.113026351557764,83.28681775112858
219965,105.82342811772934,49.76220726964654,72.56726096511422
846786,119.2925535917667,56.09590317708078,81.80356676839016
1140146,128.40755744090356,60.3821252251868,88.05408118455956
788038,120.50760013266276,56.667264348097376,82.6367716738282
568238,116.37296675499915,54.723002224076986,79.8014919569569
1003567,123.56935086376316,58.10701617998387,84.73633382434474
