UE ID,Internet usage,Data rate,optimal GU
948134,108.88335783527025,22.035917657138025,48.98310634791049
1243196,126.33237880301871,25.567267138706168,56.832857372518234
143831,130.8560041017181,26.482762734871518,58.8678903058295
1239605,124.3087488178946,25.157722975050095,55.92249159448887
851731,116.86098119606025,23.65043667063124,52.57198146394381
731731,122.59278689582891,24.81044496701299,55.150535742018995
69409,115.49427733005282,23.373841840605927,51.95714553175274
