UE ID,Internet usage
311358,0.957989604130131
562358,1.0089327379689543
344867,0.9815376983854691
146460,0.9832238369750385
1016149,1.0320072989987763
846220,1.0699923065218664
611425,0.9854265598893602
