UE ID,Internet usage
1067648,0.48679280539958275
341030,0.5147982347387617
1161509,0.5030552548493569
529846,0.4715674974921196
789668,0.43409791925225555
778819,0.559484092542648
129350,0.5011613417391882
