UE ID,Internet usage
1067648,0.7606136646708391
341030,0.7886190940100182
1161509,0.7768761141206134
529846,0.7453883567678096
789668,0.7079187785226253
778819,0.8333049518139044
129350,0.7749822010104446
