UE ID,Internet usage
1067648,0.6679910301859645
341030,0.6959964595295769
1161509,0.6842534796357386
529846,0.6527657222829347
789668,0.615296144042184
778819,0.7406823173290298
129350,0.68235956652557
