UE ID,Internet usage,Data rate,optimal GU
903615,119.82669062590219,119.11343651503373,119.46953129009499
1114493,104.28532653676297,103.66458054547272,103.9744902968088
35117,130.07608204815227,129.30181965500853,129.68837304253714
460690,109.27672148467231,108.62626480916832,108.95100773040949
1233156,115.9619459525691,115.27169627428,115.61630600057683
717718,119.57890086697569,118.86712169514846,119.22248010139234
1026611,123.7360618709723,122.9995376931689,123.36725013593737
