UE ID,Internet usage
537981,0.39273332365336466
385777,0.41116297368976634
1051141,0.41914111373363666
819558,0.4231562977135055
902238,0.40116602476390045
845570,0.41926240455748587
1146300,0.5431813144188081
