UE ID,Internet usage
38937,0.9102371190215769
83929,0.9953889987432412
145216,1.0776865142750538
170929,0.9145063588111308
673277,1.043805641197598
908489,1.010207087184149
21878,1.0418484446688918
