UE ID,Internet usage,Data rate,optimal GU
38937,103.96784810405167,77.97588607803876,90.03879763491054
83929,118.27336389763043,88.70502292322283,102.42773772638924
145216,132.0993465066189,99.07450987996418,114.40138989805511
170929,104.68508038857216,78.51381029142912,90.65993901371962
673277,126.40735982966352,94.80551987224764,109.47198483780917
908489,120.76280275575222,90.57210206681417,104.58365501869083
21878,126.07855081284795,94.55891310963597,109.18722787625352
