UE ID,Internet usage
1221656,0.7236011953763202
138534,0.6213336464157212
976107,0.692157742897729
860055,0.7049930819670618
932121,0.6808315226517246
1289041,0.7230757204658231
15160,0.6807437636969097
