UE ID,Internet usage
1221656,0.39344998773987017
138534,0.2911824387801578
976107,0.3620065352634957
860055,0.3748418743341585
932121,0.3506803150152746
1289041,0.3929245128311464
15160,0.35059255606045964
