UE ID,Internet usage
267592,0.8543320664888293
776875,0.8595743799415774
33997,0.8929167342601799
1017314,0.8712247239663827
380646,0.8907469716757173
430966,0.8070573552602428
152096,0.895167861538212
