UE ID,Internet usage
1247093,0.68399302994963
450112,0.6837387389764482
612326,0.6350381738630428
235479,0.6999208364662866
729352,0.692378710083745
813697,0.7388924675374527
791983,0.7075713932323592
