UE ID,Internet usage,Data rate,optimal GU
1247093,114.37651126617969,53.784192797786886,78.43244439311103
450112,114.33379038280846,53.764103810963505,78.40314901355848
612326,106.15209544350758,49.916759166887495,72.79264099697183
235479,117.0523827608597,55.04248951254713,80.26739406840908
729352,115.78530552882758,54.446661528436785,79.39850968434304
813697,123.59961678092291,58.12124836721971,84.75708834674063
791983,118.33767629715685,55.64688349687733,81.14877008432764
