UE ID,Internet usage,Data rate,optimal GU
1247093,114.37651126617969,96.67538452260426,105.15414022762917
450112,114.33379038280846,96.63927520451668,105.11486400114757
612326,106.15209544350758,89.72379495820283,97.59287292603314
235479,117.0523827608597,98.93713304786951,107.61425168991941
729352,115.78530552882758,97.86615110174712,106.44934103246575
813697,123.59961678092291,104.4711046600658,113.63357118679244
791983,118.33767629715685,100.02351210831115,108.79590984029718
