UE ID,Internet usage,Data rate,optimal GU
1217511,138.3240888588475,111.1532856901453,123.99668127315553
856787,121.651449980721,97.75562944879366,109.05097003797728
1281967,105.89747127386784,85.09618227364379,94.92876549202046
708333,121.87696384431018,97.93684594632069,109.25312550414978
1292558,110.08405944543198,88.46040491150784,98.68171296063629
327077,110.67844630232823,88.93803720722804,99.21453409291735
302602,115.78013775879086,93.03761069902836,103.78779978148808
