UE ID,Internet usage,Data rate,optimal GU
655666,126.04135634306282,20.256646555135095,50.528954142860094
796677,109.04581700032638,17.52522058933817,43.715580715293285
757626,113.83094040661139,18.294258279633972,45.633897751695194
18004,134.56567187930602,21.62662583774561,53.9462828778647
1001465,121.9611300442554,19.60089589996962,48.89322462100559
1164915,121.37897449655493,19.507335186946328,48.659843199008634
173576,132.60545679168607,21.311591270092404,53.16044859976552
