UE ID,Internet usage
348994,0.4150333589604443
738668,0.3294991015362613
1016103,0.30836745315723024
781755,0.36483231089895063
1058928,0.34535812102242514
1025762,0.35116087580780597
402461,0.38846495478432225
