UE ID,Internet usage
348994,0.8189787297900992
738668,0.7334444723663596
1016103,0.7123128239855552
781755,0.7687776817294921
1058928,0.74930349185341
1025762,0.7551062466352442
402461,0.7924103256126471
