UE ID,Internet usage
348994,1.126204762640182
738668,1.0406705052164422
1016103,1.019538856835638
781755,1.076003714579575
1058928,1.056529524703493
1025762,1.0623322794897603
402461,1.09963635846273
