UE ID,Internet usage
348994,0.4429362875654839
738668,0.3574020301413008
1016103,0.3362703817618265
781755,0.39273523950399014
1058928,0.3732610496274647
1025762,0.37906380441284554
402461,0.41636788338891845
