UE ID,Internet usage
348994,0.5202827087454934
738668,0.43474845132042356
1016103,0.41361680294139264
781755,0.4700816606848863
1058928,0.45060747080880414
1025762,0.4564102255906383
402461,0.4937143045680413
