UE ID,Internet usage,Data rate,optimal GU
348994,128.91881535140672,63.692033774802134,90.61512865724617
738668,114.54906010410664,56.5926904085765,80.51484021635471
1016103,110.99894317641271,54.838763593108666,78.01951553256531
781755,120.48503927704914,59.525346785684995,84.68715218646349
1058928,117.21337537783285,57.90898902595314,82.38754801819174
1025762,118.18823818174074,58.390617673121916,83.07276466526135
402461,124.45532344977252,61.48685622816143,87.47780621269312
