UE ID,Internet usage
1284789,0.6708715746913866
487291,0.6823561686136136
377427,0.6459375606497191
151729,0.7273748654929539
868479,0.6736386676573028
1274343,0.7360984862410797
2070,0.7297631211149674
