UE ID,Internet usage,Data rate,optimal GU
1284789,117.6834469175881,37.12632551566767,66.09957608085072
487291,119.61285869616665,37.735008993433524,67.18327394992106
377427,113.49453255822219,35.8048227713439,63.74677735982946
151729,127.1759997718134,40.12099992801256,71.4312836066233
868479,118.14831853567938,37.27298144280361,66.36068176472291
1274343,128.6415680580956,40.58335182785159,72.25445326198384
2070,127.57722671684589,40.247577476147804,71.65664181691972
