UE ID,Internet usage,Data rate,optimal GU
1284789,117.6834469175881,16.111424280384085,43.54363264666053
487291,119.61285869616665,16.375569940546626,44.25752742040384
377427,113.49453255822219,15.537941957375658,41.99370737823869
151729,127.1759997718134,17.41099996876017,47.05593828683141
868479,118.14831853567938,16.175067418575154,43.71563813678014
1274343,128.6415680580956,17.611643246048803,47.59820798361517
2070,127.57722671684589,17.465929848139616,47.20439483836895
