UE ID,Internet usage,Data rate,optimal GU
65108,117.72055379002461,75.67749886501582,94.386424213621
333016,104.51032782863403,67.18521074697902,83.79468002446602
754964,114.52300562512188,73.62193218757835,91.82268213274091
689692,115.34506128726495,74.15039654181318,92.4817929842974
166150,110.81186270621548,71.23619745399566,88.84714813647663
1026330,114.98239456197737,73.91725364698546,92.1910127060954
129260,126.09348583050841,81.06009803389827,101.0997048603851
