UE ID,Internet usage,Data rate,optimal GU
383830,107.58798713947826,34.581853009118014,60.99665529194463
718109,120.91344661896397,38.86503641323842,68.55148069659907
407088,113.86481044198217,36.59940335635141,64.55527960949901
546140,135.41663845791498,43.526776647186956,76.77401758714034
473267,105.63501632481534,33.954112390119214,59.889424914794915
1083278,116.26112749728469,37.369648124127224,65.91386367895468
609389,128.64657780377792,41.3506857226429,72.9357539760682
