UE ID,Internet usage
555522,1.1125969721341267
196100,1.0583406355748664
424648,1.10641781910613
679230,1.0595709648526155
985921,1.058323503254095
331744,1.0039258325165878
1042613,1.0848497879296788
