UE ID,Internet usage,Data rate,optimal GU
555522,126.63270654627587,52.763627727614946,81.74106058981623
196100,117.51764200467574,48.96568416861489,75.85731172827906
424648,125.59460883740395,52.331087015584984,81.07097140011673
679230,117.72433732309425,49.05180721795594,75.99073298260804
985921,117.51476377483047,48.964484906179365,75.85545383890285
331744,108.37595509080953,45.156647954503974,69.95637819933803
1042613,121.97117959992946,50.82132483330394,78.73205788463343
