UE ID,Internet usage
392925,1.1675415757019387
508638,1.1328725377164255
43332,1.0308478671624854
903129,1.0845666251123538
938177,1.0826794550372056
243245,1.051119522762399
717383,1.0920914812234088
