UE ID,Internet usage,Data rate,optimal GU
392925,134.96727253732854,89.17480506930636,109.7072477972728
508638,129.1428741556142,85.32654185281653,104.97292439782763
43332,112.00272950292256,74.00180342157383,91.04067207218421
903129,121.02748083832871,79.96458555389576,98.3763810366544
938177,120.71043626547468,79.7551096754029,98.11867346901234
243245,115.40836764348013,76.25195719301365,93.80892233293285
717383,122.29165666487835,80.79984458215176,99.40395793033612
