UE ID,Internet usage,Data rate,optimal GU
392925,134.96727253732854,93.19168818053637,112.15091607684795
508638,129.1428741556142,89.17007977411457,107.31113824163155
43332,112.00272950292256,77.3352179901132,93.06855269958913
903129,121.02748083832871,83.56659391217934,100.56766052479635
938177,120.71043626547468,83.34768218330395,100.3042126635903
243245,115.40836764348013,79.68673003954581,95.89846420412923
717383,122.29165666487835,84.43947722098743,101.61812612556291
