UE ID,Internet usage,Data rate,optimal GU
181540,126.32852925297966,40.60559868845775,71.6215439776998
760939,106.57750190616211,34.25705418412353,60.42376401390371
168244,125.46082092715073,40.32669244086988,71.12959959755332
883689,114.27088956084705,36.729928787415126,64.78550482974174
159578,128.12284083514888,41.18234169701214,72.63882302505321
574541,110.58983044747832,35.54673121526089,62.698540477891406
536558,122.64692101236452,39.422224611117166,69.53426829996401
