UE ID,Internet usage,Data rate,optimal GU
181540,126.32852925297966,54.89275378254474,83.27377049224332
760939,106.57750190616211,46.310462137796634,70.2542053315406
168244,125.46082092715073,54.51571385525003,82.70179087365227
883689,114.27088956084705,49.65342224965378,75.32556491794995
159578,128.12284083514888,55.6724248867016,84.45655233707832
574541,110.58983044747832,48.05391442063046,72.89906891116756
536558,122.64692101236452,53.29300734465839,80.84691250945629
