UE ID,Internet usage,Data rate,optimal GU
181540,126.32852925297966,90.98661928339607,107.21103392735387
760939,106.57750190616211,76.76117696812867,90.44896066091627
168244,125.46082092715073,90.3616626915788,106.47463726929416
883689,114.27088956084705,82.30224783846722,96.97809584312816
159578,128.12284083514888,92.27895083960128,108.73380951137858
574541,110.58983044747832,79.6510088341957,93.8540972038211
536558,122.64692101236452,88.33498477676254,104.0865692610916
