UE ID,Internet usage,Data rate,optimal GU
62154,118.12627869389635,60.469404569494564,84.51642288117786
385766,115.63973787142731,59.19653248180208,82.73736458875776
597180,116.00022073510898,59.38106537630579,82.99528113776957
199597,114.90362020782825,58.81971034448351,82.21069065612453
16172,118.78741131607568,60.807841507038745,84.9894468762996
547622,117.27084571423393,60.03150435371499,83.90438179891366
960326,120.4756902390219,61.672079527118356,86.19736857645618
