UE ID,Internet usage,Data rate,optimal GU
62154,118.12627869389635,99.84483080079335,108.60155758238204
385766,115.63973787142731,97.74311177227786,106.31551074083139
597180,116.00022073510898,98.04780562134212,106.64692726313659
199597,114.90362020782825,97.12091708042627,105.63874748616286
16172,118.78741131607568,100.40364527906397,109.20938196600845
547622,117.27084571423393,99.12178625845964,107.8150996068505
960326,120.4756902390219,101.83064294012566,110.76153211153691
