UE ID,Internet usage
165475,0.4421985290293342
21642,0.565514293122248
73405,0.4378687436490479
871734,0.521027989694755
339778,0.5512249981763689
720199,0.4728565481321977
989371,0.4684109862702563
