UE ID,Internet usage
1298604,0.39244222531249645
149208,0.37162407385433444
375928,0.3437096536005166
13607,0.38770391060508574
1250937,0.3920816292107709
1181467,0.34621765191758014
117854,0.29061163915679394
