UE ID,Internet usage,Data rate,optimal GU
1298604,123.4634951555022,85.98350555472474,103.0331214780415
149208,119.9660457105456,83.54778183412998,100.11441961339999
375928,115.2764231079179,80.28179466444283,96.20082187591382
13607,122.66745828460967,85.42912273392459,102.36881043195967
1250937,123.40291501041216,85.94131581082276,102.98256595601973
1181467,115.69776682513404,80.57523046750406,96.55244288214938
117854,106.35595668136894,74.0693269745248,88.75648782551454
