UE ID,Internet usage,Data rate,optimal GU
1298604,123.4634951555022,109.5003617748204,116.27251345658301
149208,119.9660457105456,106.39845720756723,112.9787687173769
375928,115.2764231079179,102.23920858976054,108.56228750174671
13607,122.66745828460967,108.79435288337406,115.52284078883444
1250937,123.40291501041216,109.44663295566318,116.21546172865071
1181467,115.69776682513404,102.61290033895817,108.95909056461282
117854,106.35595668136894,94.32760443764269,100.16138283503892
