UE ID,Internet usage
1170081,0.7275630019694039
928774,0.6945907010951019
484646,0.6094324130050067
605716,0.6706975658648643
419114,0.5893765411537366
122203,0.6807047049798524
678423,0.7085711280125464
