UE ID,Internet usage,Data rate,optimal GU
658798,119.26585415317459,12.068568575023619,37.939005515515994
373336,125.5619075133951,12.70566921266498,39.94180845400508
857907,100.33398794193869,10.152844017934271,31.91669358301078
1014068,116.67082477956247,11.805976316979535,37.11351498079889
386282,128.27466256124322,12.980174187744849,40.80474805606732
140256,110.79438860503049,11.211336942175704,35.244194159511565
867739,138.2192776211547,13.986474521188272,43.96817490851
