UE ID,Internet usage,Data rate,optimal GU
1242765,132.57584635932216,109.69073002348678,120.59163059945607
71778,113.99175730488604,94.314608722495,103.6874533769633
1079787,128.13661020269916,106.01779058437609,116.55367993616326
1166688,129.78789480681587,107.38403201278217,118.05569639287518
181041,118.31241244113075,97.8894364840308,107.61754217100724
20421,106.86651205502895,88.41931652172038,97.20629586074068
406688,113.994621282419,94.31697832295382,103.69005846476914
