UE ID,Internet usage,Data rate,optimal GU
860124,133.32798478488579,82.53637153350073,104.90189744717807
437623,110.72828633174106,68.54608201488732,87.12054979316562
488739,118.0367024173976,73.07033959172233,92.87078081897619
1095007,106.23423705637678,65.76405151109039,83.58465073215865
1071974,130.70359278564464,80.91174791492287,102.83703686438466
1175414,125.56560894289024,77.73109125036062,98.79449279512951
186415,107.4585310744618,66.52194780800016,84.54792011433345
