UE ID,Internet usage
431099,0.7775680175598405
860370,0.74057782214082
226721,0.7973958661586394
267553,0.7575771024556242
668083,0.8076110498257908
744368,0.7540264234051044
130590,0.784004197215555
