UE ID,Internet usage,Data rate,optimal GU
431099,116.89650110922248,5.5665000528201185,25.508907848023874
860370,110.6821482786652,5.270578489460247,24.152824884157596
226721,120.22757967352373,5.725122841596368,26.235808784536033
267553,113.53802737159312,5.406572731980624,24.776028794585404
668083,121.94373052984,5.806844310944761,26.610303603728056
744368,112.94151329105746,5.378167299574165,24.64585875043485
130590,117.97777929167242,5.617989490079639,25.744862091756307
