UE ID,Internet usage,Data rate,optimal GU
720763,111.37745275864238,100.1071152771131,105.59202385872065
628337,129.52508558430034,116.41838049541282,122.79698977277084
985790,121.32664297479042,109.04954219757948,115.02440989968203
385237,108.09741865784571,97.15898938889704,102.48236898288793
335032,104.24811702007096,93.69920041684951,98.8330167997659
1257202,115.45303412623015,103.77028662536163,109.45590181916442
576141,96.06004411514793,86.33968250825797,91.07026798374498
