UE ID,Internet usage,Data rate,optimal GU
720763,111.37745275864238,53.03688226602018,76.85774423601919
628337,129.52508558430034,61.67861218300016,89.38080063259652
985790,121.32664297479042,57.774591892757336,83.72333774752886
385237,108.09741865784571,51.474961265640815,74.59430566959094
335032,104.24811702007096,49.64196048574808,71.93803518184247
1257202,115.45303412623015,54.97763529820483,79.67016257208891
576141,96.06004411514793,45.74287815007044,66.28772807277078
