UE ID,Internet usage
601415,0.8589150388916574
1082310,0.8104679771253829
907199,0.8542049613486995
716474,0.8240801452346488
905325,0.8706718872480378
917125,0.8881939437005358
1084457,0.8936399605007251
