UE ID,Internet usage
601415,0.9576949906054553
1082310,0.9092479288391807
907199,0.9529849130624972
716474,0.9228600969528801
905325,0.9694518389618357
917125,0.9869738954187671
1084457,0.9924199122189564
