UE ID,Internet usage
409824,0.8793724106591718
569227,0.9402657286812728
202997,0.9134637468641676
699264,0.8634185350085887
1251295,0.9008131900995832
1281895,0.9248963679654107
223733,0.8806241326763903
