UE ID,Internet usage
409824,0.724520559256944
569227,0.7854138772790449
202997,0.7586118954575065
699264,0.7085666836019274
1251295,0.7459613386929219
1281895,0.7700445165587496
223733,0.7257722812741625
