UE ID,Internet usage
1164368,0.8639945793987831
1084837,0.902726393748088
699012,0.9393554078566028
560531,0.8671308976037327
744883,0.8614049280314325
1115953,0.9546015471732274
687096,0.9122932031102091
