UE ID,Internet usage,Data rate,optimal GU
1164368,113.95378973623124,69.8645258501894,89.22627129245049
1084837,120.46073454655136,73.85390272794518,94.32123499900662
699012,126.61440891713424,77.62669118133826,99.1395865440141
560531,114.48069119465917,70.187566625297,89.63883723328405
744883,113.51872830673388,69.59779175948566,88.88561646010953
1115953,129.175760321879,79.19704353067583,101.14513489693906
687096,122.06795851938719,74.83928409224335,95.57969777202999
