UE ID,Internet usage
1268116,0.9771542626120001
1264552,1.0013554041176145
234792,0.9792724827554633
499025,1.0230871131743877
980961,0.9255157164176868
646237,1.0278090703239138
604511,0.9803480765255709
