UE ID,Internet usage
186882,0.530833145802946
714934,0.5964731708650118
971209,0.5232449968789077
234461,0.5523735881043892
54955,0.630096781877267
306474,0.49304764493033837
372029,0.5774850046905072
