UE ID,Internet usage
1292295,0.9113361164478926
670065,0.9294534385919913
147950,1.0054540124259048
249857,1.0395506302422233
1143878,0.8948141941969007
625585,0.933187332094558
634992,0.9823369962168018
