UE ID,Internet usage
169410,0.9336121133663156
408861,0.9132815988568006
644609,0.9377874521268034
1253441,0.9634561143522504
96213,0.8561497337299421
903296,0.8347605130588657
619598,0.8663972396140112
