UE ID,Internet usage,Data rate,optimal GU
392324,115.90383196217097,93.13700782674452,103.89868191950463
194518,122.0527062093723,98.07806748967417,109.41066473109552
1091198,128.85061319480604,103.54067131725486,115.50445441553393
550447,137.0858616071414,110.15828164859576,122.88670779608307
24522,107.9832269796991,86.77223596582964,96.79848166078945
135238,121.2953541589017,97.46948102054601,108.73175810255013
562463,120.50193802064085,96.83191448087211,108.02052285188239
