UE ID,Internet usage
478088,0.6328277833211569
1081620,0.5970984215161895
1218284,0.522392750720498
1063371,0.5217891893212514
1173677,0.588081584275899
604520,0.5013589796841762
513379,0.5231728244351942
