UE ID,Internet usage,Data rate,optimal GU
478088,129.88414869573714,77.31199327127212,100.20779625363356
1081620,123.88161591198265,73.73905709046586,95.57674166968056
1218284,111.33106321876836,66.26849001117165,85.89378004748697
1063371,111.22966490330924,66.20813387101741,85.8155495487077
1173677,122.36678725600841,72.83737336667167,94.40802598850357
604520,107.79738968413835,64.16511290722521,83.16749172715798
513379,111.46211560225659,66.3464973822956,85.99488915645072
