UE ID,Internet usage,Data rate,optimal GU
765613,121.54188381869646,52.812842373600255,80.11848945098286
409863,121.51085468946582,52.799359478160746,80.0980355392544
854445,109.15192165554379,47.42910881461129,71.95122215448959
211059,107.43568129408273,46.68336151469071,70.81990362481976
1205600,124.48625124347738,54.092240123653866,82.05936993638011
962869,122.50859101647146,53.23289966787153,80.75572756177813
76114,115.550390087707,50.20939569287269,76.16899144914206
