UE ID,Internet usage
721845,0.39085197044992837
936118,0.41597020908061433
435857,0.46332545751128584
395293,0.448459297985593
637864,0.48666294200770643
564003,0.4358743963278174
287032,0.454435039483604
