UE ID,Internet usage
721845,0.32245652160135985
936118,0.34757476023204587
435857,0.39493000866449074
395293,0.3800638491365811
637864,0.4182674931582512
564003,0.3674789474792489
287032,0.38603959063370547
