UE ID,Internet usage
862444,0.7205385074432678
950015,0.699511587143365
211381,0.650685558776436
146890,0.7381179298377899
1251804,0.6006395710168041
758923,0.7328530968574302
110956,0.7125134097825039
