UE ID,Internet usage,Data rate,optimal GU
862444,121.60622254950322,98.44313254007403,109.41342460657414
950015,118.07369993875821,95.58347137899474,106.23508892408529
211381,109.8709271731837,88.9431315211487,98.85476379980395
146890,124.55956551155948,100.83393398554814,112.07065184989845
1251804,101.4632012297983,82.13687718602719,91.29003504388147
758923,123.67507357050388,100.11791669993171,111.27484312992597
110956,120.25800614248779,97.3517192582044,108.2003865637036
