UE ID,Internet usage
554519,0.791332995492767
622819,0.8545520464201535
453684,0.8229995995765303
436759,0.8201336781660896
59316,0.7773669080325329
239933,0.7718456040045999
661515,0.8485416823030164
