UE ID,Internet usage,Data rate,optimal GU
745008,125.80090567150765,2.2464447441340654,16.810853141737443
970265,106.67620906383284,1.9049323047113007,14.255208058454693
43708,115.58126074101064,2.0639510846609044,15.445195643723121
1168123,133.00834136374831,2.3751489529240772,17.77398724879353
60453,123.82229239890955,2.211112364266242,16.546449821487958
661511,118.53114609787805,2.1166276088906795,15.839390655710952
949284,113.97776940355661,2.0353173107777964,15.230920100601232
