UE ID,Internet usage,Data rate,optimal GU
745008,125.80090567150765,44.928894882681305,75.18042076938167
970265,106.67620906383284,38.09864609422602,63.751228504214986
43708,115.58126074101064,41.27902169321809,69.07301477029705
1168123,133.00834136374831,47.50297905848154,79.4876874390336
60453,123.82229239890955,44.22224728532484,73.99797317427266
661511,118.53114609787805,42.33255217781359,70.83590845668931
949284,113.97776940355661,40.70634621555593,68.11474540962459
