UE ID,Internet usage,Data rate,optimal GU
745008,125.80090567150765,69.63978706815602,93.59886903133486
970265,106.67620906383284,59.05290144605033,79.3696394125914
43708,115.58126074101064,63.98248362448803,85.9952098820591
1168123,133.00834136374831,73.6296175406464,98.96137278922785
60453,123.82229239890955,68.5444832922535,92.12673364743583
661511,118.53114609787805,65.61545587561106,88.18999482181029
949284,113.97776940355661,63.094836634111694,84.802174149239
