UE ID,Internet usage
684369,0.3479940875627065
648521,0.3615225978895863
116781,0.3208669423075957
815902,0.33305711734676435
652059,0.2991847819750318
641023,0.2687341217889737
1225069,0.3453595513229772
