UE ID,Internet usage
684369,0.6342565910120378
648521,0.647785101340691
116781,0.6071294457582571
815902,0.6193196207983124
652059,0.5854472854274665
641023,0.5549966252383051
1225069,0.6316220547754119
