UE ID,Internet usage,Data rate,optimal GU
704580,116.67773001040158,78.47966363794868,95.69132147303488
671530,112.38735549693826,75.59387601877394,92.17264137211987
659607,114.89630119668035,77.28144068586238,94.23031192751212
74903,126.48358411728684,85.07526788841317,103.7334314590278
1206969,100.08697672012944,67.32040696056325,82.08468800118287
286758,124.74717982737691,83.90732928865232,102.3093480362691
428659,114.05577874608383,76.71608927563972,93.54097126226121
