UE ID,Internet usage,Data rate,optimal GU
238498,116.27414105577769,109.35306123102903,112.7605128866385
250241,106.42226874274486,100.08760988901005,103.20634921082731
1094036,116.24457858337419,109.32525842960193,112.73184374730839
51205,115.24755435291948,108.38758087953143,111.76494807673492
57334,110.15627030067878,103.59934944944791,106.82751490570143
997520,111.39311409811113,104.76257159227119,108.02698315971523
984615,103.45995580921631,97.30162510628678,100.33355288068574
