UE ID,Internet usage,Data rate,optimal GU
238498,116.27414105577769,44.987018860866364,72.32445628352353
250241,106.42226874274486,41.17528254927628,66.19642728287934
1094036,116.24457858337419,44.97558099951977,72.30606793230834
51205,115.24755435291948,44.58982757702241,71.6859022212192
57334,110.15627030067878,42.619985533000715,68.51903857019775
997520,111.39311409811113,43.09852628795966,69.28837605439409
984615,103.45995580921631,40.029149569042026,64.35381919896905
