UE ID,Internet usage,Data rate,optimal GU
864114,102.8748729692777,26.331068676660365,52.04618473295389
250671,127.49994465862059,32.63391440667075,64.50443613306516
301871,109.48534669307354,28.023035165489063,55.39053818555802
742292,131.26074206659368,33.596499457521006,66.40708885077044
1156131,107.40315413881788,27.490093023626006,54.33712081355568
481628,113.40785453282957,29.027010386379,57.37500301892282
1021360,123.89453001473389,31.711099944247366,62.68039425404711
