UE ID,Internet usage,Data rate,optimal GU
59145,129.52332684741103,70.1584687090143,95.32658744396296
866255,115.55487599175919,62.59222449553622,85.04608597478217
80886,113.40743680266594,61.42902826811071,83.46561352536112
214610,111.30127304989675,60.28818956869407,81.91551897454569
595458,105.63582262409503,57.2194039213848,77.7458603611527
386223,121.15819328083602,65.62735469378617,89.17001583772274
877424,115.38619116274035,62.50085354648435,84.92193730214285
