UE ID,Internet usage
1166450,0.7505152878808886
1010928,0.7243875330447863
761131,0.6655708607593549
1085280,0.6569162875538176
600958,0.6944013898341591
258518,0.7337220685956943
615372,0.7048161827813434
