UE ID,Internet usage
45974,0.7553731195861199
94699,0.7788702271889746
913635,0.8019826435823161
774084,0.6623702771170609
194352,0.7273013469214122
610904,0.743841663696109
730063,0.7195549860262026
