UE ID,Internet usage
45974,0.7136437889526352
94699,0.73714089655549
913635,0.7602533129488315
774084,0.6206409464835763
194352,0.6855720162879277
610904,0.7021123330626244
730063,0.6778256553927179
