UE ID,Internet usage
146018,0.4054066983315917
964048,0.4827399596074846
792980,0.3594951885798679
315499,0.39006965712958314
109698,0.43702633418748194
855917,0.3956792642480107
351125,0.37573598915875267
