UE ID,Internet usage
146018,0.5694173745712842
964048,0.646750635849837
792980,0.5235058648195604
315499,0.5540803333723789
109698,0.6010370104311645
855917,0.5596899404881465
351125,0.5397466654015485
