UE ID,Internet usage
146018,0.3601104205351091
964048,0.43744368180967186
792980,0.31419891078294193
315499,0.3447733793331005
109698,0.39173005639099934
855917,0.35038298645152804
351125,0.33043971136227
