UE ID,Internet usage,Data rate,optimal GU
146018,113.78652456541687,41.992645970570514,69.12450536746846
964048,126.77851245959528,46.787308169612544,77.0170457219189
792980,106.0733909270781,39.14613236594549,64.43883147401169
315499,111.20990164348434,41.04174941604779,67.55922524596627
109698,119.09862338925612,43.95306339365405,72.35156766736227
855917,112.15231563939565,41.38954505739602,68.13173505385039
351125,108.80184542437729,40.15306200185353,66.09634819898226
