UE ID,Internet usage,Data rate,optimal GU
363220,124.65527090950611,40.06776564948411,70.67289566570089
1299596,124.0781967857302,39.88227753827042,70.34572539008056
502732,128.83970739991335,41.41276309282929,73.04524816510691
576854,127.68126105374186,41.04040533870274,72.38847082099666
1234119,124.19377621562802,39.919428069309006,70.41125276754862
52777,114.74500537673347,36.88232315680719,65.05430323148703
1225405,114.81760442454662,36.90565856503284,65.09546302275851
