UE ID,Internet usage
517177,0.5536601092623196
1220748,0.489423098884743
1147729,0.4916789046409458
27219,0.6237096572137868
1245368,0.4538830871598616
319902,0.5352755077013007
552741,0.46610289168680086
