UE ID,Internet usage
517177,0.7372914380084987
1220748,0.6730544276309222
1147729,0.675310233387125
27219,0.8073409859599658
1245368,0.6375144159104742
319902,0.7189068364474798
552741,0.64973422043298
