UE ID,Internet usage,Data rate,optimal GU
517177,124.22081253322092,41.40693751107364,71.71891955500914
1220748,113.42899478961694,37.80966492987231,65.488260675694
1147729,113.80797015672329,37.935990052241095,65.70706220590908
27219,135.9891365890785,45.3297121963595,78.51336461656926
1245368,107.45827282054091,35.81942427351364,62.041062739591545
319902,121.13219947108195,40.377399823693985,69.9357079721606
552741,109.51119998077192,36.50373332692397,63.22632078817761
