UE ID,Internet usage,Data rate,optimal GU
517177,124.22081253322092,42.8857567078977,72.9883795159002
1220748,113.42899478961694,39.16001010593918,66.64743492639398
1147729,113.80797015672329,39.290846839821135,66.87010935073121
27219,135.9891365890785,46.948630489086625,79.90308957888034
1245368,107.45827282054091,37.098689426139124,63.139219900459445
319902,121.13219947108195,41.81944981739734,71.17360421569134
552741,109.51119998077192,37.80743808859983,64.34545759633161
