UE ID,Internet usage
834039,0.9405145249412868
1166843,0.99342554585967
34746,0.9876687939880893
17695,0.9801216854859541
471985,1.0657550065966301
1230485,1.0644637540342006
324523,1.0407168323791505
