UE ID,Internet usage
834039,0.6309542917048941
1166843,0.6838653126232772
34746,0.6781085607516965
17695,0.6705614522495614
471985,0.7561947733602373
1230485,0.7549035207978078
324523,0.7311565991427579
