UE ID,Internet usage,Data rate,optimal GU
910746,110.22874578723376,26.90106295997967,54.45429671221518
761198,113.33788156242962,27.659840143211987,55.99024634869092
467042,119.4802605251622,29.15887310435506,59.0246537908397
624651,119.09093126417746,29.063858225186163,58.83232055738957
571816,109.0590426500473,26.61559969435678,53.87644960670146
1008236,121.12162125916868,29.559443283487592,59.835505295889845
135785,125.58790816921005,30.649429969866738,62.04190355311689
