UE ID,Internet usage
528879,0.39576608889529946
902249,0.32979116908996375
845447,0.3878863668056816
1251195,0.33731515596742884
975046,0.30804552426802545
176443,0.3701507669762867
1230989,0.38379492916544106
