UE ID,Internet usage
47991,0.3984225153052866
397669,0.41293036258500215
1084181,0.37561711566936223
727203,0.41326759116610545
1299132,0.5114855494753756
1091015,0.3663190105627234
809118,0.35392226528352394
