UE ID,Internet usage
789982,0.44440943937444366
192688,0.482141288644428
262501,0.4896949645821522
1082556,0.46754473205378577
1213162,0.45480319531199065
1210284,0.4530299088898053
194908,0.4221622195873957
