UE ID,Internet usage
321448,1.0415598066011718
455610,1.031936809477529
1112089,1.0168857309022672
1140561,1.0194152751046648
194783,1.0044026998303526
979844,1.0683414822246742
174796,1.0832040345049843
