UE ID,Internet usage,Data rate,optimal GU
321448,116.15863731978027,72.59914832486267,91.83146595798553
455610,114.54197380295199,71.58873362684498,90.5533812271667
1112089,112.01339260220034,70.00837037637521,88.55436226640204
1140561,112.43835602837727,70.27397251773579,88.89032535364902
194783,109.91624338233538,68.6976521139596,86.89642023439741
979844,120.65795882492775,75.41122426557983,95.38849192839629
174796,123.15486760749796,76.97179225468622,97.3624716440463
