UE ID,Internet usage
502096,0.3306734595796044
56224,0.27980585976756717
254364,0.3690705394068205
828461,0.3216740604508367
358607,0.32658809626676205
785259,0.2624720088169745
1061641,0.31746347374563333
