UE ID,Internet usage
502096,0.45563877753300464
56224,0.40477117772229737
254364,0.49403585736332406
828461,0.4466393784051236
358607,0.451553414222379
785259,0.3874373267717048
1061641,0.4424287917003636
