UE ID,Internet usage,Data rate,optimal GU
502096,120.09104252641426,52.89724492234914,79.70247982026645
56224,111.54528575794504,49.133042536237696,74.030799467937
254364,126.54175193734304,55.738628829543956,83.98371117470214
828461,118.57914347283277,52.23128938684301,78.69905690650621
358607,119.4047014898492,52.59492803719549,79.24696639090627
785259,108.63319879830311,47.85033756591923,72.0980945196502
1061641,117.87176490635815,51.91970597065776,78.22958120928816
