UE ID,Internet usage,Data rate,optimal GU
502096,120.09104252641426,117.94655962415688,119.01397106083336
56224,111.54528575794504,109.5534056551246,110.54485939905548
254364,126.54175193734304,124.28207779560478,125.40682540702873
828461,118.57914347283277,116.46165876796077,117.51563191392927
358607,119.4047014898492,117.27247467753048,118.33378567360391
785259,108.63319879830311,106.69332024833342,107.65889033882999
1061641,117.87176490635815,115.76691196160176,116.81459767799993
