UE ID,Internet usage,Data rate,optimal GU
429910,110.37210022251276,61.09884119460528,82.11947043064978
621726,119.64123217170076,66.22996780933435,89.01592529093229
1015548,112.19059446346061,62.1055076494157,83.47247344270414
1154939,112.46291758666865,62.256257949763004,83.67508833015106
655173,118.5639025515569,65.633588912469,88.21436640325044
22534,116.0887773081406,64.26343029557783,86.37281429153823
308128,114.15265171304588,63.19164648400754,84.9322907512969
