UE ID,Internet usage
169024,0.7311655865369547
505317,0.5948055711517402
803772,0.6873656793155054
431274,0.6343767733325543
160046,0.6884819018499212
695746,0.7022487233020066
993093,0.6812343366642404
