UE ID,Internet usage
183932,1.0543398396701258
582364,0.9705623841123259
630293,0.9839141207258606
323295,0.8978633299574192
862987,0.9055078480635088
1111795,0.9511287362648602
1231331,1.0257509745160913
