UE ID,Internet usage,Data rate,optimal GU
183932,135.2154038648563,35.41355815508141,69.19868906439564
582364,121.1407913316766,31.727350110677204,61.99577646311556
630293,123.38388308285417,32.3148265216999,63.14371526443574
323295,108.92735023365674,28.528591727862477,55.74534871012898
862987,110.2116292755392,28.86495052454598,56.402599463748494
1111795,117.87593849313171,30.87226960534402,60.324934754568204
1231331,130.41247451934296,34.155648088399346,66.74071160858284
