UE ID,Internet usage,Data rate,optimal GU
885153,109.6707904420276,96.61474396083383,102.93597689116648
1298384,108.69350160591614,95.75379903378327,102.0187027414635
213824,121.92436254615194,107.40955748113386,114.43706491889554
35592,116.16882864710087,102.33920618911267,109.03497469923747
777304,121.56625287724559,107.09407991566874,114.10094653719632
853017,108.25505013387438,95.367544165556,101.60717629570632
1085066,106.16820917202821,93.52913665154867,99.64848691124632
