UE ID,Internet usage
464452,0.39371625691829304
1211262,0.40768276857564534
216385,0.40850903366452035
1178835,0.42712968090128234
49197,0.30723520228460355
24498,0.46958424383965797
32307,0.39571745544544334
