UE ID,Internet usage,Data rate,optimal GU
1132620,99.78812988062472,29.69884817875736,54.4388879328628
622335,124.4344128717943,37.03405144993878,67.88453762409341
1247378,131.96623391762398,39.27566485643571,71.99348286973341
808196,121.64666506572753,36.2043646028951,66.36369651221865
214291,119.67086145914801,35.616327815222625,65.28580727584753
765061,116.47389092558963,34.66484848975882,63.541716863398165
1049784,124.89196435332383,37.17022748610828,68.13415242152773
