UE ID,Internet usage,Data rate,optimal GU
1132620,99.78812988062472,24.353055506581033,49.296509672397406
622335,124.4344128717943,30.367922188949798,61.472063311054576
1247378,131.96623391762398,32.20604518227728,65.19287148213347
808196,121.64666506572753,29.68757897437398,60.094883110860664
214291,119.67086145914801,29.20538880848255,59.11881289370133
765061,116.47389092558963,28.42517576160223,57.539471853655144
1049784,124.89196435332383,30.479586538608793,61.698099123749174
