UE ID,Internet usage
454770,0.36642471756789535
1006912,0.4626876880987415
881638,0.3906388584292578
573953,0.46574474902940605
225472,0.3707334819813666
689418,0.4115067293914751
366501,0.3968315966238432
