UE ID,Internet usage,Data rate,optimal GU
454770,107.82408583673467,17.97068097278911,44.01899871367575
1006912,123.99626488624577,20.666044147707627,50.62126316371416
881638,111.8920615014041,18.648676916900683,45.679742824425645
573953,124.50985112201714,20.751641853669522,50.83093386647359
225472,108.54795825817479,18.091326376362463,44.31451839224262
689418,115.39786382305842,19.232977303843068,47.11098062894526
366501,112.93244151807406,18.822073586345677,46.10447618766392
