UE ID,Internet usage
895931,0.33846684643707414
773508,0.31869352152695973
865827,0.28841760868654925
87580,0.2987203678769804
412596,0.2992423298908783
1155094,0.24713632832169655
649722,0.33747857464307474
