UE ID,Internet usage,Data rate,optimal GU
895931,121.40033151847088,41.189398193766905,70.71355312646655
773508,118.07841293356773,40.06231867388905,68.77859410784473
865827,112.99205957638635,38.33659164198823,65.81588293692586
87580,114.72292312037607,38.92384891584188,66.8240804405213
412596,114.81061273869547,38.95360075062882,66.87515809744454
1155094,106.05680447508708,35.98355866119026,61.776219091554005
649722,121.23430185703202,41.13306670149301,70.6168437753645
