UE ID,Internet usage
212821,0.6364073775747991
980421,0.6906193612590628
1299407,0.7111787210195092
986560,0.6520365060482055
369873,0.6732298112917541
619667,0.6536750355211873
620835,0.7296623380095413
