UE ID,Internet usage,Data rate,optimal GU
212821,108.5635462443309,47.81965727428861,72.0518672477354
980421,117.67115950276575,51.83134406669444,78.09644265211273
1299407,121.12513194303075,53.35273668919212,80.38878821701552
986560,111.18923982767343,48.97621278123711,73.79449755086173
369873,114.74971510836747,50.544517369161866,76.15752732593972
619667,111.46451277932329,49.09746396232097,73.9771917502989
620835,124.23037959718718,54.72052434638007,82.44969078964408
