UE ID,Internet usage,Data rate,optimal GU
212821,108.5635462443309,83.36129443761122,95.13147609316745
980421,117.67115950276575,90.35464033248084,103.11224609316967
1299407,121.12513194303075,93.00679774197003,106.13887434910404
986560,111.18923982767343,85.37745201053495,97.43230464006817
369873,114.74971510836747,88.11138838678215,100.55225862796901
619667,111.46451277932329,85.58882231269466,97.6735193306793
620835,124.23037959718718,95.39118433355443,108.85992393889829
