UE ID,Internet usage
570524,0.9527546211467675
42721,0.9960980509379778
49252,0.9708914025435119
664334,1.0545729514490263
925868,1.0443035573627006
887234,0.9160638870966177
1275102,0.9609285299402371
