UE ID,Internet usage
570524,0.9621558166235528
42721,1.005499246414763
49252,0.9802925980158637
664334,1.0639741469258117
925868,1.053704752839486
887234,0.9254650825734029
1275102,0.9703297254170223
