UE ID,Internet usage,Data rate,optimal GU
570524,107.91691360032644,48.81955615252862,72.58412927988265
42721,115.19860980547136,52.11365681676085,77.48174505759583
49252,110.9638928749223,50.19795153865532,74.6335053248599
664334,125.02239309127481,56.557749255576695,84.08915007174507
925868,123.29713488511737,55.77727530517214,82.92875398090904
887234,101.75287028023939,46.0310603648702,68.43823868400257
1275102,109.29013027813552,49.4407732210613,73.50774480543899
