UE ID,Internet usage,Data rate,optimal GU
570524,107.91691360032644,14.774339361949453,39.92995247211548
42721,115.19860980547136,15.771238247177628,42.62422692537358
49252,110.9638928749223,15.191485334066744,41.057354410876684
664334,125.02239309127481,17.116160958924528,46.259089956679794
925868,123.29713488511737,16.87996489498631,45.62073331845043
887234,101.75287028023939,13.930452478842298,37.64921677836977
1275102,109.29013027813552,14.962339264268554,40.438051479486155
