UE ID,Internet usage,Data rate,optimal GU
136387,117.67457660515979,34.32175150983827,63.551534814414374
997817,122.00559199446589,35.58496433171922,65.89055045598994
1218,116.71675790064899,34.04238772102262,63.03425359274609
1106381,122.29626536978134,35.669744066186226,66.04753202043581
761693,111.77464147266818,32.60093709619489,60.36520567015565
1184086,133.58811116606282,38.963199090101654,72.1458257381114
949985,102.90133438731223,30.0128891962994,55.573072140360885
