UE ID,Internet usage
735877,0.45296191589256135
1069503,0.43852475565951327
1274062,0.39411779442916617
604013,0.44909469485066655
531926,0.3707747871856484
510306,0.45624587764561997
704631,0.45788474484426084
