UE ID,Internet usage,Data rate,optimal GU
735877,122.33322480667148,94.66261443373388,107.6121874710724
1069503,119.90778188725513,92.78578360323313,105.4786115880112
1274062,112.44741240054258,87.01287864327699,98.9159898548204
604013,121.68353167158031,94.15987569824667,107.04067552439896
531926,108.52578718356555,83.97828770156858,95.4662756115513
510306,122.88493038071216,95.08952946126536,108.09750324490511
704631,123.16026007014514,95.30258219713612,108.33970098147617
