UE ID,Internet usage,Data rate,optimal GU
735877,122.33322480667148,86.65270090472562,102.95875067172807
1069503,119.90778188725513,84.9346788368057,100.91743627653133
1274062,112.44741240054258,79.65025045038432,94.63859973710974
604013,121.68353167158031,86.19250160070271,102.41195241953864
531926,108.52578718356555,76.87243258835893,91.33806030000434
510306,122.88493038071216,87.04349235300444,103.42308010252354
704631,123.16026007014514,87.23851754968614,103.65480456569905
