UE ID,Internet usage
1262352,0.2989392085990119
778022,0.4532522333138335
773244,0.3065643647153353
864525,0.2674678865793721
1055301,0.3158511121276137
588857,0.3002187379916755
1236291,0.3101024790940685
