UE ID,Internet usage,Data rate,optimal GU
1262352,113.63738770724501,77.78749753769748,94.01897689545284
778022,139.56197585959393,95.53349538007917,115.46793224102196
773244,114.91841393477054,78.66439049106317,95.07884616663385
864525,108.35020560787196,74.16829550538854,89.6445763423212
1055301,116.47858750003195,79.73236644347425,96.36967065094093
588857,113.85234864516417,77.93464341782071,94.19682687830982
1236291,115.51281715036578,79.07127364459562,95.57063133805651
