UE ID,Internet usage,Data rate,optimal GU
1262352,113.63738770724501,27.732933904744318,56.138205906430876
778022,139.56197585959393,34.059767918115185,68.94525732761727
773244,114.91841393477054,28.045565305509477,56.77104792773494
864525,108.35020560787196,26.442609701921132,53.52627577192219
1055301,116.47858750003195,28.426321949412557,57.5417920166615
588857,113.85234864516417,27.78539460983173,56.24439913770995
1236291,115.51281715036578,28.190627995029743,57.06469010643844
