UE ID,Internet usage
432649,0.6280809645808364
1001115,0.6798003929870251
536628,0.6610152840712734
153972,0.7069860266483747
367387,0.7042571785497063
496038,0.601008550612591
1072436,0.5886582658214135
