UE ID,Internet usage,Data rate,optimal GU
432649,113.68977781448893,57.52161377518785,80.86791384493576
1001115,122.37864178734576,61.917765190026124,87.04833143985698
536628,119.22274348926803,60.32103093207013,84.80353057404155
153972,126.94582824217322,64.22854405109955,90.29698622520986
367387,126.48738176182792,63.9965919628296,89.9708917320394
496038,109.14161226777011,55.22045858785987,77.63278869424092
1072436,107.06676442323882,54.170684380805355,76.15694258073462
