UE ID,Internet usage,Data rate,optimal GU
281401,124.63333825648678,62.31666912824339,88.12907864307856
1153840,111.7287975650937,55.86439878254685,79.00419041209678
1221028,122.15644158710765,61.078220793553825,86.37764821186221
452633,113.39128661766561,56.69564330883281,80.17974769481877
244642,122.4286833147601,61.21434165738005,86.57015218360719
934710,109.07246754147141,54.536233770735706,77.12588143932403
428341,119.49302918916013,59.74651459458006,84.49433124417719
