UE ID,Internet usage,Data rate,optimal GU
1220644,116.26225406371262,73.3559460163901,92.3500277901503
155778,113.78778533593479,71.79467408100646,90.38449514486965
238722,112.19880307981079,70.79210194321395,89.12232663890993
396351,128.7097908609583,81.20974899560463,102.23741883036362
581313,102.97728955972151,64.97376603172904,81.79744689435582
633740,130.92214914018987,82.60564171940551,103.99475056467561
663082,110.3867143538887,69.64876024709645,87.68293906170524
