UE ID,Internet usage
690898,0.3532078246330491
760997,0.3227167009375842
966719,0.31549978716824867
215621,0.2957053543893737
1007336,0.3702969186869008
635177,0.3133811520829031
777746,0.34475837197426606
