UE ID,Internet usage
894190,0.8178198877511922
382876,0.7900133144118041
1102759,0.8700181100905808
762832,0.7592396969555476
1252159,0.7737168516340946
556065,0.7881729661109323
966504,0.852147740736105
