UE ID,Internet usage
835228,0.7397431036501753
792079,0.7538407743818529
339437,0.7622043431790062
653845,0.7079294305779762
146655,0.6425107925924071
883063,0.7064693282292125
935472,0.6641541903993947
