UE ID,Internet usage,Data rate,optimal GU
1110610,108.54999697426358,101.4425566961868,104.93611972258473
272297,119.40720477126308,111.58887588743038,115.43186628173981
103831,117.59477198757627,109.89511429791354,113.679773523753
18394,121.19952676487921,113.26384346479783,117.16451778377639
115117,118.01221369308922,110.28522351080362,114.08331764174403
579177,112.246827168419,104.89733253239157,108.50987399859763
804375,112.20902365637141,104.86200425029948,108.47332905178293
