UE ID,Internet usage
692625,0.4368880435772504
651881,0.5317660535966171
644404,0.5170854733429674
446645,0.48103176012899285
1156081,0.48450484062114707
440300,0.42887321596149847
985769,0.5187218553583276
