UE ID,Internet usage
158438,0.7473490419076534
1291431,0.7032773382744925
263536,0.7651274098218546
960549,0.7267325427536313
772243,0.7077330963816261
74324,0.8023985307038487
339779,0.8219249643235989
