UE ID,Internet usage
650574,1.0003394017844482
1162052,0.9444836028839203
1299211,1.0419141140150023
575486,1.0242153298664247
706788,1.037928731238648
1210633,1.023315438875688
51222,1.053676598994321
