UE ID,Internet usage
650574,0.7055489671896068
1162052,0.6496931682846454
1299211,0.7471236794201607
575486,0.7294248952715833
706788,0.7431382966438065
1210633,0.728525004276413
51222,0.7588861643994796
