UE ID,Internet usage
790682,0.6112665439430607
610014,0.6073965342138988
538678,0.6449070020378469
1245515,0.7214863420753118
23023,0.6312380625942159
159235,0.6675471140115514
1242319,0.6740583590548672
