UE ID,Internet usage,Data rate,optimal GU
790682,108.98868968373472,9.731133007476314,32.56660000096701
610014,108.33852804899917,9.673082861517782,32.372327054335116
538678,114.64028664319683,10.23573987885686,34.255337594561105
1245515,127.50561576950106,11.384429979419739,38.09958995462657
23023,112.3439048167771,10.030705787212241,33.569162280338
159235,118.44382545529476,10.57534155850846,35.3918621957944
1242319,119.53771462227614,10.6730102341318,35.71872410274868
