UE ID,Internet usage,Data rate,optimal GU
790682,108.98868968373472,27.24717242093368,54.49434484186736
610014,108.33852804899917,27.08463201224979,54.16926402449958
538678,114.64028664319683,28.660071660799208,57.320143321598415
1245515,127.50561576950106,31.876403942375266,63.75280788475053
23023,112.3439048167771,28.085976204194274,56.17195240838855
159235,118.44382545529476,29.61095636382369,59.22191272764738
1242319,119.53771462227614,29.884428655569035,59.76885731113807
