UE ID,Internet usage,Data rate,optimal GU
82121,106.95508216838876,10.18619830175131,33.00705494810637
22855,105.54678515026784,10.052074776215985,32.57244505283101
305430,108.86617748714035,10.368207379727652,33.596831767666856
308280,115.67544279751101,11.016708837858191,35.69821666400857
419591,118.17057082712144,11.25434007877347,36.46822989111497
542342,115.52551452811468,11.002429955058542,35.65194779556482
140586,126.58531932441315,12.055744697563156,39.06507765555615
