UE ID,Internet usage
887256,0.30758908102975496
1145241,0.34833607741856676
1192998,0.3538524280670819
816708,0.24248807246900123
415258,0.3406695729619842
14918,0.3660113472311569
584821,0.26113816990415556
