UE ID,Internet usage
887256,0.6617751424600189
1145241,0.7025221388479439
1192998,0.7080384894982324
816708,0.5966741338983784
415258,0.694855634392248
14918,0.7201974086596474
584821,0.6153242313326461
