UE ID,Internet usage
365707,0.6239349923647289
163908,0.707626830559903
903914,0.6903555730113712
1162247,0.5918943941394531
1256649,0.6879676803235192
203126,0.7433588398384156
1070064,0.6515525657367031
