UE ID,Internet usage,Data rate,optimal GU
365707,107.17239991800322,55.49999281468024,77.12371506470119
163908,121.23262873450693,62.781182737512516,87.24177794113375
903914,118.33105746670206,61.27858333097071,85.15374076113854
1162247,101.78957941603896,52.712460769020176,73.25011407269628
1256649,117.92989149535397,61.070836667236875,84.86505253458417
203126,127.23560629358877,65.88986754489419,91.5616581636597
1070064,111.81215224467131,57.902721698133355,80.46258716877378
