UE ID,Internet usage,Data rate,optimal GU
2391,126.44767581104557,117.41569896739946,121.84802927481859
726676,127.54509007508742,118.43472649829546,122.90552412012829
1229326,98.80212102817526,91.74482666901989,95.20810610584303
801292,109.7692483383313,101.92858774273621,105.77629441754803
1283455,100.53836101987271,93.35704951845324,96.88118882547006
1095019,116.29329688097675,107.98663281804986,112.06302489887777
423438,120.57602566944495,111.96345240734173,116.18996562314369
