UE ID,Internet usage
1184529,0.9776151408810745
903972,0.9943218378512101
646334,1.0038656199822222
808290,0.9812136649910758
657675,0.9529728598426757
441164,1.0654230083262608
724869,0.9757817930248023
