UE ID,Internet usage,Data rate,optimal GU
1184529,114.51284977853493,91.3376301804981,102.27087720356542
903972,117.31957486946713,93.57632757445592,104.77754992784077
646334,118.92293026742307,94.8551943799684,106.2094989478429
808290,115.11740182906698,91.8198324112796,102.81079974188928
657675,110.37294656409811,88.03556452136397,98.57354948796718
441164,129.2645715096747,103.10388441843101,115.4455691671686
724869,114.20484733880492,91.0919615678563,101.99580170109608
