UE ID,Internet usage,Data rate,optimal GU
1184529,114.51284977853493,85.20301322807657,98.7767171678896
903972,117.31957486946713,87.2913503493059,101.19774756763255
646334,118.92293026742307,88.48432311564216,102.58077299202635
808290,115.11740182906698,85.6528287418653,99.29819285401706
657675,110.37294656409811,82.12272809828728,95.20571138377267
441164,129.2645715096747,96.17899665898415,111.50128605246677
724869,114.20484733880492,84.97384474613462,98.51103982307575
