UE ID,Internet usage,Data rate,optimal GU
119764,132.41464511620757,78.03005872919374,101.64803261757221
174856,104.78754789518482,61.74980500966248,80.44010597934546
213733,120.0967394195483,70.77129287223381,92.19219879393917
446928,115.49875466475306,68.06176614172948,88.66255821739755
160536,108.93846679848197,64.19588222053402,83.62655669032956
400526,120.98512851838912,71.29480787690787,92.87417021799742
370135,120.46139662998662,70.98618015695641,92.47212770956885
