UE ID,Internet usage
1085344,0.6845505796072237
756520,0.583844613160687
1162942,0.6570657814840405
1291578,0.5936815194044118
193990,0.6383812507958893
242048,0.616767499287365
489879,0.6713916692978995
