UE ID,Internet usage,Data rate,optimal GU
1085344,125.48901770305685,5.228709070960702,25.615338474631198
756520,108.57041534027715,4.523767305844881,22.161843228809857
1162942,120.87157161889274,5.036315484120531,24.672806239546674
1291578,110.2230155894569,4.592625649560705,22.499178842083754
193990,117.73257046282134,4.905523769284223,24.03206031168155
242048,114.10146020967785,4.7542275087365775,23.29086303501574
489879,123.2783207717376,5.1365966988224,25.164081853158805
