UE ID,Internet usage
1107428,0.6551404886251013
1052643,0.6476926968481158
920231,0.6211909294850524
1128305,0.660062796107493
1167873,0.6011716008561746
1118692,0.6786154792738341
617675,0.6158416332534596
