UE ID,Internet usage,Data rate,optimal GU
646858,106.81110002500117,10.808266073958452,33.97709211693083
240620,115.40404501113653,11.677790268984053,36.71054662944217
1237660,112.54959156449961,11.388946765455318,35.802532128354066
626419,130.0533375025752,13.1601591520463,41.37055256808496
1032487,125.01964033814778,12.650796938979239,39.769310822569274
1199111,118.84985350516816,12.0264732713563,37.80667383524391
133667,131.4172688880259,13.29817601843119,41.804425286498905
