UE ID,Internet usage,Data rate,optimal GU
1102453,113.24172276399518,21.5698519550467,49.42273965649636
173064,121.1326378122227,23.07288339280432,52.86661732420767
766,124.6884442022882,23.750179848054895,54.41849846126318
80375,108.31271771353846,20.630993850197804,47.27154549034993
1217205,108.504645977084,20.667551614682665,47.35530985184505
1040592,111.15516533555976,21.172412444868524,48.512091336717525
425300,133.82489730062053,25.490456628689625,58.40597349997953
