UE ID,Internet usage,Data rate,optimal GU
381940,118.09279433096256,42.175997975343776,70.57394317030447
1094828,123.72818515857578,44.18863755663421,73.94173334127645
456282,115.17219103079763,41.13292536814202,68.8285488598677
1190775,124.0785303153352,44.31376082690543,74.15110461852674
364338,121.31957122498845,43.32841829463874,72.50231120014394
700348,116.68137182999854,41.671918510713766,69.73045689379923
308126,132.51155014303376,47.32555362251206,79.19079789910151
