UE ID,Internet usage,Data rate,optimal GU
683821,129.40001532511104,45.44405300108066,76.68416495453933
436660,108.47105165644038,38.09400028410704,64.28138356178894
856582,129.99816344088742,45.65411692269261,77.03863545952497
593509,114.52053132532575,40.2185199297275,67.8663854310114
857722,111.15748841927262,39.03745129010169,65.87340161019011
676389,116.59610260480667,40.94744079573568,69.09639649376692
475520,96.49563030239811,33.888346356199335,57.18459007064256
