UE ID,Internet usage
1132914,0.5381634836032195
1112802,0.46521185919261737
488483,0.5068777709440057
64940,0.4668969135328381
322896,0.583866504413146
165965,0.5748415959388116
58840,0.5259396452503654
