UE ID,Internet usage
915268,0.7058852509187059
1238931,0.6377747733545667
55439,0.643647505112842
1210816,0.6857252505064375
807247,0.7011510650740626
43032,0.6507276115462641
811755,0.7307980745894066
