UE ID,Internet usage,Data rate,optimal GU
915268,118.05440438885945,35.837944189475195,65.04480883060293
1238931,106.61184415832399,32.36430983377693,58.74026520446038
55439,107.59846309355237,32.66381915339983,59.28386576187117
1210816,114.66752431939351,34.80978416838732,63.178728799188356
807247,117.25906116708796,35.59650071143742,64.6065960584268
43032,108.78792097422847,33.024904581462216,59.939225135044474
811755,122.23975876543028,37.10849819664848,67.35082677818971
