UE ID,Internet usage
583653,0.931669013781577
237327,1.0551923243250874
1072628,1.0123521550788528
633265,1.0806986314382798
663933,1.0903325450050765
488631,0.9672529667282933
864637,0.9303713388854014
