UE ID,Internet usage,Data rate,optimal GU
653479,106.91459357211285,27.36504478333841,54.08994953864621
1162898,118.52290656510004,30.336220132733942,59.96279666868726
699662,118.72554432955532,30.388085751017137,60.06531463267893
1287617,118.24756191609234,30.265745014237922,59.82349502919201
444238,123.39571856698127,31.58342796654878,62.42803688040157
640357,117.06457471495405,29.962956623470383,59.22500126069375
853093,113.35759754332635,29.01414699025615,57.34957713518357
