UE ID,Internet usage,Data rate,optimal GU
1174663,105.1936052067143,20.663029594176024,46.622082509304605
658368,117.9001226338347,23.15895266021753,52.25364445386388
13493,112.28458950820097,22.055901510539474,49.76482540252939
862369,118.72315903855433,23.320620525430314,52.61841635319746
1049025,128.4193280677495,25.225225156165077,56.91578396993588
657978,99.56384263500014,19.557183374732173,44.12695693004079
1213562,112.32887052888852,22.06459956817453,49.78445086736667
