UE ID,Internet usage,Data rate,optimal GU
1174663,105.1936052067143,62.615241194472794,81.15862838992885
658368,117.9001226338347,70.1786444249016,90.96191941671074
13493,112.28458950820097,66.83606518345296,86.62944155116884
862369,118.72315903855433,70.66854704675853,91.59690578865572
1049025,128.4193280677495,76.44007623080327,99.07766260367322
657978,99.56384263500014,59.26419204464295,76.81517226839537
1213562,112.32887052888852,66.86242293386222,86.66360510032798
