UE ID,Internet usage
747724,0.9336700124553113
675555,0.8936332574685744
1288250,0.9097497355682301
1145232,0.9015844055393977
438539,0.895495195872072
165061,0.9415682606476182
66100,0.915286796488545
