UE ID,Internet usage
471382,0.6007404884242296
1061822,0.7109228257463699
658520,0.6870885468233082
1121011,0.6167352216663543
959412,0.7124199590661389
380528,0.5806002746426323
111615,0.6982022418410448
