UE ID,Internet usage
471382,0.9651444717245186
1061822,1.0753268090422254
658520,1.0514925301235971
1121011,0.9811392049622099
959412,1.0768239423664276
380528,0.9450042579384879
111615,1.0626062251369004
