UE ID,Internet usage
513339,0.3520647278429976
378007,0.37201157705545734
1194340,0.3785010626988414
585222,0.4659591624303744
42855,0.35990713456217516
691595,0.3088383255149122
792603,0.35810045466944723
