UE ID,Internet usage
513339,0.9965329006168744
378007,1.0164797498311076
1194340,1.0229692354722748
585222,1.110427335206468
42855,1.004375307338712
691595,0.9533064982883457
792603,1.0025686274446541
