UE ID,Internet usage,Data rate,optimal GU
513339,110.33505579702866,74.21346014919189,90.48948152383043
378007,113.68612646469131,76.46745411017928,93.23780702270308
1194340,114.77636005279753,77.20076598789358,94.13194417081928
585222,129.46932080758424,87.08353125748225,106.18213430437467
42855,111.65258012580166,75.09965210842611,91.57002743505036
691595,103.07302020584692,69.3288766860756,84.53364245974818
792603,111.34905790382072,74.89549728054608,91.32109867619296
