UE ID,Internet usage,Data rate,optimal GU
1294076,119.4898320058437,4.978743000243488,24.390759822099938
23160,119.86883920556842,4.9945349668986845,24.468124342780495
7193,116.68953565345404,4.862063985560585,23.8191517227723
785793,105.47737909216052,4.394890795506688,21.53047984849167
925728,114.07788497923693,4.753245207468205,23.286050761253335
600458,122.88693510560475,5.1202889627335315,25.084190588603406
472016,120.44947118275229,5.018727965948012,24.586645348817477
