UE ID,Internet usage
964373,0.6053776593335964
809105,0.6131143469115213
841698,0.6648097472345692
126840,0.6557951044551618
424575,0.5684876880438474
285308,0.6617077184407554
1087512,0.7406129568569755
