UE ID,Internet usage,Data rate,optimal GU
964373,107.75769955372763,84.66676393507171,95.51699173603532
809105,109.05746306727164,85.68800669571344,96.669108951753
841698,117.74229032172731,92.51179953850003,104.36738551601026
126840,116.22783033460719,91.32186669147708,103.02496021671939
424575,101.56018437698017,79.79728772477014,90.02348168178452
285308,117.2211494841125,92.10233173751696,103.90544353612468
1087512,130.47722953773334,102.51782320821906,115.6557026283078
