UE ID,Internet usage
1120019,0.34986397785975676
973362,0.4475743170704174
812777,0.46156352095800757
330895,0.4609561145084419
174875,0.4276708067415554
84911,0.37418315212681824
852042,0.3940721011982285
