UE ID,Internet usage,Data rate,optimal GU
1120019,108.436588108214,80.03652931796748,93.16055046672616
973362,124.85192509581067,92.15261138024121,107.26337181642775
812777,127.20211134880917,93.8872726622163,109.28247485949083
330895,127.1000670653966,93.81195426255464,109.1948060958332
174875,121.5081353603348,89.68457609929474,104.39063948653325
84911,112.52220938508431,83.05210692708604,96.6706085918672
852042,115.8635528290325,85.51833661190494,99.54123925230404
