UE ID,Internet usage,Data rate,optimal GU
1120019,108.436588108214,89.07291166031864,98.27900403091854
973362,124.85192509581067,102.55693847155877,113.15666661804208
812777,127.20211134880917,104.48744860795038,115.2867037970185
330895,127.1000670653966,104.40362651800434,115.19421831111565
174875,121.5081353603348,99.8102540459893,110.12609980821745
84911,112.52220938508431,92.42895770917639,101.98191277180993
852042,115.8635528290325,95.17363268099098,105.01026244165345
