UE ID,Internet usage
1235884,0.6456475007444281
1175147,0.7591585235956649
777431,0.5829707912373753
912062,0.7034142882348463
764103,0.6272379892637572
964767,0.6652271423131174
31094,0.7128547845872567
