UE ID,Internet usage,Data rate,optimal GU
1235884,113.86529303136926,75.23242575286898,92.55464442053223
1175147,132.93514487073267,87.83214928959123,108.0554463695358
777431,103.33560583419455,68.27531099759283,83.99565837264626
912062,123.57011332995282,81.64453916443311,100.44314290841744
764103,110.77249510267049,73.18896997855015,90.04068424061671
964767,117.15467281538695,77.40576596730922,95.22839485113947
31094,125.15611671715065,82.69243425954596,101.73231518948657
