UE ID,Internet usage
675286,0.948380836931292
275666,1.0169972835933645
1171244,1.0409508614265626
906100,1.0508478926487759
269360,0.9679064538549683
70775,1.0312195307766092
783886,1.0015298231165315
