UE ID,Internet usage
675286,0.6602090497077177
275666,0.7288254963653569
1171244,0.7527790742029883
906100,0.7626761054252014
269360,0.6797346666269606
70775,0.7430477435530349
783886,0.7133580358929571
