UE ID,Internet usage,Data rate,optimal GU
675286,102.24550909739277,87.03040357694742,94.33169096690963
275666,113.77307213650661,96.84255544952647,104.96701885374576
1171244,117.79727321294054,100.26791708006249,108.67974614790278
906100,119.45997445811093,101.68319254470157,110.2137540609575
269360,105.5258127404534,89.82256679693356,97.35809860345506
70775,116.16240966353382,98.87633679693653,107.1714212886779
783886,111.1745387769347,94.6307086017956,102.56961237588418
