UE ID,Internet usage,Data rate,optimal GU
621820,116.63010746767984,97.19175622306653,106.46823457383329
726544,123.76565577457245,103.13804647881038,112.98206918692144
15763,116.21462606111922,96.84552171759935,106.08895367617124
733957,108.10251279097686,90.08542732581405,98.6836412976813
28363,108.83658897967955,90.69715748306629,99.35375811014777
404019,105.11648970127001,87.59707475105834,95.95778762524178
196680,119.78059318761254,99.81716098967712,109.3442214003417
