UE ID,Internet usage
197032,1.0804172262423408
366913,0.9769517630658734
357488,1.002550671352049
486389,0.9673364111011541
57231,1.003579640706603
771996,0.9820368269837813
284756,0.999726365122689
