UE ID,Internet usage
1095963,1.0429426829640156
1169280,0.9944169600163154
1147578,1.0670547133885515
243299,1.0286979667676999
389056,1.0152214815656784
75295,0.9594868756710542
1299331,1.0187096673108675
