UE ID,Internet usage
1095963,0.5131958424433039
1169280,0.4646701194956037
1147578,0.5373078728678395
243299,0.4989511262469881
389056,0.48547464104496657
75295,0.42974003515167253
1299331,0.4889628267901558
