UE ID,Internet usage
684433,0.7415895564563832
935791,0.6512924075976106
227387,0.697591295374681
550545,0.6068074620953121
309562,0.6771996356029067
1244454,0.6724672505745916
483737,0.7072942890476345
