UE ID,Internet usage,Data rate,optimal GU
684433,124.17188496021684,9.608538717159636,34.54142967832883
935791,109.00196395175637,8.434675781981147,30.32154721534278
227387,116.78017709831748,9.03656132308409,32.48524636922993
550545,101.52849310755731,7.856371490465744,28.242619544230685
309562,113.35437825700302,8.771469746077614,31.532277105637963
1244454,112.55933757234625,8.70994874071727,31.311117203706214
483737,118.41028003525929,9.162700240823636,32.93869914545905
