UE ID,Internet usage,Data rate,optimal GU
912057,123.17884549875102,102.64903791562585,112.44638714518271
1084543,113.63801835574641,94.69834862978868,103.7368434060474
362876,114.73208762476592,95.61007302063827,104.73558743623936
1297447,113.26459165491163,94.38715971242635,103.39595302667747
1237171,130.76203103382966,108.96835919485805,119.36885677069847
858329,125.3093398648953,104.42444988741276,114.39125351680754
715427,106.04564887389267,88.37137406157723,96.80599002250555
