UE ID,Internet usage
873369,0.6491400405778969
1091353,0.5822286853358045
1170403,0.798484106723238
633606,0.5673278475159284
680436,0.6408955111621196
117980,0.6459652204197612
510108,0.6174146151135462
