UE ID,Internet usage
873369,0.7192571214958209
1091353,0.6523457662537285
1170403,0.8686011876411619
633606,0.6374449284338524
680436,0.7110125920800437
117980,0.7160823013376852
510108,0.6875316960314702
