UE ID,Internet usage
599403,0.5102792453591346
64324,0.5502993614884087
1004010,0.4918748376381703
1297095,0.4967762382277627
1298895,0.5296609992076295
134514,0.4731093645498514
640543,0.45777957336681424
