UE ID,Internet usage,Data rate,optimal GU
599403,121.20903441540102,8.657788172528644,32.39447706886587
64324,127.93241392470856,9.13802956605061,34.191375826371946
1004010,118.11709391809411,8.436935279863865,31.568121211636303
1297095,118.94052921678654,8.495752086913324,31.788193552199367
1298895,124.4651690617992,8.890369218699943,33.26471565829632
134514,114.96449443897328,8.211749602783806,30.725553559594005
640543,112.38908952010243,8.027792108578746,30.037247642549218
