UE ID,Internet usage,Data rate,optimal GU
599403,121.20903441540102,63.490446598543386,87.72465860185508
64324,127.93241392470856,67.01221681770448,92.59068344026242
1004010,118.11709391809411,61.870858719001674,85.48687636184546
1297095,118.94052921678654,62.30218197069771,86.0828350773563
1298895,124.4651690617992,65.1960409371329,90.08127584243148
134514,114.96449443897328,60.21949708708124,83.20519237394694
640543,112.38908952010243,58.8704754629108,81.34125113921027
