UE ID,Internet usage,Data rate,optimal GU
372018,114.16450047492089,66.59595861037052,87.19457751719115
484829,109.0344059148471,63.60340345032748,83.2764030765546
853662,124.02080583109067,72.34547006813622,94.72245507839894
125646,114.7520144699684,66.93867510748157,87.643298742883
628126,113.81859354831234,66.39417956984887,86.9303867380923
1047746,123.05320174453843,71.78103435098075,93.98343525016989
957911,120.54326481034762,70.31690447270279,92.0664392517541
