UE ID,Internet usage,Data rate,optimal GU
372018,114.16450047492089,16.309214353560126,43.150125258365144
484829,109.0344059148471,15.576343702121013,41.21113177147935
853662,124.02080583109067,17.717257975870094,46.87545851812788
125646,114.7520144699684,16.3931449242812,43.372184675888825
628126,113.81859354831234,16.259799078330335,43.019384729139304
1047746,123.05320174453843,17.579028820648347,46.50973854947259
957911,120.54326481034762,17.22046640147823,45.56107155885476
