UE ID,Internet usage
159731,0.8292377313099333
882061,0.8360634829730665
426222,0.8796984745483458
982272,0.8463353918181074
504868,0.8310676385957527
495251,0.8060206014970543
905509,0.8599400038848954
