UE ID,Internet usage,Data rate,optimal GU
159731,115.48180183479724,98.29700989509527,106.54349261056959
882061,116.6285281138507,99.27309238262292,107.60146209924676
426222,123.9592066986745,105.51289617803842,114.36474503407615
982272,118.35420879976436,100.74197534741847,109.19357483464437
504868,115.78922625824559,98.55868663648286,106.8271223363582
495251,111.58132402606151,94.97696033170712,102.94491238416109
905509,120.63978362677196,102.68743487278805,111.30224581849815
