UE ID,Internet usage,Data rate,optimal GU
948658,122.46978002193026,51.029075009137614,79.05390307310363
974986,110.012807409306,45.838669753877504,71.01296182762768
1255411,114.29403662696507,47.62251526123545,73.77648340450938
1121175,124.7097011086688,51.962375461945335,80.49976591739649
238430,112.08656916366475,46.70273715152698,72.35156928406657
264947,121.62457839112966,50.67690766297069,78.50832776639061
747382,138.32049886950517,57.63354119562716,89.28549809344923
