UE ID,Internet usage
539414,1.0720674162157195
275040,0.9469595067712162
1257709,1.030684452969484
204213,1.008722640590806
1251019,1.0285942930459384
684812,0.9595966588369969
274624,1.0136907696737574
