UE ID,Internet usage,Data rate,optimal GU
539414,125.80820819447413,86.11871394264598,104.08862134324178
275040,104.79007940774223,71.73130435649021,86.69907196468446
1257709,118.85587036939422,81.3596731695258,98.33653831375925
204213,115.16628588915123,78.83406474554995,95.28392539295317
1251019,118.50472350166585,81.11930477792603,98.04601360257074
684812,106.91312095456014,73.18457684389533,88.45559064366527
274624,116.00093157532878,79.40539959025482,95.97447746448422
