UE ID,Internet usage
598695,0.8031521832123689
343924,0.784054841154767
577816,0.7269525563923499
686378,0.8317364342794198
620257,0.737227479045541
471184,0.7158037833975388
222636,0.8109297801732049
