UE ID,Internet usage,Data rate,optimal GU
598695,121.19464093900639,30.298660234751598,60.597320469503195
343924,117.9862874734601,29.496571868365024,58.99314373673005
577816,108.3931036331404,27.0982759082851,54.1965518165702
686378,125.9967951181645,31.499198779541125,62.99839755908225
620257,110.11929063893763,27.529822659734407,55.059645319468814
471184,106.52010977011274,26.630027442528185,53.26005488505637
222636,122.50127722819765,30.625319307049413,61.250638614098825
