UE ID,Internet usage,Data rate,optimal GU
773771,127.35962623516428,25.775162452354675,57.2949828177174
35983,116.77654574713645,23.633348544063328,52.53399668228025
1033666,118.2044387793734,23.92232689582557,53.17635964427963
362689,126.03522789552653,25.507129455047036,56.69917877560089
1299426,114.59568941659559,23.19198476288244,51.552899849006494
231805,109.55950357942694,22.172756676788786,49.287282482364596
849584,117.7666680998511,23.833730448779388,52.97942075318225
