UE ID,Internet usage,Data rate,optimal GU
773771,127.35962623516428,38.66274367853202,70.17173636246861
35983,116.77654574713645,35.45002281609499,64.3407430103255
1033666,118.2044387793734,35.88349034373836,65.12747375360615
362689,126.03522789552653,38.26069418257055,69.44202841753203
1299426,114.59568941659559,34.78797714432366,63.139149695434924
231805,109.55950357942694,33.25913501518318,60.364346445104545
849584,117.7666680998511,35.75059567316909,64.88627385675707
