UE ID,Internet usage
871713,0.9837458239128124
244405,1.0206926471367463
287111,1.0085912291237753
108028,1.023955393150732
1068698,0.9789460389565109
44966,1.020528722571321
393984,1.0215468951277895
