UE ID,Internet usage
624396,0.5297300208367993
1091375,0.5523834721427652
821700,0.5275702314115918
926434,0.6013244927914558
417047,0.5626165123896748
1106602,0.5609065158677068
919165,0.49280697667891676
