UE ID,Internet usage
624396,0.6296213515102145
1091375,0.6522748028161802
821700,0.6274615620850068
926434,0.7012158234693043
417047,0.6625078430675233
1106602,0.6607978465411218
919165,0.5926983073523319
