UE ID,Internet usage,Data rate,optimal GU
489161,121.1117514410148,30.998841142640696,61.27253824860696
507371,109.85769362668564,28.118338249687397,55.57891496535061
692204,128.92904867293853,32.99969698176403,65.2274446713504
1246538,123.6804554751886,31.656307056149462,62.57209022692938
500467,109.8281451872202,28.11077525625279,55.56396589669467
494518,119.26857602223686,30.527076005691576,60.340043796151065
59249,120.17251458106514,30.758441232058342,60.797362010619885
