UE ID,Internet usage,Data rate,optimal GU
232258,118.17851243666817,66.12369148242148,88.3990921684932
1019761,127.6891825509398,71.44513785588299,95.51319934991658
434327,117.50926337305083,65.74923069682606,87.89848500701711
767355,105.03391884043198,58.76897839881313,78.56676210380594
957903,114.93263334733302,64.30754484910301,85.97113162922267
654618,104.26711569612108,58.33993378235346,77.99318319820452
356502,107.52776325813495,60.16434372776599,80.4321907505961
