UE ID,Internet usage
381287,0.7340883939702503
736210,0.7579753502046029
991060,0.7039093171574566
1254100,0.6894308128132016
591699,0.6572039977704206
681524,0.7307933798715692
1019590,0.6435039828090884
