UE ID,Internet usage
381287,0.32484236167736175
736210,0.34872931791215783
991060,0.29466328486456816
1254100,0.28018478052341655
591699,0.24795796547930546
681524,0.3215473475822274
1019590,0.23425795051708656
