UE ID,Internet usage,Data rate,optimal GU
381287,121.49932721112148,37.60693461296617,67.59598548692095
736210,125.51233585856107,38.849056337173664,69.82861739129238
991060,116.42924230657748,36.03762261870255,64.7752506442539
1254100,113.9968535773203,35.28474039298009,63.42199448213774
591699,108.58274864985067,33.60894601066806,60.409864567492384
681524,120.94576484313183,37.435593880016995,67.28801181618849
1019590,106.2811461362236,32.896545232640634,59.129371138607326
