UE ID,Internet usage
1206782,0.36084313124419165
605792,0.41257917451144127
1101915,0.3169491795543706
41450,0.39007550758543985
1026535,0.35331737101773536
249646,0.36174722366989787
1162801,0.32375543161662373
