UE ID,Internet usage
711779,0.36159882089941603
1145732,0.31639958253736306
867124,0.21785674663304797
1182159,0.42498492641618524
830973,0.32374773761855424
865176,0.36860930688291726
1073254,0.37147485291188875
