UE ID,Internet usage
717601,0.6468934217070954
148392,0.589698548868058
986228,0.5672856812856717
930003,0.5723114566366435
1059947,0.5811619657699048
1130190,0.6298520542145861
576575,0.6294796287991613
