UE ID,Internet usage
717601,1.079204439506526
148392,1.0220095666719218
986228,0.9995966990895356
930003,1.0046224744405075
1059947,1.0134729835737686
1130190,1.0621630720140167
576575,1.0617906465985918
