UE ID,Internet usage
306162,0.26394198564252824
832711,0.2935931730654971
849579,0.31132620425178353
1023907,0.3613806430612488
1256860,0.25356114543110114
621073,0.30305523015701696
912709,0.27646781138610593
