UE ID,Internet usage,Data rate,optimal GU
306162,111.89033944107749,17.982375981601738,44.85592661553763
832711,116.87173892816195,18.782958042026028,46.852929135607795
849579,119.85088816739774,19.261749884046065,48.047245823888716
1023907,128.26003388742345,20.61321973190734,51.41840391672364
1256860,110.14635828552892,17.702093295888577,44.15677876128198
621073,118.46136451949609,19.03843358349044,47.49019710018139
912709,113.99467816602728,18.320573276682957,45.699538887089375
