UE ID,Internet usage,Data rate,optimal GU
1261777,128.3690885392316,119.9639696467819,124.09538847638714
797061,107.53449988458013,100.49355048737547,103.9544308497032
800551,122.40076547221668,114.3864296377263,118.32576451175606
293269,129.32082356161163,120.85338868555372,125.01543806677384
95116,118.4939186769877,110.73538828742304,114.54898556685067
477805,129.83612685571535,121.3349518830197,125.51358573762388
320309,118.6735755834659,110.9032819440723,114.72266128470126
