UE ID,Internet usage,Data rate,optimal GU
483133,109.60203775522625,15.005040883155976,40.553459253118895
243785,105.89657060045721,14.497744784586404,39.18241256135671
1060257,121.05308365012674,16.572743594957828,44.79041992114533
624111,106.43289051675347,14.571169535031727,39.38085438157844
720271,116.81176096071563,15.992086322002736,43.22110323336175
447914,119.71241756973942,16.38920002442861,44.294364844282185
884809,129.08686883168738,17.67260704243339,47.762972135332554
