UE ID,Internet usage,Data rate,optimal GU
483133,109.60203775522625,57.41059120511851,79.32413116330528
243785,105.89657060045721,55.46963221928711,76.64231092869743
1060257,121.05308365012674,63.40875810244734,87.61178972447834
624111,106.43289051675347,55.75056169925182,77.03047078646202
720271,116.81176096071563,61.18711288418437,84.54214572687205
447914,119.71241756973942,62.70650444129207,86.64148685251584
884809,129.08686883168738,67.61693129278862,93.42621655934389
