UE ID,Internet usage,Data rate,optimal GU
1178140,119.3508673670544,85.9610413774618,101.28931260589796
485652,133.1250059245952,95.88170069569058,112.97898907838604
1295226,112.41150614896549,80.96304907157634,95.40009585188318
1202917,117.4095877616347,84.56285785212975,99.64180990108653
243494,118.95040703318327,85.67261458937604,100.94945456516007
150355,111.5179407563524,80.31946923523,94.64175511768602
1179544,129.06564450380012,92.95799395809412,109.53393721574047
