UE ID,Internet usage
685796,0.4624611535754849
77626,0.3924173904659461
1047623,0.41821378791064
1039357,0.4342511448787715
249203,0.3724834760132227
715324,0.47167747049324865
1214579,0.3643527558972961
