UE ID,Internet usage,Data rate,optimal GU
685796,121.23720170117052,62.06190087083729,86.742211142187
77626,109.46984949890373,56.03813724348643,78.3229624710619
1047623,113.80364426962815,58.25662742373822,81.42368515167665
1039357,116.49792024026587,59.635840122993244,83.3513727907928
249203,106.12095187086967,54.32382060056424,75.92690927065473
715324,122.78554294364487,62.85450412591345,87.85001090241167
1214579,104.75499089140023,53.624578670597735,74.94959806559099
