UE ID,Internet usage,Data rate,optimal GU
926666,125.19821957581931,87.93684470206357,104.92633793196862
915921,126.96975456383173,89.18113713411991,106.41102900377679
348123,116.64830503475194,81.93154758393291,97.76081093434065
1102948,98.13910581317934,68.93103860687597,82.24858960281661
375740,111.57303870418312,78.366777185081,93.50732305008597
920947,130.51459943599914,91.67096865147559,109.38189865538709
849307,120.51175048686851,84.6451580800624,100.99869390475315
