UE ID,Internet usage
103767,0.414026610923035
218252,0.37432597350075525
229562,0.46175782543542765
10731,0.4099993191907833
453993,0.4142799893027609
415386,0.4581614541430692
1199677,0.49496594318350995
