UE ID,Internet usage
756239,1.0443639109201504
1298191,0.9672206009573256
635875,1.0385971974029413
515752,1.0957180793102714
440912,1.0575679889473697
1289924,1.0933596259859437
565107,0.9897402908593003
