UE ID,Internet usage,Data rate,optimal GU
756239,121.21599087131388,73.595423029012,94.45073915039099
1298191,108.255914797953,65.7268054130429,84.35232923124298
635875,120.24718300041573,73.00721825025241,93.69585013910377
515752,129.84349116124838,78.83354820504367,101.1732332169504
440912,123.43427598022681,74.94223898799486,96.17921298191347
1289924,129.44727100259195,78.5929859658594,100.86450095660766
565107,112.03922270097047,68.02381378273208,87.30025899946038
