UE ID,Internet usage
83680,0.9605215358517042
260879,1.0459965088271674
747492,0.9574337238907652
1079504,0.9026050152118618
737596,0.933620725869381
16062,0.9400653818774202
39377,0.9281887147154647
