UE ID,Internet usage,Data rate,optimal GU
83680,119.49364618648151,83.93006101193345,100.1454393118817
260879,133.8534416457112,94.01610782258287,112.18012124341365
747492,118.97489377668511,83.56569920029074,99.710682405292
1079504,109.76367071897737,77.09591157642458,91.99092483530136
737596,114.97431010902297,80.75576543371851,96.35786640470964
16062,116.05701231821568,81.51623484255626,97.26525932344556
39377,114.06173223501514,80.11478811745111,95.59305157969214
