UE ID,Internet usage
28057,0.9071047670991836
358439,0.9800461217094995
1286354,1.064987065256276
409641,0.9842620758896607
303115,1.0424430713032296
1171466,0.9353518909764239
808188,1.0285942927621985
