UE ID,Internet usage
269238,0.46126827362525413
1258035,0.5011273187951357
843634,0.5910482405515769
300175,0.4704739643877852
530204,0.4665985610632057
1191960,0.5083237988617764
855113,0.6095601914639731
