UE ID,Internet usage,Data rate,optimal GU
594681,118.41421102270772,64.84587746481614,87.62804013597123
837922,115.31243478114236,63.147285713482724,85.33268579765985
822361,119.79241139571806,65.60060624051228,88.64792614930118
735834,120.4398290596226,65.95514448503143,89.12702355279175
895897,120.80999599580682,66.15785495008468,89.40095184957987
1036784,108.33262116997811,59.32500683117849,80.16753389588844
1299071,114.35339407366362,62.62209675462532,84.62298333136667
