UE ID,Internet usage,Data rate,optimal GU
594681,118.41421102270772,42.995636145149824,71.35330638132567
837922,115.31243478114236,41.8693959622005,69.4842571466161
822361,119.79241139571806,43.496054137730965,72.18377387860441
735834,120.4398290596226,43.731128408553445,72.57389082935117
895897,120.80999599580682,43.86553426038224,72.79694374320054
1036784,108.33262116997811,39.335058877194435,65.27840402492917
1299071,114.35339407366362,41.52117284817548,68.90636430046294
