UE ID,Internet usage
170155,0.6883057165223546
30473,0.656423506062753
903610,0.6409160436115643
290775,0.6290759103795245
1042702,0.6830565667551465
530497,0.7148359044548053
328198,0.6114906547791917
