UE ID,Internet usage,Data rate,optimal GU
170155,121.68961316197323,38.3901755808606,68.34973017982703
30473,116.33340180440499,36.70041842638967,65.34129263480312
903610,113.72814811305796,35.878522916619474,63.87799283273578
290775,111.73900572978269,35.250995855229064,62.76074591532502
1042702,120.8077560004926,38.11197064301255,67.85441511161228
530497,126.1466847341692,39.79627554113671,70.85314547909572
328198,108.78468278853221,34.31897730828695,61.10138345494994
