UE ID,Internet usage
712606,0.5070635733507536
277849,0.5389200102401358
840281,0.5994772967467324
889965,0.5765551754153806
964966,0.5777811509861254
391188,0.5540030360436484
1282408,0.6333763429555275
