UE ID,Internet usage
712606,0.8967480272717732
277849,0.9286044641611553
840281,0.9891617506677519
889965,0.9662396293364001
964966,0.9674656049071448
391188,0.9436874899646678
1282408,1.023060796876547
