UE ID,Internet usage,Data rate,optimal GU
712606,105.26885494953923,23.810812429062445,50.06532692218897
277849,110.62073634648415,25.021357030752366,52.61065423590649
840281,120.79436048022812,27.322533918146835,57.44917763851706
889965,116.9434440964467,26.451493307529606,55.61770157851385
964966,117.14940799237877,26.49808037922853,55.71565694991929
391188,113.15468468194283,25.594512011391828,53.81578705396067
1282408,126.48940024312881,28.610697674041038,60.15770930917276
