UE ID,Internet usage
312206,0.9169678953682203
1009492,0.8666127587975141
1131023,0.8373051151607958
473159,0.9906745950337675
800584,0.8733382307050863
56822,0.8601162093358163
659053,0.9117371363385647
