UE ID,Internet usage,Data rate,optimal GU
499208,107.62879203789194,94.81584060480957,101.01937631144314
393989,123.58566893041632,108.87308929584295,115.99635153377756
313832,119.0531522539614,104.88015793801362,111.74217382624097
735473,128.38618646668792,113.10211664922508,120.50207233863034
392829,107.13383689253061,94.37980869103887,100.55481604703975
727528,123.64351645488647,108.92405021025714,116.05064667852915
455245,108.69399017280843,95.75422943795029,102.0191613057734
