UE ID,Internet usage,Data rate,optimal GU
281811,115.91604775415114,100.73656531015516,108.06009677527182
65274,113.8302496219544,98.92390740955561,106.11565894819114
799833,97.89443676042241,85.07492718465281,91.2598601750821
717762,118.65105998163824,103.11342117451895,110.60974966380574
806430,121.95560151710073,105.9852251279566,113.69033328478409
1025883,115.88677201916121,100.7111233023663,108.03280513776804
661921,116.1310064414002,100.92337464550256,108.26048711808342
