UE ID,Internet usage,Data rate,optimal GU
252809,127.32706875226505,17.431682031560097,47.11183478171993
927304,114.81858189179147,15.719210616138119,42.48361415185121
867373,110.29723152023927,15.100216220032758,40.81068541971116
152741,130.5361250528743,17.87101712033398,48.299206263063724
241804,117.46831750754198,16.08197203972301,43.46403338059636
1153638,119.01280891609736,16.293420268275234,44.03550514048758
1077362,122.45295332979609,16.764392420150656,45.30838071071505
