UE ID,Internet usage,Data rate,optimal GU
252809,127.32706875226505,9.094790625161789,34.029590523799
927304,114.81858189179147,8.201327277985104,30.686556791023587
867373,110.29723152023927,7.8783736800170905,29.478175075601346
152741,130.5361250528743,9.324008932348164,34.88724689606672
241804,117.46831750754198,8.39059410768157,31.394728422428653
1153638,119.01280891609736,8.500914922578383,31.807511114402235
1077362,122.45295332979609,8.746639523556864,32.72692838276545
