UE ID,Internet usage,Data rate,optimal GU
904059,123.90222537599375,22.125397388570313,52.35824647342635
371230,113.82773717600585,20.326381638572474,48.10099819021035
1037920,115.55936716164554,20.635601278865277,48.832745415199774
217369,110.69018814631966,19.76610502612851,46.775141734281036
242452,129.753674450983,23.17029900910411,54.83093501445355
546179,116.4482399686021,20.794328565821804,49.208362732555685
535573,108.59725770162868,19.39236744671941,45.89071719919032
