UE ID,Internet usage
391832,0.3337561966721924
739819,0.32530276922309415
1240875,0.3622470249969565
667414,0.39094103154094145
937594,0.35909741205432244
409304,0.3986630442772934
829159,0.41687096591247796
