UE ID,Internet usage,Data rate,optimal GU
391832,114.06229753360373,97.08874135300793,105.23385816062189
739819,112.64212172214191,95.87990122777556,103.92360417540395
1240875,118.84875669219771,101.16292980347782,109.64984464413715
667414,123.66934979156952,105.26617273925262,114.09732309616388
937594,118.31962171781974,100.712535152668,109.16166479816209
409304,124.96664793130678,106.3704205605766,115.29421016034853
829159,128.025578765965,108.97415335436308,118.11637927791115
