UE ID,Internet usage,Data rate,optimal GU
835654,115.38789457719855,63.8754416409492,85.85134085230028
777211,131.7788826215003,72.94902430833052,98.0466262126365
237561,113.17193209210792,62.64874812241689,84.20261200322551
105672,120.60627554744046,66.76418824947598,89.73394053933822
272542,117.07319156529017,64.8083739022142,87.10524193691718
396587,120.60837275804029,66.76534920534374,89.73550091395727
602875,107.63865296678206,59.585682892325785,80.08572059134998
