UE ID,Internet usage,Data rate,optimal GU
835654,115.38789457719855,28.846973644299638,57.693947288599276
777211,131.7788826215003,32.94472065537507,65.88944131075014
237561,113.17193209210792,28.29298302302698,56.58596604605396
105672,120.60627554744046,30.151568886860115,60.30313777372023
272542,117.07319156529017,29.268297891322543,58.53659578264509
396587,120.60837275804029,30.152093189510072,60.304186379020145
602875,107.63865296678206,26.909663241695515,53.81932648339103
