UE ID,Internet usage
961235,0.6069324223492117
1165425,0.5772216986274697
845272,0.7346531217866227
1026753,0.6073499004039
684438,0.6133576669812528
827847,0.6526238288580938
815375,0.5896227492418112
