UE ID,Internet usage
349353,0.6845670076460596
257738,0.7194879329700485
572605,0.7469256108690833
350711,0.7987658194354206
979391,0.7143373236958631
1143276,0.7425541957829014
647466,0.6595594100697503
