UE ID,Internet usage
349353,0.5030343304223284
257738,0.5379552557463173
572605,0.565392933645352
350711,0.6172331422116893
979391,0.5328046464721318
1143276,0.5610215185591702
647466,0.47802673284601904
