UE ID,Internet usage
349353,0.31050790879728846
257738,0.3454288341226075
572605,0.3728665120211988
350711,0.4247067205875361
979391,0.34027822484709197
1143276,0.368495096935017
647466,0.28550031122097913
