UE ID,Internet usage,Data rate,optimal GU
589142,118.01823298799627,15.454768605570939,42.70766303683499
402964,113.24390624835141,14.829559151569827,40.97996103298239
415412,113.92064820747937,14.918180122408012,41.22485596846464
634454,129.26053684699892,16.926975063297476,46.775954120440936
249,108.01764106610408,14.145167282466009,39.088714513749515
465831,113.56021133510306,14.870980055787305,41.094423440356344
396026,114.62598284931516,15.010545373124604,41.48009783617498
