UE ID,Internet usage,Data rate,optimal GU
589142,118.01823298799627,42.14936892428439,70.52938424517262
402964,113.24390624835141,40.444252231554074,67.67617829040574
415412,113.92064820747937,40.685945788385496,68.08060896574914
634454,129.26053684699892,46.16447744535676,77.24794584872784
249,108.01764106610408,38.57772895218003,64.55288745751064
465831,113.56021133510306,40.55721833396538,67.86520673488754
396026,114.62598284931516,40.93785101761256,68.50212703728751
