UE ID,Internet usage
76548,0.9505737846657625
452944,0.989788614188714
246722,0.9755798848366279
427963,0.940771324324507
131094,0.9322772683469592
1188002,1.0232048369476916
814020,0.9721262081126999
