UE ID,Internet usage
703085,0.9288023165601854
1193435,0.9629651647824828
1283825,1.025218042029673
360452,1.010119370174048
988038,0.9549921616626181
21333,0.9606951837967446
770708,1.0616170705461079
