UE ID,Internet usage,Data rate,optimal GU
751400,130.8957080891309,79.47239419697233,101.9931140418373
778221,121.16094448366358,73.5620020079386,94.40784735068901
1227856,107.0006411435799,64.96467498003065,83.37422787976847
72015,116.41030703557145,70.6776864144541,90.70618047338581
250377,110.59339915872663,67.14599234636974,86.17368237153889
201108,115.75228712649405,70.27817432679997,90.19345549096981
1157817,120.35213313491842,73.0709379747719,93.77762662508107
