UE ID,Internet usage,Data rate,optimal GU
644934,125.93315768405711,2.998408516287074,19.431908101954367
548620,112.23406677946934,2.6722396852254606,17.318092483941253
994543,106.3902491228819,2.533101169592426,16.41637184296219
596930,109.97460598842731,2.61844299972446,16.96945011477547
459188,116.01191653810793,2.7621884890025696,17.901027357352667
414703,118.47505111390024,2.820834550330958,18.281097273804875
184798,122.5676331976829,2.918276980897212,18.912596399327377
