UE ID,Internet usage,Data rate,optimal GU
644934,125.93315768405711,51.72254690595202,80.7067757708626
548620,112.23406677946934,46.09613457013919,71.92744014366428
994543,106.3902491228819,43.69599517546935,68.18231304664303
596930,109.97460598842731,45.16814174524693,70.47941963199588
459188,116.01191653810793,47.647751435294325,74.34855050866746
414703,118.47505111390024,48.659395993209024,75.92709942745707
184798,122.5676331976829,50.3402779204769,78.54991228019563
