UE ID,Internet usage,Data rate,optimal GU
1146971,109.3496846649487,65.73998899499892,84.78588954820448
1211412,123.4137098242244,74.19514697765872,95.69063872431019
898706,110.23139771812005,66.27006648529837,85.46953875824522
1236649,122.23666636907532,73.48751966236077,94.77800073465814
489796,125.00793630805887,75.15358075663063,96.92674572349698
126176,115.54644561920186,69.46542266392493,89.59063947897724
1272938,112.63792464609101,67.71684755509042,87.33547487808781
