UE ID,Internet usage,Data rate,optimal GU
1146971,109.3496846649487,29.940985086831194,57.21920375016523
1211412,123.4137098242244,33.791849118537634,64.57845973340628
898706,110.23139771812005,30.18240651805668,57.680576080530656
1236649,122.23666636907532,33.46956341058015,63.96255041927031
489796,125.00793630805887,34.228363512920886,65.41266762602103
126176,115.54644561920186,31.6377172528767,60.46177119531979
1272938,112.63792464609101,30.841336510239206,58.9398348981829
