UE ID,Internet usage
179790,0.7219161846832517
1072132,0.6881660938489192
309168,0.7576596478523199
837552,0.7344042277428007
86712,0.6919310421428857
1099593,0.7524458600723657
465246,0.7153350389362836
