UE ID,Internet usage
179790,0.9746858687481431
1072132,0.9409357779138108
309168,1.0104293319172113
837552,0.9871739118076923
86712,0.9447007262033438
1099593,1.0052155441372572
465246,0.968104723001175
