UE ID,Internet usage
179790,1.0449928591833848
1072132,1.011242768344619
309168,1.0807363223480195
837552,1.057480902242934
86712,1.0150077166385856
1099593,1.0755225345724988
465246,1.0384117134319832
