UE ID,Internet usage,Data rate,optimal GU
179790,121.83353675042162,58.01596988115315,84.07312768433695
1072132,116.16352148997318,55.31596261427294,80.16044543215592
309168,127.83843856260076,60.875446934571784,88.21690361215427
837552,123.93152798437667,59.01501332589365,85.5208791786915
86712,116.79603280307309,55.61715847765385,80.59691970522059
1099593,126.96252221574396,60.458343912259025,87.61246390832342
465246,120.72790426459402,57.489478221235245,83.31016878457726
