UE ID,Internet usage,Data rate,optimal GU
573525,122.34788714344711,86.66308672660837,102.97109086695086
949589,109.18496913142718,77.33935313476091,91.89284457814665
552375,111.0369722010775,78.65118864242989,93.45153742379624
1290915,109.8185093215293,77.78811076941659,92.42604810136226
1270623,116.92788011621396,82.82391508231821,98.40947522215932
1044639,123.93106557585126,87.78450478289464,104.3035340666487
1278406,125.00963243768776,88.54848964336216,105.21128334560464
