UE ID,Internet usage
124056,0.7438674344732654
488443,0.7202440549896623
282502,0.6607701969724101
841575,0.7846401852612439
860641,0.621890196174471
277109,0.6438431791798199
423495,0.7203340600504262
