UE ID,Internet usage,Data rate,optimal GU
375150,110.96110377563902,99.73289684596126,105.19730185118726
369636,112.5721313195956,101.1809037455889,106.72464562360372
362518,105.80789845073664,95.10114682179307,100.31177640471171
178911,109.76282310478105,98.65587076679726,104.0612650856413
419800,112.2430117696174,100.8850879595966,106.41262197327856
8596,120.68828945235776,108.47578397205967,114.41921523324379
335534,110.20391992855954,99.05233279293151,104.47944942355532
