UE ID,Internet usage,Data rate,optimal GU
819549,118.31723581319513,103.52758133654574,110.67563984077897
993415,113.3622079980528,99.1919319982962,106.04063573422955
945199,120.91330365087921,105.79914069451932,113.1040389411382
991098,121.28067450741501,106.12059019398815,113.44768291089886
1245220,106.76066527804872,93.41558211829263,99.8654579636278
609483,112.45578899342422,98.3988153692462,105.19275839318436
95442,123.27622739766394,107.86669897295596,115.31435171402336
