UE ID,Internet usage,Data rate,optimal GU
819549,118.31723581319513,9.859769651099594,34.15524397326032
993415,113.3622079980528,9.4468506665044,32.72485065180306
945199,120.91330365087921,10.076108637573268,34.90466420572103
991098,121.28067450741501,10.106722875617917,35.01071503717772
1245220,106.76066527804872,8.89672210650406,30.81914941857248
609483,112.45578899342422,9.371315749452018,32.46319002364261
95442,123.27622739766394,10.273018949805328,35.5867815363614
