UE ID,Internet usage
39452,0.9433635340090564
441593,0.8118123702485632
514390,0.9048316068672931
542898,0.9093812338566671
1102278,0.9096521731305247
14450,0.9187650124261548
1078382,0.9311804790365016
