UE ID,Internet usage
39452,0.3883553115605928
441593,0.25680414779743965
514390,0.3498233844166128
542898,0.3543730114055434
1102278,0.3546439506816178
14450,0.3637567899754745
1078382,0.3761722565880379
