UE ID,Internet usage
39452,0.684897458750128
441593,0.5533462949852015
514390,0.6463655316039313
542898,0.6509151585933052
1102278,0.6511860978671629
14450,0.660298937162793
1078382,0.6727144037775731
