UE ID,Internet usage
39452,1.046282058241514
441593,0.9147308944765876
514390,1.0077501310953174
542898,1.0122997580846913
1102278,1.0125706973629824
14450,1.021683536654179
1078382,1.0340990032689592
