UE ID,Internet usage,Data rate,optimal GU
39452,123.23494883487673,42.545399002516966,72.4091159263431
441593,101.1343533226625,34.91543150425253,59.423476725653614
514390,116.76158507465654,40.31054722815523,68.60556383841042
542898,117.5259224088634,40.57442559353617,69.05466525941699
1102278,117.57144020722272,40.59014007154118,69.08141013633117
14450,119.10239720859197,41.118684750585324,69.98095400792337
1078382,121.18819559949011,41.83878181410968,71.20650584133948
