UE ID,Internet usage
448951,0.3287271289320736
718365,0.3617290960969641
292235,0.2671374353445174
926385,0.3466269494523169
951056,0.29743440026823886
678434,0.31483744204245173
1070824,0.23371012404403696
