UE ID,Internet usage
448951,0.4284113144205193
718365,0.461413281585853
292235,0.36682162083296305
926385,0.4463111349425359
951056,0.39711858575712783
678434,0.41452162753089733
1070824,0.33339430953248256
