UE ID,Internet usage,Data rate,optimal GU
448951,121.44266387749056,78.07028392124393,97.37075150715374
718365,126.98699436123253,81.63449637507806,101.81610545912712
292235,111.09559535479445,71.41859701379643,89.07464035656758
926385,124.44983372493179,80.00346453745615,99.78185135135996
951056,116.18548546198804,74.69066922556374,93.15563141030655
678434,119.10919647998891,76.57019773713573,95.4998153232984
1070824,105.47980705632615,67.80844739335252,84.57199269166989
