UE ID,Internet usage,Data rate,optimal GU
336907,108.7116637195441,39.47268742197733,65.50680515125644
50362,111.86914778283146,40.61915484971857,67.40942246227067
21348,120.2786090325067,43.67259018442208,72.47674385779891
1292148,119.13949768960278,43.25898428015339,71.7903451565731
70147,112.98146371340735,41.02303146736815,68.07967494887458
855720,114.13956702324602,41.4435332643929,68.7775177126312
909057,115.74464852379097,42.026330713995534,69.74469784317668
