UE ID,Internet usage,Data rate,optimal GU
171974,136.3470349168643,109.56458162962309,122.22440769791379
1277236,126.37381001184882,101.55038304523566,113.2841948975632
376744,118.23597744798238,95.01105330641441,105.98926717383353
1206176,126.14080491643034,101.36314680784581,113.07532413043955
232078,114.50543843588564,92.01329874312239,102.64513195721146
541215,104.67352063842178,84.1126505130175,93.83158988009686
1198103,112.4917078139693,90.39512235051104,100.8399806191061
