UE ID,Internet usage,Data rate,optimal GU
729987,103.88107338326306,78.52914475996671,90.31994159395249
595879,116.17974993687353,87.82635858323177,101.01309013224996
597220,121.32877392520285,91.71877552679024,105.48993592085627
731719,117.06356962889606,88.4944841837488,101.7815317777126
336434,110.40850828426193,83.46357471488848,95.99525394696802
550958,125.30124319882617,94.72177313244597,108.94382007022084
18386,125.64027552154518,94.97806542402522,109.23859349322414
