UE ID,Internet usage
146500,1.0590122525049357
1107796,1.042003629154771
93608,0.9958469243101785
357258,1.048698335796314
249350,1.0809007135988158
1069225,0.9626575979490286
514701,1.0686120368627137
