UE ID,Internet usage,Data rate,optimal GU
255303,112.40788113330795,5.352756244443236,24.529410666808673
619022,113.52091832037478,5.405758015255942,24.7722952935246
1219091,108.15973497403449,5.150463570192119,23.602389174517885
822378,121.41083149185037,5.781468166278589,26.49401549994917
1255988,124.65211243495999,5.935814877855238,27.20132098901668
461972,127.59999275566572,6.0761901312221775,27.844601213269286
196953,125.66258186228436,5.983932469632588,27.421823495595373
