UE ID,Internet usage,Data rate,optimal GU
1253067,124.39641265740114,70.34320953841136,93.54380215378384
748428,119.08634217883201,67.34049111303001,89.55072734030075
319168,108.77864578432315,61.51173422327797,81.79953024714372
742333,117.46343362535872,66.42277496672071,88.3303301166453
1092576,112.86668548073288,63.82342333731919,84.87366050852805
577047,122.01891162580502,68.99878931221117,91.75596533944938
167562,114.5509589060584,64.77583985759254,86.14020298114292
