UE ID,Internet usage,Data rate,optimal GU
1084148,121.01129175213318,62.666561800211824,87.08249877620943
1155027,107.10930390167321,55.46731809193791,77.07830972537056
887901,108.17114639107841,56.0172008096656,77.84243591512777
779579,104.9213269327311,54.33425859016432,75.50379135636955
486053,115.96575755710353,60.053695877785756,83.45161674030845
84102,117.28519395917958,60.73697544314656,84.40111341293651
146819,113.73747843011012,58.899765615592734,81.84809601476397
