UE ID,Internet usage,Data rate,optimal GU
1084148,121.01129175213318,105.88488028311653,113.1956984168564
1155027,107.10930390167321,93.72064091396406,100.19157953397763
887901,108.17114639107841,94.6497530921936,101.18484223249597
779579,104.9213269327311,91.80616106613972,98.14491448699427
486053,115.96575755710353,101.47003786246559,108.47603334409311
84102,117.28519395917958,102.62454471428214,109.71025308414468
146819,113.73747843011012,99.52029362634636,106.39166908026584
