UE ID,Internet usage,Data rate,optimal GU
969990,129.76185291980352,86.50790194653568,105.95010924386604
603912,115.01750767013881,76.67833844675921,93.91140175949684
1097532,117.09116046242741,78.06077364161827,95.60453217443171
770678,108.64504435323052,72.43002956882034,88.70830724915386
813817,125.01015614431974,83.34010409621315,102.07036507307822
470838,103.69952571877856,69.13301714585238,84.67030819320948
523533,108.36132229982682,72.24088153321789,88.47664916261596
