UE ID,Internet usage
1194370,0.9919749251752971
737434,0.9161104199662039
68218,0.9201093778448097
164296,0.8480428783074003
552096,0.928383325866776
328823,0.9447935406422088
1215803,0.9775352500115166
