UE ID,Internet usage,Data rate,optimal GU
1194370,127.10781264740943,92.30448299395209,108.3172236115349
737434,114.36257577228083,83.04901335844204,97.45613927823116
68218,115.03440069639821,83.53688622000347,98.0286470495299
164296,102.92722877402254,74.74477327637351,87.71130131676158
552096,116.42442396403617,84.54630787864531,99.2131805409812
328823,119.18134004574145,86.54835408083605,101.56253648913734
1215803,124.68194722045156,90.54284262437554,106.24997847191331
