UE ID,Internet usage,Data rate,optimal GU
118900,119.02121021271924,100.60126101313173,109.42432926323373
319478,106.89485256034443,90.35160156886256,98.27574028362517
65713,116.67083840453326,98.6146372228793,107.2634718986488
767029,116.42284207842712,98.40502128057531,107.03547193464735
1228616,125.31896933116622,105.92436693467621,115.2142894406327
822989,122.33405580687202,103.40140431295134,112.47005452888126
871346,119.37903055056091,100.90370439392649,109.75329794364869
