UE ID,Internet usage,Data rate,optimal GU
118900,119.02121021271924,72.97133721375049,93.19408171134592
319478,106.89485256034443,65.53672508163974,83.69909536482284
65713,116.67083840453326,71.53033545039837,91.35373122295272
767029,116.42284207842712,71.37829008379758,91.15954911173117
1228616,125.31896933116622,76.8324633399412,98.12525218788507
822989,122.33405580687202,75.00242707207035,95.78805300811528
871346,119.37903055056091,73.19071515897485,93.47425646123462
