UE ID,Internet usage,Data rate,optimal GU
239262,124.84416684602662,110.72488607177362,117.57276959718094
233060,118.10645502938715,104.74917737725409,111.22748764254256
402232,122.35801779095476,108.51990863602536,115.23142328184434
653039,104.07667035016861,92.30609453675669,98.0148507748368
1097278,128.0862726646442,113.6003251609047,120.62604289021456
674558,122.54881514187998,108.68912771511975,115.4111078722165
1224920,125.36842089018447,111.18984947998504,118.06648909967224
