UE ID,Internet usage
152457,1.073266710497349
887208,1.0067789239962692
411791,1.0272012380563669
920296,1.0869203198641022
60637,1.0817706757483758
825713,1.1142057342448781
166545,1.0313567533443517
