UE ID,Internet usage
1025823,0.9287481101532684
86365,0.9314462465018828
822612,0.8518451606596156
742213,0.8793756721455143
1035847,0.9246188098547368
1168870,0.8794458132964291
411767,0.8820748698758274
