UE ID,Internet usage,Data rate,optimal GU
1025823,126.33171781720095,115.80407466576754,120.95341120761256
86365,126.78500472350518,116.21958766321309,121.38740037929924
822612,113.41202230199684,103.96102044349712,108.58374449739816
742213,118.03714823168447,108.20071921237744,113.01196543926783
1035847,125.63799536719253,115.16816241992649,120.28922252871536
1168870,118.04893194539639,108.2115209499467,113.02324748620566
411767,118.49061345059208,108.61639566304275,113.44612533227463
