UE ID,Internet usage
465305,1.12584500787112
807964,0.9775571119811478
1055058,1.0754379531569642
834826,1.0809194380852376
208656,1.035866933309967
662350,1.027581781434224
209031,1.129255704395279
