UE ID,Internet usage,Data rate,optimal GU
465305,128.85837654980526,32.214594137451314,64.42918827490263
807964,103.9460100406415,25.986502510160374,51.97300502032075
1055058,120.38999135783382,30.097497839458455,60.19499567891691
834826,121.31088082600441,30.327720206501102,60.655440413002204
208656,113.74206002387697,28.435515005969243,56.87103001193849
662350,112.35015450841072,28.08753862710268,56.17507725420536
209031,129.43137356631308,32.35784339157827,64.71568678315654
