UE ID,Internet usage
300097,0.7845808223323287
1280791,0.7151626027771713
666029,0.8241175315896786
1169579,0.773613261908163
92659,0.7181920778874634
203578,0.77394136937518
330041,0.8281366982504874
