UE ID,Internet usage
111317,0.782092243697744
627468,0.6997821679031944
1158812,0.6688628122821181
216305,0.7115537913947224
969094,0.7109937535657139
112399,0.7616982802164202
968083,0.8023020811244377
