UE ID,Internet usage
111317,0.5526938855419601
627468,0.4703838097429769
1158812,0.43946445412367396
216305,0.48215543323893845
969094,0.4815953954099298
112399,0.532299922060636
968083,0.5729037229642202
