UE ID,Internet usage
111317,1.0834642318976961
627468,1.001154156098713
1158812,0.9702348004820702
216305,1.0129257795946747
969094,1.012365741765666
112399,1.0630702684163722
968083,1.1036740693199563
