UE ID,Internet usage,Data rate,optimal GU
111317,127.80364732949018,117.153343385366,122.36267642338483
627468,113.9755545953657,104.47759171241856,109.1232855911656
1158812,108.78110285131355,99.71601094703743,104.14997668147788
216305,115.9531873426269,106.29042173074134,111.01672479258012
969094,115.85910098716322,106.20417590489963,110.92664396538918
112399,124.3774614644837,114.01267300911007,119.08235320001603
968083,131.19890001671456,120.26565834865502,125.613383383816
