UE ID,Internet usage,Data rate,optimal GU
1160461,122.02065936471021,15.978895869188241,44.15603480701583
840160,101.01859424401154,13.228625436715797,36.555945417915304
399087,115.16273289303064,15.080834069325439,41.674333416742755
1136865,118.22523923172247,15.481876566058894,42.782573096744784
986990,115.82737632467996,15.16787070918428,41.914850216561405
387876,117.09819855480376,15.334287905986205,42.37472701872779
406663,113.29250033237552,14.835922662572985,40.99754594095417
