UE ID,Internet usage,Data rate,optimal GU
773699,122.80971578901504,49.7086944860299,78.13264773494055
209585,126.21559199302726,51.08726342574913,80.29949686383256
169852,112.63822412867302,45.59166214732003,71.6614530926395
253293,121.24153051594324,49.07395282788178,77.13495413442331
271854,109.83828414851547,44.45835310773245,69.88010604901908
1041827,117.55637975306176,47.58234418576309,74.7904280148366
1255703,113.43604609457942,45.914590085901196,72.16903461594875
