UE ID,Internet usage
1083343,0.9208048752424198
922615,1.0385158975261688
548238,0.9772296862343235
561652,1.03372516280355
1156108,1.0552903019671345
1089925,0.9022760419396286
113058,1.0169658669672947
