UE ID,Internet usage,Data rate,optimal GU
1280320,114.20785450256656,95.85302074322551,104.62871425509249
47836,126.57090915794693,106.22915590041976,115.95482241544511
1024617,124.00981158809918,104.07966329715468,113.60853592768878
1294024,101.37561167460102,85.08310265546872,92.87277090122278
346651,115.66339166060587,97.07463228657993,105.96216878901635
248149,112.0216701427934,94.01818744127303,102.62589527487499
467286,118.47464424924492,99.43407642347341,108.53762863875018
