UE ID,Internet usage
748266,0.7615813638334133
660564,0.7250420979790309
563554,0.7143540012838004
669054,0.7922073614293957
41481,0.7005396187159114
1139589,0.7686778829127905
1058310,0.699499265000338
