UE ID,Internet usage
748266,0.4742448931174533
660564,0.4377056272666176
563554,0.42701753057316044
669054,0.5048708907178691
41481,0.4132031480021681
1139589,0.4813414122012639
1058310,0.412162794289698
