UE ID,Internet usage,Data rate,optimal GU
748266,125.22316684074663,90.93587115816125,106.71118856917988
660564,119.08457017745738,86.47808072410595,101.48007229403032
563554,117.28896993300619,85.17413292754021,99.94991903952767
669054,130.36833443694835,94.67224286492677,111.09573628051966
41481,114.9681536610214,83.48877825383697,97.97219343904715
1139589,126.41538204623009,91.8016464859528,107.72715633949817
1058310,114.7933742373841,83.3618551009575,97.82325198911964
