UE ID,Internet usage,Data rate,optimal GU
748266,125.22316684074663,108.82489499255362,116.73644667403268
660564,119.08457017745738,103.49016217802844,111.01387967531751
563554,117.28896993300619,101.9297000608268,109.33997222294623
669054,130.36833443694835,113.29629064163369,121.53291203963724
41481,114.9681536610214,99.91280020541146,107.17644408506318
1139589,126.41538204623009,109.8609867782714,117.84786215944273
1058310,114.7933742373841,99.76090856344095,107.01350994610229
