UE ID,Internet usage
1214050,1.0345948700218206
529764,1.130192126935178
212889,1.007999931873813
308036,1.0614729721708802
292058,1.0728271755571286
1036352,1.1305416045754881
1176896,1.0262768802587832
