UE ID,Internet usage
1214050,0.573555865966979
529764,0.6691531228759028
212889,0.5469609278145379
308036,0.6004339681160386
292058,0.6117881715022868
1036352,0.6695026005162129
1176896,0.565237876199508
