UE ID,Internet usage,Data rate,optimal GU
1214050,110.66535411496429,52.03906532787012,75.88755887706829
529764,126.72569327595825,59.591248623813705,86.90076118787904
212889,106.19740450569024,49.9380652139853,72.82371119189914
308036,115.18087527593794,54.16243539761368,78.98402823466012
292058,117.08838144495314,55.05941746518631,80.29207977316723
1036352,126.78440551968417,59.61885735747054,86.94102246827876
1176896,109.2679318344769,51.38194413645045,74.92929179849872
