UE ID,Internet usage
549696,0.45934611466730996
1069176,0.4592464004804192
380355,0.44712550353479136
704022,0.47926372722346233
704371,0.39520126841839476
1276994,0.4451875982670709
355275,0.32187823444093155
