UE ID,Internet usage
1159442,0.4641771255544087
119532,0.38964259641157023
864957,0.3928595259509322
802928,0.3885060148689461
491566,0.45385952109368627
735106,0.3735342450441215
1129014,0.5048551970373812
