UE ID,Internet usage,Data rate,optimal GU
1159442,124.2464903786086,85.78924335665832,103.24249318619324
119532,111.72468948243348,77.14323797596597,92.83751563098977
864957,112.26513364507689,77.51640180255309,93.2865971511937
802928,111.53374378326332,77.01139451701515,92.67884949896917
491566,122.51313282870319,84.59240123886649,101.80216151573701
735106,109.01848645269281,75.27466921733551,90.58879901125208
1129014,131.08040638765223,90.50789964861701,108.92112865387305
