UE ID,Internet usage
769004,0.670058768915452
1125627,0.6999847457437557
256115,0.6744316091199456
247241,0.6429106233298288
112946,0.656716315317456
677967,0.707730443774165
533508,0.6470590821966835
