UE ID,Internet usage
243075,0.992292568839414
385436,0.9906656565137407
726379,0.9164719659975451
847933,0.8662329418288587
690643,0.8778785234771989
488407,0.941271111535957
228876,0.9212090380738578
