UE ID,Internet usage
282640,0.4290871769886625
124434,0.46486552432460243
1022731,0.44216098683823246
352081,0.354352232398235
80394,0.4184180261921699
797427,0.4245495351468432
925705,0.39713984460646407
