UE ID,Internet usage,Data rate,optimal GU
1279049,117.54228287277002,10.494846685068753,35.12247482400271
476800,107.51867818007375,9.599881980363728,32.12735004966044
1245907,105.09922576207907,9.383859443042775,31.404400362432813
1077916,107.62235977458327,9.609139265587793,32.15833085166524
1162484,110.44728434361947,9.861364673537453,33.00243851769616
126512,104.87117973088758,9.36349819025782,31.336258577251503
66878,101.4669271622154,9.059547068054947,30.319043561382234
