UE ID,Internet usage,Data rate,optimal GU
1279049,117.54228287277002,113.34434419874252,115.42423041908143
476800,107.51867818007375,103.67872538792827,105.58124601038246
1245907,105.09922576207907,101.34568198486197,103.2053909005672
1077916,107.62235977458327,103.77870406834816,105.68305931502823
1162484,110.44728434361947,106.50273847420449,108.45708017291727
126512,104.87117973088758,101.12578045478445,102.98145414345234
66878,101.4669271622154,97.84310833499343,99.6385444833049
