UE ID,Internet usage,Data rate,optimal GU
1292066,125.08492871836809,7.445531471331433,30.517597765254372
705475,103.90516652814514,6.18483134096102,25.350264898636585
1179501,123.69608059927812,7.362861940433221,30.17875352007079
1117850,117.76561397625306,7.009857974776968,28.73186781756354
364251,124.64238021050544,7.419189298244371,30.409626984977766
74432,128.02264436581038,7.620395497964903,31.234326993914618
740911,118.92738896009523,7.079011247624716,29.01531189043388
