UE ID,Internet usage
182137,0.6765108719478409
500590,0.7132528366755174
157111,0.8600115939040248
194468,0.7687732699090424
47062,0.7671379663307993
919032,0.6549088539376525
835038,0.7028944844039323
