UE ID,Internet usage,Data rate,optimal GU
182137,111.31060994182954,100.7095994711791,105.87750915153936
500590,117.48326001629866,106.29437810998449,111.74887051673531
157111,142.13873123056862,128.6017092086097,135.20090155392572
194468,126.81069279947232,114.73348396142732,120.62102879865411
47062,126.53596179872297,114.4849178178922,120.35970749189592
919032,107.68147091650712,97.42609273398263,102.42550937751433
835038,115.74305683437439,104.71990856443396,110.09360711986764
