UE ID,Internet usage,Data rate,optimal GU
182137,111.31060994182954,33.790720875198254,61.329159059883004
500590,117.48326001629866,35.66456107637638,64.73012360797013
157111,142.13873123056862,43.14925769499405,78.31462661793967
194468,126.81069279947232,38.49610317126839,69.86928877002046
47062,126.53596179872297,38.412702688898044,69.71791936100865
919032,107.68147091650712,32.68901795679681,59.32960084480592
835038,115.74305683437439,35.13628511043508,63.77131835304858
