UE ID,Internet usage,Data rate,optimal GU
1213064,118.60767828685195,26.12192914650906,55.66202806618788
335270,105.89918881660378,23.323035632228216,49.69799346244991
591316,113.5799520761696,25.014632302489737,53.302539696714156
1231756,102.52390788876428,22.57967018978737,48.11398992701018
693495,113.23930337329318,24.939608481022905,53.14267485546534
1039657,121.15387828212575,26.68269938356341,56.856947801959905
497420,119.43314153509056,26.303727599990182,56.04941410353988
