UE ID,Internet usage
1073260,1.0772688929495304
206570,1.0153611973013152
572765,1.0281833465913965
292160,1.0249230951063693
1093464,1.0922002614270052
136826,1.051687539694271
1126144,1.018299428365801
