UE ID,Internet usage
1073260,0.4405900323203121
206570,0.37868233667342666
572765,0.3915044859630648
292160,0.3882442344798109
1093464,0.4555214008000035
136826,0.4150086790690428
1126144,0.3816205677374691
