UE ID,Internet usage
1287477,0.5835850709895362
436011,0.6647579652728948
940263,0.7293349207350085
167882,0.7182547717879234
198774,0.627170102088136
526925,0.714403668302654
1220731,0.6546249347012145
