UE ID,Internet usage,Data rate,optimal GU
764251,111.78098271362045,101.80053782847575,106.67410257059636
491471,113.05567573330637,102.96141897140402,107.89055934729484
682563,118.7950226439332,108.188324193582,113.36769567379307
822956,113.49725333177855,103.36356999858403,108.31196281762378
246914,127.8706029608433,116.45358483933943,122.0286446305049
626742,126.21337309045454,114.94432192166394,120.44712776703429
996188,118.41645604634584,107.84355818506495,113.00642445322869
