UE ID,Internet usage,Data rate,optimal GU
764251,111.78098271362045,102.46590082081875,107.02214298166285
491471,113.05567573330637,103.63436942219752,108.24256863277795
682563,118.7950226439332,108.89543742360543,113.73757494582965
822956,113.49725333177855,104.03914888746368,108.66534699573316
246914,127.8706029608433,117.21471938077303,122.42678155985925
626742,126.21337309045454,115.69559199958334,120.84010475816554
996188,118.41645604634584,108.5484180424837,113.37512502320844
