UE ID,Internet usage
732681,1.029746021042381
39308,1.036911752765408
738383,1.1111422933685244
360045,1.0531257337262905
990419,1.0802174045964128
10223,1.0810636088451329
45717,1.0320313106338792
