UE ID,Internet usage,Data rate,optimal GU
734084,116.87691773511914,50.78580353966487,77.04341751517345
169003,104.70540907451463,45.49699322880696,69.02015131599362
630064,115.98834542742436,50.39969771548797,76.45768468938743
900638,117.16186839444963,50.90962138568347,77.23125248758242
719119,121.14959626600296,52.6423840917751,79.85989969439237
1281713,137.70441426586723,59.83584667504945,90.77257415370528
336924,133.9352249153026,58.19804415962554,88.28798408702148
