UE ID,Internet usage
165297,0.7800391893554551
1083223,0.7081647998611833
388946,0.6868898357613232
835098,0.6544106164638949
416076,0.6576879048178719
1218251,0.7012842691334027
817629,0.7588839087793823
