UE ID,Internet usage,Data rate,optimal GU
846707,105.46013598829673,31.38694523461212,57.53322094841741
34058,122.66421059171418,36.50720553324827,66.91881310696834
318700,110.82698913533325,32.98422295694442,60.46107937579918
274993,113.2568018552582,33.70738150454113,61.786650889325685
1165360,116.80565498061364,34.7635877918493,63.72270899375686
195077,116.46053421032653,34.660873276882896,63.534430177835176
935000,126.5839704872722,37.67380074025959,69.05721744356916
