UE ID,Internet usage
625891,0.4098490547240654
122396,0.40637798013975673
201486,0.43666288365067146
962601,0.3821400446678386
156997,0.5184933163645444
591182,0.43675038247998627
598061,0.44592393894066606
