UE ID,Internet usage,Data rate,optimal GU
625891,115.09026413006933,115.09026413006933,115.09026413006933
122396,114.5071235999258,114.5071235999258,114.5071235999258
201486,119.59498738974003,119.59498738974003,119.59498738974003
962601,110.43515044065857,110.43515044065857,110.43515044065857
156997,133.34250008596152,133.34250008596152,133.34250008596152
591182,119.6096871930507,119.6096871930507,119.6096871930507
598061,121.15084467874408,121.15084467874408,121.15084467874408
