UE ID,Internet usage,Data rate,optimal GU
625891,115.09026413006933,99.33385892178602,106.9222149993508
122396,114.5071235999258,98.83055310707881,106.38046042427766
201486,119.59498738974003,103.22186411614466,111.10723440584677
962601,110.43515044065857,95.31605246366364,102.59747849354973
156997,133.34250008596152,115.08727685990725,123.87907500698114
591182,119.6096871930507,103.23455144638304,111.12089095222723
598061,121.15084467874408,104.56471713343983,112.5526712446674
