UE ID,Internet usage,Data rate,optimal GU
625891,115.09026413006933,81.52227042546576,96.86289091158591
122396,114.5071235999258,81.10921254994744,96.37210502292396
201486,119.59498738974003,84.71311606773251,100.65418047883581
962601,110.43515044065857,78.22489822879982,92.94502893701585
156997,133.34250008596152,94.4509375608894,112.22443650930951
591182,119.6096871930507,84.72352842841092,100.66655220684657
598061,121.15084467874408,85.81518164744372,101.96362950997607
