UE ID,Internet usage,Data rate,optimal GU
197060,115.05803401281062,4.794084750533776,23.486122844931472
175790,117.99279466912499,4.916366444546875,24.085178355361943
320786,108.27037230988833,4.511265512912014,22.100597201698942
826700,110.06025889341132,4.5858441205588045,22.465956270622673
98736,113.74191932614379,4.739246638589324,23.21747205948841
994896,127.19509833000832,5.299795763750347,25.963590724304428
807657,113.15440092724089,4.714766705301703,23.097545368504324
