UE ID,Internet usage,Data rate,optimal GU
197060,115.05803401281062,72.59614050808288,91.39348556531685
175790,117.99279466912499,74.4478347317098,93.72463964753125
320786,108.27037230988833,68.31344919552478,86.00187543403986
826700,110.06025889341132,69.44278239703333,87.42362729203309
98736,113.74191932614379,71.76573481292405,90.34806262158052
994896,127.19509833000832,80.25405013679097,101.03426051855155
807657,113.15440092724089,71.39503868028294,89.88138200453199
