UE ID,Internet usage
473091,0.3913954605143443
437117,0.31365164384022615
526651,0.37855165806313984
1073230,0.44288751461675796
480108,0.3445655980164909
1094570,0.37789019773450117
319782,0.34158206606130626
