UE ID,Internet usage,Data rate,optimal GU
473091,122.25342680667679,54.57742268155213,81.68400669100528
437117,109.19246560538717,48.74663643097641,72.95728491293865
526651,120.09566799488815,53.61413749771792,80.24229344154001
1073230,130.904091895857,58.43932673922187,87.46397542876217
480108,114.38600990707904,51.06518299423171,76.42736766293206
1094570,119.98454265967236,53.56452797306801,80.16804470379574
319782,113.88477653860228,50.8414180975903,76.09246703156444
