UE ID,Internet usage
1056119,0.5917468430284313
43333,0.6320720450817088
889125,0.6390470913079966
408437,0.6057338715543698
1032887,0.5669611355858774
799902,0.4983502310702767
1007905,0.564202229690754
