UE ID,Internet usage,Data rate,optimal GU
1056119,117.42788809498448,117.42788809498448,117.42788809498448
43333,124.20252203960926,124.20252203960926,124.20252203960926
889125,125.37432980572011,125.37432980572011,125.37432980572011
408437,119.77770888682383,119.77770888682383,119.77770888682383
1032887,113.26388924459158,113.26388924459158,113.26388924459158
799902,101.73725728568382,101.73725728568382,101.73725728568382
1007905,112.80039305384732,112.80039305384732,112.80039305384732
