UE ID,Internet usage
1169917,0.22561423791339227
1115026,0.3695098969183748
439876,0.2779363214314873
25072,0.3140709766031728
1130170,0.34056741489722536
671713,0.27788806702644636
1130041,0.3365791088181613
