UE ID,Internet usage
1169917,0.722905675341599
1115026,0.8668013343479115
439876,0.7752277588601373
25072,0.8113624140309362
1130170,0.8378588523272055
671713,0.7751795044573132
1130041,0.8338705462468113
