UE ID,Internet usage
170236,0.6767997027768132
1091411,0.6386583116438019
989012,0.6784978717008207
807901,0.7229439120646296
1057950,0.6717395737831221
237732,0.6517933369501828
402471,0.6815336641079539
