UE ID,Internet usage,Data rate,optimal GU
649122,116.20276404903237,91.99385487215064,103.39216707115412
674266,117.38833913320146,92.93243514711783,104.44704023343179
851714,107.2631384675382,84.91665128680108,95.43807691469794
739306,112.04418373633115,88.70164545792883,99.69204311981514
815935,114.31014082703302,90.49552815473449,101.70819321757924
471172,128.68459734027846,101.87530622772046,114.4979596361078
60929,130.94362704788634,103.66370474624335,116.50794604959052
