UE ID,Internet usage
156577,0.33945354653502885
701307,0.3794361996897899
1098657,0.4325380713544931
572957,0.29073516451001086
606462,0.35229014582865337
875145,0.3746385168818639
1093057,0.4183312034308636
