UE ID,Internet usage,Data rate,optimal GU
156577,115.65446486111279,44.058843756614394,71.38348546457098
701307,122.37155059115828,46.617733558536486,75.52936078508533
1098657,131.2926650308404,50.016253345082056,81.03559215883789
572957,107.46977668093989,40.94086730702472,66.33178624618772
606462,117.81101354243282,44.88038611140298,72.71453620810703
875145,121.56553987939567,46.3106818588174,75.03188017336412
1093057,128.90591121963027,49.10701379795439,79.56245572441983
