UE ID,Internet usage,Data rate,optimal GU
156577,115.65446486111279,89.49452638062299,101.73711985578171
701307,122.37155059115828,94.69227129077724,107.64590130075104
1098657,131.2926650308404,101.59551460719793,115.49348842232921
572957,107.46977668093989,83.16113671739396,94.5373407260403
606462,117.81101354243282,91.1632842887873,103.63415903995637
875145,121.56553987939567,94.06857252572284,106.93688234081628
1093057,128.90591121963027,99.74862177709484,113.39394597190216
