UE ID,Internet usage,Data rate,optimal GU
156577,115.65446486111279,93.62504298280558,104.05841745757554
701307,122.37155059115828,99.06268381189004,110.10201734656191
1098657,131.2926650308404,106.28453835829936,118.12865991212169
572957,107.46977668093989,86.99934302742753,96.69436367517044
606462,117.81101354243282,95.37082048673132,105.99874067136473
875145,121.56553987939567,98.41019894998696,109.37682096767077
1093057,128.90591121963027,104.35240432065306,115.98121299121279
