UE ID,Internet usage,Data rate,optimal GU
983266,123.52552420002561,27.205026163100882,57.96995012653063
972560,118.06573909306735,26.002573490735074,55.40769854005341
1063340,107.52187296429219,23.68041249808816,50.45951153510577
575793,135.79618847477394,29.907493890277596,63.72851541603873
746420,118.71098580651184,26.14468139786273,55.71050980145
1200885,121.33760309089821,26.72316258549544,56.94316899446664
1111225,126.78396274923809,27.92265846262982,59.4991200807689
