UE ID,Internet usage
284076,0.4045302047707492
1139009,0.4491721474559699
231678,0.4120799459861995
575698,0.41761102528176597
936912,0.46868943921183515
1070872,0.4454106711920998
599099,0.4781064227923736
