UE ID,Internet usage,Data rate,optimal GU
284076,108.75784279864958,51.14208083984118,74.57950380885673
1139009,116.2576891697515,54.66879431196649,79.72244161091454
231678,110.02619932282697,51.73851039585316,75.44926545355027
575698,110.95542064446174,52.175465660193325,76.08646883413252
936912,119.53659418477946,56.21066036069987,81.9709149417978
1070872,115.62576115722545,54.371637687028645,79.28910387264806
599099,121.11864742648102,56.95460206364287,83.05579068711518
