UE ID,Internet usage,Data rate,optimal GU
1244309,121.71735935310508,74.62433341291562,95.30517722823758
1161187,115.955502116306,71.0917661784495,90.79362005976594
659135,119.59515109531287,73.32321763581682,93.64347970868032
550938,114.04521356020453,69.92057736131588,89.29785651080361
555319,111.41903250672964,68.31047826305448,87.24154628467744
363920,126.7353705346971,77.70085217305834,99.2342999724101
785351,109.43846908604158,67.09620426108502,85.69075723680754
