UE ID,Internet usage,Data rate,optimal GU
1244309,121.71735935310508,103.60465706841683,112.29641701787155
1161187,115.955502116306,98.70021906328427,106.9805284174299
659135,119.59515109531287,101.79825361089132,110.33846800564855
550938,114.04521356020453,97.07419963755505,105.21809648939148
555319,111.41903250672964,94.83881933608535,102.7951822533875
363920,126.7353705346971,107.87594039560527,116.92603336218984
785351,109.43846908604158,93.15298261490445,100.96791474609044
