UE ID,Internet usage,Data rate,optimal GU
491009,122.04892275249607,23.247413857618298,53.2665168572506
710242,112.54607648253561,21.437347901435356,49.119134728715125
70137,117.78117581524602,22.43450967909448,51.403919391834954
1267114,127.65455210663912,24.315152782216973,55.71301407946269
58409,124.11233621871625,23.64044499404119,54.16706432381681
86796,120.5606001670513,22.963923841343107,52.616959628077936
10488,112.1451711490179,21.360984980765313,48.944165296585936
