UE ID,Internet usage
430371,0.39685842437586555
331651,0.47469522657149826
561867,0.5123653778630767
330288,0.37382325286506696
1014884,0.47529117723743197
1057697,0.44266599681515617
90815,0.39832385899413547
