UE ID,Internet usage,Data rate,optimal GU
744667,104.79056063360824,36.80144688918384,62.10027577753204
642291,124.22938418623399,43.628176589213126,73.61998037792605
500223,116.72096063289274,40.99128974607543,69.17038901685584
185151,118.14318585511067,41.49076169911625,70.01321854256379
431770,120.06298072488275,42.16497537361954,71.15091443929613
190434,117.90831326015609,41.408276680650054,69.87402992833105
995761,124.16198419230854,43.60450635325121,73.58003824778697
