UE ID,Internet usage
1115762,1.0316069490708317
183842,0.982581919677637
424177,0.9730868590426955
98994,1.0156595270850686
335618,0.9836455921447349
257587,0.9921626624831341
148508,1.040310367571635
