UE ID,Internet usage,Data rate,optimal GU
515970,116.48281449613962,101.22911259783564,108.58845216846274
1275474,115.41496679600483,100.30110209652801,107.59297545877924
1278086,118.3902292522182,102.88674685014202,110.36659615392355
1290679,124.2505536247655,107.97964779295097,115.82975014425847
1279679,129.38774661841498,112.44411313267017,120.61878136816968
750935,121.136556423042,105.27343593907221,112.92679714080674
109839,126.83057914409216,110.2218128276039,118.2349202022682
