UE ID,Internet usage,Data rate,optimal GU
1183043,107.92943049050261,57.17690067651627,78.55616033913849
1228640,125.8758180669018,66.68421314258488,91.61839270294212
626552,127.71489395045316,67.65848548565674,92.95695938792815
395204,111.569146304274,59.105083458811826,81.2053181986408
540945,120.78720297004276,63.98845871627265,87.91465720062057
1004910,109.162609715508,57.83019205166793,79.4537266886148
980992,124.23691528327414,65.81598488221071,90.42552149750901
