UE ID,Internet usage,Data rate,optimal GU
1183043,107.92943049050261,25.05504636386668,52.00170078915947
1228640,125.8758180669018,29.221172051245063,60.64848668206124
626552,127.71489395045316,29.6481003813552,61.53457561434197
395204,111.569146304274,25.899980392063608,53.755359748028596
540945,120.78720297004276,28.039886403759926,58.19673058091745
1004910,109.162609715508,25.341320112528642,52.59586140676581
980992,124.23691528327414,28.840712476474355,59.85884356257655
