UE ID,Internet usage,Data rate,optimal GU
1073626,120.36347113131907,110.33318187037582,115.23925004477232
683866,117.68816768131803,107.88082037454154,112.67784200026728
764773,121.26834473918875,111.16264934425637,116.10560056604002
26950,105.17488888985697,96.41031481570224,100.69728967840999
400614,112.35171369572292,102.98907088774602,107.56857629516416
646321,115.50401275264441,105.87867835659073,110.58667286401554
29441,125.39714880532276,114.9473864048792,120.05862950157132
