UE ID,Internet usage,Data rate,optimal GU
1073626,120.36347113131907,88.83970488264028,103.40723018221009
683866,117.68816768131803,86.86507614573475,101.1088109270883
764773,121.26834473918875,89.50758778368694,104.18462944276064
26950,105.17488888985697,77.6290846567992,90.3583441271483
400614,112.35171369572292,82.92626487065264,96.52413153508945
646321,115.50401275264441,85.2529617936185,99.23234949456159
29441,125.39714880532276,92.5550384039287,107.73178696847003
