UE ID,Internet usage,Data rate,optimal GU
1073626,120.36347113131907,105.3180372399042,112.58971771406301
683866,117.68816768131803,102.97714672115329,110.08720048517347
764773,121.26834473918875,106.10980164679016,113.43614946880861
26950,105.17488888985697,92.02802777862486,98.38209997946548
400614,112.35171369572292,98.30774948375756,105.09540486657816
646321,115.50401275264441,101.06601115856387,108.04411062949087
29441,125.39714880532276,109.72250520465742,117.29829202695676
