UE ID,Internet usage
562254,0.4191415525783756
1008106,0.37800432682278223
149232,0.4877535429322672
1274843,0.4033685628182349
945293,0.41674040952397096
738230,0.3704546175941108
578844,0.41414800262478524
