UE ID,Internet usage,Data rate,optimal GU
562254,115.96580562981717,4.141635915350613,21.91547730598216
1008106,109.05475170289169,3.8948125608175603,20.60941087826779
149232,127.4926200091934,4.553307857471193,24.09384046717022
1274843,113.3159433501694,4.046997976791764,21.414700405945112
945293,115.56241359673263,4.127229057026165,21.839243377381703
738230,107.78640055249224,3.8495143054461516,20.369715041192105
578844,115.1268892376406,4.1116746156300215,21.756937009948253
