UE ID,Internet usage
672549,0.40327436708377445
252423,0.35372565731689565
943004,0.47604113951999544
1074141,0.41445232534785265
1205119,0.35939682781158655
145239,0.3929454588148583
134482,0.3419791194455336
