UE ID,Internet usage,Data rate,optimal GU
672549,118.93827518941663,19.82304586490277,48.55634751679983
252423,110.61409194864127,18.435681991440212,45.15801393924535
943004,131.16309295885202,21.860515493142003,53.547108472404084
1074141,120.81617217781678,20.136028696302798,49.32299575198143
1205119,111.56684859176708,18.594474765294514,45.54697521002955
145239,117.20301860028655,19.533836433381094,47.84793198077133
134482,108.64067358623159,18.106778931038598,44.352369266421604
