UE ID,Internet usage
1077240,0.6531139016942318
47234,0.6671280738410247
301537,0.7273247016945833
222392,0.647378468993726
241911,0.708399692049318
920104,0.5796149538368046
1080963,0.6381273931198911
