UE ID,Internet usage
1220813,1.0107009171511878
336553,0.9712005513944874
901910,0.9878642990038169
1091215,0.9363935847681888
556452,0.9929517527019514
429171,0.996185759857063
1219494,1.0404678327752783
