UE ID,Internet usage
527888,0.8979301686260324
255281,0.9556484020401266
664537,0.8940782130880575
1176528,0.8596367949923744
24627,0.9366974260589558
1152504,0.899651460095534
806940,0.926609538249374
