UE ID,Internet usage,Data rate,optimal GU
527888,111.30829354718429,56.97924550629672,79.63832359430953
255281,121.0049567607078,61.943013579886134,86.57604564694589
664537,110.66116501709145,56.64797733017777,79.17531917977506
1176528,104.87500677696076,53.68601537392039,75.03546645532312
24627,117.82119279637341,60.31322964576258,84.29814148761132
1152504,111.59747051396084,57.12727657262281,79.8452225424675
806940,116.12642764385113,59.445671293876174,83.08557905105116
