UE ID,Internet usage
1223428,1.0331041944633643
775772,1.1111914636211615
1272161,1.0402494835405744
388949,1.0559693518764361
1094340,1.1072264464109505
1228685,1.0483653119841219
27416,0.9702826256265686
