UE ID,Internet usage,Data rate,optimal GU
1223428,112.7534412309185,8.053817230779893,30.134624733274837
775772,125.87210244949662,8.99086446067833,33.64073442278038
1272161,113.95384979572745,8.139560699694817,30.455447417107983
388949,116.59478767660396,8.328199119757425,31.161267754964605
1094340,125.20597955818337,8.943284254155955,33.46270559158171
1228685,115.31730897401201,8.236950641000858,30.81984721039321
27416,102.19941766662143,7.299958404758674,27.313943288307808
