UE ID,Internet usage
115350,0.7309778807109286
904406,0.764295952006234
782314,0.7334903552946037
844480,0.7092833638913021
298417,0.7627453355099781
849408,0.8038428554693966
529152,0.6933746906502308
