UE ID,Internet usage,Data rate,optimal GU
115350,112.72997264405176,37.57665754801725,65.08468005178243
904406,118.32740862137668,39.442469540458895,68.31636122006267
782314,113.15206837433571,37.71735612477857,65.32837713528566
844480,109.08529381817053,36.361764606056845,62.98042375055017
298417,118.06690505039977,39.35563501679992,68.16595941323429
849408,124.97128840352232,41.65709613450744,72.15220700074796
529152,106.4126367140261,35.47087890467537,61.43736445202082
