UE ID,Internet usage
1119220,0.7426267759606214
837715,0.754766193148826
402633,0.8032805487820586
393849,0.6854376796104804
313191,0.7349383625852344
861276,0.7393192698075766
309311,0.7475397210512822
