UE ID,Internet usage,Data rate,optimal GU
1119220,109.75644906684164,58.14478551755301,79.88595114386345
837715,111.79587115480675,59.22519364748691,81.37033930206341
402633,119.94628290049464,63.542971298476324,87.30259567564444
393849,100.1486808801834,53.05495594247812,72.8929616066972
313191,108.46479561971456,57.460516727110694,78.94582448115449
861276,109.2007880330162,57.85041746987168,79.48151467950868
309311,110.58182384177876,58.58203763046613,80.48669806585843
