UE ID,Internet usage
206675,0.8288276977215034
753030,0.9049495688002077
113934,0.7932411878496866
266891,0.8202349722956546
43491,0.8762326587201238
1132128,0.9277015474407658
734689,0.8416876282480975
