UE ID,Internet usage,Data rate,optimal GU
206675,116.51535980358433,72.12855606888554,91.67379485152344
753030,129.30383414458234,80.04523066093192,101.7357126551241
113934,110.53682614511644,68.42755904221494,86.96990972390395
266891,115.07178193169902,71.2349126243851,90.53799385582208
43491,124.47939325157996,77.05867201288284,97.93986285949231
1132128,133.1261665565392,82.41143643976237,104.74310771427135
734689,118.67582813171919,73.4659888434452,93.37364224186342
