UE ID,Internet usage,Data rate,optimal GU
1080856,119.31973207586178,101.56381956457282,110.08436646066507
707746,113.18939224893435,96.34573268808103,104.42851587924717
381573,121.1834572500273,103.15020468305896,111.80383901969128
102354,122.31675559755426,104.11485744315631,112.84941990080745
174447,104.99344492902301,89.36942038601364,96.86693614251269
486459,127.32363725260554,108.37666742334876,117.46876814565108
1118564,116.07788075754188,98.80438659719339,107.0934349330111
