UE ID,Internet usage,Data rate,optimal GU
389618,125.65129978764453,36.64829577139633,67.85945769513624
1077822,112.02646901313815,32.67438679549863,60.50120808603096
47525,121.87522781868066,35.546941447115195,65.82014575435446
10768,113.16855678831243,33.00749572992446,61.118005979841456
550566,121.17249015760261,35.34197629596743,65.44062404098342
494802,127.26452676642947,37.118820306875264,68.73069983990133
231989,105.34743049794774,30.72633389523476,56.89411502506195
