UE ID,Internet usage
294317,0.9420284489547468
930357,0.8523774254842585
810985,0.8601590084830304
373874,0.8960438681998872
128787,0.9658675379934849
809894,0.9229887184646821
959118,0.9271534819790533
