UE ID,Internet usage
294317,0.6624522273386179
930357,0.5728012038681295
810985,0.5805827868713348
373874,0.6164676465837582
128787,0.6862913163817894
809894,0.6434124968485531
959118,0.6475772603673577
