UE ID,Internet usage,Data rate,optimal GU
294317,117.04598003298567,10.450533931516578,34.974175985751664
930357,101.98460809010106,9.10576857947331,30.47373032526116
810985,103.29191403435978,9.22249232449641,30.864362691693895
373874,109.32057046633636,9.760765220208604,32.66576835253045
128787,121.05094699178723,10.80812026712386,36.17088875790131
809894,113.8473053106588,10.164937974165964,34.01838910073171
959118,114.54698558174705,10.227409426941701,34.22745857007959
