UE ID,Internet usage,Data rate,optimal GU
252506,115.35879693594224,64.54599352368197,86.28990763656589
445665,118.17564168380613,66.12208522784391,88.3969448073392
1170680,112.53817548704616,62.96778866537107,84.18004544341115
616721,112.79637183265808,63.11225566827298,84.37317972884689
654069,105.25720392592181,58.89391172045626,78.73378230439143
1247419,133.32990678676188,74.60125736878344,99.73253577020454
745097,116.71759427247417,65.30627298578912,87.30630603686527
