UE ID,Internet usage,Data rate,optimal GU
1286566,107.2922988638746,93.2421168697958,100.02080318560962
996173,119.51473987520099,103.86400012963895,111.41489558354233
258792,124.12738891589147,107.8726117959533,115.71493264816463
319606,124.56318422794202,108.25133867428295,116.12119290726415
1100480,124.83806794902974,108.49022571760918,116.37744699872252
109947,126.13518877132229,109.61748547983962,117.58665835730366
920243,109.9543051794505,95.55552712023675,102.50239797469018
