UE ID,Internet usage
160251,0.4375508287177693
1198640,0.5916404833331886
535432,0.5941167585161016
1243364,0.5207309426495984
578334,0.48979291480784704
504591,0.48388217022823016
957766,0.46158128073818017
