UE ID,Internet usage,Data rate,optimal GU
160251,104.50559428778342,58.473368232450255,78.17156834259251
1198640,130.39265626289725,72.9577957661449,97.5354334846244
535432,130.80867049408235,73.19056563359369,97.84661763822122
1243364,118.47985342844555,66.29229894210644,88.62449922056241
578334,113.28226475050684,63.38412432468835,84.73663406536978
504591,112.289259661371,62.82851433433854,83.9938531097765
957766,108.54271022687057,60.73223072217758,81.19138452267437
