UE ID,Internet usage,Data rate,optimal GU
160251,104.50559428778342,52.25279714389171,73.89661439282179
1198640,130.39265626289725,65.19632813144862,92.20153146042118
535432,130.80867049408235,65.40433524704117,92.49569794436229
1243364,118.47985342844555,59.239926714222776,83.77790779324206
578334,113.28226475050684,56.64113237525342,80.10265759325318
504591,112.289259661371,56.1446298306855,79.40049696097249
957766,108.54271022687057,54.271355113435284,76.7512864497866
