UE ID,Internet usage,Data rate,optimal GU
825965,117.58091899956771,14.697614874945964,41.57113258137025
679526,118.2286972229371,14.778587152867138,41.80015676859498
232761,118.48382706592041,14.810478383240051,41.890358789623264
459132,116.87865500669773,14.609831875837216,41.32284476559949
515660,122.89688810418122,15.362111013022652,43.45061148259544
960952,113.16908497155686,14.146135621444607,40.011313702032226
429147,115.76295429607823,14.47036928700978,40.928384996472644
