UE ID,Internet usage,Data rate,optimal GU
825965,117.58091899956771,93.78478063060757,105.0109551176433
679526,118.2286972229371,94.30146088019983,105.58948274371738
232761,118.48382706592041,94.50495730257937,105.81733798348456
459132,116.87865500669773,93.22464149343747,104.38376651201352
515660,122.89688810418122,98.02489884500167,109.7586216421191
960952,113.16908497155686,90.26581777493224,101.07076729598116
429147,115.76295429607823,92.33473735520525,103.38733955562941
