UE ID,Internet usage,Data rate,optimal GU
1188502,125.73138421893886,0.7484010965413027,9.700386890176581
341301,121.26808315252329,0.7218338282888291,9.356035736957931
470192,116.2337490041535,0.6918675535961517,8.967628424996924
650758,122.47339006185084,0.7290082741776835,9.44902718387878
541046,118.55061796453882,0.705658440265112,9.146378746002247
482756,126.67378575129928,0.7540106294720195,9.773094746902892
1189834,115.00462084496988,0.6845513145533921,8.872799128749538
