UE ID,Internet usage
327674,1.0338503171930662
38087,1.065351038587991
577211,1.1117035230817787
744767,1.0127728906475273
28073,1.0165880700127836
949485,0.9890424416405206
579839,0.9470919921310952
