UE ID,Internet usage
327674,0.8521036010117214
38087,0.883604322406646
577211,0.9299568069004337
744767,0.8310261744661825
28073,0.8348413538314385
949485,0.8072957254591758
579839,0.7653452759541837
