UE ID,Internet usage,Data rate,optimal GU
631883,122.64673557847668,58.403207418322225,84.63428818847532
22794,127.18291513552447,60.56329292167832,87.76454947178686
1048213,122.83490799167146,58.49281332936736,84.76413949003938
264224,102.18960894001921,48.66171854286629,70.5175296521708
716730,124.24643869256602,59.16497080598381,85.73818821268108
673743,117.13223313243518,55.777253872588176,80.82891997355291
942370,117.39817440162626,55.90389257220298,81.01243688422947
