UE ID,Internet usage,Data rate,optimal GU
413757,111.55993377161526,20.58546396976234,47.92194692543969
343975,115.72817490531527,21.35460370276651,49.712466367576816
1014269,117.30918210008963,21.646337173230826,50.391607527984995
67168,123.03610610495585,22.703091007462092,52.85167844169734
1066087,117.67005025854212,21.712925940564322,50.54662290090414
760223,116.41404783008731,21.481163587694684,50.007091550537304
189782,125.06445224008694,23.077369163349378,53.722979567002454
