UE ID,Internet usage
265229,0.675920661483151
1059552,0.693777209768488
423026,0.6468375029042467
695180,0.646039452565715
1143239,0.633639099277252
697651,0.560419998503316
818142,0.6903620771729982
