UE ID,Internet usage,Data rate,optimal GU
265229,121.87753254094768,73.2716118252126,94.49954102827715
1059552,124.87743265235892,75.07512320171578,96.8255577907497
423026,116.99156189933449,70.33421280852848,90.71113168420911
695180,116.85748944252768,70.25360972437676,90.60717662892833
1143239,114.77423008994435,69.00117404216893,88.99189078782511
697651,102.47342116034027,61.60604486425218,79.4542773008309
818142,124.30369037678176,74.73019480985094,96.38069826184231
