UE ID,Internet usage,Data rate,optimal GU
796321,125.60433727418524,35.88695350691007,67.13834233897153
1159876,106.91905890758318,30.548302545023766,57.15064093549668
89389,101.40003364403273,28.97143818400935,54.20059784333161
333244,112.0001241809981,32.00003548028517,59.86658456591861
847348,120.34553559030111,34.38443874008603,64.3273946009595
122317,122.06188812768526,34.87482517933865,65.24482362236115
1088612,112.94757151429381,32.27073471836966,60.373016467805066
