UE ID,Internet usage
683644,0.9789924936380652
977347,1.0208115128649682
741259,0.9565265160767519
1117098,0.9858916855916059
768967,0.9173661628947458
691139,0.9235671559513113
1140603,0.9141787366277379
