UE ID,Internet usage
683644,0.7128221025794819
977347,0.7546411218063848
741259,0.690356125022602
1117098,0.7197212945374559
768967,0.6511957718405958
691139,0.657396764892728
1140603,0.648008345573588
