UE ID,Internet usage,Data rate,optimal GU
16409,114.6502274536587,46.40604444552852,72.94150773670943
387164,109.32778982282952,44.25172445209766,69.55532495932069
792680,123.63878042478538,50.044268267175035,78.66010612632245
406505,131.09008987897374,53.060274474822705,83.40069633946425
700830,108.95463450930829,44.10068539662478,69.31792018662449
611962,114.03522502589453,46.1571148914335,72.55023765082156
759401,123.76341423742328,50.09471528657608,78.73939928090826
