UE ID,Internet usage,Data rate,optimal GU
16409,114.6502274536587,81.2105777796749,96.49254486271346
387164,109.32778982282952,77.4405177911709,92.01304610132317
792680,123.63878042478538,87.57746946755631,104.05753945609871
406505,131.09008987897374,92.85548033093973,110.32875084191866
700830,108.95463450930829,77.17619944409337,91.69898910701619
611962,114.03522502589453,80.77495106000862,95.97494319135438
759401,123.76341423742328,87.66575175150815,104.16243443995066
