UE ID,Internet usage,Data rate,optimal GU
16409,114.6502274536587,7.506860130894319,29.337062250161242
387164,109.32778982282952,7.1583671907805035,27.97514010167401
792680,123.63878042478538,8.095396337337137,31.637081569001243
406505,131.09008987897374,8.583279694456614,33.5437461623279
700830,108.95463450930829,7.133934402395186,27.87965594167812
611962,114.03522502589453,7.466592114790713,29.17969348685364
759401,123.76341423742328,8.103556884593191,31.668973262555106
