UE ID,Internet usage,Data rate,optimal GU
166919,115.68115745434349,76.43219331804838,94.0306577122907
595246,114.1848656316311,75.44357193518483,92.81440687840103
706465,118.98664477006616,78.61617600879372,96.7175010426724
707135,128.18307313120653,84.69238760454716,104.19275653312066
804163,118.84617884340078,78.5233681643898,96.60332425052086
740297,117.6740674016802,77.74893739039584,95.65058127835113
316442,114.31115820932645,75.52701524544783,92.91706295832105
