UE ID,Internet usage,Data rate,optimal GU
318727,122.08413109008568,122.08413109008568,122.08413109008568
685579,129.07755597245165,129.07755597245165,129.07755597245165
39940,104.55480930078852,104.55480930078852,104.55480930078852
1238191,119.89594995813327,119.89594995813327,119.89594995813327
1294067,104.22636732961911,104.22636732961911,104.22636732961911
373740,105.69162570827665,105.69162570827665,105.69162570827665
943907,120.8406050867535,120.8406050867535,120.8406050867535
