UE ID,Internet usage
194744,0.4924750667003745
933757,0.3992670711928143
1094442,0.4650206928235206
997612,0.39875879991220553
1077828,0.512886336346262
791490,0.2877877356609709
814449,0.39921286565529346
