UE ID,Internet usage,Data rate,optimal GU
194744,128.97143414237829,30.707484319613876,62.931615993911954
933757,113.31249089685541,26.979164499251286,55.29083406611059
1094442,124.35909933083221,29.60930936448386,60.68102705438652
997612,113.22710132170471,26.958833648024928,55.24916821980129
1077828,132.40052744263724,31.523935105389818,64.60484219484698
791490,94.5839625274304,22.519991077959617,46.152247965140326
814449,113.30338436648942,26.976996277735577,55.28639053428636
