UE ID,Internet usage
306960,0.7558341367236298
239449,0.7736700271731578
592650,0.7703860449154695
342813,0.7534389921268336
39780,0.7449873168734857
1011846,0.7373520409421458
101510,0.7565632082599586
