UE ID,Internet usage
306960,0.4379109658602685
239449,0.45574685630536305
592650,0.45246287405210817
342813,0.43551582126169897
39780,0.427064146005691
1011846,0.4194288700778978
101510,0.43864003739526725
