UE ID,Internet usage
306960,0.6473971498861969
239449,0.6652330403312914
592650,0.6619490580780365
342813,0.6450020052849673
39780,0.6365503300316192
1011846,0.6289150541047128
101510,0.6481262214225256
