UE ID,Internet usage,Data rate,optimal GU
306960,119.24724151017652,34.78044544046816,64.40087093565602
239449,122.24367110522736,35.654404072357984,66.01912787120267
592650,121.69196208623315,35.493488941818,65.7211709467798
342813,118.84485721762344,34.663083355140174,64.18355858056029
39780,117.42497577465447,34.24895126760756,63.41673495936336
1011846,116.14224941877725,33.87482274714337,62.723983551075534
101510,119.36972552804082,34.816169945678574,64.46701986561249
