UE ID,Internet usage,Data rate,optimal GU
1207136,111.65928761648793,40.54295562265336,67.2829662150262
1232113,113.11368352719595,41.07103985213662,68.15934715039042
131370,123.70382921928427,44.916271323668695,74.54069195406055
167967,122.27736919455323,44.398330481355636,73.68114445290945
228386,110.45714319464003,40.10646270757763,66.5585854290894
331414,110.9726821710172,40.29365245495267,66.86923573208303
1275116,124.45016562898635,45.18726252004862,74.99041475375728
