UE ID,Internet usage,Data rate,optimal GU
478730,107.1826999127289,95.69883920779365,101.27813172055181
781989,109.04317896773203,97.3599812211893,103.03611918447422
291462,113.01224180517424,100.90378732604842,106.78653104371008
1221456,120.89722667507846,107.9439523884629,114.23714142130778
200772,122.72448562397942,109.57543359283876,115.96373883548966
1251847,119.08006689110124,106.3214882956261,112.52008682099651
284422,126.52722123466903,112.9707332452402,119.55698623820896
