UE ID,Internet usage,Data rate,optimal GU
904283,123.92794871782513,8.114329975571883,31.711074864977117
858858,118.54948024976407,7.762168349686933,30.33481536892148
1163472,108.37986150361326,7.096300455593725,27.732581209928433
1153222,106.74578769072984,6.989307527369215,27.31444924251218
405125,136.07240313344957,8.909502586118721,34.818636211328815
139451,121.84850522905877,7.978175937616943,31.178980298481044
1078709,117.26748680551111,7.678228302741799,30.006774838050756
