UE ID,Internet usage
96328,0.4226435180673403
913146,0.4281303921341007
685538,0.447128658206422
310412,0.44635916860914265
215184,0.35926628939843536
705336,0.33532815823786805
181512,0.38775106473879306
