UE ID,Internet usage
96328,0.37304937125237164
913146,0.3785362453186887
685538,0.3975345113910101
310412,0.3967650217932873
215184,0.3096721425834667
705336,0.285734011422456
181512,0.33815691792382446
