UE ID,Internet usage
96328,1.04661109704876
913146,1.0520979711168505
685538,1.071096237189172
310412,1.0703267475918925
215184,0.9832338683807419
705336,0.9592957372192878
181512,1.0117186437219863
