UE ID,Internet usage
96328,0.9674852541678809
913146,0.9729721282315379
685538,0.9919703943038591
310412,0.9912009047065798
215184,0.9041080254954292
705336,0.8801698943384085
181512,0.9325928008366736
