UE ID,Internet usage,Data rate,optimal GU
1267091,112.20080687322914,65.45047067605033,85.69478175528234
257614,95.95932433988361,55.976272531598774,73.29014457072249
220002,102.40718196797947,59.737522814654696,78.21477717923045
493445,107.09560338254276,62.472435306483284,81.79561818291182
1061566,122.72163416939206,71.58761993214537,93.73019633165303
926192,122.29175234113391,71.33685553232812,93.40186866200654
57142,119.20781453724192,69.53789181339113,91.04647225786138
