UE ID,Internet usage
812069,0.7573882964110222
914101,0.6805591620811747
1202301,0.6768442156100882
354181,0.6950017714907089
539593,0.586287685088189
657689,0.6805914899152525
118004,0.6756531711500684
