UE ID,Internet usage
997644,0.34781002996339183
301160,0.39527257878186295
825467,0.3955872805831442
911501,0.41676822255825036
1069365,0.4218392159949113
289970,0.38754022298628393
800237,0.37603849286358765
