UE ID,Internet usage
997644,0.29821588314797987
301160,0.3456784319664509
825467,0.3459931337681755
911501,0.36717407574328176
1069365,0.37224506917994266
289970,0.3379460761713152
800237,0.326444346048619
