UE ID,Internet usage,Data rate,optimal GU
997644,108.09152486156216,53.40236049708131,75.97593419851032
301160,116.06523306304851,57.34175204900611,81.58053576565572
825467,116.11810296573637,57.36787229854833,81.61769723833214
911501,119.67650121753826,59.12589048247426,84.11884274235985
1069365,120.52842811492262,59.54678293772963,84.7176495589027
289970,114.76619728944614,56.69996651800018,80.66746273256523
800237,112.83390662884824,55.745322917823835,79.30928420497015
