UE ID,Internet usage
1113386,1.0539530713305456
716670,1.0536607534598712
1021104,0.9114817224210277
1117826,1.072907986049351
236557,1.0406352357460773
444804,1.0467817438253693
1071928,0.9911350320565121
