UE ID,Internet usage,Data rate,optimal GU
1113386,121.53083007251472,20.978536143469803,50.49295902620619
716670,121.48172066965935,20.97005892511977,50.47255532235015
1021104,97.59564345542756,16.846867025044045,40.54849969502199
1117826,124.71525574463166,21.528228670204275,51.816006642093114
236557,119.29343369409096,20.59231891147999,49.56337791832003
444804,120.3260470517005,20.770567645829253,49.99240242119375
1071928,110.9773994741393,19.15681300446452,46.108277884213436
