UE ID,Internet usage,Data rate,optimal GU
817910,114.6560292813196,51.18572735773196,76.60778194618193
235209,127.67168884727127,56.99628966396038,85.30423529594584
456218,116.3306375538317,51.933320336532006,77.72667666275294
1155251,116.94984094623562,52.209750422426616,78.14039933187858
565246,118.50645372912876,52.90466684336105,79.18045499571052
1292219,109.94922745100332,49.08447654062648,73.46291768966692
1049474,114.72853322320645,51.21809518893145,76.65622568006249
