UE ID,Internet usage,Data rate,optimal GU
671607,123.52488490276943,113.23114449420532,118.2660732883931
151749,104.25065916548597,95.56310423502882,99.81240708650301
462183,121.76301508820801,111.61609716419068,116.57921136759435
170853,113.82502751352341,104.33960855406313,108.97916688255833
453713,122.38912651038403,112.1900326345187,117.17866741566155
1014655,128.9780996267469,118.22992465785134,123.48712888954513
1080278,122.53799233854247,112.32649297699727,117.32119559495904
