UE ID,Internet usage,Data rate,optimal GU
671607,123.52488490276943,48.52763335465942,77.42331899846518
151749,104.25065916548597,40.95561610072663,65.34255868137811
462183,121.76301508820801,47.835470213224575,76.31900865003678
170853,113.82502751352341,44.71697509459848,71.34361163036402
453713,122.38912651038403,48.08144255765087,76.71144475233207
1014655,128.9780996267469,50.66996771050771,80.8413022127298
1080278,122.53799233854247,48.13992556157026,76.80475134808849
