UE ID,Internet usage,Data rate,optimal GU
54562,116.78473495313915,6.951472318639235,28.492557840010903
747372,108.42488761565382,6.453862358074631,26.45296393338827
917414,123.46619350862439,7.349178185037165,30.12266681293606
641958,124.09486537049915,7.3865991291963775,30.27604704190213
1096786,110.88961310767147,6.600572208789968,27.054295380252803
806475,114.04200732393278,6.788214721662665,27.823400816655788
341529,114.74847089050206,6.8302661244346465,27.995760278193398
