UE ID,Internet usage,Data rate,optimal GU
370911,122.10144926413408,27.61818495260175,58.070822353033485
934912,112.37260872582921,25.417613878461367,53.44383574471939
150451,119.5215780268848,27.034642648938224,56.84384883867398
1109710,113.85864609216712,25.75374137799018,54.15058748624787
803679,114.36155419436774,25.86749440110699,54.38976799752598
591437,117.02123559053881,26.46908900262187,55.65469881369186
1192767,108.68746826135035,24.5840702019721,51.69120186077754
