UE ID,Internet usage
281658,0.9907214435327806
936691,1.0513386016737452
1083251,0.9781860967005053
1106916,0.9885152351151579
1286819,1.0310687151157423
1261106,0.9851033834510498
625193,1.0529604618227097
