UE ID,Internet usage,Data rate,optimal GU
281658,116.70258677873387,1.3893165092706414,12.733296135969063
936691,126.88626934689742,1.5105508255583027,13.844426998397914
1083251,114.59664851139053,1.364245815611792,12.50351943313561
1106916,116.33194376491821,1.3849040924395024,12.69285566771628
1286819,123.48092840496722,1.470011052440086,13.472873840456785
1261106,115.75875268505635,1.3780803891078137,12.630315393641508
625193,127.15874185208531,1.5137945458581585,13.874156186012621
