UE ID,Internet usage
539759,0.9701879531180161
847451,1.0705422193997258
1158341,1.060066734814758
1106191,1.0173200554897408
824370,1.108157122578266
443117,0.9648893867411418
660563,1.021208904464749
