UE ID,Internet usage
811298,0.5347233859317323
337213,0.5869023547475204
802756,0.5691909351185742
488656,0.5283741306724555
495407,0.49377786996624584
217540,0.5525138261694198
127949,0.4741683302135723
