UE ID,Internet usage,Data rate,optimal GU
1215917,116.36328680688776,21.471796970318575,49.98528652630136
1142902,127.13175249021445,23.45883528093243,54.61101391335096
1087537,118.46684832660313,21.85995415550415,50.8888973487008
270469,129.8632701501499,23.962865325325282,55.78437104883748
674311,129.740748318737,23.940257130243136,55.73174028343923
103215,111.25412590569493,20.529035137360378,47.790583380979214
1107596,104.86292204751506,19.349705854005755,45.045162854750025
