UE ID,Internet usage,Data rate,optimal GU
1215917,116.36328680688776,113.59273235910472,114.9696642366174
1142902,127.13175249021445,124.1048060023522,125.6091616066962
1087537,118.46684832660313,115.64620908073162,117.04803249398799
270469,129.8632701501499,126.77128752752728,128.3079653001699
674311,129.740748318737,126.65168288257658,128.1869108490132
103215,111.25412590569493,108.60521814603553,109.92169309847124
1107596,104.86292204751506,102.3661858082885,103.60703336509545
