UE ID,Internet usage,Data rate,optimal GU
1215917,116.36328680688776,64.41539091095572,86.57705589444198
1142902,127.13175249021445,70.37650584279729,94.58905075077472
1087537,118.46684832660313,65.57986246651245,88.14215574910693
270469,129.8632701501499,71.88859597597585,96.62136492486086
674311,129.740748318737,71.8207713907294,96.53020576514986
103215,111.25412590569493,61.58710541208113,82.77571853921282
1107596,104.86292204751506,58.049117562017265,78.02051069964136
