UE ID,Internet usage
17997,0.41760411567910427
453457,0.4581995078362337
820617,0.4072817258368306
362745,0.5263336460006494
379765,0.4074870313402211
168775,0.46652646968482253
682648,0.44232482119437083
