UE ID,Internet usage,Data rate,optimal GU
4471,119.75899219440109,114.76903418630104,117.23746785595542
1105263,119.01082033660964,114.05203615591758,116.5050487488693
390446,127.98594285051597,122.65319523174448,125.29120015134033
507094,116.79381829647662,111.9274092007901,114.3347256636953
153858,117.34901061271943,112.45946850385612,114.87822841147837
591965,123.0734334358131,117.94537370932089,120.48212357140874
414350,130.8790890747218,125.4257936966084,128.12343121180484
