UE ID,Internet usage
1262740,1.006432570396998
761176,1.005964253283259
168624,0.9300367391915603
581102,0.9299629335640703
588060,0.9380141042690489
524399,0.970517809539057
1286186,0.9527200542159989
