UE ID,Internet usage
914455,0.36479870046105234
1178651,0.3023489441636164
705887,0.27122593644647597
550657,0.38418493545736904
1099408,0.24251012238783612
805773,0.28061215354223434
431280,0.32117302805064113
