UE ID,Internet usage
914455,1.0855162548859312
1178651,1.0230664985867217
705887,0.9919434908686947
550657,1.1049024898804745
1099408,0.9632276768131581
805773,1.0013297079640098
431280,1.0418905824719733
