UE ID,Internet usage,Data rate,optimal GU
914455,129.8262938711357,57.18539134800025,86.1636084567109
1178651,119.3347348132081,52.56410938200833,79.20053064086395
705887,114.10606951668188,50.261006810919405,75.73035017181151
550657,133.08318135051067,58.61997273772494,88.32515192523951
1099408,109.2818127548548,48.136036570590804,72.52856909706786
805773,115.68295398876715,50.95558687600458,76.77690285526934
431280,122.49718090616983,53.95709158962243,81.29939489088927
