UE ID,Internet usage,Data rate,optimal GU
23085,116.65065206071445,28.468313895769597,57.626793933123
1294043,130.90137553076576,31.946169028341643,64.66681891625927
18424,117.88871804966817,28.77046095259759,58.23841309135891
40599,108.51343674207205,26.482445871577106,53.60691387182001
406264,114.44468943767099,27.9299539699078,56.53702245515361
326000,106.51580852617319,25.994929461744647,52.62006204099888
1153468,122.80545866348612,29.97037979287459,60.66734077560051
