UE ID,Internet usage,Data rate,optimal GU
23085,116.65065206071445,88.18233816494485,101.42251844230276
1294043,130.90137553076576,98.9552065024241,113.8128843633193
18424,117.88871804966817,89.11825709707057,102.4989613800764
40599,108.51343674207205,82.03099087049493,94.34757410084767
406264,114.44468943767099,86.51473546776319,99.50453272283839
326000,106.51580852617319,80.52087906442854,92.6107258193446
1153468,122.80545866348612,92.83507887061153,106.77384717601196
