UE ID,Internet usage,Data rate,optimal GU
84686,122.940767561984,112.69570359848535,117.70682351221458
1046396,121.8894330374371,111.73198028431734,116.70024733909325
783885,113.85957258658746,104.37127487103851,109.01224127194928
425338,114.1828912120789,104.667650277739,109.3217952884373
558279,120.66961317407504,110.61381207623546,115.53235873533079
573080,111.05923788237435,101.8043013921765,106.33112491534482
150630,108.30457063914496,99.27918975254956,103.69373182382859
