UE ID,Internet usage,Data rate,optimal GU
84686,122.940767561984,86.35125340663163,103.03440868831478
1046396,121.8894330374371,85.61281606200939,102.15330445236079
783885,113.85957258658746,79.97279503105548,95.4236252758757
425338,114.1828912120789,80.19988787515065,95.6945927023531
558279,120.66961317407504,84.75603782464795,101.13099573556833
573080,111.05923788237435,78.00589327452484,93.0767159788234
150630,108.30457063914496,76.07106747273276,90.76807974555675
