UE ID,Internet usage,Data rate,optimal GU
486633,121.00480355462565,54.020001586886444,80.8497351884455
883141,114.79451419499692,51.247550979909335,76.70031107122077
266025,105.06796150074581,46.90533995569009,70.20148468974028
45797,110.55906451724626,49.356725230913504,73.87038221888771
301558,122.10757128098938,54.512308607584536,81.58655286866777
982336,111.2892429767088,49.68269775745928,74.35825322362187
1193143,107.23699615323841,47.873658996981426,71.65073192718093
