UE ID,Internet usage,Data rate,optimal GU
966183,110.10537131249504,69.47124618526472,87.4594612193005
801583,116.20041756204016,73.3169301284301,92.3009095041349
821387,110.01936087518048,69.41697769505434,87.39114096918827
1161198,129.77080591052243,81.87919896735343,103.08020972670491
885820,125.4115729548988,79.12873055487663,99.61756152813338
1234159,109.41963170900988,69.03857714973242,86.91476103308221
249951,103.02469520189686,65.00367673453016,81.83510238630856
