UE ID,Internet usage
262944,0.9611269207930586
1037769,0.9115437275698693
3286,1.0259378630386635
982683,0.8368212227835756
173332,0.9099473782392582
1137112,0.9553029462377272
543901,0.9752959771359837
