UE ID,Internet usage,Data rate,optimal GU
262944,120.06663666252369,87.19124805254697,102.31695802787108
1037769,111.73666020102569,81.14209847931627,95.21841778658961
3286,130.95487495995064,95.09818300663083,111.59556740548365
982683,99.18327939725995,72.02595289562925,84.52082707771547
173332,111.46847351365409,80.94734386110595,94.98987764589624
1137112,119.08820893711456,86.48072315671415,101.48317312894555
543901,122.4470381278393,88.91987292616902,104.34546022953391
