UE ID,Internet usage
378707,1.0018778027351507
1105014,0.9799145087783862
293921,0.9629319540212691
871322,1.0464749306135313
423457,0.9741062136544876
598826,1.0232697269893059
750472,1.024589893548964
