UE ID,Internet usage
313780,0.6779719519085784
46604,0.7502186730555913
1213385,0.6128731645325578
98068,0.7563393011179268
297359,0.6830454300058182
296099,0.7149764556887072
652347,0.7430330939416881
