UE ID,Internet usage,Data rate,optimal GU
313780,116.25060912108401,24.218876900225837,53.06090078277794
46604,128.3880582741931,26.747512140456898,58.60086302588613
1213385,105.31401284201763,21.940419342087008,48.069050379134836
98068,129.41632378888139,26.961734122683623,59.070199873802316
297359,117.10295344193548,24.39644863373656,53.44994095885442
296099,122.4673657568509,25.51403453267727,55.898448986052486
652347,127.18088098299044,26.496016871456344,58.049864498136394
