UE ID,Internet usage,Data rate,optimal GU
220062,129.06203905408452,59.15343456645541,87.37541348800075
584902,107.14624724758602,49.108696655143596,72.53835229600074
1037653,113.37801952896478,51.9649256174422,76.75728207457298
240283,121.39682663627752,55.64021220829387,82.18604014950436
964853,118.5341448571187,54.32814972617941,80.24799542332622
15130,121.72784923967846,55.7919309015193,82.41014351140701
629395,109.506372824009,50.190420877670796,74.13616486455274
