UE ID,Internet usage
10043,0.4248026575769199
1248379,0.37218004511696556
171077,0.40121670220612554
423041,0.385264462687552
174916,0.37678970292003183
53489,0.5047211489986179
360922,0.3610281027479284
