UE ID,Internet usage
223298,0.9998734697027284
212035,1.0944575415392315
775185,1.1243673756600419
40092,1.0185061610738768
1167425,0.9565120389924674
968550,1.1005647514694599
1094633,1.1172912066696916
