UE ID,Internet usage
223298,0.48370879621617496
212035,0.5782928680526781
775185,0.6082027021690551
40092,0.5023414875873234
1167425,0.4403473655019239
968550,0.5844000779784729
1094633,0.6011265331787049
