UE ID,Internet usage
223298,0.28271660098487417
212035,0.37730067282137725
775185,0.4072105069395276
40092,0.3013492923555793
1167425,0.23935517027195316
968550,0.3834078827489455
1094633,0.4001343379491774
