UE ID,Internet usage
223298,0.8593817478749527
212035,0.9539658197114558
775185,0.9838756538322662
40092,0.8780144392461011
1167425,0.8160203171646917
968550,0.9600730296416841
1094633,0.9767994848419159
