UE ID,Internet usage,Data rate,optimal GU
223298,104.83215886151012,75.50411441811146,88.96774312849067
212035,120.7222829300431,86.94878711032865,102.45318969147412
775185,125.74713506188657,90.56787703862068,106.71762303501596
40092,107.96245101182134,77.75867007399037,91.6243232368325
1167425,97.54743850178288,70.25738130187933,82.78543097575432
968550,121.74829419787419,87.68775951156414,103.32393305796268
1094633,124.55833867151135,89.71166059079091,105.7087290749984
