UE ID,Internet usage,Data rate,optimal GU
223298,104.83215886151012,46.80007092031701,70.04393242421939
212035,120.7222829300431,53.89387630805495,80.66096815596596
775185,125.74713506188657,56.13711386691364,84.01833870892291
40092,107.96245101182134,48.19752277313452,72.13544684332163
1167425,97.54743850178288,43.54796361686735,65.17662389840584
968550,121.74829419787419,54.3519170526224,81.34650077010767
1094633,124.55833867151135,55.60640119263899,83.22404070974119
