UE ID,Internet usage,Data rate,optimal GU
1236433,116.91548476609461,20.18183963224252,48.57540081229608
1093965,105.56509895884615,18.222546844086537,43.85960511539297
490860,109.37246390359299,18.879770554786884,45.44146810471187
602650,111.11058618974148,19.17980356846728,46.16361356627636
133835,125.83408599875705,21.721360083118775,52.28085206563811
929686,118.98651073643786,20.53933816283749,49.435859260579164
793155,127.16106483547803,21.950421906124184,52.832177914323715
