UE ID,Internet usage
829619,0.3593769264188309
875000,0.39615943670591036
352313,0.4115087592509449
689576,0.49235905602791824
223860,0.2742137867263193
1144687,0.4836965993930108
143932,0.3471914419562296
