UE ID,Internet usage,Data rate,optimal GU
297018,127.93087770398652,86.04874512232426,104.9204054930478
1022983,110.909585502768,74.59989977269514,90.96067261370517
1058035,116.1146654479681,78.10093568821662,95.22953333189523
766182,120.29418722234925,80.91216164360395,98.65729938185355
1286318,113.22379503120757,76.15648118170509,92.8586335006896
330060,127.7843586801903,85.95019363608037,104.80024032522398
154863,121.852323476367,81.96019376684208,99.93517920663854
