UE ID,Internet usage,Data rate,optimal GU
297018,127.93087770398652,32.74421274566322,64.72245264418491
1022983,110.909585502768,28.387572479875143,56.11108533233639
1058035,116.1146654479681,29.719825084896595,58.744425666652816
766182,120.29418722234925,30.789583634291773,60.858918312780375
1286318,113.22379503120757,28.97989991870194,57.281884120723696
330060,127.7843586801903,32.706710852667754,64.64832612563583
154863,121.852323476367,31.18839231835584,61.647206501869455
