UE ID,Internet usage,Data rate,optimal GU
729435,116.00031905539387,21.404820778078633,49.82936924726868
1217482,107.99370217020292,19.92740932902554,46.390028110602685
233095,115.45195014950689,21.30363365853996,49.593810613312556
524470,114.78828010481907,21.18117073362733,49.30872295161993
397842,111.93849880589464,20.655318232040084,48.08456420986461
133751,121.01704140635938,22.330525497602032,51.98436427204885
872497,111.91860112476726,20.65164663611777,48.07601691526978
