UE ID,Internet usage,Data rate,optimal GU
729435,116.00031905539387,36.5953387496183,65.15420915716759
1217482,107.99370217020292,34.06944175607592,60.657111257549495
233095,115.45195014950689,36.42234141621348,64.8462053285541
524470,114.78828010481907,36.2129693187822,64.47344000122523
397842,111.93849880589464,35.31393117090724,62.87279572443113
133751,121.01704140635938,38.17799520557766,67.97196500473693
872497,111.91860112476726,35.307653926265864,62.86161974070563
