UE ID,Internet usage,Data rate,optimal GU
227999,123.2399440929586,82.89353382443048,101.07321343556157
952222,113.46753504039123,76.32042535454886,93.05853286085502
387156,121.59431702897298,81.78665371591634,99.7235794617901
809598,104.10392695070168,70.02228419898387,85.37912367301675
627892,106.61818109383556,71.71341942621082,87.44114786095805
985247,112.1919332864145,75.46243131764784,92.01236905992684
366120,123.78392432704617,83.25942529140605,101.51934987865495
