UE ID,Internet usage,Data rate,optimal GU
209756,120.3135612804737,86.65441020796023,102.10632053295589
365850,117.95537213486926,84.95595254951893,100.10499986539534
877722,113.43379837470358,81.69934287701865,96.26768298477693
877150,112.02997700202899,80.68825724550896,95.07630411174053
896940,101.8995672954248,73.39195025444286,86.47894526354418
98655,118.5390031519715,85.37630584159852,100.60030908133896
500964,116.90901030388885,84.20232289744375,99.21698561853523
