UE ID,Internet usage,Data rate,optimal GU
788790,117.81346310210986,90.4639091676915,103.23694312018561
55676,129.60095113718785,99.51501605176924,113.56601926959407
634332,113.79210655387031,87.37608181815041,99.71313059226785
348946,116.23914046237616,89.25505428361025,101.8574042073014
427632,119.60971185570715,91.84317160348941,104.81095024570493
547792,108.93710462316236,83.64813390707108,95.4588158053875
1158175,138.35693495197242,106.2383607666931,121.23866532588329
