UE ID,Internet usage,Data rate,optimal GU
1228336,134.7740123807578,105.89386687059542,119.4643935432811
1084168,118.00952605494604,92.72177047174331,104.60426467570966
1040965,110.50768213170907,86.82746453205714,97.9545907592432
1268391,102.73495042197968,80.72031818869831,91.06480048384417
162944,127.01874051783456,99.80043897829859,112.59007976793733
255067,119.83093663979147,94.15287878840759,106.21877259951575
159691,104.61492558245544,82.19744152907214,92.7312203555637
