UE ID,Internet usage
1270356,1.0038173375290649
399679,1.002890007859178
749010,0.9932758108615038
1632,1.02486708696097
1071601,1.1019859090359718
283576,1.016610544767151
1110933,0.9250231399995192
