UE ID,Internet usage,Data rate,optimal GU
1270356,116.4954499526627,111.64147287130176,114.04263946226554
399679,116.33965856796915,111.49217279430377,113.89012826356075
749010,114.72447347280725,109.94428707810695,112.30895087382387
1632,120.03180785727774,115.03048252989117,117.50453938788
1071601,132.98776996623494,127.44661288430848,130.1877138490196
283576,118.64470876854146,113.70117923651891,116.1466456560693
1110933,103.2580247681433,98.95560706947066,101.08392812770019
