UE ID,Internet usage,Data rate,optimal GU
558295,121.36955780806781,70.07647087727725,92.22337167510783
264542,131.29612052310765,75.8078791115562,99.76612868319617
293858,108.28050616116883,62.51910177162724,82.27757886917568
1238993,110.73784909639662,63.93792477589566,84.14480533799987
1090593,132.37219427146206,76.42918359721321,100.5837896439558
796687,112.2860081296875,64.83180231297433,85.32118307651933
1122854,116.55210382161903,67.29496470653004,88.56280095586226
