UE ID,Internet usage
1126195,0.6565316762658092
605437,0.5393442889378789
383166,0.6202001120375136
907380,0.57881854113765
1038030,0.5473716100009793
451014,0.5445765370469905
740062,0.6029028335198761
