UE ID,Internet usage
1126195,0.430882379445313
605437,0.3136949921156094
383166,0.39455081521568747
907380,0.3531692443153803
1038030,0.3217223131795964
451014,0.3189272402251643
740062,0.37725353669760653
