UE ID,Internet usage
295123,0.8183801068499937
1020964,0.8709107897028221
674537,0.8565310178724588
787974,0.8158358817672432
517339,0.7795021539879626
654999,0.7734377888028114
1289462,0.7609584001201067
