UE ID,Internet usage,Data rate,optimal GU
295123,119.70284295298319,29.925710738245797,59.851421476491595
1020964,128.52799767238596,32.13199941809649,64.26399883619298
674537,126.11219600493061,31.528049001232652,63.056098002465305
787974,119.27541313887497,29.81885328471874,59.63770656943748
517339,113.17134687188442,28.292836717971106,56.58567343594221
654999,112.15253352105474,28.038133380263684,56.07626676052737
1289462,110.05599622214937,27.513999055537344,55.02799811107469
