UE ID,Internet usage,Data rate,optimal GU
93770,119.95523052455088,90.68044212272596,104.29570144018298
505751,118.91718889391075,89.89573208051586,103.39317072502949
680466,117.11476060453343,88.53318212366514,101.82604003873764
601783,107.58479701931654,81.32898346103094,93.54016344566844
1011691,103.521492944039,78.25731907079138,90.00730250377654
395650,116.19688435992379,87.83931139113285,101.02798774582617
691655,134.6684751926711,101.80295446112636,117.08820883158484
