UE ID,Internet usage
1231612,0.3882856503208675
1003856,0.4171449190170963
682727,0.401852145434716
86183,0.43192408243645236
845977,0.28720046499047663
401676,0.3518747966767811
357276,0.41149824746898467
