UE ID,Internet usage
498443,0.9298122389492366
272285,0.8914779479347535
44062,0.8762653591842821
261756,0.815025750428996
1082552,0.9649597432283521
1142776,0.9236349403111778
442239,0.9656686684983228
