UE ID,Internet usage,Data rate,optimal GU
498443,126.51049145471478,109.19060274365263,117.53193955404643
272285,120.0703305642776,103.6321305465491,111.54884209082817
44062,117.51461565431275,101.42630517782945,109.17450833509469
261756,107.22636138338525,92.54656190827893,99.6164197909509
1082552,132.415272173811,114.28699086430115,123.01765320970111
1142776,125.47270528387195,108.2948944414371,116.56780590711338
442239,132.53437161916074,114.38978502844229,123.12830007108634
