UE ID,Internet usage
1294422,0.6956013217233189
321718,0.6784947786849488
211577,0.7711811603565327
1234465,0.6847184699497939
43187,0.6735888421919716
1034198,0.7304938671413721
343371,0.726107013563131
