UE ID,Internet usage
1294422,0.5766109236152772
321718,0.5595043805769072
211577,0.652190762248491
1234465,0.5657280718417523
43187,0.5545984440839299
1034198,0.611503469028897
343371,0.6071166154550893
