UE ID,Internet usage,Data rate,optimal GU
176470,119.53534832797072,88.22847138493078,102.6957694330302
575646,128.6233861206574,94.93630880334236,110.50352711150114
631645,124.7347217932486,92.06610418073112,107.16267956509736
868729,114.51424781414869,84.52242100568118,98.3820179956499
1020987,105.37238514146232,77.77485569965076,90.52801803367429
311941,127.69348796501959,94.24995540275256,109.70462864403223
515058,118.78065162465003,87.6714333420036,102.04739085949359
