UE ID,Internet usage
456539,0.44181723532656164
800832,0.5070826566438105
1212049,0.48890148296771313
884396,0.47685950048999654
793557,0.50575370588751
806148,0.5099326842042435
21414,0.5523299635183704
