UE ID,Internet usage
119456,0.4031025585769175
222439,0.40528792838636923
45839,0.27538292766124967
56745,0.3055391449588349
717440,0.4087976484810986
509547,0.4618910008636546
502314,0.33972719513769506
