UE ID,Internet usage
119456,0.336590332909675
222439,0.33877570271912677
45839,0.2088707019940072
56745,0.2390269192915924
717440,0.3422854228138562
509547,0.3953787751972988
502314,0.2732149694708959
