UE ID,Internet usage,Data rate,optimal GU
119456,123.47298637815582,5.87966601800742,26.94401458857859
222439,123.84012850609898,5.897148976480904,27.0241315691551
45839,102.01608838433344,4.857908970682545,22.261735577357772
56745,107.08233289030868,5.099158709062318,23.367280764871378
717440,124.42976148205877,5.9252267372408935,27.15280003318261
509547,133.34944468248776,6.349973556308941,29.09923448275365
502314,112.82592532039358,5.3726631104949325,24.62063538733992
