UE ID,Internet usage,Data rate,optimal GU
119456,123.47298637815582,123.47298637815582,123.47298637815582
222439,123.84012850609898,123.84012850609898,123.84012850609898
45839,102.01608838433344,102.01608838433344,102.01608838433344
56745,107.08233289030868,107.08233289030868,107.08233289030868
717440,124.42976148205877,124.42976148205877,124.42976148205877
509547,133.34944468248776,133.34944468248776,133.34944468248776
502314,112.82592532039358,112.82592532039358,112.82592532039358
