UE ID,Internet usage
703585,1.0262579334977426
758657,1.0180469212953986
435097,0.9757705565852897
663887,1.039844208116848
878382,0.9608729946914488
932489,0.9904856864083829
336943,0.9899114314051249
