UE ID,Internet usage
252867,0.36395324979670773
342078,0.4462226530720646
1007024,0.3838798427821332
971777,0.3969781107095629
57422,0.36322837411010894
513260,0.39725866033176366
416774,0.3334685171987903
