UE ID,Internet usage
598449,0.6974838088070608
766475,0.7124386444718449
644795,0.637392134922271
940506,0.7342709936026147
615020,0.7087726499866003
674679,0.5934290815487724
30263,0.6793106329916841
