UE ID,Internet usage
929460,1.1175525075484198
384277,1.070472010771954
469500,1.1406575630368563
1246083,1.1598974795478765
397106,1.0729386645043202
243382,0.9768452603879689
753296,1.080313452258482
