UE ID,Internet usage,Data rate,optimal GU
929460,124.60223721936731,75.65135831175873,97.08928104754467
384277,116.69271376121367,70.84914764073687,90.92623002119066
469500,128.48388654114265,78.00807397140804,100.1138378319174
1246083,131.71619251489162,79.97054545546992,102.63243035577774
397106,117.10711158802948,71.10074632130362,91.24912620645242
243382,100.96341969641506,61.29921910139486,78.67006282695236
753296,118.34607593083375,71.85297467229192,92.21451944473459
