UE ID,Internet usage
151695,0.9840721481996995
160628,0.9441425830154152
992178,0.9584962476552593
1118771,0.9169931653314354
262837,0.9350653678382245
1113636,0.9768652908486122
268211,0.9628669199462693
