UE ID,Internet usage
1020221,0.791130751720282
733306,0.8614172594403355
1028230,0.7675181441188687
1195847,0.7282661950094441
340254,0.8088964923027652
4545,0.6831769307311647
773589,0.8157726224488498
