UE ID,Internet usage
1138248,0.42562902739501957
667498,0.3171943541647766
308231,0.4562196127135391
171972,0.34698459062942527
972536,0.3553324747291136
781578,0.33728297277012687
1243721,0.36727536021727203
