UE ID,Internet usage
892917,0.4252910498199178
256499,0.4708922789958958
512740,0.4461479826767821
780838,0.41187457494025914
394461,0.41964666864470135
291511,0.4878848070364042
1296738,0.5366332504334411
