UE ID,Internet usage,Data rate,optimal GU
892917,112.96021665206658,45.04961021243131,71.33592173433657
256499,120.62122315392696,48.10489256733992,76.17395211724799
512740,116.46418137214876,46.44702471389266,73.54872337760507
780838,110.70624887228384,44.15070639549415,69.9125102546512
394461,112.0119606146297,44.6714366736916,70.73708507771909
291511,123.4759678642753,49.24339194587169,77.97676244520778
1296738,131.66570635481835,52.5095376534097,83.14869431026034
