UE ID,Internet usage
609043,0.8293936235624267
316603,0.7919852361817982
329877,0.7344452946810692
1269328,0.7936794363405264
915946,0.7439547823423982
503228,0.8017527953601715
1035439,0.746965634345591
