UE ID,Internet usage
939338,0.36860535958786955
1139450,0.32729996870993494
495130,0.2908961515830792
312444,0.38830793182896484
153410,0.3173455500355651
1090763,0.41563103173019894
282436,0.386227247743835
