UE ID,Internet usage,Data rate,optimal GU
496504,119.53558033280206,12.807383607085933,39.12720322253857
106920,124.85216569639863,13.377017753185566,40.86746428449397
706696,112.2481705302892,12.026589699673842,36.741838433954406
151438,115.33991212773239,12.357847727971327,37.753848426777765
430387,124.20586336953394,13.307771075307208,40.65591218915944
12769,127.77867801805773,13.6905726447919,41.8253903013671
592728,105.07881856149424,11.258444845874383,34.395117142469864
