UE ID,Internet usage,Data rate,optimal GU
496504,119.53558033280206,35.57606557523871,65.21200537089763
106920,124.85216569639863,37.15838264773769,68.11244047415663
706696,112.2481705302892,33.40719361020512,61.23639738992401
151438,115.33991212773239,34.32735479992036,62.923080711296286
430387,124.20586336953394,36.96603076474225,67.75985364859906
12769,127.77867801805773,38.02936845775528,69.70898383561185
592728,105.07881856149424,31.273457905206623,57.325195237449776
