UE ID,Internet usage,Data rate,optimal GU
496504,119.53558033280206,118.11253770979252,118.82192869887282
106920,124.85216569639863,123.36583039048914,124.10677297064476
706696,112.2481705302892,110.911882785881,111.5780262093976
151438,115.33991212773239,113.96681793573559,114.65130948308013
430387,124.20586336953394,122.72722213894426,123.46432919962005
12769,127.77867801805773,126.25750327974752,127.01581342079704
592728,105.07881856149424,103.82788024528598,104.45147672445306
