UE ID,Internet usage,Data rate,optimal GU
1208691,122.23256359043042,107.68106792490299,114.72633953289089
642440,108.36385729721488,95.46339809516549,101.70930168028747
206997,107.98159522123554,95.12664340918369,101.350514075486
575413,118.49859310287658,104.39161773348651,111.22166980023027
583091,112.9406384734945,99.49532436950706,106.00502563284235
371873,121.12861092819738,106.70853819865007,113.69017990214006
841225,120.36917783286862,106.03951380514617,112.97738311061453
