UE ID,Internet usage
612940,0.8445068802879699
577266,0.9292613849598607
381204,0.8411701827466334
812547,0.8651781073847185
547117,0.9020449220979381
921364,0.9373920757308913
869545,0.9089070670004104
