UE ID,Internet usage,Data rate,optimal GU
612940,112.39913679474454,3.345212404605492,19.39069330046579
577266,126.63789357965899,3.7689849279660415,21.847112216746225
381204,111.83857160762263,3.3285289168935304,19.29398661811601
812547,115.87190294718354,3.4485685400947483,19.989802379827797
547117,122.06552781854697,3.632902613647231,21.05830418263133
921364,128.0038496288836,3.8096383818120114,22.082762023032537
869545,123.21836816266426,3.6672133381745313,21.25718803685526
