UE ID,Internet usage
636785,0.6333234927669331
534560,0.6090767841664393
313772,0.646469471730708
1025443,0.6935972845294764
223347,0.6083788557222041
294474,0.6886538779560791
236062,0.648122173422924
