UE ID,Internet usage
636785,0.6924232965208817
534560,0.6681765879203879
313772,0.7055692754846568
1025443,0.7526970882834251
223347,0.6674786594761528
294474,0.7477536817100278
236062,0.7072219771768729
