UE ID,Internet usage
666200,1.0212376532633807
581852,1.0915527216315843
731659,1.0463884690365104
269571,1.0819128772658069
410796,1.1050656654483544
1071137,1.0181015454248479
317482,1.1068083571542615
