UE ID,Internet usage,Data rate,optimal GU
666200,110.16119108149374,5.9014923793657355,25.49736122953291
581852,121.97412256713169,6.534327994667769,28.23152358119282
731659,114.386528131443,6.127849721327303,26.47533672182208
269571,120.35462871412479,6.447569395399542,27.856683591049848
410796,124.24429712885,6.655944489045535,28.756966891000605
1071137,109.63432496445226,5.873267408809943,25.37541541927138
317482,124.53706933486473,6.671628714367753,28.824730489246402
