UE ID,Internet usage
693993,0.3459710585415292
656481,0.3550787396180429
861565,0.32056882847017815
454134,0.36534901123645946
611161,0.3169090959902094
1235698,0.3027972781241072
976895,0.32603888568288664
