UE ID,Internet usage
693993,0.8823223526247832
656481,0.8914300337004102
861565,0.8569201225560922
454134,0.901700305322817
611161,0.8532603900739067
1235698,0.8391485722073612
976895,0.8623901797688008
