UE ID,Internet usage,Data rate,optimal GU
225651,113.91356736811476,62.381239273015225,84.29750590873437
307782,101.35854605135702,55.50587045669552,75.00662855245282
1175018,115.0868183927335,63.02373388173502,85.16572676657673
716903,122.54213880845857,67.10640934748922,90.68275982344862
649372,123.95337115407445,67.87922706056459,91.72708992162487
952269,123.43828321479936,67.5971550938187,91.34591821743055
20694,114.84719651454083,62.892512377010455,84.98840349280431
