UE ID,Internet usage,Data rate,optimal GU
225651,113.91356736811476,61.02512537577576,83.37619402827812
307782,101.35854605135702,54.29922109894126,74.18685936410743
1175018,115.0868183927335,61.65365271039295,84.23492584866241
716903,122.54213880845857,65.64757436167423,89.691661651833
649372,123.95337115407445,66.40359168968274,90.7245779636084
952269,123.43828321479936,66.12765172221394,90.34757219547329
20694,114.84719651454083,61.52528384707544,84.05954059235619
