UE ID,Internet usage,Data rate,optimal GU
378231,123.95966751810307,15.494958439762884,43.82636074784025
532339,118.95278488395732,14.869098110494665,42.056160416235436
466585,118.22392608345775,14.77799076043222,41.79846991605507
281399,109.27232117083597,13.659040146354496,38.63359964794623
354867,121.05531313580558,15.131914141975697,42.79951640849453
250844,111.92495360867939,13.990619201084924,39.57144684034347
9492,108.79107076783754,13.598883845979692,38.46345193624175
