UE ID,Internet usage,Data rate,optimal GU
86994,114.18242635019033,34.66252228487921,62.91145283575202
570822,118.9089770621776,36.09736803673249,65.51565544116006
1189741,112.06849579434702,34.020793366141056,61.74673382676794
193237,111.1620490999922,33.74562204821192,61.24730602265795
90789,108.61480081551564,32.97235024756725,59.843840573269816
1051713,111.74290103329236,33.92195209939232,61.567339850755936
907342,109.56625372390859,33.26118416618654,60.36806559357394
