UE ID,Internet usage
194465,1.0514931638164056
872680,1.084695536056424
1014307,1.080818742411552
867955,0.9784664475107036
289148,1.0212943071294935
474330,1.0787705154930636
471485,1.1395536498816128
