UE ID,Internet usage
606713,1.126736026847765
342847,0.9894123241050271
1156038,1.022429403118128
1073172,1.0779905829965226
1168986,1.028132694667571
1248321,0.9891802509953458
390536,1.0035623473635291
