UE ID,Internet usage
517175,0.6736615391729288
3775,0.6605256881174031
446938,0.6826484640333812
562269,0.6806981335364395
502344,0.7412747150325396
566755,0.7003783504288301
108473,0.6633614270676741
