UE ID,Internet usage,Data rate,optimal GU
767833,117.25036006370081,67.69812456058915,89.09337506440276
107967,123.71966013067528,71.43337519449703,94.00911073428034
161497,107.9220469587369,62.31213425593737,82.00520153788045
981090,120.22296513774188,69.41445010929144,91.35212649711482
189764,114.40922729865912,66.05770861886866,86.93452363822291
1166003,110.37768166114947,63.72997095911606,83.87112999596233
122369,116.37921792938921,67.19514368542114,88.43143259476378
