UE ID,Internet usage,Data rate,optimal GU
1058046,122.96428867489193,30.741072168722983,61.482144337445966
799031,112.77418693974566,28.193546734936415,56.38709346987283
564613,115.9292259834553,28.982306495863824,57.96461299172765
852980,106.93526497158773,26.733816242896932,53.467632485793864
865622,124.81822781284025,31.204556953210062,62.409113906420124
268403,128.17924161466655,32.04481040366664,64.08962080733328
332818,105.07353676276168,26.26838419069042,52.53676838138084
