UE ID,Internet usage,Data rate,optimal GU
1058046,122.96428867489193,90.75935592670595,105.64165675584009
799031,112.77418693974566,83.23809036028847,96.88708873115453
564613,115.9292259834553,85.5668096544551,99.59766068093482
852980,106.93526497158773,78.92840985998143,91.870726687902
865622,124.81822781284025,92.127739576144,107.23442164854139
268403,128.17924161466655,94.60848785844436,110.12195159915115
332818,105.07353676276168,77.55427713441934,90.27127001207425
