UE ID,Internet usage,Data rate,optimal GU
140734,125.93968804118595,92.95548403039916,108.1978958229129
165537,122.96928862465082,90.76304636581371,105.64595233614163
721890,104.86698632134285,77.40182323718163,90.09381742750455
574835,116.26407852710803,85.81396272238926,99.88534076969546
1966,120.39368467513616,88.86200535545764,103.4331873837659
287074,125.95123683787676,92.96400814224238,108.20781767932424
1245694,120.45154933613699,88.90471498619635,103.48290034288287
