UE ID,Internet usage
1073515,0.39732827404729915
542465,0.4195852914322981
709546,0.43123951961119217
1147614,0.40846323120220634
10697,0.49159515401980347
702155,0.5134284298844652
688827,0.47916218230343466
