UE ID,Internet usage,Data rate,optimal GU
1069188,120.96369065656329,110.88338310184969,115.81391648884576
780277,122.62694203202325,112.40803019602133,117.40635844272416
487686,103.22469591438276,94.62263792151754,98.83012205833498
492323,114.73271551525796,105.17165588898648,109.84821198080418
438072,131.96059077458307,120.96387487670115,126.34264676312678
291473,113.38419179907055,103.93550914914802,108.55709881947404
1222205,116.52975000930475,106.81893750852936,111.56874151897776
