UE ID,Internet usage,Data rate,optimal GU
1069188,120.96369065656329,0.7200219681938291,9.332551346042957
780277,122.62694203202325,0.7299222740001384,9.460873975574222
487686,103.22469591438276,0.6144327137760879,7.963958189203761
492323,114.73271551525796,0.682932830447964,8.851821177125991
438072,131.96059077458307,0.7854797069915659,10.180980609747444
291473,113.38419179907055,0.6749059035658961,8.747780313670466
1222205,116.52975000930475,0.6936294643410997,8.990465398340417
