UE ID,Internet usage
261816,1.0895189786115675
230734,1.1031557278925295
283159,1.0515682881908388
1167439,1.0147069090665182
1229413,1.0192326938799159
801207,1.0098427949600006
1247486,0.9841210096016293
