UE ID,Internet usage
261816,0.5924139441563028
230734,0.6060506934416979
283159,0.5544632537355739
1167439,0.5176018746112534
1229413,0.522127659424651
801207,0.5127377605047357
1247486,0.487015975150798
