UE ID,Internet usage,Data rate,optimal GU
261816,130.73145679587293,34.239191065585764,66.9039559930223
230734,133.02243067530816,34.839208034009275,68.07639925470968
283159,124.35574080519275,32.569360687074294,63.64107931040018
1167439,118.16302911230956,30.94746000560488,60.47185806302238
1229413,118.92336096073555,31.1465945373355,60.86097029181529
801207,117.34585794195036,30.73343898479652,60.05365738385574
1247486,113.02459800236916,29.601680429191923,57.84218210531148
