UE ID,Internet usage,Data rate,optimal GU
261816,130.73145679587293,45.91164256521728,77.47319482532177
230734,133.02243067530816,46.71621077287608,78.8308563250964
283159,124.35574080519275,43.67255183039507,73.69486098583778
1167439,118.16302911230956,41.49773046206109,70.02497791990584
1229413,118.92336096073555,41.764751765972605,70.47556065545189
801207,117.34585794195036,41.210747729613516,69.54071144848017
1247486,113.02459800236916,39.69316239368917,66.97987550741995
