UE ID,Internet usage,Data rate,optimal GU
1036005,119.54347961577672,7.827251641509189,30.589163065607213
1025679,109.195563681776,7.149709526782952,27.941305659149652
872119,125.71713504926731,8.231479080606787,32.16889751346574
1066696,133.30153916621458,8.728076969216431,34.1096187893934
805908,120.50416004584154,7.890153336334863,30.834985007746102
840892,106.71305173618902,6.9871641017742805,27.306072663088727
555116,114.73862823434075,7.512648277248501,29.359682521079417
