UE ID,Internet usage,Data rate,optimal GU
1036005,119.54347961577672,0.71156833104629,9.222979685419698
1025679,109.195563681776,0.6499735933439047,8.424620638548488
872119,125.71713504926731,0.7483162800551626,9.699287542869333
1066696,133.30153916621458,0.7934615426560392,10.284437024224955
805908,120.50416004584154,0.717286666939533,9.297097789720711
840892,106.71305173618902,0.6351967365249346,8.233090683785996
555116,114.73862823434075,0.6829680252044092,8.85227735330692
