UE ID,Internet usage
1248011,1.1277457142382432
788309,1.078028965145037
1212556,1.0750767983362233
749154,1.1037967995169358
921317,1.041943374587023
656045,1.0471533875422439
428876,1.0214972296606377
