UE ID,Internet usage,Data rate,optimal GU
1248011,130.63786980309825,108.08728513470629,118.82883775749941
788309,122.28545595503081,101.1766570104124,111.2314417533282
1212556,121.78949193167148,100.76630582441867,110.78031048064172
749154,126.6144521300299,104.75838598853665,115.16911759653613
921317,116.22307674128407,96.16075992284813,105.71707232047893
656045,117.09835891775849,96.8849517236216,106.51323321851771
428876,112.78812439388273,93.31874577827202,102.59262306384832
