UE ID,Internet usage,Data rate,optimal GU
1195586,111.54540844560317,101.58599697724574,106.44929086274219
387643,116.11113861853465,105.74407267045119,110.80642887453399
186029,112.24802330681422,102.22587836870579,107.1198057209312
189407,107.14423759815168,97.57778781260241,102.2491940393444
587548,104.09068565100424,94.79687443216456,99.33514814614293
547610,127.23807191930281,115.87752978365076,121.42501170863979
126189,126.61846797990256,115.31324762455411,120.83371529506233
