UE ID,Internet usage,Data rate,optimal GU
511826,109.16162524391619,20.7926905226507,47.64203911091888
989316,111.14075552558543,21.16966771915913,48.50580238005493
938217,110.87536950897213,21.119118001708976,48.389978426767954
91740,112.12036962186656,21.356260880355535,48.933341022726744
943767,113.24946498785192,21.571326664352746,49.426118640007864
345780,113.59781996215987,21.637679992792357,49.57815321510126
279177,111.7445013865241,21.284666930766498,48.76929867608043
