UE ID,Internet usage,Data rate,optimal GU
932071,110.1861845584742,71.48984593377195,88.7535540590656
776963,110.35798969509797,71.60131474265285,88.8919408862533
925684,110.09473023127163,71.43050949528933,88.6798887751116
1098408,123.84869702606619,80.35421414191198,99.75853207635575
894239,104.35327079928864,67.70539593525274,84.05521706952213
517962,131.73253772619387,85.46932507235196,106.10886433058236
203943,120.69278325264007,78.30662722939147,97.21648413433921
