UE ID,Internet usage,Data rate,optimal GU
932071,110.1861845584742,101.00400251193469,105.49523999652604
776963,110.35798969509797,101.16149055383981,105.65973089158142
925684,110.09473023127163,100.92016937866566,105.40767914454068
1098408,123.84869702606619,113.52797227389402,118.57609979305755
894239,104.35327079928864,95.65716489934792,99.91065024627684
517962,131.73253772619387,120.75482624901106,126.1243025925925
203943,120.69278325264007,110.63505131492008,115.55454239663779
