UE ID,Internet usage
420103,0.33989136586374846
152625,0.30924720659818244
230791,0.32785139369583366
113405,0.2744774424378482
950689,0.20046086734986016
1143613,0.2401952423099247
109921,0.3543109062127294
