UE ID,Internet usage
717320,0.5639429860803111
621928,0.509353967198503
724850,0.45822580350087516
612339,0.5584822588243346
759645,0.4462875141810923
1159946,0.5299931693666464
914944,0.47456420255994913
