UE ID,Internet usage,Data rate,optimal GU
717320,131.65883716042816,112.06674829726921,121.46842291381269
621928,122.48788198804942,104.26051859697064,113.00730108235739
724850,113.89835048696054,96.9491911883057,105.08260064060553
612339,130.74143498142243,111.28586429966315,120.62202780456731
759645,111.89271788157446,95.24201581586398,103.23220430736195
1159946,125.95526795218494,107.21192450691933,116.20631083955142
914944,116.64320152866159,99.28558225356315,107.61499978949436
