UE ID,Internet usage
749829,0.6920524445354174
148390,0.7807210201536143
259637,0.7470246022511534
320136,0.7252000417984142
771557,0.7289749165409811
386738,0.6536329601408487
541054,0.7194625794809475
