UE ID,Internet usage
749829,0.5908971284624835
148390,0.6795657040851139
259637,0.645869286182653
320136,0.6240447257299138
771557,0.6278196004724806
386738,0.5524776440723482
541054,0.6183072634124471
