UE ID,Internet usage
827805,0.7408193164605936
1147663,0.7119353522765877
873633,0.6944291741304798
672135,0.750413239921336
503277,0.7318826157818754
537213,0.6985732974718408
879726,0.6917232341188297
