UE ID,Internet usage
827805,1.0847950706138922
1147663,1.0559111064298865
873633,1.038404928288212
672135,1.0943889940746345
503277,1.075858369935174
537213,1.0425490516251394
879726,1.0356989882721286
