UE ID,Internet usage
197563,0.7313962592757499
826845,0.7679314017444286
1028443,0.7404377369671749
316168,0.8108115885928716
1036364,0.7463819719778535
237200,0.7288785536307604
635807,0.7727419737807295
