UE ID,Internet usage,Data rate,optimal GU
197563,114.88024981020385,42.39628266805143,69.78893568417392
826845,121.0181537451121,44.661461501172326,73.51766872276539
1028443,116.39921806265667,42.95685428502806,70.71169810723505
316168,128.22202513594044,47.320033085882784,77.89396941850887
1036364,117.39784954432129,43.32539685564238,71.31835963836181
237200,114.45727526230402,42.24018491823125,69.53198165101162
635807,121.82632984755683,44.95971696755074,74.0086299639551
