UE ID,Internet usage
440196,0.6534547669068449
404782,0.6486878928875208
1279915,0.6226823894774876
296045,0.5907325618339274
346224,0.651825404594919
1193003,0.6280488515998099
97232,0.5800406622370295
