UE ID,Internet usage
200567,0.9344360885837165
578789,0.9571980971270442
612959,0.9601510221992792
297719,0.9220986807664605
99282,0.9437462961119778
503758,0.88093476802213
138742,0.9351048172205696
