UE ID,Internet usage
602589,0.37286561299005927
173322,0.41094398116697395
1125123,0.44186592357897525
1164888,0.4430773878100688
321626,0.41267001769816636
338824,0.3808378213323017
234221,0.43233401916987857
