UE ID,Internet usage,Data rate,optimal GU
602589,110.40173849678935,95.94436797935265,102.91950749928908
173322,116.79890435058238,101.50380973324421,108.88311973971403
1125123,121.99379067578404,106.01841332538376,113.72593425861851
1164888,122.19731666662403,106.19528710313756,113.91566673045966
321626,117.08887848781082,101.75581106678798,109.15344152809739
338824,111.74106949831001,97.10831039734084,104.16806833657195
234221,120.3924307349994,104.62675528160662,112.23310290760278
