UE ID,Internet usage,Data rate,optimal GU
602589,110.40173849678935,26.943281418859303,54.539757145135034
173322,116.79890435058238,28.504494514130222,57.70003230776908
1125123,121.99379067578404,29.772294153018724,60.266367244436054
1164888,122.19731666662403,29.82196418649753,60.36691147738271
321626,117.08887848781082,28.57526201190621,57.84328294166439
338824,111.74106949831001,27.270141960897085,55.20140241045857
234221,120.3924307349994,29.381486072231993,59.47527660164801
