UE ID,Internet usage
1075374,0.4080856628519268
657303,0.44216925028644316
78550,0.38863796712441445
77365,0.3794530219929748
35852,0.3946250871175689
591661,0.4047015235228644
656762,0.4116425877035233
