UE ID,Internet usage
226536,0.499601005206126
840895,0.4352707061679202
427248,0.5196237815876189
1147509,0.45282751230573665
622986,0.46147540011975485
417514,0.48985925516297524
417465,0.4413406716630865
