UE ID,Internet usage
893605,0.8371105481443143
470568,0.942555311334839
154646,0.9710501286865598
20045,0.93886581991838
1111699,0.8802760032564888
716162,0.9303536619616664
1245069,0.946543174927542
