UE ID,Internet usage,Data rate,optimal GU
893605,98.76060025106499,29.39303578900744,53.87832456306906
470568,116.47532046741182,34.66527394863447,63.54249674239927
154646,121.26244978260821,36.09001481625245,66.15408989102185
20045,115.85548590932709,34.48079937777592,63.20434926849775
1111699,106.01239671024013,31.551308544714324,57.83450387242415
716162,114.42544337277602,34.055191479992864,62.424197105313
1245069,117.14528155126484,34.864667128352636,63.90799047804584
