UE ID,Internet usage,Data rate,optimal GU
893605,98.76060025106499,79.36119663032008,88.53112117133279
470568,116.47532046741182,93.59623966131306,104.41097647803184
154646,121.26244978260821,97.4430400038816,108.70226191361142
20045,115.85548590932709,93.09815831999498,103.85534348037409
1111699,106.01239671024013,85.18853307072867,95.03178711913976
716162,114.42544337277602,91.94901699598073,102.57342266618586
1245069,117.14528155126484,94.13460124655211,105.0115439689532
