UE ID,Internet usage,Data rate,optimal GU
893605,98.76060025106499,94.0577145248238,96.38047698945525
470568,116.47532046741182,110.9288766356303,113.66827374085098
154646,121.26244978260821,115.48804741200782,118.3400335887652
20045,115.85548590932709,110.33855800888294,113.06337715040007
1111699,106.01239671024013,100.96418734308583,103.45750568297217
716162,114.42544337277602,108.97661273597716,111.66779853466036
1245069,117.14528155126484,111.56693481072841,114.32208881145581
