UE ID,Internet usage,Data rate,optimal GU
409212,128.32770180731916,45.06746670614185,76.04869774478098
191527,123.05735498564881,43.216571096150474,72.92542033229235
762555,110.39582602155208,38.76996270994984,65.42203037348875
484775,109.45562188739463,38.43977197235883,64.86485293627187
755392,125.83926757353241,44.193552302609596,74.57401862064957
1063852,124.49427773308553,43.7212046800717,73.7769598063374
530884,112.89989763085626,39.64936881083643,66.90597641370685
