UE ID,Internet usage
888953,0.31325876561711163
1003729,0.37762671260065367
675200,0.31658699371873306
742532,0.3145434013218095
354974,0.3584143898081676
740872,0.36808479036679015
821216,0.3055013680489099
