UE ID,Internet usage,Data rate,optimal GU
892407,125.01182428541115,66.22650215119995,90.98953703565708
646462,108.23194905422255,57.337163487058376,78.77634770313315
934834,104.67234367025382,55.45142015864637,76.1854980153669
583865,106.15198180412307,56.235276074803295,77.26244885222287
232956,123.17006018602729,65.25080569378827,89.64901373964285
916486,122.82196678382049,65.06639907000014,89.39565484585012
34900,117.96829685775216,62.495109644880614,85.8629235860569
