UE ID,Internet usage,Data rate,optimal GU
1156401,118.02329960881642,92.03007290925567,104.21944572866573
830280,121.46155899376345,94.71109659632745,107.25557070194002
444970,106.3091088708952,82.89579322670996,93.87533172818898
487352,106.0926967836438,82.7270433253413,93.68423092133915
313531,111.16651473236242,86.68341327344928,98.16462162466863
928830,117.62744420036313,91.72139994194983,103.8698890615124
294752,123.87131421793073,96.5901319199341,109.3834840430928
