UE ID,Internet usage,Data rate,optimal GU
3727,109.98758854314306,83.14537943439981,95.62928308052024
1179799,121.22171185019536,91.63784169627863,105.3968502407928
497407,111.17563030207317,84.04348243073387,96.66223219033404
403086,115.69330085582376,87.4586262422001,100.59014443908458
1019110,106.6385477003609,80.61366403539186,92.71744203513707
47961,102.61864832019347,77.57481152776529,89.22231953201529
617094,124.76692222049898,94.31785191668672,108.47925190603867
