UE ID,Internet usage
265325,1.0615302759827685
79291,1.0808252706023882
23954,1.035887090008194
1172578,1.1351166066004497
93526,1.055370538977008
603226,1.097117332372792
490545,1.0443092922925923
