UE ID,Internet usage,Data rate,optimal GU
265325,116.93035169800997,114.84230970340266,115.8816278079949
79291,120.17191079461287,118.02598381613765,119.09411403843313
23954,112.6222964542691,110.61118401758574,111.61221061150188
1172578,129.29285524182745,126.98405425536626,128.13325464085986
93526,115.89551588103338,113.8259530974435,114.85607321721618
603226,122.90897717148306,120.71417400770659,121.80663223892057
490545,114.0372264386872,112.00084739513923,113.01445038456075
