UE ID,Internet usage,Data rate,optimal GU
265325,116.93035169800997,39.6727978975391,68.10986867556946
79291,120.17191079461287,40.77261259102937,69.99801970879241
23954,112.6222964542691,38.211136296984165,65.60050243628804
1172578,129.29285524182745,43.86721874276289,75.31080906994441
93526,115.89551588103338,39.32169288820776,67.50709505373786
603226,122.90897717148306,41.701260111753186,71.59231262571107
490545,114.0372264386872,38.69120182741173,66.42467421054845
