UE ID,Internet usage,Data rate,optimal GU
207116,112.14715560582927,34.04467223748389,61.79007327206014
120622,116.80996553033258,35.46016810742239,64.35915641404732
185762,133.8094586799615,40.62072852784546,73.72542095842294
1251355,115.49290620570947,35.060346526733234,63.63349206944149
969642,118.50610775024418,35.97506842418127,65.29368526127494
970534,112.78142544880168,34.2372184398148,62.139538934918974
295527,115.18864672230092,34.967982040698494,63.465853258880735
