UE ID,Internet usage
300831,0.6799323721197403
756165,0.7280056599354073
596408,0.685175727877123
1115742,0.759071107305354
714457,0.7249128173575465
315074,0.715936531664454
685330,0.7289654201930589
