UE ID,Internet usage,Data rate,optimal GU
300831,115.88666695484288,60.0127382444722,83.39470133039217
756165,123.9629793075788,64.19511428428189,89.20660078531236
596408,116.7675507221528,60.468910195400554,84.02860547667525
1115742,129.18197446573294,66.89780820546883,92.96230930550496
714457,123.44338175495929,63.92603698024677,88.83268647876325
315074,121.93536575800104,63.14510012467911,87.74748360795508
685330,124.12421903144329,64.27861342699741,89.32263258575678
