UE ID,Internet usage,Data rate,optimal GU
300831,115.88666695484288,105.53964311958904,110.592212532044
756165,123.9629793075788,112.8948561551164,118.29954656501765
596408,116.7675507221528,106.341876550532,111.43285181670241
1115742,129.18197446573294,117.64786960272106,123.28010418135844
714457,123.44338175495929,112.42165124112363,117.80368759797342
315074,121.93536575800104,111.04827952960808,116.3645675506058
685330,124.12421903144329,113.04169947506442,118.4534198127242
