UE ID,Internet usage,Data rate,optimal GU
99184,111.96096128459877,3.9986057601642417,21.158632864769935
106660,124.72663645319379,4.454522730471207,23.571118708622432
999972,115.97221241149552,4.141864728981983,21.916688073912535
261291,124.8429256178364,4.458675914922728,23.593095295037845
459171,105.58710858963939,3.7709681639156925,19.95408792732555
397687,112.11561068556217,4.004128953055792,21.187858854438097
220677,131.1785781474725,4.68494921955259,24.790421079804588
