UE ID,Internet usage
289432,0.5623226820620498
1236239,0.6173636925064422
16129,0.49004411675081344
335913,0.5574123458474628
638300,0.6414097812612184
492420,0.5678401659555598
951644,0.6035426235672453
