UE ID,Internet usage
289432,0.9922795992954021
1236239,1.0473206097397945
16129,0.9200010339841657
335913,0.9873692630852485
638300,1.0713666984945707
492420,0.997797083188912
951644,1.0334995408005976
