UE ID,Internet usage,Data rate,optimal GU
549554,118.6067857239277,24.003754253652033,53.35736254100951
362336,124.45486549192309,25.18729420669872,55.98822476735785
588482,112.66808065750618,22.80187346640006,50.6857309196051
648547,120.51397029885857,24.389732084292802,54.2153432895484
102952,117.953945401464,23.87163180743914,53.063670763136315
65806,118.08835026115358,23.898832790947747,53.124135168962326
525618,122.76191488625854,24.844673250790418,55.22662096299607
