UE ID,Internet usage
1136912,0.8973736251272906
385664,0.9257705309571904
270090,0.9319373802941099
924491,0.9277400421763222
1230568,0.9607654316338017
329064,0.910196845375287
518113,0.8782770193876143
