UE ID,Internet usage
137649,0.8604350299346409
1095645,0.8199598771390259
507675,0.8456647413676609
1260089,0.751550230178642
647310,0.7807268242761016
37604,0.8049842402390283
1162187,0.8304923937797122
