UE ID,Internet usage
137649,0.7570571814534979
1095645,0.7165820286578829
507675,0.7422868928865177
1260089,0.6481723816974989
647310,0.6773489757949583
37604,0.7016063917578852
1162187,0.7271145452985691
