UE ID,Internet usage
137649,0.41641419738743274
1095645,0.3759390445900444
507675,0.4016439088182359
1260089,0.3075293976292171
647310,0.33670599172800664
37604,0.36096340769049007
1162187,0.3864715612289573
