UE ID,Internet usage
897331,0.7264945385124616
579223,0.7956983960368439
21126,0.7830692906970872
627203,0.7901391759472541
335122,0.7076710197791377
303378,0.7773812426307001
5773,0.6765979120879253
