UE ID,Internet usage,Data rate,optimal GU
897331,115.1226737936037,7.537794117438337,29.45795331154557
579223,126.74892185798855,8.29903655022544,32.43291438031918
21126,124.62723216085129,8.16011639148431,31.89000972061757
627203,125.81497288224317,8.237885129194494,32.19393256712574
335122,111.96032264599685,7.330735411345032,28.648760913635062
303378,123.67164008552005,8.097547862742385,31.645489802756227
5773,106.74004055438748,6.98893122677537,27.312978647116246
