UE ID,Internet usage,Data rate,optimal GU
897331,115.1226737936037,51.39405080071593,76.91957192589359
579223,126.74892185798855,56.584340115173454,84.68768566706713
21126,124.62723216085129,55.63715721466575,83.27007210854288
627203,125.81497288224317,56.16739860814427,84.06366475921575
335122,111.96032264599685,49.98228689553431,74.80663718821212
303378,123.67164008552005,55.21055360960716,82.63159029650613
5773,106.74004055438748,47.65180381892298,71.31868950087035
