UE ID,Internet usage
1165126,0.969956291444258
937723,1.0287079669886325
185969,1.0129820150466398
877132,1.0448810603258958
76533,1.0244904943442186
479274,1.017800718740249
654074,1.0074367776913389
