UE ID,Internet usage
1165126,0.6590496178891604
937723,0.7178012934379684
185969,0.702075341491542
877132,0.7339743867752314
76533,0.713583820789121
479274,0.7068940451895848
654074,0.6965301041362412
