UE ID,Internet usage,Data rate,optimal GU
1251346,108.30824547659383,19.985450058181005,46.52514407136935
896786,99.97715628158754,18.448165742435798,42.94642184792737
7476,125.41654738854177,23.142339101457114,53.8742263851612
1209991,120.42229164908484,22.22078000667637,51.72888217073838
490192,133.41106969471997,24.617518812716188,57.30837214608664
341800,127.25021272638125,23.48069401498702,54.66189997036478
519897,115.58767338258042,21.32867782654758,49.652112203785116
