UE ID,Internet usage,Data rate,optimal GU
45845,128.31833317912972,37.426180510579506,69.29982034882048
245128,119.84561663380013,34.954971518191705,64.72403043703788
879507,129.61717395778408,37.80500907102036,70.00127454006856
1262493,106.58512590569714,31.087328389161666,57.56254694183145
765533,114.98279711224272,33.536649157737465,62.09780773850711
195243,110.22300830687128,32.148377422837456,59.52722798627403
742332,122.21963858866549,35.64739458836077,66.00614882885536
