UE ID,Internet usage
849404,0.6878774897679
645898,0.6741973073853431
382056,0.7269583842159724
380928,0.7114728294431133
287142,0.700226556579643
1203641,0.7644340389649272
97803,0.6712708132506706
