UE ID,Internet usage
849404,0.9466054291378073
645898,0.9329252467552505
382056,0.9856863235814461
380928,0.9702007688085873
287142,0.9589544959495504
1203641,1.0231619783304011
97803,0.9299987526205781
