UE ID,Internet usage,Data rate,optimal GU
849404,113.64489846257318,91.99825113636876,102.25033940837035
645898,111.34662782230143,90.13774633233925,100.18250392961833
382056,120.21048872934173,97.31325278089568,108.15763346446447
380928,117.60891552789245,95.20721733210341,105.81690593122183
287142,115.71954168710333,93.67772422289316,104.11696938234446
1203641,126.50639872726276,102.40994182683175,113.82228663307095
97803,110.85497680778515,89.73974313011179,99.74014810208143
