UE ID,Internet usage,Data rate,optimal GU
201708,115.69909821343808,24.792663902879585,53.55827532577973
1141953,113.34532357670548,24.288283623579744,52.468689391268796
181741,119.2098307489681,25.544963731921733,55.18342869893931
89566,119.89412344979903,25.69159788209979,55.50019466721776
894586,114.13022400533153,24.45647657257104,52.83202768783984
57301,109.01215868179963,23.359748288957064,50.462823813602476
169216,113.81951201887466,24.389895432615997,52.688195986688825
