UE ID,Internet usage,Data rate,optimal GU
664120,122.73274958921839,16.802697860428708,45.41190712717637
1015401,115.48473986791645,15.810410815250467,42.73009688971104
106713,104.87633135432645,14.35806917350898,38.80491747509931
1292449,127.31810778790391,17.4304552328678,47.108519167242946
866573,107.6240827561268,14.734249424945931,39.821603175409635
271355,122.7818790841681,16.8094239222373,45.43008535645363
641104,113.50852462996973,15.539857538626809,41.99888453482357
