UE ID,Internet usage,Data rate,optimal GU
287353,110.4253606137499,27.606340153437475,55.21268030687495
1299255,117.6835357844247,29.420883946106176,58.84176789221235
246376,116.90397457882263,29.225993644705657,58.45198728941131
315511,104.2194272240355,26.054856806008875,52.10971361201775
161030,112.1285745475908,28.0321436368977,56.0642872737954
748958,116.9058831991286,29.22647079978215,58.4529415995643
439629,111.80510150060155,27.951275375150388,55.902550750300776
