UE ID,Internet usage
711414,0.6699052111937376
31754,0.7343456290580085
370538,0.5953139179354937
126153,0.6723854463371308
160984,0.6835758556117326
683707,0.7009636993012479
282280,0.6764488014147227
