UE ID,Internet usage,Data rate,optimal GU
494818,101.88364008350253,61.85792433641225,79.3870927758635
1071122,109.50823854978961,66.48714483380084,85.32813203717912
1084284,121.88156240809299,73.99952003348503,94.96934831370663
1100551,110.11001931593061,66.8525117275293,85.79703583246177
1058823,118.7772407130587,72.11475329007136,92.55048033639615
698823,121.44964136502867,73.73728225733883,94.63279814834651
1218511,120.93556520697972,73.42516458995198,94.23223323312122
