UE ID,Internet usage,Data rate,optimal GU
334795,116.1124971473841,106.43645571843544,111.16925231818603
283145,123.08541472814626,112.82829683413408,117.84531263015846
651362,133.17753978323958,122.07941146796962,127.50778673277173
853650,114.2322882879917,104.71293093065906,109.3690893879601
554165,119.3207446556721,109.37734926769943,114.24091545101268
152111,120.55486631646582,110.50862745676034,115.42249698332586
303734,115.79616300243069,106.14648275222814,110.8663854326987
