UE ID,Internet usage,Data rate,optimal GU
1120976,116.01024869209427,46.95652923251434,73.80676550277477
47086,112.03767973266025,45.348584653695816,71.27938133682281
154789,108.22884268291344,43.80691251451258,68.85616488708425
1176255,120.70069368146144,48.85504268059154,76.7908688672345
1282360,117.91520108059582,47.72758138976497,75.01871337649453
628511,129.46818739369658,52.40379013554385,82.36882736453481
899675,113.44260159533329,45.91724350287299,72.17320528459524
