UE ID,Internet usage,Data rate,optimal GU
406195,114.13836785229098,12.908505888056718,38.38431702498407
892093,111.60330410243789,12.621802249680474,37.53178432731283
1012551,125.1480504138729,14.153648558711813,42.086833135386954
1249394,119.13386179138212,13.473472464501548,40.06428342596333
114122,133.3081124183371,15.076512713978598,44.831032240531194
866498,114.7421411530168,12.97678977325785,38.58736378500321
1189484,119.86818158632607,13.556520536548781,40.31123249608957
