UE ID,Internet usage
1225159,0.9892315535210947
328992,1.005112864307037
126145,0.9546067882807021
914320,1.0498932254972904
36565,0.996965927826554
11400,1.005065531965266
949754,0.9519197643152658
