UE ID,Internet usage,Data rate,optimal GU
504489,113.4850565866703,65.52411005301796,86.23228709223683
1154621,101.61512995459992,58.67064050950114,77.21285359247237
977197,113.09476945517186,65.29876569733136,85.93572512201764
136100,115.34772861758697,66.599581404202,87.64764938009908
827212,111.3552371787952,64.29439289489962,84.61393130021906
1041199,125.59090401101923,72.51379576826706,95.4309863922986
584414,127.91706644697103,73.8568776509297,97.19853458792362
