UE ID,Internet usage
1137071,0.3133476231909194
653197,0.3150843823116153
137655,0.2918562174984789
544796,0.28537741352001755
717417,0.23139626992336107
492503,0.3692605096072017
392230,0.4025471510497319
