UE ID,Internet usage
474119,0.28745578427416035
411642,0.2822717404678584
493345,0.26738961139261197
662098,0.29156787354118646
354518,0.33374679943544805
556688,0.3096506695682613
1132029,0.33687203629967716
