UE ID,Internet usage
775855,0.6065270330217134
23872,0.6013678500503052
217633,0.655306850900602
397992,0.6821921555479901
440813,0.7197813911818713
899988,0.7302551191961766
292955,0.7218990145497263
