UE ID,Internet usage,Data rate,optimal GU
775855,110.21940295913762,54.45363360481205,77.4715882429037
23872,109.35266021969719,54.02542141806468,76.8623675900995
217633,118.41441236254741,58.5023584886395,83.2317391519325
397992,122.93114354343186,60.7338387744336,86.40648269848475
440813,129.24613513018642,63.853745332175436,90.84519688883313
899988,131.00572143627892,64.72306475720923,92.0819840798687
292955,129.60189585584683,64.02950807163862,91.09525584135329
