UE ID,Internet usage
868778,0.751462560610712
213116,0.7119326325159104
911863,0.6519613854643579
1238921,0.7108211608620669
61962,0.7666147370962083
648101,0.7057156611701639
59174,0.7023608318436884
