UE ID,Internet usage
868778,0.7656487289116488
213116,0.7261188008168473
911863,0.6661475537652948
1238921,0.7250073291585704
61962,0.7808009053971453
648101,0.7199018294666674
59174,0.7165470001401917
