UE ID,Internet usage
868778,0.4170387073989739
213116,0.37750877930328564
911863,0.3175375322508464
1238921,0.37639730764633866
61962,0.43219088388402693
648101,0.3712918079557657
59174,0.36793697862796015
