UE ID,Internet usage,Data rate,optimal GU
868778,126.80146348168037,11.321559239435748,37.889184214693685
213116,120.16043556157858,10.728610317998088,35.904797573320145
911863,110.08526605682155,9.82904161221621,32.89426486432539
1238921,119.97370832321593,10.71193824314428,35.849002138961886
61962,129.34702913118917,11.54884188671332,38.64981743750164
648101,119.11598437521205,10.635355747786791,35.59270808857052
59174,118.55237304819306,10.585033307874381,35.424296992921015
