UE ID,Internet usage
131332,0.6283187298510771
239323,0.6779442580720336
743670,0.7121681910535241
114345,0.6699622328486214
1064721,0.6487561884665969
944149,0.6410422072633358
257873,0.7122253194477515
