UE ID,Internet usage,Data rate,optimal GU
131332,113.72972238051847,88.68210495147572,100.42803979094353
239323,122.06681112110893,95.18304914800757,107.79003331607737
743670,127.81643186184506,99.66638436846253,112.867185782884
114345,120.7258308839986,94.13740384407033,106.60589240908737
1064721,117.16321542734633,91.35941202965697,103.4599558908972
944149,115.86726658508721,90.348880491943,102.31557956452255
257873,127.82602943276014,99.67386818864036,112.87566083420374
