UE ID,Internet usage
755326,1.0513504354607788
459991,1.0859943769189933
525336,1.1141544901296145
551377,1.13241366372724
1209762,1.088533620573766
234159,1.0483736749203525
1191862,1.0758673804497265
