UE ID,Internet usage,Data rate,optimal GU
755326,114.84437153096746,95.7036429424729,104.83808815002499
459991,120.66455369578485,100.55379474648737,110.1511632507912
525336,125.39545271508712,104.49621059590594,114.46986343437607
551377,128.46299387948505,107.05249489957089,117.27013258740342
1209762,121.09114663006014,100.90928885838345,110.5405875390827
234159,114.34427575977949,95.28689646648292,104.38156525870399
1191862,118.96321828893915,99.13601524078263,108.59806361710517
