UE ID,Internet usage,Data rate,optimal GU
743184,119.6924990726562,16.386473087327932,44.28699487218685
720034,115.37008097156406,15.794713466345081,42.687672360236334
16666,114.0509835970753,15.614122754361501,42.19959784334922
125891,112.83694935238546,15.44791568514801,41.75039736056373
183408,115.37497117208561,15.795382958083149,42.689481765897504
814804,115.35797671814433,15.793056336412617,42.68319370858076
1258020,114.54813269608209,15.682184833392192,42.38354620911156
