UE ID,Internet usage,Data rate,optimal GU
743184,119.6924990726562,19.236294493819745,47.9837489246397
720034,115.37008097156406,18.541620156144223,46.25092667999576
16666,114.0509835970753,18.329622363815673,45.72211127623183
125891,112.83694935238546,18.13450971734766,45.2354148262918
183408,115.37497117208561,18.542406081228044,46.25288712159264
814804,115.35797671814433,18.539674829701767,46.246074183293686
1258020,114.54813269608209,18.40952132615605,45.921414304656125
