UE ID,Internet usage,Data rate,optimal GU
743184,119.6924990726562,73.38290121716422,93.71970356272074
720034,115.37008097156406,70.73284726232797,90.3352329714384
16666,114.0509835970753,69.92411494344498,89.30237447265806
125891,112.83694935238546,69.17979632914108,88.35178082302379
183408,115.37497117208561,70.73584542098106,90.33906201792664
814804,115.35797671814433,70.72542620219564,90.32575529279408
1258020,114.54813269608209,70.22891468866938,89.6916441975479
