UE ID,Internet usage
180888,0.5030564434395612
924599,0.4898677678738875
1025216,0.46354442365825266
627547,0.3947141089890998
1015592,0.4573244321689798
1108784,0.4207027993724643
974455,0.4596618645149655
