UE ID,Internet usage,Data rate,optimal GU
1134461,113.87000589966279,18.300536662445804,45.64955878997845
1281322,119.17692312038106,19.153434072918383,47.77705872068184
191304,138.61441403265013,22.27731654096163,55.56939066199359
1149680,118.10972375373233,18.981919888992696,47.34922717853381
964434,121.08935189997558,19.46078869821036,48.543735856737094
212492,111.27144963432698,17.88291154837398,44.60781872799901
255509,103.11881145978415,16.57266612746531,41.33949242291258
