UE ID,Internet usage
1015542,0.6219596326976424
817589,0.555473289988496
287158,0.5892717677365447
489457,0.6140519783822171
425628,0.5853583127448796
1182379,0.7087133597039253
1196271,0.6012060938550072
