UE ID,Internet usage
1015542,0.7192922468219646
817589,0.6528059041172515
287158,0.6866043818653
489457,0.7113845925109726
425628,0.6826909268692017
1182379,0.8060459738326808
1196271,0.6985387079837627
