UE ID,Internet usage
1015542,0.7323687769331898
817589,0.6658824342284768
287158,0.6996809119720919
489457,0.7244611226221979
425628,0.695767456980427
1182379,0.8191225039394726
1196271,0.7116152380905547
