UE ID,Internet usage,Data rate,optimal GU
1015542,122.50363675901565,37.91779233017151,68.1547317382962
817589,111.33393118445677,34.460502509474715,61.94048122973907
287158,117.01207544600962,36.21802335233631,65.0995090688779
489457,121.17515083459122,37.5065943059449,67.41563040063257
425628,116.35461500717312,36.01452369269644,64.73373184770371
1182379,137.07826289642765,42.42898613460856,76.26330517220424
1196271,119.01704223384486,36.83860831047579,66.21496961506487
