UE ID,Internet usage
370548,0.6430497123863488
101771,0.588590197925745
1201816,0.636929733015127
147496,0.6426219282747555
855436,0.6694869395899313
670911,0.8087273283012697
829624,0.7051223738672008
