UE ID,Internet usage,Data rate,optimal GU
370548,109.92365322010905,105.99780846224802,107.9428846172627
101771,100.77445479090397,97.17536711980027,98.95855011369058
1201816,108.89549668615958,105.00637180451102,106.93325494374409
147496,109.85178548948633,105.9285074362904,107.87231190677629
855436,114.36510739072973,110.28063926963225,112.30430603137984
670911,137.75749269400725,132.83758224064985,135.2751723894888
829624,120.3518603495939,116.0535796228227,118.18318073159325
