UE ID,Internet usage,Data rate,optimal GU
370548,109.92365322010905,41.221369957540894,67.31421526297804
101771,100.77445479090397,37.79042054658899,61.711498336221595
1201816,108.89549668615958,40.83581125730984,66.68460054200686
147496,109.85178548948633,41.19441955855738,67.27020544572868
855436,114.36510739072973,42.886915271523655,70.03403937147228
670911,137.75749269400725,51.659059760252724,84.35889133637484
829624,120.3518603495939,45.13194763109772,73.70016186280094
