UE ID,Internet usage,Data rate,optimal GU
65895,106.04182109481472,5.049610528324511,23.14022247609302
518840,124.41570951377604,5.924557595894097,27.14973364231029
784217,110.51144577697924,5.2624497989037735,24.11557454438168
998135,121.10061533134639,5.766695968159352,26.426320783886883
545314,115.64278578225824,5.506799322964678,25.235324734417212
957681,104.33073554454927,4.968130264026156,22.766832997300803
1023961,117.71393194311224,5.605425330624392,25.687285880009146
