UE ID,Internet usage,Data rate,optimal GU
65895,106.04182109481472,25.24805264162255,51.74311047101249
518840,124.41570951377604,29.622787979470484,60.70864999521877
784217,110.51144577697924,26.312248994518868,53.924063997700955
998135,121.10061533134639,28.83347984079676,59.091049667986596
545314,115.64278578225824,27.53399661482339,56.42790154043871
957681,104.33073554454927,24.840651320130778,50.908186214349875
1023961,117.71393194311224,28.02712665312196,57.438517385170954
