UE ID,Internet usage,Data rate,optimal GU
181390,116.85570256401873,44.51645811962618,72.12490547120761
184842,111.600570898881,42.51450319957372,68.88136778951714
323997,114.10395831857706,43.468174597553165,70.42649204996538
825055,116.81483642306624,44.500890065929994,72.09968234141164
1294271,117.20706360329595,44.65030994411274,72.34177021283416
554780,121.41749142852493,46.254282448961874,74.94050268565991
960972,118.34809093385564,45.084987022421195,73.0460275708488
