UE ID,Internet usage,Data rate,optimal GU
425069,110.51051478146154,26.312027328919413,53.92360971840414
699971,105.24308578678695,25.057877568282606,51.35336754832706
746116,116.63937048377855,27.77127868661394,56.91418508189523
844570,122.47567123024177,29.160874102438516,59.76200824400676
216278,107.80299251909184,25.667379171212342,52.60247413172595
254215,108.86896340261363,25.921181762527056,53.122614663220915
847955,121.3942803690082,28.903400087859094,59.23434353382489
