UE ID,Internet usage,Data rate,optimal GU
1288289,126.780013322482,69.42715015278777,93.81884150485122
190762,107.68798892748013,58.97199393647722,79.69049774008683
973190,104.71709514561115,57.345075913072776,77.49199810639507
727244,104.8467374842441,57.416070527086056,77.58793510546751
264178,100.0487436074734,54.78859768980686,74.0373578869512
285255,111.98565516199487,61.32547782680672,82.87082606416651
65158,129.21580799678512,70.76103771252518,95.62136091227171
