UE ID,Internet usage,Data rate,optimal GU
319755,122.33133929726782,103.3991082155478,112.4675570560288
122379,106.85820368381174,90.32062454226944,98.24204646782819
629419,110.55759492297896,93.44749094680365,101.64314955109106
1090304,120.79349571088335,102.09926423181807,111.05371239211439
53906,107.58357700822171,90.93373770933026,98.90893171750045
151827,122.94741619274546,103.91983987720153,113.03395863219939
656388,129.50074543998758,109.45896340760855,119.05888188780217
