UE ID,Internet usage
81366,0.49070806071103124
320520,0.4417613403458808
959616,0.5571809015626799
1185273,0.5882186063682148
1230891,0.5300544325582351
360841,0.5442678662309756
689119,0.44110627300210214
