UE ID,Internet usage,Data rate,optimal GU
1198822,105.6491316974634,72.94820998158187,87.78903714837267
1106254,103.87530318442782,71.72342362734302,86.31507617279505
415564,112.17607132674664,77.45490639227744,93.21259090952572
134345,116.2770893025158,80.28656166126092,96.62032757178159
1188007,119.79583712356468,82.71617325198514,99.54422744880473
326892,118.07857015649799,81.53044129853433,98.11726623158243
196443,115.7130181432533,79.89708395605585,96.15161322307662
