UE ID,Internet usage
495531,0.9315443004300191
70199,0.9853858149557957
632278,0.9462547987205682
522323,0.9077605794907618
590736,0.9625410223596168
82365,0.9389183164076549
128551,0.9294276055339619
