UE ID,Internet usage
495531,1.0498110410707453
70199,1.103652555596522
632278,1.0645215393568608
522323,1.0260273201270544
590736,1.080807763000343
82365,1.0571850570439476
128551,1.0476943461702548
