UE ID,Internet usage,Data rate,optimal GU
1280430,114.69655138594248,68.27175677734672,88.49031053975071
79015,115.7520123322372,68.90000734061738,89.30461633858788
754214,119.71632354462987,71.25971639561303,92.36314884041023
1019521,114.51176800430459,68.16176666922892,88.34774706573045
329702,117.49832964230673,69.93948192994448,90.65192939379047
1089609,118.6833261496091,70.64483699381495,91.56617404764114
410785,117.0921117895135,69.69768558899614,90.33852551628846
