UE ID,Internet usage
1037589,0.6951876637498525
861955,0.7439862647428868
829806,0.7415219923007224
408019,0.7787601464908803
87588,0.7166394910315179
577965,0.6310776911729853
1170940,0.6831776779863705
