UE ID,Internet usage,Data rate,optimal GU
1037589,114.06902522690352,27.159291720691314,55.65998502005161
861955,122.26719019379176,29.11123576042661,59.66027991466678
829806,121.85319242321825,29.01266486267101,59.45826968741517
408019,128.10920232764002,30.50219103039048,62.51088994846115
87588,117.67293221056337,28.0173648120389,57.418511564178296
577965,103.29854983415566,24.59489281765611,50.4045311593151
1170940,112.05134761864167,26.678892290152778,54.67545915750693
