UE ID,Internet usage
1108886,0.6302471273991184
1229619,0.7212396759248944
24845,0.6373117366063552
1261819,0.5748874751607054
184966,0.6241565469718083
608046,0.6140877682711663
760317,0.6122826363414271
