UE ID,Internet usage,Data rate,optimal GU
1108886,112.17742770406022,42.73425817297532,69.23741153946747
1229619,127.46417585661891,48.557781278711964,78.67259733933398
24845,113.36428205139335,43.18639316243556,69.96995394630977
1261819,102.87700612836106,39.19124042985183,63.49706671870708
184966,111.15421019244592,42.34446102569368,68.60586798033962
608046,109.4626553707948,41.700059188874214,67.56181767783843
760317,109.15939320666419,41.58453074539588,67.37464020647
