UE ID,Internet usage
173368,0.9711639414755224
1275448,1.0028309840036855
1176206,0.8737048917703554
574235,0.9913828822129637
74131,0.9187517737638665
1032996,0.8966589352854923
40615,0.9768850336636606
