UE ID,Internet usage,Data rate,optimal GU
969646,122.83539308784286,80.4279359503733,99.39515646000036
1127796,123.87330029267801,81.10751804877727,100.23500356287711
1141232,109.79559925868818,71.88997570509345,88.84369962599075
1263006,104.60273095856994,68.48988336573031,84.64176772190737
215833,127.31036554398814,83.35797743951603,103.01618600410472
782541,116.21444162145862,76.09278915690743,94.03765736814894
125689,102.25340567481285,66.95163466803223,82.74075573924958
