UE ID,Internet usage,Data rate,optimal GU
969646,122.83539308784286,28.515359109677807,59.18357327230483
1127796,123.87330029267801,28.756301853657398,59.68364947642692
1141232,109.79559925868818,25.488264113624044,52.900843399884174
1263006,104.60273095856994,24.282776829668023,50.39885684855124
215833,127.31036554398814,29.554192001282964,61.33966895118154
782541,116.21444162145862,26.97835251926718,55.99351903473746
125689,102.25340567481285,23.7373977459387,49.26692360377151
