UE ID,Internet usage,Data rate,optimal GU
383518,120.73611449605944,33.05869801677818,63.177359464007225
879555,105.60024886652455,28.914353856310296,55.2572435345912
1072507,118.28566113210022,32.38774054807506,61.89511534284421
599356,116.81557140502811,31.985215979948176,61.125864257373756
1095083,102.52768175639345,28.073055719012494,53.64946712399308
577678,123.79342076858082,33.89581759139713,64.777150364823
869997,130.67846708112228,35.78100884364063,68.3798755943811
