UE ID,Internet usage
94362,0.7986481809702429
528609,0.7102974265973392
1094169,0.8323780448807626
787535,0.824158609318924
1081494,0.838748236532905
983488,0.7793743292661184
697599,0.7903011655450889
