UE ID,Internet usage
94362,1.0294471390345918
528609,0.9410963846616882
1094169,1.063177002949545
787535,1.0549575673877065
1081494,1.069547194597254
983488,1.0101732873304672
697599,1.021100123609438
