UE ID,Internet usage
94362,0.959826696721424
528609,0.8714759423440869
1094169,0.9935565606319439
787535,0.9853371250701053
1081494,0.9999267522796527
983488,0.9405528450128661
697599,0.9514796812918366
