UE ID,Internet usage,Data rate,optimal GU
94362,119.33719584941589,15.627489932661604,43.184960654478
528609,104.49426911449537,13.683773336422012,37.813699812605456
1094169,125.00381298673517,16.369546938739127,45.23555884708101
787535,123.62294781234897,16.188719356379032,44.73586042698194
1081494,126.07400518383359,16.509691155025827,45.622832970588505
983488,116.09918876306791,15.203465195163655,42.01321191656309
697599,117.93489725793499,15.44385559330101,42.67750605017049
