UE ID,Internet usage
943409,0.2808419695058306
1255767,0.38092432638002416
1018608,0.42727745713451726
91656,0.23742912099478775
404825,0.351641744165792
249074,0.31468134416332527
1004497,0.3591640149294482
