UE ID,Internet usage
943409,0.2842166242843372
1255767,0.3842989811580874
1018608,0.4306521119130238
91656,0.24080377577329432
404825,0.35501639894429854
249074,0.3180559989418319
1004497,0.36253866970795473
