UE ID,Internet usage,Data rate,optimal GU
943409,106.3746619230321,50.65460091572957,73.40549057977097
1255767,123.18849787782288,58.66118946562994,85.00813969260426
1018608,130.97582384460307,62.36943992600146,90.38190514165167
91656,99.08130337317016,47.18157303484293,68.37259503257614
404825,118.26902406592195,56.31858288853426,81.61338024492478
249074,112.05967686544862,53.36175088830887,77.32852359587928
1004497,119.53276555419711,56.92036454961767,82.48544472189552
