UE ID,Internet usage,Data rate,optimal GU
631483,124.86996322832101,70.61099111125296,93.89990342688036
985711,120.68200804104194,68.24280216606539,90.75063856385991
38038,116.42190605322033,65.83381592295197,87.54712064086925
161283,113.26944384486178,64.05117360274923,85.17652735110828
746187,117.86778924177602,66.65142844029002,88.63439806341226
531687,115.81016342251914,65.48789003059119,87.08710149407159
119625,130.1690859844451,73.6075188602517,97.88474575551477
