UE ID,Internet usage
169895,0.6461399703301501
1224827,0.6899578726007843
930474,0.6581510053011226
1179095,0.6812834978992737
88444,0.7325123359945399
730653,0.6393009626168026
797033,0.6812717903453903
