UE ID,Internet usage,Data rate,optimal GU
169895,110.44281655519741,65.08237404145561,84.78136998915048
1224827,117.80422413642543,69.42034636610784,90.43235064367869
930474,112.46067043038673,66.27146650362074,86.33037445419836
1179095,116.34692918675556,68.56158327076666,89.31365894271566
88444,124.95337398646467,73.63323824202382,95.92039176259684
730653,109.29386325941576,64.40531227787,83.89937659647713
797033,116.34496231764736,68.56042422289933,89.31214907668016
