UE ID,Internet usage,Data rate,optimal GU
169895,110.44281655519741,97.95225992097866,104.01020850675987
1224827,117.80422413642543,104.48112735909162,110.94285982178772
930474,112.46067043038673,99.74190413171205,105.91053492762511
1179095,116.34692918675556,103.18864552872964,109.57044325094395
88444,124.95337398646467,110.82174240466212,117.67561610002896
730653,109.29386325941576,96.93324777174375,102.92817460373048
797033,116.34496231764736,103.18690110315153,109.56859093974408
