UE ID,Internet usage,Data rate,optimal GU
169895,110.44281655519741,28.92549957398027,56.52091332610031
1224827,117.80422413642543,30.853487273825706,60.288233762452464
930474,112.46067043038673,29.453985112720332,57.55358296946558
1179095,116.34692918675556,30.471814787007407,59.54243929514377
88444,124.95337398646467,32.7258836631217,63.946927841731224
730653,109.29386325941576,28.624583234608888,55.932917730984755
797033,116.34496231764736,30.471299654621927,59.54143271778677
