UE ID,Internet usage,Data rate,optimal GU
1290062,104.74912774310059,89.78496663694335,96.97884789820512
920495,110.99061655777166,95.1348141923757,102.75734369533315
957262,122.91623004811383,105.35676861266899,113.79831636681064
649121,122.40020126470444,104.91445822688951,113.32056654706903
947051,115.87220923354349,99.31903648589442,107.2768203134652
689715,128.5028626291455,110.14531082498186,118.97053310037397
751285,113.85581872284179,97.59070176243581,105.41000544966691
