UE ID,Internet usage
1028634,0.5058051654632052
444295,0.4035479626204591
170514,0.5598655406601337
174911,0.459472561797249
543279,0.4678834490151926
231068,0.4693754930193809
12946,0.4716170441742894
