UE ID,Internet usage,Data rate,optimal GU
1028634,122.07730859833585,55.22544912781859,82.10830771400911
444295,104.89809852041225,47.45390171161506,70.55369626690693
170514,131.1594516312013,59.3340376426863,88.21689090123155
174911,114.29343118181822,51.70417124891776,76.87292851486228
543279,115.706460234563,52.3433986775404,77.82332155353372
231068,115.95712362771754,52.45679402206269,77.99191592421639
12946,116.33370422109927,52.6271519095449,78.2452012857265
