UE ID,Internet usage
695506,0.291555771463155
240556,0.30532300004142315
789307,0.36997142021300006
612591,0.33491707647493774
1278710,0.3107938710604936
903873,0.4142001748323446
1209568,0.3729743817372202
