UE ID,Internet usage
521570,0.30586043656016004
23685,0.32938925618742454
379697,0.3556913120682873
1027338,0.43364805894930075
411687,0.39894368063651586
309573,0.3560333475197937
937808,0.30558008157943095
