UE ID,Internet usage,Data rate,optimal GU
287771,110.97828900970552,93.80307761534634,102.0299223639602
235804,111.3304265470088,94.1007176766384,102.35366645763015
405601,125.05877317846378,105.70443923417773,114.97507334263258
949463,123.82370846687932,104.66051548986229,113.8395939821028
272750,114.1108453105964,96.45083353633744,104.90989536618119
1135137,126.24027355322184,106.70308836046132,116.06130734916887
884386,120.49107816896009,101.84364940471626,110.77567928672715
