UE ID,Internet usage
840673,0.6995812486012153
386782,0.61465952997796
1088154,0.7447037839043692
798668,0.7794092274852007
914133,0.6414716724486537
153680,0.8169829245067954
218601,0.7651903666692518
