UE ID,Internet usage
840673,0.6552784438487533
386782,0.5703567252254982
1088154,0.7004009791474739
798668,0.7351064227283053
914133,0.5971688676961917
153680,0.7726801197499
218601,0.7208875619167897
