UE ID,Internet usage,Data rate,optimal GU
840673,115.84078440634173,31.71831001602214,60.615789298659884
386782,101.57393567770889,27.811910959372675,53.15040220789949
1088154,123.42137033687966,33.79394663985991,64.58246823544994
798668,129.25188485867616,35.390397044637524,67.63339059899572
914133,106.07837561282531,29.045269513035503,55.50743201751928
153680,135.56426595814224,37.11878710758657,70.93645837999334
218601,126.86311624167027,34.73632944712401,66.38342413930941
