UE ID,Internet usage,Data rate,optimal GU
840673,115.84078440634173,60.67850611760757,83.83940449018388
386782,101.57393567770889,53.20539487879989,73.51381745717143
1088154,123.42137033687966,64.64928922407982,89.32582978814806
798668,129.25188485867616,67.70336825930656,93.54564639146197
914133,106.07837561282531,55.56486341624183,76.77389173634118
153680,135.56426595814224,71.00985359712213,98.11421241945027
218601,126.86311624167027,66.45210850754157,91.81678259499367
