UE ID,Internet usage
111863,0.6758284077893807
585268,0.7545108700058384
175525,0.6978089174420659
673258,0.8130150729626866
1217668,0.7446389735005199
93549,0.7933296425299106
399743,0.7640763184989652
