UE ID,Internet usage,Data rate,optimal GU
111863,104.86956125563138,39.950309049764336,64.7268984431949
585268,118.08821490809991,44.98598663165711,72.88562860545305
175525,108.56228687717696,41.357061667495984,67.00609817877621
673258,127.9169210047476,48.730255620856234,78.95203771147534
1217668,116.42973629510675,44.354185255278765,71.86199338215172
93549,124.60976869204039,47.47038807315825,76.91081898873293
399743,119.69521025432726,45.59817533498182,73.87748766663853
