UE ID,Internet usage,Data rate,optimal GU
1006240,110.49653765769044,20.389242067788118,47.46515199549155
1212737,114.13798094613242,21.06117505553634,49.02937891909264
1098858,119.89989888728739,22.124386104201843,51.50448191019017
456858,129.69061356107017,23.931006073768902,55.71020427929506
3258,124.06302488606539,22.892581973023972,53.29280408296757
1130679,107.68173778757463,19.869844472707225,46.256019958378914
364956,113.27069582886608,20.901140301755053,48.65682588904203
