UE ID,Internet usage
1281115,0.9584761383194017
378268,0.9009754171521128
181317,0.8276286980282257
88765,0.9600743030789375
1284567,0.9581056823681129
174336,0.8984496975973736
212245,0.8600819308264933
