UE ID,Internet usage,Data rate,optimal GU
398807,121.57410183087664,37.63007913812849,67.637586244948
1048670,110.90985654994778,34.32924131307907,61.704547883459455
314313,103.57221148329968,32.05806545911657,57.622259027888575
313887,115.63876605798808,35.792951398901074,64.33547025819007
251879,117.7116566909098,36.434560404329225,65.48872014323244
790637,106.58286874727385,32.98993556463238,59.2972341030021
930100,107.52791672099636,33.282450413641726,59.82301025816704
