UE ID,Internet usage
676994,0.8341578489643798
356260,0.9722441543468268
1179497,0.8027454992159043
1119312,0.7936481950301484
16001,0.7982665341374036
166575,0.7676735483035417
694713,0.828807674766663
