UE ID,Internet usage
3602,0.24634672518566467
1288808,0.2706224243461226
1136945,0.3278570347663925
698267,0.2977423716954986
929831,0.4199778078703971
620775,0.31820005688724995
368968,0.3918326761880971
