UE ID,Internet usage,Data rate,optimal GU
3602,100.57946087726225,47.296294102998324,68.97126765814885
1288808,104.6577783361497,49.21407433664183,71.7679293483033
1136945,114.27319288679715,53.735608559862946,78.3615949419781
698267,109.21392949083325,51.35655017723707,74.8922602806806
929831,129.74948276822428,61.01314963505785,88.97429183314149
620775,112.65082060310736,52.972707307413586,77.24907085362491
368968,125.02110064560672,58.78968423216031,85.7318553940853
