UE ID,Internet usage,Data rate,optimal GU
3602,100.57946087726225,100.57946087726225,100.57946087726225
1288808,104.6577783361497,104.6577783361497,104.6577783361497
1136945,114.27319288679715,114.27319288679715,114.27319288679715
698267,109.21392949083325,109.21392949083325,109.21392949083325
929831,129.74948276822428,129.74948276822428,129.74948276822428
620775,112.65082060310736,112.65082060310736,112.65082060310736
368968,125.02110064560672,125.02110064560672,125.02110064560672
