UE ID,Internet usage,Data rate,optimal GU
665405,125.04164854678471,89.31546324770338,105.67948128758295
809228,130.34566160741213,93.10404400529438,110.16219049290781
988779,103.85128739224365,74.17949099445975,87.77035739858867
327859,117.40789461201038,83.8627818657217,99.22778167005785
321436,107.3267036422751,76.66193117305365,90.70762022925538
1121938,111.93433417187688,79.95309583705492,94.60177877556534
624759,119.65702621565087,85.46930443975063,101.12864481431899
