UE ID,Internet usage
452467,0.31138735804485546
1104585,0.3276837766713313
1101963,0.2626591340795719
948827,0.44687370130493737
879931,0.417116939569016
763291,0.43775858332028245
354183,0.3693195560106932
