UE ID,Internet usage
1128003,0.35864899524936433
880031,0.3152690819177561
333259,0.36190878877623456
274814,0.4314045507336729
545317,0.37888370612806005
958910,0.3366830569397486
1012680,0.31604017250853833
