UE ID,Internet usage,Data rate,optimal GU
1128003,118.25943838587786,52.79439213655261,79.01541092718887
880031,110.9716129461562,49.54089863667687,74.14602773253644
333259,118.80708369842084,53.03887665108073,79.38132184308326
274814,130.48237170724346,58.25105879787654,87.18220177539118
545317,121.65886981349253,54.31199545245202,81.28675159003993
958910,114.56916074982426,51.146946763314396,76.54974046715554
1012680,111.10115616542706,49.598730430994216,74.2325824366956
