UE ID,Internet usage
750560,0.4532826015969324
547122,0.4801487698475979
778380,0.4680171269021647
1227084,0.48626941222549
343207,0.5093650576583527
924477,0.48571806420089236
162989,0.5065082204283943
