UE ID,Internet usage
750560,0.6628703352910956
547122,0.6897365035417611
778380,0.677604860596328
1227084,0.6958571459196532
343207,0.718952791352516
924477,0.6953057978950555
162989,0.7160959541225576
