UE ID,Internet usage
464000,0.9301405154143029
340447,1.035494871538053
367921,0.9548980004530772
1003419,0.9600869607752414
445723,0.959391961332008
1074451,0.9685727144570613
1220890,0.9382532338929624
