UE ID,Internet usage,Data rate,optimal GU
464000,103.95096831456011,24.75023055108574,50.72287878062494
340447,121.65050014329121,28.964404796021714,59.35936598203172
367921,108.11022580130215,25.740529952690988,52.75238862298658
1003419,108.98197113518363,25.94808836551991,53.177756790450324
445723,108.86521122831876,25.920288387694942,53.120783789636874
1074451,110.4075777538415,26.287518512819403,53.87338159202238
1220890,105.31390501866773,25.07473929015898,51.38792379510636
