UE ID,Internet usage,Data rate,optimal GU
284361,116.09734546601071,78.78034156622155,95.63570740442059
342118,117.57751139575315,79.78473987568964,96.85500070693871
62956,109.1939402884234,74.09588805285874,89.94899652392773
49808,123.24518063465162,83.63065828779932,101.52376858290206
671861,124.04456367509157,84.17309677952643,102.18226393654435
78066,113.90424961611883,77.29216938236635,93.82913489263552
1105557,134.76105402098983,91.44500094281453,111.01002077291984
