UE ID,Internet usage,Data rate,optimal GU
284361,116.09734546601071,30.406447622050422,59.414710753914704
342118,117.57751139575315,30.794110127459156,60.172209818432016
62956,109.1939402884234,28.59841293268232,55.881780520264286
49808,123.24518063465162,32.2784996900278,63.072732023537895
671861,124.04456367509157,32.48786191490493,63.48182933699223
78066,113.90424961611883,29.83206537565017,58.29235817079656
1105557,134.76105402098983,35.2945617674021,68.96616811875252
