UE ID,Internet usage,Data rate,optimal GU
1018442,123.40428643182806,69.0476364559038,92.30804031418437
419385,116.23512632370543,65.0363206811209,86.94541362256611
290413,115.18618986666698,64.44941575873034,86.16079526316405
524942,122.3985923106695,68.48492665001746,91.55576779461572
553979,119.5928794258974,66.91506348829974,89.4570574048381
767557,119.99734854540797,67.14137359088303,89.7596056620273
794209,119.09125960074086,66.63439525279549,89.08183913340048
