UE ID,Internet usage
950879,0.7994519474808093
776287,0.7489262972384659
1257488,0.7750352722899313
818000,0.8040664572587004
366500,0.7868812867995002
311223,0.8213693129912684
833483,0.7395093503756233
