UE ID,Internet usage,Data rate,optimal GU
1061268,121.53878911575343,8.681342079696673,32.48260771960851
17067,116.82119091304835,8.344370779503453,31.221776565109728
319824,123.79113762468643,8.84222411604903,33.08457317932554
842437,128.84531496009558,9.20323678286397,34.43535889083262
668695,119.1928161052795,8.513772578948537,31.855620059336218
985706,109.94958243249012,7.853541602320723,29.38526194865979
967764,116.07958267996315,8.291398762854511,31.0235734277229
