UE ID,Internet usage,Data rate,optimal GU
802914,125.12543916230246,123.63585060084648,124.37841493858865
687954,117.18050849020347,115.78550243674867,116.48091711234034
309832,110.53868509113681,109.22274836386138,109.8787467446792
430730,108.91641788033829,107.61979385795331,108.26616479781994
114422,111.11862208794037,109.79578134879823,110.45522140010965
221265,114.84845985603641,113.4812162863217,114.16279128102029
844381,123.07984978402895,121.61461347707623,122.34503814336438
