UE ID,Internet usage,Data rate,optimal GU
287084,127.09037378123107,49.1718708082144,79.05233355529975
1125691,106.14323280168966,41.06732221493945,66.02286227059776
659111,111.96898308690436,43.32133274195704,69.64657617633723
1177530,110.69889813491079,42.82993082600715,68.85656213922854
22292,126.2596822331231,48.850472292577386,78.53562954862466
1048743,117.13336917028809,45.31945830993289,72.85891051075942
68860,119.85848369275845,46.373818095412496,74.55397722428995
