UE ID,Internet usage,Data rate,optimal GU
162353,121.4881267085527,5.785148890883462,26.510882699063288
76870,125.3959661978395,5.971236485611405,27.36364318779635
1016840,117.98261387334395,5.618219708254474,25.74591708396884
1173169,106.35963776889578,5.064744655661704,23.20957576019281
385837,107.03857128768927,5.0970748232232985,23.357731200274422
918478,98.50399982065926,4.690666658126632,21.495335020670836
859308,119.08606588456193,5.670765042121997,25.98671005383349
