UE ID,Internet usage
503272,0.9322334819583538
777236,0.9675916558122707
168617,0.8974594707629705
334320,0.8267590695654664
170651,0.9266415416048919
1083298,0.9553206396361009
729937,0.8984721168939221
