UE ID,Internet usage
108765,0.3753276379997912
165059,0.2924183147672685
41500,0.458385992703558
1250550,0.3595367813104852
683612,0.3341518710356189
1241954,0.3285116235272384
287360,0.3867113257684202
