UE ID,Internet usage,Data rate,optimal GU
108765,122.30579410501664,2.1840320375895828,16.34379921279601
165059,108.37702780194661,1.9353040678919038,14.482489522562798
41500,136.25959769505795,2.4332071016974632,18.208454651234252
1250550,119.65293018120882,2.136659467521586,15.989295359345238
683612,115.38826525506937,2.060504736697667,15.419405537095043
1241954,114.4407036735989,2.043583994171409,15.292782294568896
287360,124.21825365013437,2.218183100895257,16.599362369363728
