UE ID,Internet usage
1275747,1.0538400747233787
940765,1.0282552868473342
947981,1.0468539386135873
1140411,1.0035418319163016
613531,0.9977891810238522
159307,1.037899413169429
124157,0.9766151556473656
