UE ID,Internet usage,Data rate,optimal GU
1275747,121.87801911222792,2.1763931984326415,16.286635374880117
940765,117.57977474918599,2.0996388348068926,15.712258311625282
947981,120.70434824606366,2.1554347901082798,16.12979700823637
1140411,113.42791432081908,2.0254984700146266,15.157442624459089
613531,112.46146897094073,2.008240517338227,15.028295932234599
159307,119.19998797116577,2.1285712137708175,15.928768410559906
124157,108.90423270722101,1.9447184412003753,14.552940241425778
