UE ID,Internet usage
754421,0.7000030133737287
1285066,0.7702586137273443
825205,0.6797707393556626
1095152,0.6975312013947591
837381,0.6480496185423753
614858,0.704776046979366
1149158,0.6700628425890666
