UE ID,Internet usage
58404,0.6849366914883146
1211333,0.6978176776804339
180015,0.7259642395919077
406356,0.6569814094640006
1134965,0.6892196768412024
1054447,0.674681011341642
80544,0.7225309197002588
