UE ID,Internet usage
862741,0.9757734710889642
3653,1.0012494487337678
92820,0.9726625771927813
1277069,1.0186625892398042
968881,1.0424646964122457
239810,1.0248434724905684
686908,0.9778516389208685
