UE ID,Internet usage
862741,0.6747944917250658
3653,0.7002704693698693
92820,0.6716835978288829
1277069,0.7176836098759057
968881,0.7414857170483473
239810,0.7238644931266699
686908,0.67687265955697
