UE ID,Internet usage,Data rate,optimal GU
862741,111.38950619317745,45.08622869723849,70.86700749077853
3653,115.66947043786708,46.81859517723191,73.58995930692782
92820,110.86687601925786,44.87468791255675,70.53450546508651
1277069,118.59487804293133,48.00268873166268,75.45112998401237
968881,122.5936320478975,49.62123201938708,77.99517331186648
239810,119.63326642876976,48.42298879259728,76.11176203125325
686908,111.73863838944804,45.227544110014684,71.08912853982486
