UE ID,Internet usage
250862,1.127873004084077
462014,1.0336144930218547
427995,1.022762513608377
764590,1.0754207250784638
92734,1.038404826598549
143049,1.0424951870536743
1182762,1.0566040093911155
