UE ID,Internet usage
250862,0.6032540242832011
462014,0.5089955132254121
427995,0.4981435338075011
764590,0.550801745277588
92734,0.5137858467976731
143049,0.5178762072527981
1182762,0.5319850295902396
