UE ID,Internet usage,Data rate,optimal GU
250862,126.33608063730628,97.76006239791558,111.1333573964683
462014,110.50065077903119,85.50645595996461,97.20349288675104
427995,108.67751823715635,84.09569863589479,95.59974802356363
764590,117.52409776436008,90.94126612718338,103.38176943323126
92734,111.30542681940015,86.12919932453583,97.91142575016795
143049,111.99260737596805,86.6609461837848,98.51591404839377
1182762,114.36288952865821,88.49509308765218,100.60096696658285
