UE ID,Internet usage
174379,0.9471144507610652
761769,1.0243378158831908
847294,0.9363301432711486
463056,0.9481614980788765
584982,0.9325399684172804
544874,0.9421684538123118
14514,0.9845879591784904
