UE ID,Internet usage
965546,0.7201860429279154
185709,0.8133210016469191
503998,0.7164749428105774
969482,0.7003587302292502
802840,0.7176916157567075
260593,0.7510572620001287
1229464,0.7925380331765793
