UE ID,Internet usage
965546,0.9206014748979868
185709,1.0137364336169905
503998,0.9168903747806488
969482,0.900774162194888
802840,0.9181070477223454
260593,0.9514726939702
1229464,0.9929534651466507
