UE ID,Internet usage,Data rate,optimal GU
965546,113.25836175203281,100.44938036341006,106.66176568464746
185709,128.90503481728732,114.32648921295126,121.39711723320988
503998,112.63489693239086,99.89642644598952,106.07461381809595
969482,109.92737321842162,97.49511077110013,103.52478654267335
802840,112.83929798704105,100.07771071469713,106.26710978095058
260593,118.44472655633129,105.04919200531764,111.54605695421685
1229464,125.4134961138012,111.22982691045465,118.10893897149819
