UE ID,Internet usage
881876,0.71607964544505
751248,0.7451493094550211
126963,0.7130962044475158
572367,0.7257275030732958
1036225,0.7691426673426306
991102,0.7122132430455065
115750,0.6460453101421092
