UE ID,Internet usage
1217528,0.5411915902677796
992508,0.5091502480059705
1099561,0.6293489219510069
1125603,0.541074991318607
550061,0.5577539830361067
68045,0.5385903159453226
1042136,0.46202052535501204
