UE ID,Internet usage
1217528,0.9690484491660191
992508,0.93700710690421
1099561,1.057205780849246
1125603,0.9689318502168465
550061,0.985610841934346
68045,0.9664471748435618
1042136,0.8898773842532514
