UE ID,Internet usage,Data rate,optimal GU
1217528,115.90959172267293,110.39008735492659,113.11617901759121
992508,110.52664622261446,105.26347259296615,107.86296211140618
1099561,130.7200234452751,124.49526042407152,127.56968041607793
1125603,115.89000309862543,110.3714315225004,113.09706247795428
550061,118.69207370721581,113.04007019734838,115.83160338928458
68045,115.47257763636352,109.97388346320335,112.68969693888232
1042136,102.6088528170309,97.72271696860085,100.13598694930575
