UE ID,Internet usage,Data rate,optimal GU
61689,107.83676431457582,96.28282528087125,101.89616448794722
1149093,116.29004645264054,103.83039861842904,109.88376530922709
835858,120.28490973165864,107.39724083183806,113.65855629422207
455580,132.28348425192812,118.11025379636438,124.99614353276104
558074,110.29091277636051,98.4740292646076,104.21511681305937
2683,112.08331846641057,100.07439148786658,105.90878099320565
968420,108.35595441675012,96.74638787209831,102.38675302134702
