UE ID,Internet usage
463128,0.7168030005078706
174696,0.6786409180666279
1285116,0.7136490042131929
434548,0.8166104654061432
242264,0.7308104855873067
1001398,0.6706411116717267
1286323,0.6806609581064389
