UE ID,Internet usage
463128,0.8630711836739892
174696,0.8249091012371799
1285116,0.8599171873793114
434548,0.9628786485722617
242264,0.8770786687578586
1001398,0.8169092948378452
1286323,0.8269291412769908
