UE ID,Internet usage,Data rate,optimal GU
463128,118.44693566863852,37.367188038320485,66.52840684769826
174696,112.03570581902171,35.34459766909613,62.927394247231746
1285116,117.91706429135034,37.20002623477124,66.23079257539834
434548,135.2145897718086,42.65698367801104,75.94633993106578
242264,120.80019316249575,38.10958474769211,67.85016727218665
1001398,110.69173834439204,34.92060793007606,62.17252444466994
1286323,112.37507254560323,35.451659791172446,63.11800726334006
