UE ID,Internet usage,Data rate,optimal GU
1078883,108.25511344856811,94.7232242674971,101.26338622272148
1154305,119.34868657601785,104.43010075401563,111.64047368223129
1193116,117.93221170317265,103.19068524027608,110.31548276444106
1093108,112.95785873858937,98.83812639626571,105.66240163585259
26331,107.1384600014443,93.74615250126377,100.21885256799713
1143170,98.80222722661682,86.45194882328973,92.42102083304707
1177119,98.14389379102721,85.87590706714882,91.80520629248853
