UE ID,Internet usage
426387,1.002762814139048
243410,1.0839344526257846
121564,1.0092547621446142
406174,1.031873992190183
349592,1.048266352394203
198714,1.0334214873320604
122923,1.0556772622655157
