UE ID,Internet usage
426387,0.5726103196383034
243410,0.6537819581206067
121564,0.5791022676438695
406174,0.6017214976894384
349592,0.6181138578934583
198714,0.6032689928313159
122923,0.6255247677603376
