UE ID,Internet usage,Data rate,optimal GU
937660,108.6420352488185,76.9547749679131,91.43589762576245
33230,115.13513839792479,81.55405636519673,96.9006582357369
556622,108.69198145065472,76.9901535275471,91.47793361843722
315365,132.2543811800292,93.68018666918735,111.30864798731047
1179222,117.65386939941486,83.33815749125219,99.02048625139977
1281977,108.88546143401182,77.1272018490917,91.64077128905299
754178,134.18855648346354,95.05022750912,112.93649907303488
