UE ID,Internet usage
933643,0.6178677808532427
236944,0.7187711257869421
1240254,0.7080806780907273
1187797,0.6760233788335182
93176,0.6635258174007496
939952,0.7056764867094598
686734,0.6977270678372808
