UE ID,Internet usage,Data rate,optimal GU
933643,108.77880955282824,20.719773248157757,47.47496464600198
236944,125.73057150167998,23.948680286034282,54.87332010252439
1240254,123.93457628876857,23.606585959765443,54.08948353005345
1187797,118.54895001338188,22.580752383501313,51.73900352322463
93176,116.44935969275309,22.180830417667256,50.82266718296958
939952,123.53067213643628,23.52965183551167,53.913205306094426
686734,122.19516976630976,23.27527043167805,53.33034428686607
