UE ID,Internet usage,Data rate,optimal GU
834229,115.62503046352501,87.4070170765933,100.5307863900753
1239719,125.69313368128854,95.01802367573598,109.28455129617417
279177,111.7445013865241,84.47352188147953,97.15684012466423
1192952,114.95726687579756,86.90221960253743,99.95019585247475
724522,125.25185944075683,94.68444136295308,108.9008831039454
1267160,131.14118212214686,99.13648886614672,114.02138545617454
1274162,111.41040335533735,84.2209596793324,96.8663568471945
