UE ID,Internet usage,Data rate,optimal GU
81289,116.08057203017607,77.38704802011738,94.77939017477338
803705,112.34378023797764,74.8958534919851,91.72831245280459
846916,124.75661553950714,83.1710770263381,101.8633500361224
637083,102.94322021937418,68.62881347958279,84.05278733880897
798975,117.46820647244135,78.31213764829424,95.91238895246055
1231835,123.05720914187606,82.03813942791737,100.47579052284992
707965,103.7531838726811,69.16878924845408,84.71411989240981
