UE ID,Internet usage
1216368,0.6911516431657247
404769,0.685449664196319
436750,0.6907882698903589
689727,0.6787597639109008
1119131,0.6777888416688179
910568,0.7177521105500463
1037578,0.6978405758853292
