UE ID,Internet usage
428676,1.1406911611116821
134478,1.0582244312101368
909619,1.1392555082926754
333210,1.1022471927351454
395070,1.1641121225711326
678388,1.0388244969417382
529673,1.0462412588520864
