UE ID,Internet usage,Data rate,optimal GU
428676,129.85361343997695,94.29845737903088,110.65710746482947
134478,115.99920281680991,84.23751633125482,98.85082064248918
909619,129.61242376633015,94.12330773507308,110.45157331811528
333210,123.39502675281986,89.6082932371668,105.1533058979827
395070,133.7883349655717,97.15581467737944,114.0101516440981
678388,112.74001385995354,81.87072435068055,96.07344377100344
529673,113.98602986060034,82.7755693035312,97.13525886288922
