UE ID,Internet usage
2849,0.447211480666107
1009453,0.37153218385461617
508183,0.40351234286008475
286879,0.39526229665618823
802375,0.39580408723616084
211177,0.46899246463114674
164379,0.4539858012339214
