UE ID,Internet usage
2849,0.4826221265899474
1009453,0.4069428297797866
508183,0.4389229887852552
286879,0.43067294258135874
802375,0.43121473316133124
211177,0.5044031105549872
164379,0.48939644715776187
