UE ID,Internet usage
255342,0.49270988963384543
257627,0.5967647212861911
494415,0.5538611990032137
297555,0.5328588353492532
535113,0.550757886140773
436847,0.4937551186143997
851071,0.48536252699252713
