UE ID,Internet usage
255342,0.3527785564349325
257627,0.45683338808727814
494415,0.4139298658065176
297555,0.3929275021490102
535113,0.4108265529414168
436847,0.3538237854159301
851071,0.3454311937967176
