UE ID,Internet usage
255342,0.6276753280362228
257627,0.7317301596885685
494415,0.6888266374055911
297555,0.667824273747197
535113,0.6857233245431504
436847,0.6287205570167771
851071,0.6203279653949045
