UE ID,Internet usage
55240,0.8302712594488224
69531,0.8178944258572545
338984,0.8280553111414785
1246453,0.7717083487890537
267701,0.8649403056805218
789925,0.790490889226177
555308,0.8142207138505857
