UE ID,Internet usage
917824,0.4804670657894762
275888,0.40959652691361825
1174071,0.42361783971056977
996231,0.45114851441686715
1051405,0.3825370283092811
1042190,0.4362325359416601
43951,0.4651560719031381
