UE ID,Internet usage,Data rate,optimal GU
917824,126.95408998929857,0.7556791070791581,9.794720688368823
275888,115.04783945792303,0.6848085682019228,8.876133517129233
1174071,117.40342000781789,0.698829880998916,9.057870502106393
996231,122.02857335863996,0.7263605557061903,9.414708830166514
1051405,110.50184369236555,0.657749069597414,8.52540232935973
1042190,119.52268897463003,0.7114445772299407,9.2213756526313
43951,124.38184301649439,0.740368113193419,9.596267525952056
