UE ID,Internet usage,Data rate,optimal GU
786012,124.03945134625583,107.79618986043663,115.63295485070589
681002,114.45328538706967,99.46535515781055,106.6964698572691
444794,117.29189355208946,101.93224082503014,109.34269770028259
295175,111.5155316337278,96.9123072531206,103.95781579651873
623016,109.34332572695999,95.02455688176285,101.93282628860358
789949,119.2359594729394,103.6217266848164,111.15500889976471
1046760,112.16392313258164,97.47579034141025,104.56226401116984
