UE ID,Internet usage
554477,0.7451863686004959
1133894,0.6960064838772544
988893,0.7366502357973103
596473,0.7065909908421198
749806,0.6741336187731564
122663,0.8091091395213874
156065,0.8145083105180914
