UE ID,Internet usage,Data rate,optimal GU
554477,117.19698817722406,44.64647168656155,72.33555152485341
1133894,108.93476754347779,41.49895906418202,67.23599823720154
988893,115.76291786646837,44.10015918722605,71.45042411273029
596473,110.71296471364032,42.17636750995822,68.3335253581983
749806,105.26012620622213,40.099095697608426,64.96796036421061
122663,127.93601369193067,48.737529025497395,78.96382197384384
156065,128.84307441912685,49.08307596919118,79.52367200914553
