UE ID,Internet usage
492561,0.3241074117598658
1200423,0.3370964751792919
378855,0.3379552171374299
1013582,0.3393428841407637
1032174,0.3492018464422985
1106785,0.3798573328478885
913239,0.4224245598650862
