UE ID,Internet usage
492561,0.6271030823226337
1200423,0.6400921457442765
378855,0.6409508877028577
1013582,0.642338554705305
1032174,0.6521975170055098
1106785,0.6828530034110997
913239,0.7254202304291841
