UE ID,Internet usage,Data rate,optimal GU
492561,107.00042464201456,12.101238501180218,35.98385274425988
1200423,109.18258729650827,12.34803070615272,36.71770609003896
378855,109.3268559454404,12.364346803353378,36.76622311075318
1013582,109.55998400201472,12.39071247641833,36.844623226326476
1032174,111.21628966867877,12.578032760148194,37.401632784074714
1106785,116.36641138482192,13.160487001854857,39.13359994279141
913239,123.51770552363884,13.969264315173438,41.53855409211386
