UE ID,Internet usage,Data rate,optimal GU
993789,127.05398583621128,72.60227762069216,96.04378560061083
415141,110.47980136025028,63.13131506300016,83.5148797985822
404432,127.50801722070308,72.86172412611604,96.38700106654902
241362,101.20230328840441,57.82988759337395,76.50175045944351
779155,109.35047200685808,62.48598400391891,82.66118705076474
497948,136.3526485989212,77.91579919938354,103.0729139422072
66040,115.07041112796557,65.75452064455176,86.98505460187326
