UE ID,Internet usage,Data rate,optimal GU
993789,127.05398583621128,78.6524674224165,99.96554147240326
415141,110.47980136025028,68.39225798491684,86.92504286310478
404432,127.50801722070308,78.93353446995904,100.32277145537047
241362,101.20230328840441,62.64904489282178,79.62554641553308
779155,109.35047200685808,67.69314933757882,86.03649127954357
497948,136.3526485989212,84.40878246599884,107.28169020969573
66040,115.07041112796557,71.23406403159774,90.5369153132123
