UE ID,Internet usage
355991,1.06109129592221
762141,1.105749187619104
1149123,1.045540528522253
304910,1.1097403961353667
826782,1.0232716351878253
690508,1.06065970923259
290655,1.0370466683916273
