UE ID,Internet usage
238372,0.4520900192941223
369677,0.38612237662574034
410068,0.39724235853494483
514479,0.37348190019068395
1174671,0.33769220749774215
760980,0.36804998243502307
1157044,0.31509084306682555
