UE ID,Internet usage,Data rate,optimal GU
238372,134.57739228451456,48.06335438732663,80.42537471403476
369677,123.49482831643647,44.10529582729874,73.80227595432203
410068,125.36298527708716,44.77249474181685,74.91871327737049
514479,121.37122827530408,43.34686724118003,72.53318219234947
1174671,115.35855990290713,41.199485679609694,68.93992556378502
760980,120.45866609239074,43.02095217585384,71.98782197794213
1157044,111.56153067852156,39.8434038137577,66.67076658405281
