UE ID,Internet usage
113194,0.999670782201191
1126383,1.0341050590242615
1171596,1.0782776034684183
297468,1.1376741887270279
727951,1.0766605620714584
129265,1.0337766078641841
645686,0.9955774730739199
