UE ID,Internet usage,Data rate,optimal GU
113194,112.41140549873181,105.7202504095216,109.01450333883194
1126383,118.19636400464941,111.16086614722981,114.62464917377102
1171596,125.61735147143978,118.14012816956837,121.82138565603994
297468,135.59597779491807,127.52478864045868,131.49847302837117
727951,125.34568851674608,117.88463562884453,121.55793194375781
129265,118.14118420981931,111.10897086399675,114.57113682863972
645686,111.72372956539371,105.07350756745362,108.34760792907953
