UE ID,Internet usage,Data rate,optimal GU
113194,112.41140549873181,69.58801292778635,88.4448208719786
1126383,118.19636400464941,73.16917771716392,92.9964018840449
1171596,125.61735147143978,77.76312233946271,98.83520359888402
297468,135.59597779491807,83.94036720637786,106.68634480482159
727951,125.34568851674608,77.59495003417614,98.62146032916121
129265,118.14118420981931,73.13501879655482,92.95298665364325
645686,111.72372956539371,69.16230877857706,87.9037603410457
