UE ID,Internet usage
376389,0.48718273342500684
43216,0.5023709132382382
1145571,0.428876461828855
1282641,0.3390845474565187
1096795,0.4202172047979829
1009129,0.4061809495015548
304202,0.42757501745112003
