UE ID,Internet usage,Data rate,optimal GU
675461,118.84844869137379,105.4072550893732,111.92626478261445
1203157,111.5612453843542,98.94419977540939,105.06349580374247
552435,109.25861534654676,96.90198622997303,102.89497966284358
1270506,120.66223677427047,107.01591237718036,113.63441097603278
1019014,118.62456151208373,105.20868848393141,111.71541764084212
1167104,121.83294007952186,108.05421471338546,114.73692808558054
587065,130.28113672719437,115.54696054971406,122.69306975452619
