UE ID,Internet usage,Data rate,optimal GU
812162,120.97803342362336,72.73084152253547,93.8021011312729
617659,109.74950408332768,65.98035662152438,85.09589542659155
1118652,124.99148385777457,75.14368970020972,96.91398907370072
1108682,116.25265342977113,69.8899880738505,90.13820811265431
565526,122.54039002755418,73.67011543323198,95.01349734939339
406535,110.98593128219291,66.72368487798502,86.0545774771031
727173,131.16030549337904,78.85232651685288,101.69707584200293
