UE ID,Internet usage,Data rate,optimal GU
10904,119.91462664002297,23.554658804290227,53.14647792798308
58662,112.09388866713532,22.018442416758724,49.68030628818508
1107255,124.77878200290974,24.5101178934287,55.30228437858383
340767,119.78314203962417,23.528831472069033,53.088203607253696
888682,114.9095049755438,22.57150990591039,50.92819484174504
842539,111.20206740495442,21.843263240258903,49.28504875910578
1152740,121.22386372561466,23.811830374674308,53.72673524789097
