UE ID,Internet usage
1051151,0.7103827166395741
500116,0.6831988960795966
1039499,0.7318323490391804
18295,0.7227701418410614
1213405,0.6351169846684135
1253184,0.6417133586075257
734677,0.6386495614781947
