UE ID,Internet usage,Data rate,optimal GU
737467,133.3669517844612,79.38509034789358,102.89483717287578
127467,113.72103445868036,67.6910919396907,87.73768289064435
373906,113.49472028747091,67.55638112349459,87.56307771683679
1020071,116.6925092803466,69.45982695258726,90.0302254871999
321526,110.71270501429206,65.90041965136432,85.41670633535077
539363,116.88510232768253,69.57446567123961,90.17881424911661
945644,120.88206048466598,71.9536074313488,93.26253441552088
