UE ID,Internet usage
676078,0.41440716958116397
130568,0.4388738191262551
915640,0.37249501997252554
338057,0.41287487323821026
604870,0.3941170655682756
636981,0.42272394996607104
1019087,0.33080276721887547
