UE ID,Internet usage
936663,0.8938090983981646
715810,0.8078486066581582
211948,0.8927703850086288
1283633,0.7591638914683019
1233181,0.8751110385514324
1094731,0.8678040708462759
985107,0.8229272823634813
