UE ID,Internet usage
936663,1.098301825140345
715810,1.0123413334003386
211948,1.0972631117508092
1283633,0.9636566182149159
1233181,1.0796037652936128
1094731,1.0722967975928897
985107,1.0274200091056618
