UE ID,Internet usage
641822,0.44038738153824375
1274276,0.4569360820069496
928375,0.39292835684847544
656371,0.46624789900455194
1010069,0.49013418090481187
1189822,0.3814511832839393
1160188,0.34148231162770676
