UE ID,Internet usage,Data rate,optimal GU
641822,123.45464315325945,92.5909823649446,106.9148571858653
1274276,126.23482483227161,94.67611862420371,109.3225651470259
928375,115.48152700534872,86.61114525401155,100.00993605445069
656371,127.79921008723744,95.84940756542808,110.67736251913212
1010069,131.8121054470628,98.85907908529711,114.15263184346958
1189822,113.55336184655498,85.16502138491624,98.34009604424325
1160188,106.83859140823562,80.12894355617672,92.52493426407791
