UE ID,Internet usage,Data rate,optimal GU
641822,123.45464315325945,4.409094398330695,23.330734569981956
1274276,126.23482483227161,4.508386601152558,23.856139521570825
928375,115.48152700534872,4.124340250191026,21.823957248438738
656371,127.79921008723744,4.5642575031156225,24.151780545809107
1010069,131.8121054470628,4.707575194537958,24.910146485767893
1189822,113.55336184655498,4.055477208805535,21.45956828437962
1160188,106.83859140823562,3.8156639788655577,20.190595949330962
