UE ID,Internet usage
240035,1.0887776797057183
381716,1.0286260832242429
413077,1.0745870071915788
673706,1.0453171443967975
572321,1.0263919036898481
462097,1.0071498429354453
338583,1.0822635706511015
