UE ID,Internet usage
98644,0.66636060605343
42612,0.7116785389502193
6775,0.7300624986032777
612271,0.7154876861903735
690325,0.7364594311963821
870112,0.7287142140959654
593543,0.7123461190485058
