UE ID,Internet usage
657001,0.7133479828919994
118427,0.7284064641439764
886662,0.6790318960798267
776112,0.6864440566759135
864098,0.714499388741868
1087401,0.6543710835024626
984237,0.619900919454412
