UE ID,Internet usage,Data rate,optimal GU
657001,121.50048956474959,96.18788757209343,108.10585289524542
118427,124.03031441473458,98.19066557833155,110.35678105251402
886662,115.73538698020793,91.62384802599796,102.9763152764005
776112,116.98062996063422,92.6096653855021,104.08427833846751
864098,121.69392574746949,96.34102455008002,108.27796400021832
1087401,111.59237046696823,88.34395995301652,99.29003931712397
984237,105.80138290742065,83.75942813504135,94.13747037297152
