UE ID,Internet usage,Data rate,optimal GU
13215,127.66810952825222,50.915257966624395,80.62415724050838
524729,121.57062516170636,48.48352312996622,76.77351246980982
636654,111.24106774929778,44.36399725716042,70.25025569002182
1226361,117.99121466214955,47.05602013311916,74.51306578495677
865324,117.94866957130853,47.039052745700424,74.48619797821588
838324,116.56833074462509,46.488560475535,73.6144951307395
417504,127.78616686991528,50.962340358835256,80.6987120663988
