UE ID,Internet usage
713849,0.9852438585008314
278579,1.0942168418414666
597330,1.0791539467429607
522035,1.0305407595573668
290418,1.0691221991596271
751268,1.1137786803685397
191963,1.0202830653949855
