UE ID,Internet usage,Data rate,optimal GU
1216211,121.4529424538422,6.506407631455832,28.110893825071532
266216,116.18620826602474,6.224261157108468,26.891881732261364
1210802,127.67723932383164,6.839852106633837,29.551538612368436
818113,121.34968362218652,6.5008759083314205,28.08699404961507
626872,125.97025512157575,6.748406524370129,29.156448541257756
651750,118.56052834081417,6.351456875400759,27.441430044394746
701704,127.51623756071017,6.831227012180902,29.514273945269263
