UE ID,Internet usage
1242341,0.8068200026672872
1106068,0.7927738541601523
272026,0.7086083162906369
310067,0.748342959508892
887149,0.7516023859319565
1107412,0.7390392843832285
101047,0.7783196918614939
