UE ID,Internet usage
1239541,0.7241179094632362
121548,0.7307918976994026
1192779,0.7435193951495982
102191,0.7164904400943974
270909,0.7534022472275543
159739,0.7217584389940086
1065139,0.804943290205966
