UE ID,Internet usage,Data rate,optimal GU
1239541,119.30859224468904,69.59667880940194,91.12344250331813
121548,120.42982226813355,70.25072965641124,91.97979607896673
1192779,122.56804183999115,71.49802440666151,93.612888252379
102191,118.0271773907613,68.84918681127742,90.14474574252402
270909,124.22836098927762,72.46654391041194,94.88097794894398
159739,118.91220120597407,69.36545070348488,90.82069384669923
1065139,132.88725620957447,77.51756612225178,101.49431841256093
