UE ID,Internet usage
81923,0.7885757521706502
726599,0.7002299107158775
757641,0.712077269934576
801070,0.6989403507806998
628200,0.7215424036613179
264369,0.6731737985222837
946734,0.7430514710552998
