UE ID,Internet usage
194145,0.7235519143233149
632627,0.7945578548032921
129377,0.8672073362695085
538537,0.7374210869418993
1024079,0.8113928451845546
177113,0.746515289342452
396528,0.7558895998714901
