UE ID,Internet usage
194145,0.9053918850327283
632627,0.9763978255127056
129377,1.0490473069744886
538537,0.9192610576513128
1024079,0.9932328158895347
177113,0.928355260047432
396528,0.9377295705764701
