UE ID,Internet usage,Data rate,optimal GU
194145,106.72102305315272,4.446709293881363,21.784337609002055
632627,118.65002105366254,4.9437508772359395,24.219334129329543
129377,130.85513393941937,5.452297247475808,26.710692364593893
538537,109.05104405288648,4.543793502203603,22.25995115394516
1024079,121.47829943749205,5.061595809895502,24.79665403690669
177113,110.57887005566947,4.607452918986228,22.571817330826356
396528,112.15375422482141,4.673073092700892,22.893289215693795
