UE ID,Internet usage,Data rate,optimal GU
194145,106.72102305315272,71.14734870210181,87.13735043600822
632627,118.65002105366254,79.10001403577503,96.87733651731817
129377,130.85513393941937,87.23675595961292,106.84276945837557
538537,109.05104405288648,72.70069603525765,89.03980461578064
1024079,121.47829943749205,80.98553295832804,99.18661614762676
177113,110.57887005566947,73.71924670377965,90.28726932330542
396528,112.15375422482141,74.76916948321427,91.57315686277518
