UE ID,Internet usage,Data rate,optimal GU
194145,106.72102305315272,17.15159299068526,42.7835897390251
632627,118.65002105366254,19.068753383624337,47.56582796960573
129377,130.85513393941937,21.03028938312097,52.45875841089878
538537,109.05104405288648,17.526060651356755,43.717676198131414
1024079,121.47829943749205,19.52329812388265,48.69966175961024
177113,110.57887005566947,17.771604116089737,44.33016921052623
396528,112.15375422482141,18.024710500417726,44.96152745889987
