UE ID,Internet usage
797910,0.6931070606063603
310708,0.6889134509617595
679487,0.7448856160562045
873625,0.5951496739810901
1137658,0.7072114712785221
422014,0.701713004079032
1243108,0.6528569583219603
