UE ID,Internet usage
797910,0.7137893807698173
310708,0.7095957711252165
679487,0.7655679362152282
873625,0.6158319941445473
1137658,0.7278937914375457
422014,0.7223953242380556
1243108,0.6735392784854174
