UE ID,Internet usage
406738,0.9280991013574117
41304,0.9970902296313527
419833,0.9723335155976872
154411,1.0691374676428145
1111917,1.0009390818634567
853937,0.9665502832626592
461886,1.0871689552747177
