UE ID,Internet usage,Data rate,optimal GU
406738,109.04221671313037,98.65724369283224,103.71983680605136
41304,120.63272626255889,109.14389518993423,114.74461046897477
419833,116.47359830540802,105.3808746572739,110.78849066533884
154411,132.73666224896982,120.09507536811554,126.25775008648827
1111917,121.27933343770565,109.72892072935272,115.35965657410193
853937,115.50201527270961,104.50182334197535,109.86433086161695
461886,135.76595217130117,122.83586148832009,129.13917955347185
