UE ID,Internet usage,Data rate,optimal GU
667065,118.16391023559365,55.56517207507083,81.02961190394524
446249,113.52661113092363,53.384537377041475,77.84963465044422
632880,97.91677839907199,46.04419936623028,67.14536220697497
1077666,121.97016118366062,57.355016270888036,83.63970695340636
782563,124.94851975797128,58.75555393380793,85.68208384247518
1253182,118.42670958751208,55.688750341746754,81.20982369155536
783093,125.88404890668555,59.19547537873905,86.32361274663896
