UE ID,Internet usage,Data rate,optimal GU
667065,118.16391023559365,43.60810972980242,71.7837360664398
446249,113.52661113092363,41.89672553641229,68.96660980236244
632880,97.91677839907199,36.13595393299085,59.483747305425695
1077666,121.97016118366062,45.01279757968428,74.09600647890264
782563,124.94851975797128,46.111953720203694,75.90533815541255
1253182,118.42670958751208,43.705095204915175,71.94338480588091
783093,125.88404890668555,46.45720852508634,76.4736654675324
