UE ID,Internet usage,Data rate,optimal GU
281065,131.04750435848322,93.60536025605946,110.75535588012592
141499,117.6763674483942,84.05454817742444,99.45468263000667
669202,117.04505081556697,83.60360772540498,98.92112269169185
1180097,118.50724027297936,84.64802876641383,100.15689833284311
543807,116.36049042933213,83.11463602095152,98.34256356864688
1003900,134.0173708115636,95.72669343683116,113.26535114892229
1015120,98.69463695323488,70.49616925231064,83.41219233991274
