UE ID,Internet usage,Data rate,optimal GU
516923,105.3806144206199,20.699763546907484,46.70496548478182
39900,120.18362092563692,23.607496967535823,53.265696902879704
317163,106.32737222047592,20.885733829022058,47.12457103185359
293956,129.06114790802266,25.351296910504452,57.20024021126846
777725,111.57228863863787,21.915985268303867,49.44913178363534
570042,117.48350963242285,23.077117963511633,52.06900047585682
959939,122.85763217459296,24.13274917715219,54.450825721638736
