UE ID,Internet usage
355755,0.3658021677209202
154876,0.4064794904501863
1093083,0.3497724753793618
802303,0.27550451749269694
463945,0.4167040854692473
1236237,0.2988445592254451
666208,0.36794814356771827
