UE ID,Internet usage,Data rate,optimal GU
1276883,120.07701883664744,37.8814404663233,67.44398001626269
188686,122.37770351723945,38.6072517048434,68.73621172824964
519844,116.3924897233099,36.71905925794895,65.3744807040976
217531,113.97789972622473,35.95731360410661,64.01827148864048
565292,118.2348830515631,37.30029048650503,66.40930268766006
866470,118.92935696298758,37.51938047046632,66.79936970512696
35862,120.70988347388821,38.08109419116711,67.7994427880786
