UE ID,Internet usage
864031,0.9077180189066009
532393,0.8917832737518402
432632,0.8416659324258179
845559,0.9058285208266877
779859,0.8865211686409077
1165047,0.8018531479171428
30581,0.8959019002534636
