UE ID,Internet usage
864031,0.4480563040554814
532393,0.4321215588985041
432632,0.38200421757381187
845559,0.4461668059711349
779859,0.4268594537897882
1165047,0.3421914330638067
30581,0.43624018540323073
