UE ID,Internet usage,Data rate,optimal GU
864031,120.37154829214309,50.87130909965571,78.25252864907144
532393,117.69451110597088,49.739942193594835,76.51220934540054
432632,109.27479776347359,46.181610959563244,71.03862469106288
845559,120.05411261448315,50.73715473588276,78.04616639143865
779859,116.8104774477283,49.366332730885176,75.93750651778154
1165047,102.58624996574528,43.35490325933283,66.69045616130259
30581,118.38644035875342,50.032364675425555,76.96202671873102
