UE ID,Internet usage,Data rate,optimal GU
1186849,122.39326345181462,27.68419054267235,58.20960768240524
923888,112.78338875855135,25.51052840967233,53.63920061917537
467533,121.40664099945083,27.46102594035197,57.74037510976975
219058,111.83901880618431,25.29692092044645,53.19006311859733
353162,116.76760505686953,26.41172019143477,55.53407343411792
756378,118.45218107831158,26.79275524390381,56.33524914063819
983448,117.03245263825957,26.47162619198728,55.6600335839951
