UE ID,Internet usage
212551,0.9759731594570162
938938,0.8989872809815733
1178889,0.9109557007883858
557779,0.9425031138629159
1045557,1.0345627856940744
1247337,0.9088069069874533
1120138,0.8721350852860336
