UE ID,Internet usage,Data rate,optimal GU
212551,124.41951600690794,113.3106306491483,118.73522570747292
938938,111.48588842310318,101.53179124246896,106.39249010083229
1178889,113.49658295086226,103.3629594731067,108.31132306405489
557779,118.79654834717228,108.1897136733176,113.36915167301466
1045557,134.26257321468194,122.27484346337104,128.12858823390908
1247337,113.13558559173549,103.03419402104481,107.9668184052091
1120138,106.97471954596301,97.42340530078773,102.087420671033
