UE ID,Internet usage
1087533,0.700578810427105
678076,0.8506192439072323
837631,0.7346479467727739
463229,0.7226641210330373
1229599,0.6911722047694276
577947,0.7875137915408714
217789,0.7748530946849624
