UE ID,Internet usage,Data rate,optimal GU
1087533,115.77872033331036,2.0674771488091137,15.471582291655896
678076,140.98551315798588,2.5175984492497476,18.839981669131877
837631,121.5023352390501,2.1696845578401804,16.23643250562413
463229,119.48905251500146,2.133733080625026,15.967396285049093
1229599,114.19841058243088,2.039257331829123,15.260404518342712
577947,130.3837971601336,2.328282092145243,17.42326777713747
217789,128.25680008829346,2.290300001576669,17.139035837655424
