UE ID,Internet usage,Data rate,optimal GU
1087533,115.77872033331036,56.511042067449104,80.88742878390391
678076,140.98551315798588,68.81435761282644,98.49785541158492
837631,121.5023352390501,59.304711247631595,84.8861644042467
463229,119.48905251500146,58.32203753708404,83.47960832473115
1229599,114.19841058243088,55.73970040332936,79.78336413313927
577947,130.3837971601336,63.63971051863664,91.0910923613914
217789,128.25680008829346,62.60153337642895,89.60509110246626
