UE ID,Internet usage
236459,0.5712087147147124
376846,0.5580165025282504
685802,0.5835737725927914
687153,0.5438622035291046
997624,0.5948898221390471
1096860,0.6203825081087819
473135,0.5823661784006212
