UE ID,Internet usage
236459,0.3835001778660577
376846,0.37030796567870905
685802,0.39586523574458005
687153,0.35615366667867654
997624,0.4071812852895057
1096860,0.43267397126057056
473135,0.3946576415532966
