UE ID,Internet usage
559090,0.6047281202503327
1025693,0.591400404019065
643982,0.8298691139936355
452680,0.6745504850982655
408056,0.6763572142034346
1165461,0.630898750812345
898580,0.7029821088350764
