UE ID,Internet usage
559090,0.9497206023391146
1025693,0.9363928861078468
643982,1.1748615960824176
452680,1.0195429671870475
408056,1.0213496962922166
1165461,0.9758912329011269
898580,1.0479745909238583
