UE ID,Internet usage
559090,0.6004888262820054
1025693,0.5871611100507376
643982,0.8256298200253082
452680,0.6703111911299382
408056,0.6721179202351073
1165461,0.6266594568440177
898580,0.698742814866749
