UE ID,Internet usage,Data rate,optimal GU
559090,105.50666654438831,43.9611110601618,68.10426040671253
1025693,103.26761021754207,43.028170923975864,66.65895576252989
643982,143.33035349326238,59.72098062219266,92.5193453475712
452680,117.23682383899181,48.848676599579925,75.676044381778
408056,117.54035432861234,48.97514763692181,75.87197247033907
1165461,109.9033324788606,45.793055199525256,70.94229606388731
898580,122.01333662654987,50.838890261062446,78.75927012830451
