UE ID,Internet usage
1156944,0.6198503546253863
597347,0.5794851865883658
204692,0.6816595205272216
357356,0.6219717057260447
808253,0.5469367224915952
889148,0.6593816168954795
1147046,0.6074011901347602
