UE ID,Internet usage
970387,1.0617246552921116
748214,1.0586697642256413
394044,1.0306411502551662
169271,1.1068102576785075
810337,1.0898564731468061
1269193,1.0953805080766346
673881,1.0633023730167315
