UE ID,Internet usage,Data rate,optimal GU
1245613,112.70196905891136,104.65182841184627,108.6023348166622
1272662,112.45884679287012,104.42607202195083,108.36805633902358
917612,128.1418929189299,118.98890056757777,123.48061773036183
792335,114.95535167829128,106.7442551298419,110.77374864149097
1005895,113.9772016770249,105.83597298580884,109.83117971545099
259144,117.78969552571569,109.37614584530743,113.50499071360271
1160809,106.57489593964452,98.96240337252706,102.69813942503632
