UE ID,Internet usage
1172337,0.5583513039920808
320521,0.5788202088534393
417161,0.5330067007552381
316778,0.6230560720106973
1271114,0.5361360833368187
217959,0.6225421965980105
627154,0.5952589749490784
