UE ID,Internet usage,Data rate,optimal GU
239254,120.03565544042803,41.44088104490967,70.52930822186293
993078,118.23301510942623,40.818540930635244,69.47013147098924
171086,120.18842994987827,41.49362462555321,70.61907388712235
1014204,124.32381237014495,42.921316175407185,73.0488990941752
142418,119.85846969760794,41.379709776555124,70.42519925672234
1148477,123.30404310033123,42.56925297511435,72.44971361980946
869647,120.43400878939194,41.57840779633769,70.7633685602449
