UE ID,Internet usage,Data rate,optimal GU
619958,120.0571106977379,92.18671000004873,105.20299447894111
774736,119.72407627878162,91.93098714263589,104.911164882717
587323,113.20946968536008,86.9286999369729,99.20258071392344
36301,109.19129376086251,83.84331485209084,95.68155528574532
933822,116.71226609651563,89.61834718125307,102.2719921745359
643225,119.53970093002731,91.7894132141281,104.74960145107747
802985,106.92830575948511,82.1056633510332,93.69855642102833
