UE ID,Internet usage,Data rate,optimal GU
376170,112.8651504138252,5.374530972086914,24.62919500447288
108039,114.64861275244206,5.459457750116289,25.0183783933212
254729,115.66975589617428,5.508083614103537,25.24121009577539
1032029,110.01324593126914,5.238725996727102,24.006858425134926
380510,117.76701428676702,5.60795306127462,25.698869397050274
782708,119.46188725490373,5.688661297852558,26.068721000375078
630568,118.99748451381471,5.666546881610224,25.96738001399482
