UE ID,Internet usage,Data rate,optimal GU
376170,112.8651504138252,101.44427209814052,107.00244403273058
108039,114.64861275244206,103.04726503344496,108.69326558723725
254729,115.66975589617428,103.96507821620428,109.66136611858806
1032029,110.01324593126914,98.88095318822405,104.29867986228015
380510,117.76701428676702,105.85011403155846,111.64968379449385
782708,119.46188725490373,107.37348199696706,113.2565176953985
630568,118.99748451381471,106.95607239039299,112.81623805079761
