UE ID,Internet usage
437945,0.41192734135957215
1025200,0.4291505121515752
750954,0.3882136975001363
156921,0.424817817906055
610805,0.3510489976867337
669365,0.4521092645405026
511211,0.480108546166103
