UE ID,Internet usage
742337,0.38366483032366844
917051,0.37055767539492523
1087128,0.46333344882825866
305604,0.47606657966941984
605211,0.4471534067446636
503544,0.374689206079781
75803,0.32502513443175535
