UE ID,Internet usage
1247893,0.8521723467305947
19699,0.7928617195173698
1233087,0.7949248621330129
153735,0.8022980597343036
1215202,0.8005041652726336
290484,0.8129237952094858
643265,0.7530243376106325
