UE ID,Internet usage
1278730,0.38880671189645394
1028653,0.32912562411806606
433568,0.3559043015976254
69303,0.4272062222484799
489354,0.3649277718475323
1254718,0.39055052037493376
471939,0.37953701018895813
