UE ID,Internet usage,Data rate,optimal GU
1278730,122.65529749467237,39.424917051858976,69.53901731904575
1028653,112.62887474790809,36.202138311827596,63.85456993457301
433568,117.12769256449626,37.64818689573094,66.40515989238992
69303,129.10641523381676,41.49849061086967,73.19645729394003
489354,118.64363556641894,38.13545428920609,67.26461878914051
1254718,122.94825731903754,39.519082709690636,69.70510992748933
471939,121.09798760776646,38.92435315963922,68.65610560297107
