UE ID,Internet usage
541893,0.9561590929973769
665670,1.060074155766086
55684,1.0234587417466536
955141,1.0151999631561046
764593,1.087148505083197
1262977,0.9629011396549646
1055736,1.0355151275008547
