UE ID,Internet usage
541893,0.3218688048423398
665670,0.4257838676123787
55684,0.3891684535951631
955141,0.3809096750046142
764593,0.4528582169312633
1262977,0.3286108515025874
1055736,0.4012248393467043
