UE ID,Internet usage
690995,0.793408958888563
527698,0.7911320955427249
738917,0.8247066510351672
1109261,0.7812166441848619
1229875,0.8380753919496494
213215,0.9089808556168163
903092,0.7273619423492566
