UE ID,Internet usage
1139236,0.36282433545382137
1068462,0.39694886639361254
851788,0.45769441614581163
174721,0.3918527181362098
241604,0.2982997741435951
610540,0.35275794311123854
279783,0.42566629336681444
