UE ID,Internet usage
1139236,0.991706095360103
1068462,1.0258306263038843
851788,1.0865761760520933
174721,1.0207344780442649
241604,0.9271815340503202
610540,0.9816397030215104
279783,1.0545480532735394
