UE ID,Internet usage,Data rate,optimal GU
1139236,116.86800828636112,109.21593631523034,112.9772054455722
1068462,122.60092948422486,114.57348767275776,118.51926460676965
851788,132.80618184238983,124.11053898366193,128.38476081226003
174721,121.74477657695634,113.7733923963223,117.69161498463959
241604,106.02788198626446,99.08558018954477,102.49797170128586
610540,115.17685437279175,107.63551271743039,111.34235390720036
279783,127.42545721575686,119.08212370758231,123.183172794266
