UE ID,Internet usage
815646,1.0503423400586136
1005263,1.0773774026471856
526874,1.0004255567363458
419296,0.8991971977593771
71292,0.9650462790565161
31628,1.0498321811444096
664078,1.0077033255607077
