UE ID,Internet usage
815646,0.46845635219366016
1005263,0.49549141478223235
526874,0.4185395688740525
419296,0.3173112098944238
71292,0.38316029119111944
31628,0.4679461932838898
664078,0.42581733769531116
