UE ID,Internet usage
815646,0.9055081124335782
1005263,0.9325431750221505
526874,0.8555913291113105
419296,0.7543629701343418
71292,0.8202120514270475
31628,0.9049979535193744
664078,0.8628690979312391
