UE ID,Internet usage,Data rate,optimal GU
815646,122.4111184810186,54.64782075045473,81.78936887281489
1005263,126.95300899578878,56.67545044454856,84.82404712183423
526874,114.02509888312187,50.90406200139369,76.18622384172536
419296,97.0187345745855,43.31193507793995,64.82336872793896
71292,108.08138023238602,48.250616175172325,72.2149097712911
31628,122.32541178382381,54.609558832064195,81.73210367698366
664078,115.2477640451523,51.44989466301441,77.00315136584364
