UE ID,Internet usage
1271749,0.9845554160746187
938514,0.982701089481758
362972,1.0182521546606202
898604,1.0506477139695862
931282,0.971701207252984
605001,1.037933015092475
1177198,1.0297847063712409
