UE ID,Internet usage,Data rate,optimal GU
1271749,113.09267162525872,41.06341053059989,68.14668592785951
938514,112.78114475794095,40.95029660853808,67.9589679857497
362972,118.75372370757572,43.118911584298324,71.55788784510865
898604,124.19617767208268,45.095040702363356,74.83736825410499
931282,110.93316454309995,40.2793037924351,66.84542344310277
605001,122.06010826058487,44.3194440708076,73.55022869666492
1177198,120.69119239536872,43.82239723879459,72.72535580094217
