UE ID,Internet usage,Data rate,optimal GU
1271749,113.09267162525872,86.16584504781616,98.71537681286334
938514,112.78114475794095,85.92849124414549,98.4434538699117
362972,118.75372370757572,90.47902758672436,103.6567481805405
898604,124.19617767208268,94.62565917872966,108.40731146790539
931282,110.93316454309995,84.52050631855234,96.83040449518987
605001,122.06010826058487,92.99817772235038,106.54279722640662
1177198,120.69119239536872,91.95519420599521,105.34790949833443
