UE ID,Internet usage
330824,1.0769043253869983
949721,1.0035938949620897
1108004,1.0693558269414123
747930,1.1400527409065764
657412,1.0121592127295223
908169,1.086139013264768
924152,1.0784803454745864
