UE ID,Internet usage
423166,1.0273003275636192
740570,0.9713217479294042
1058696,1.0411357299482906
482286,0.9936647662004985
235429,0.9434909969538653
534163,1.0294845757445585
956523,0.9342377501119111
