UE ID,Internet usage,Data rate,optimal GU
423166,120.27872341974985,58.707472145354096,84.0313025297342
740570,110.87432204109932,54.11722861529847,77.46102912732569
1058696,122.60307102022215,59.84197514082271,85.65518039313592
482286,114.62794911081689,55.949356113613,80.08345612780585
235429,106.19875587698708,51.835107035196074,74.19450032103649
534163,120.64567711438615,58.88658049630752,84.28767037312056
956523,104.64421040799846,51.0763407943802,73.10843558001879
