UE ID,Internet usage
1293510,0.28261461452059
551064,0.3185074518116626
1096051,0.3299381946019345
1207781,0.2823448126077266
578658,0.29520267636563086
247702,0.29908273540403046
168267,0.26651522131549493
