UE ID,Internet usage
962058,1.0661234836583031
990851,1.1185774708126188
567981,1.0474143236912699
656875,1.075235061637687
685103,0.9880103295535718
631098,1.1118875861373196
705447,1.0109862730106975
