UE ID,Internet usage,Data rate,optimal GU
962058,120.28533506508171,78.75825510213683,97.33171684554685
990851,129.09760490707018,84.52819368915308,104.4623729023546
567981,117.14219619102805,76.70024750603027,94.7883718672908
656875,121.81608016567407,79.76052867990563,98.57035535965126
685103,107.16232517588902,70.16580815087971,86.71292377318169
631098,127.97370428214661,83.79230637521503,103.55294219470926
705447,111.02228367669278,72.6931619311679,89.83630026485889
