UE ID,Internet usage,Data rate,optimal GU
962058,120.28533506508171,24.3434606679332,54.11248768155076
990851,129.09760490707018,26.126896231192774,58.07684329491872
567981,117.14219619102805,23.70734922913663,52.69849100846001
656875,121.81608016567407,24.65325431924356,54.801120467539015
685103,107.16232517588902,21.68761342845373,48.20886933447969
631098,127.97370428214661,25.899440152339196,57.57123669966288
705447,111.02228367669278,22.46879550599735,49.9453400082574
