UE ID,Internet usage
1150180,0.6643464403483914
922608,0.7311499464256431
420080,0.7832501141807472
713311,0.7274967114992688
325094,0.6598240033846198
1216032,0.7380976413202865
879787,0.6966729906590392
