UE ID,Internet usage,Data rate,optimal GU
155158,122.62110917175264,117.51189628959628,120.03932299003631
810967,109.6594590133485,105.09031488779232,107.35058024127186
770790,110.68589584733523,106.07398352036293,108.35540545836578
1266458,112.73810536848175,108.04068431146169,110.36440572933124
1036455,118.65975705817898,113.7156005140882,116.16137710412458
1299958,117.247453308306,112.36214275379326,114.77880939505597
228897,110.33364909668506,105.73641371765652,108.01057525939686
