UE ID,Internet usage
32325,0.9891008516206522
320876,0.9699816198622929
316010,1.0712803108627862
1231220,1.0241984059613591
578652,0.961971207705953
389287,1.0339676581704267
762463,1.0708935711277185
