UE ID,Internet usage,Data rate,optimal GU
32325,113.01084897291769,73.32251510742873,91.02878490411757
320876,109.79881803786706,71.23851884599708,88.44153531038907
316010,126.81699812553893,82.28007616478418,102.14946042323785
1231220,118.90723810237286,77.1481485307062,95.77825048776944
578652,108.45306879535592,70.36538392079639,87.35755160931288
389287,120.54847247293178,78.21299702112834,97.10024365791769
762463,126.75202584999488,82.23792153362763,102.09712609118937
