UE ID,Internet usage
652249,0.796952043897647
811754,0.8179790018817339
261921,0.8796839381314218
634,0.8967943737066165
36762,0.8355334357030615
1091933,0.8504943753500366
885543,0.8510624301833313
