UE ID,Internet usage
630696,0.813185329433116
345958,0.7969639508274655
57479,0.7731896695990182
495933,0.7923044737361707
1080635,0.7943037940583089
322048,0.8508009997064769
308977,0.789989765551784
