UE ID,Internet usage,Data rate,optimal GU
630696,118.00920462666771,74.45818863349271,93.73767448886741
345958,115.28401302114142,72.73872250143447,91.57298636604882
57479,111.28993377448302,70.21864869104286,88.40038892765035
495933,114.50122086974986,72.24481792972313,90.95119490400383
1080635,114.83710668391602,72.45674588389939,91.21799744041056
322048,124.32863723254181,78.44544968243709,98.75735849095668
308977,114.11234989453877,71.99945886203041,90.64230492370251
