UE ID,Internet usage
1253021,0.34197520261260705
55650,0.32743266577468394
423650,0.3422047230909681
468775,0.3607276714205199
321028,0.2985974055210423
1259191,0.40154592346556134
1291520,0.3501580021651683
