UE ID,Internet usage
1253021,0.41535739272148264
55650,0.4008148558831162
423650,0.41558691319940044
468775,0.43410986152895215
321028,0.37197959562991795
1259191,0.47492811357532366
1291520,0.4235401922740439
