UE ID,Internet usage,Data rate,optimal GU
212014,103.61342048432185,26.520101671582378,52.419828746235254
476573,120.18306422507229,30.76114143856017,60.802699258725426
366163,122.6982563683497,31.404910856184745,62.07517864217005
653203,124.72252713009216,31.92302777734502,63.099292373485454
1048674,117.73276159629694,30.13398064667124,59.563048607521516
207552,112.64904102177941,28.832790261526874,56.99110608632809
1125907,112.13808333816965,28.70200942584104,56.73260372103411
