UE ID,Internet usage
203928,0.8153174348640013
1226817,0.8168178174161028
1149342,0.8490798982051646
625254,0.7992917713035538
579061,0.8312754736415856
487087,0.7214659203952017
856523,0.8025654177781658
