UE ID,Internet usage
203928,0.6197360503105253
1226817,0.6212364328670601
1149342,0.6534985136516887
625254,0.6037103867545112
579061,0.635694089092543
487087,0.5258845358461591
856523,0.6069840332246899
