UE ID,Internet usage,Data rate,optimal GU
203928,119.35383222276383,91.64669259962221,104.58672942733472
1226817,119.60589649180193,91.84024194906219,104.80760693929413
1149342,125.02592606390328,96.00205037049716,109.55704108638977
625254,116.66152074487775,89.57938200053113,102.2275253127468
579061,122.03478273761613,93.70527960209809,106.9359782187904
487087,103.5867777921793,79.53984723328053,90.77046039862152
856523,117.211493352218,90.0016823954531,102.7094523292919
