UE ID,Internet usage,Data rate,optimal GU
203928,119.35383222276383,108.69724006001705,113.9009752074176
1226817,119.60589649180193,108.92679859074818,114.14152354611525
1149342,125.02592606390328,113.86289695105476,119.31393102075052
625254,116.66152074487775,106.24531353551366,111.3316659763491
579061,122.03478273761613,111.1388199931861,116.45944251791477
487087,103.5867777921793,94.337958346449,98.85426206593968
856523,117.211493352218,106.74618144576995,111.85651226864496
