UE ID,Internet usage,Data rate,optimal GU
203928,119.35383222276383,102.30328476236899,110.50017685671557
1226817,119.60589649180193,102.51933985011593,110.73354302342551
1149342,125.02592606390328,107.16507948334566,115.75151534263857
625254,116.66152074487775,99.9955892098952,108.00758077564029
579061,122.03478273761613,104.6012423465281,112.9822547298614
487087,103.5867777921793,88.78866667901083,95.90272095067256
856523,117.211493352218,100.46699430190114,108.51675646984022
