UE ID,Internet usage,Data rate,optimal GU
203928,119.35383222276383,7.104394775164513,29.119353393220553
1226817,119.60589649180193,7.119398600702495,29.18085077785605
1149342,125.02592606390328,7.442019408565671,30.50320259155528
625254,116.66152074487775,6.944138139576056,28.462496651303255
579061,122.03478273761613,7.263975162953341,29.773438343974494
487087,103.5867777921793,6.165879630486863,25.27258600097282
856523,117.211493352218,6.97687460429869,28.596676228209013
