UE ID,Internet usage
1228354,0.9352899166177774
211239,0.9723021307194343
745926,1.0653891535024378
537042,1.002017854853116
174134,1.0480336602043097
757740,1.0510098741777616
332933,0.9387519977438389
