UE ID,Internet usage,Data rate,optimal GU
1228354,108.17671810054853,5.795181326815099,25.03804498622925
211239,114.39477006939101,6.128291253717375,26.477244359775415
745926,130.03338989677957,6.966074458756048,30.09688150199989
537042,119.38701172385221,6.395732770920654,27.632723776430907
174134,127.11766702298266,6.809875019088357,29.422022791517946
757740,127.61767097016742,6.836660944830397,29.53775121758526
332933,108.75834772916775,5.826340056919701,25.172666086428983
