UE ID,Internet usage
515355,0.9256716973078151
908909,0.8649731817175111
901228,0.9828828665526164
988278,0.8459418801109991
407454,0.9319320314187354
1171905,0.9561726461940339
593188,0.9363041018993823
