UE ID,Internet usage,Data rate,optimal GU
970318,123.483576313136,24.990723777658474,55.55127313319644
860551,119.47208429883969,24.1788742033366,53.746632425409416
619863,134.45782637940653,27.211702957737035,60.48823382922822
539700,127.68345266358892,25.840698753345375,57.44066187002754
1220342,115.68959328221938,23.413370069020587,52.045011870986066
30146,117.70548039703851,23.821347223210175,52.95189438171795
164045,126.26013928378521,25.552647236004148,56.80035914575992
