UE ID,Internet usage
267941,0.7975935138483141
633816,0.8324937842359594
393,0.7468975332523731
298621,0.9232136344078921
825185,0.8206375131998037
817167,0.9142786865535848
500240,0.8964959925127687
