UE ID,Internet usage
267941,0.8305451833189372
633816,0.8654454537065825
393,0.7798492027229962
298621,0.9561653038785152
825185,0.8535891826704269
817167,0.9472303560242079
500240,0.929447661983392
