UE ID,Internet usage,Data rate,optimal GU
1084194,117.27415997782217,53.05259618044335,78.87774497096193
457928,106.17484807843644,48.031478892626005,71.41242871102476
232134,110.97962396683447,50.20506798499654,74.64408594258674
852962,117.74097506831718,53.263774435667294,79.19172139734287
663553,112.18646559851861,50.7510201517108,75.45579882513753
408326,120.43697399771983,54.48339299896849,81.00503062109364
709582,113.03608645934632,51.13537244589476,76.02724762165887
