UE ID,Internet usage
515632,0.6049404250926244
942461,0.5785855885988115
495838,0.6427673826200334
1297477,0.6060466010634277
283882,0.6034669469820769
279422,0.5731312418294028
234600,0.701490277072647
