UE ID,Internet usage,Data rate,optimal GU
515632,109.8021671807566,20.914698510620305,47.92159453104886
942461,105.37455464946444,20.071343742755133,45.98922600032682
495838,116.15709604517197,22.125161151461327,50.69511286983392
1297477,109.98800474408877,20.950096141731194,48.00270069304274
283882,109.55462285842097,20.867547211127803,47.8135573315289
279422,104.45822439282355,19.896804646252104,45.58930668959966
234600,126.02254231311046,24.004293773925802,55.00074661148609
