UE ID,Internet usage
299544,0.3772352661313707
741257,0.35906918060013193
56502,0.43600580440548853
519526,0.40730263941125744
1292819,0.38526376888713965
375250,0.37408170416154646
1146935,0.343042130403575
