UE ID,Internet usage,Data rate,optimal GU
299544,115.92590417641367,4.140210863443345,21.907936640078184
741257,112.87400180719835,4.031214350257084,21.331181304750142
56502,125.7993546064761,4.492834093088432,23.77384338436882
519526,120.97722288744173,4.320615103122919,22.86254614738587
1292819,117.2746926393496,4.188381879976771,22.162833700375433
375250,115.396105765516,4.121289491625571,21.807814151490152
1146935,110.18145737413327,3.935052049076188,20.82233823590146
