UE ID,Internet usage,Data rate,optimal GU
279874,128.21471339631185,69.44963642300225,94.36347402174897
512393,116.23120137634011,62.95856741218422,85.54384798015266
626806,116.65483962533801,63.18803813039142,85.85563728923427
369411,132.29778118069092,71.6612981395409,97.36853054446922
1055686,119.17886163461063,64.55521671874742,87.71326718983795
401876,113.25460402716114,61.34624384804561,83.35313164821149
913242,113.47132297829776,61.463633279911285,83.51263247751483
