UE ID,Internet usage,Data rate,optimal GU
142024,116.31546879419479,105.23780509950956,110.63807949807135
219624,117.9193555696246,106.68894075346986,112.16368012888586
70784,113.79359881975053,102.95611321786951,108.23930267492976
235948,111.73295102198632,101.09171759132094,106.27923565005318
1147175,113.19165632103024,102.4114985761702,107.66674115136733
870099,120.92580363610024,109.40906043266212,115.02338265713769
434885,126.7251005217871,114.65604332923594,120.53961430304895
