UE ID,Internet usage
229809,0.5026880848126288
143223,0.42975319845401583
15739,0.4995611271595353
1067247,0.4278840203100189
1020114,0.4853490425495559
980246,0.5465889279156209
451335,0.5112766309161444
