UE ID,Internet usage,Data rate,optimal GU
1148841,111.02732824828132,51.54840240098776,75.65237203187327
715481,113.26302835694611,52.58640602286784,77.17574487206431
192216,110.09802358228045,51.116939520344495,75.0191576383319
209220,113.50286156000823,52.697757152860966,77.33916365363743
1258843,108.03455045032752,50.158898423366345,73.61313770144582
382235,127.45582222478203,59.17591746150595,86.84650376360626
328381,111.35771838499878,51.701797821606576,75.87749496271347
