UE ID,Internet usage,Data rate,optimal GU
1148841,111.02732824828132,58.157171939575925,80.35568068859247
715481,113.26302835694611,59.32825294887653,81.97376163210198
192216,110.09802358228045,57.67039330500404,79.68309935045023
209220,113.50286156000823,59.453879864766215,82.14734016081057
1258843,108.03455045032752,56.58952642636203,78.18966714131062
382235,127.45582222478203,66.76257354631439,92.24575169181496
328381,111.35771838499878,58.33023343976126,80.59479951408883
