UE ID,Internet usage
804985,0.6300635390357289
614366,0.5194478321275783
301675,0.5338367220852237
858124,0.5769316054182269
280236,0.5848521433178229
959771,0.6327785415439383
549823,0.5834646173650605
