UE ID,Internet usage
804985,0.8431554048878757
614366,0.7325396979841585
301675,0.746928587941804
858124,0.790023471274807
280236,0.7979440091744031
959771,0.8458704074005186
549823,0.7965564832216409
