UE ID,Internet usage,Data rate,optimal GU
804985,123.86509302368877,32.44085769668039,63.3899823029441
614366,105.2816542636403,27.573766592858174,53.87960431532149
301675,107.6989877766569,28.20687775102919,55.11671418114244
858124,114.93892817647814,30.103052617649038,58.82187180558525
280236,116.26957854342939,30.451556285183887,59.502853841390234
959771,124.32121344519778,32.560317807075606,63.623409370584035
549823,116.03647418360164,30.390505143324237,59.38355888198311
