UE ID,Internet usage,Data rate,optimal GU
804985,123.86509302368877,117.96675526065597,120.87995331759473
614366,105.2816542636403,100.2682421558479,102.74437407602882
301675,107.6989877766569,102.57046454919706,105.10345002772266
858124,114.93892817647814,109.46564588236014,112.16890839205124
280236,116.26957854342939,110.73293194612323,113.46749018222795
959771,124.32121344519778,118.40115566209312,121.32508127021867
549823,116.03647418360164,110.51092779390632,113.24000362046742
