UE ID,Internet usage,Data rate,optimal GU
415439,126.43667010268899,70.7443273193617,94.5763034534274
417750,114.9877173628576,64.33836566731318,86.0123352022324
829124,125.24151812777794,70.07561133339956,93.68231395053755
8358,121.7758312267017,68.13647699589262,91.08993425749007
946763,106.05212749544032,59.33869038435351,79.32839566040597
651452,123.31867859754813,68.99973683434241,92.24400452056315
1130453,109.3927105443335,61.20782613790089,81.82719601545247
