UE ID,Internet usage,Data rate,optimal GU
415439,126.43667010268899,82.78591494818922,102.30921472405831
417750,114.9877173628576,75.28957684472819,93.04502449132222
829124,125.24151812777794,82.0033749646165,101.34212930548671
8358,121.7758312267017,79.73417520795944,98.53778698105987
946763,106.05212749544032,69.43889300296686,85.8145811263615
651452,123.31867859754813,80.74437289125174,99.78621833267785
1130453,109.3927105443335,71.6261795230755,88.51769271713009
