UE ID,Internet usage,Data rate,optimal GU
415439,126.43667010268899,27.093572164861925,58.52880526469035
417750,114.9877173628576,24.64022514918377,53.22896998074938
829124,125.24151812777794,26.83746817023813,57.97555740436259
8358,121.7758312267017,26.094820977150363,56.371256108095174
946763,106.05212749544032,22.725455891880067,49.09259562945995
651452,123.31867859754813,26.425431128046025,57.0854556615006
1130453,109.3927105443335,23.44129511664289,50.63898509527234
