UE ID,Internet usage,Data rate,optimal GU
58789,103.38894649846203,58.463987603296985,77.74657604296165
76325,107.99234466689211,61.067099662825896,81.20824634601676
543262,105.70967527542585,59.77630447122296,79.49172117156581
1100337,111.31207974824889,62.9443308100217,83.70462574329626
956607,119.18933208361804,67.39872945204591,89.62817384435448
850571,112.80705390115224,63.78970309886586,84.82881866330722
635043,115.94177314395782,65.56231219449995,87.18606957105047
