UE ID,Internet usage,Data rate,optimal GU
58789,103.38894649846203,69.5413747281322,84.7927442131481
76325,107.99234466689211,72.6377080199929,88.56814551693033
543262,105.70967527542585,71.10234110787572,86.69605175459898
1100337,111.31207974824889,74.87062506876265,91.29077165001591
956607,119.18933208361804,80.16901503243356,97.75117060944739
850571,112.80705390115224,75.87617315970358,92.51685011628878
635043,115.94177314395782,77.98464503135257,95.08773855201919
