UE ID,Internet usage
1201575,0.3199796155523957
437406,0.28225192874484073
837236,0.2981812246180429
378480,0.325988599588698
165620,0.2866077539633688
576422,0.30369183714282105
737229,0.31687794763563026
