UE ID,Internet usage,Data rate,optimal GU
1201575,114.72372903142221,81.2626413972574,96.5544056583468
437406,108.38547764773213,76.77304666714359,91.21997222916694
837236,111.06159935446863,78.66863287608194,93.47226426190387
378480,115.73323834953962,81.97771049759056,97.4040343536509
165620,109.11725628447624,77.29138986817067,91.83585572546569
576422,111.98738225858442,79.32439576649729,94.25142667956791
737229,114.20264882141491,80.8935429151689,96.11585131215917
