UE ID,Internet usage,Data rate,optimal GU
1201575,114.72372903142221,42.338519047310584,69.69385042294168
437406,108.38547764773213,39.99940246523448,65.84340773242461
837236,111.06159935446863,40.98701880938724,67.46913265888509
378480,115.73323834953962,42.71107605756819,70.30712016244055
165620,109.11725628447624,40.2694636287948,66.28795805590633
576422,111.98738225858442,41.328676785906154,68.03153919664582
737229,114.20264882141491,42.14621563647455,69.37729789696287
