UE ID,Internet usage
108842,0.30802389944141895
573898,0.37872956098306526
957988,0.368527927607342
981769,0.40421706586160056
33343,0.30875597007620903
924447,0.24308231622271717
586637,0.28309644779142323
