UE ID,Internet usage
362598,0.9035856069806437
180094,0.8543602442745346
766682,0.8223209327291781
1204153,0.8458127809854128
1155613,0.8954386031031054
173111,0.9171728792419753
242221,0.8738338140640156
