UE ID,Internet usage,Data rate,optimal GU
362598,122.10441728416271,5.814496061150605,26.645368328245226
180094,113.8345563497137,5.420693159510176,24.84073672258471
766682,108.45195200981848,5.164378667134214,23.666156159557683
1204153,112.3985825167945,5.352313453180691,24.527381542330996
1155613,120.7357206327394,5.7493200301304475,26.34669423259857
173111,124.38707902424902,5.923194239249954,27.143485957289286
242221,117.10611607389828,5.57648171780468,25.55464958337732
