UE ID,Internet usage,Data rate,optimal GU
713613,126.62183418116496,67.07942406026001,92.1613786264414
626544,110.46505126736785,58.52017596902226,80.40170544580154
1114550,106.39563738848014,56.36435552127817,77.43979294701975
768139,118.68784557385929,62.87629914329451,86.386645281404
211824,123.33119719285166,65.33616994145117,89.76629689852858
698310,117.94147022464767,62.48089791662883,85.84339788966493
1018450,120.41809182459741,63.79291769279268,87.64600059608934
