UE ID,Internet usage,Data rate,optimal GU
224595,119.37450960357614,14.921813700447018,42.205262620753665
843766,109.00957333130292,13.626196666412865,38.54070425840826
456417,116.26398731554151,14.53299841444269,41.105526919303074
983790,112.57823500952959,14.072279376191199,39.802416694625585
1057993,115.80873446487364,14.476091808109205,40.94457073037219
280348,94.79092911461636,11.848866139327045,33.513654385959285
56216,124.40298917154601,15.550373646443251,43.98309862153841
