UE ID,Internet usage
589281,0.6115388824484123
1050864,0.5914083958902169
398949,0.541716735995844
375991,0.6252539351681886
352551,0.5788618484893391
713228,0.5091488540812965
908033,0.5506565257535454
