UE ID,Internet usage
589281,0.43002640849967294
1050864,0.40989592193793095
398949,0.36020426204355804
375991,0.44374146122033614
352551,0.39734937454015656
713228,0.32763638013255725
908033,0.36914405180125937
