UE ID,Internet usage
589281,0.4745367073500893
1050864,0.45440622078746057
398949,0.40471456089486096
375991,0.4882517600698657
352551,0.44185967339190285
713228,0.3721466789838602
908033,0.41365435065256234
