UE ID,Internet usage,Data rate,optimal GU
589281,123.43261814736952,115.35072053057748,119.32326445532199
1050864,120.05069640494992,112.19023414034011,116.0539346096556
398949,111.70249754269754,104.38864353692568,107.98366634898525
375991,125.73674700416655,117.50398380746516,121.55068360145462
352551,117.94287644211981,110.22042619888578,114.01628878617726
713228,106.2310933816201,99.27548607687116,102.69441772529716
908033,113.20438222198733,105.79219052888102,109.43554985804546
