UE ID,Internet usage
629004,0.5043812394125823
855948,0.45790063575933554
539424,0.5120655467281234
1289646,0.5033007979711837
368625,0.4157595144232198
197515,0.5216243106188823
224683,0.5164792052483719
