UE ID,Internet usage
629004,0.4140701738466449
855948,0.36758957019428473
539424,0.4217544811612994
1289646,0.41298973240746295
368625,0.32544844885816904
197515,0.4313132450529448
224683,0.42616813968287776
