UE ID,Internet usage,Data rate,optimal GU
431471,118.13700440823398,21.799090099138414,50.747208821150004
317943,135.58765960264375,25.01915147429736,58.243353214285435
288554,113.14857348804067,20.878605822197983,48.604366729757956
896227,119.31273499982318,22.016040386872135,51.252258412915616
1205690,124.54793485810346,22.982059408340522,53.50110314839367
600081,114.33249499321991,21.09706752851082,49.11293482958523
852742,119.37698194123003,22.02789547725078,51.279856479821284
