UE ID,Internet usage,Data rate,optimal GU
391142,123.86474379800167,87.73752685691784,104.24771597307262
953637,126.25238801492094,89.42877484390233,106.25721801972493
1277361,113.79587560070992,80.60541188383618,95.77350063288388
750836,122.99069327090156,87.11840773355526,103.51209283850382
91031,101.13554518523561,71.6376778395419,85.11824483685234
704003,105.89395782578983,75.00822012660112,89.12304583368916
11287,114.40443014716719,81.03647135424342,96.28567560348452
