UE ID,Internet usage,Data rate,optimal GU
391142,123.86474379800167,15.483092974750209,43.792800144750665
953637,126.25238801492094,15.781548501865117,44.6369598531729
1277361,113.79587560070992,14.22448445008874,40.23291765416138
750836,122.99069327090156,15.373836658862695,43.48377661734459
91031,101.13554518523561,12.641943148154452,35.7568149097393
704003,105.89395782578983,13.236744728223728,37.439167832649126
11287,114.40443014716719,14.300553768395899,40.448074177422306
