UE ID,Internet usage
874011,0.35610707490959703
791521,0.22447575842456355
664545,0.23517836819690788
32603,0.2883788398269267
210884,0.2728300916009782
262464,0.22354049538533896
791156,0.2504270532606175
