UE ID,Internet usage
138766,0.7748579511699193
1095292,0.6960711652415902
60782,0.7172196246478115
203175,0.750532737529092
538958,0.7286439389090574
836994,0.7460215077663394
423514,0.7290168764037782
