UE ID,Internet usage
138766,0.4008186622809892
1095292,0.322031876356207
60782,0.34318033575843815
203175,0.37649344863971873
538958,0.3546046500201275
836994,0.3719822188800695
423514,0.35497758751484815
