UE ID,Internet usage,Data rate,optimal GU
138766,126.58828618422775,83.63868908600762,102.89644459403434
1095292,113.35210614889624,74.89335584837787,92.13750388399062
60782,116.90504732846,77.24083484201822,95.0254884380812
203175,122.5016502925116,80.93859037183802,99.57464985075141
538958,118.82433212440209,78.50893372505138,96.58556629061185
836994,121.74376369287413,80.43784386850612,98.95860678026804
423514,118.88698562357105,78.5503297870023,96.63649376976643
