UE ID,Internet usage,Data rate,optimal GU
163135,122.21352084037977,13.821767237900092,41.099961537451364
803827,129.50369966302546,14.646251747604069,43.55162209965065
1052762,124.7140806822776,14.104568648590917,41.94089069665892
54829,113.22510340382833,12.805220027813917,38.07718952021018
456668,107.29930188129967,12.135040093718414,36.08436407029459
864325,104.85132042162853,11.858185047684177,35.261116829358905
1026810,115.71559568449366,13.086882845270116,38.91473299527588
