UE ID,Internet usage
1006610,1.0206926420072637
1240865,1.1175143185202663
478166,0.9658297343282326
659292,0.9968319362697327
1222304,1.0380436199421041
671377,1.010745075965936
659136,0.9375231607642183
