UE ID,Internet usage
377346,0.6443142224117802
290843,0.6344271390383505
693337,0.6534532340295
1117917,0.5819418655078059
32781,0.7012868982037656
1226541,0.5722564084005184
101795,0.6611205905556351
