UE ID,Internet usage,Data rate,optimal GU
980,122.65424660740797,64.97754730987684,89.27358014379256
962138,116.49467140293181,61.714439017029356,84.79034906229074
1182982,122.49564845547235,64.8935280508157,89.15814488395355
591658,123.52086519367359,65.43664882283899,89.9043462685295
1043710,108.89943051196394,57.69076973550471,79.26217237745448
67773,119.09951113423787,63.09438387468554,86.68627500816372
673006,113.26659106866084,60.00432503042152,82.44079903525781
