UE ID,Internet usage,Data rate,optimal GU
1167610,107.8856478219782,104.67476544632407,106.26808025362222
724451,111.4194543936043,108.10339920331845,109.7489032169695
672118,121.0737616230729,117.47037586048144,119.25846001313579
1018791,114.95571302458006,111.53441204170565,113.2321414750758
1168928,107.4304059696757,104.23307245867345,105.81966400297212
597164,114.10552774884727,110.70952989917919,112.39470332703684
1212908,113.7614851538011,110.37572666708083,112.05581908395978
