UE ID,Internet usage,Data rate,optimal GU
1167610,107.8856478219782,49.44758858507334,73.03892885123173
724451,111.4194543936043,51.06724993040197,75.43132720976885
672118,121.0737616230729,55.492140743908415,81.96732410163197
1018791,114.95571302458006,52.68803513626587,77.82538562033322
1168928,107.4304059696757,49.2389360694347,72.73072866027314
597164,114.10552774884727,52.29836688488833,77.2498074677408
1212908,113.7614851538011,52.14068069549218,77.01688952982532
