UE ID,Internet usage
453441,0.5898304333336689
1008971,0.6200837794578888
674926,0.6124793985503081
763692,0.6484373557467652
1243160,0.6937882364799983
1089709,0.6391909543610108
1252261,0.6525639092628426
