UE ID,Internet usage
453441,0.2798904834093385
1008971,0.3101438295371051
674926,0.3025394486299677
763692,0.3384974058264248
1243160,0.3838482865556679
1089709,0.3292510044380104
1252261,0.3426239593389555
