UE ID,Internet usage,Data rate,optimal GU
453441,107.414374211304,58.822157306190284,79.48801932872219
1008971,112.49693636074932,61.605465149934155,83.24918073138319
674926,111.21940036833062,60.90586210646678,82.30378765523167
763692,117.26033717738693,64.21399416856903,86.77415864019174
1243160,124.87928513989308,68.38627519565574,92.41227818755196
1089709,115.70694174413205,63.36332524083422,85.62462602753776
1252261,117.95359816741143,64.59363709167769,87.28718069501015
