UE ID,Internet usage
699451,0.5231712058374137
696200,0.685128526064499
404501,0.7050688009668878
1198978,0.6253559378003178
419376,0.6272264024677338
307712,0.5543247800839495
537306,0.6057497917345386
