UE ID,Internet usage
699451,0.5757748577288423
696200,0.7377321779559275
404501,0.7576724528583164
1198978,0.6779595896917464
419376,0.6798300543591623
307712,0.6069284319753779
537306,0.658353443625967
