UE ID,Internet usage,Data rate,optimal GU
285801,124.21440458841808,96.11828926484732,109.26699442690985
637834,121.78612157569766,94.23926074309938,107.13092021476794
54840,98.62328499582883,76.31563719915326,86.7553965879378
1275647,110.50686702063064,85.51126614691655,97.20896109342524
103637,117.04793175991531,90.5728043380297,102.96290313244796
998013,113.3724892478858,87.72871191800687,99.72974706001767
1039235,123.8617433775389,95.8453966611908,108.95677090097173
