UE ID,Internet usage,Data rate,optimal GU
285801,124.21440458841808,55.452859191258064,82.9942400842824
637834,121.78612157569766,54.36880427486502,81.37177525004614
54840,98.62328499582883,44.02825223028072,65.89545407367045
1275647,110.50686702063064,49.33342277706724,73.83550629946218
103637,117.04793175991531,52.253540964247904,78.20593901358917
998013,113.3724892478858,50.61271841423473,75.75018068773234
1039235,123.8617433775389,55.295421150687005,82.75860840129764
