UE ID,Internet usage,Data rate,optimal GU
849705,108.77299958230319,64.09837475385723,83.49953586893538
95024,113.19410254496094,66.7036675711377,86.89339323085701
94259,135.4912124561037,79.84303591163254,104.00975791647302
1231853,124.98056512803922,73.64926159330882,95.94126502811254
195579,125.66241143301954,74.05106388017222,96.4646839851923
1102032,118.11470197892424,69.60330652329465,90.67068879603077
1140343,107.29560791192219,63.227768948097,82.3654169308978
