UE ID,Internet usage,Data rate,optimal GU
930442,116.40417893613764,98.38924648173538,107.01831363300244
1003623,106.34690707412784,89.88845716979853,97.77197656625995
321598,123.5638447728612,104.44086879610887,113.60068353608247
1029800,114.25215804884617,96.57027644604855,105.03981381997355
790988,117.24286880167448,99.09813910617724,107.78937851994336
1280336,104.16315097176225,88.04266332137047,95.76430040208066
528444,114.2255397236137,96.54777762353062,105.01534177520548
