UE ID,Internet usage,Data rate,optimal GU
930442,116.40417893613764,24.250870611695344,53.130995492658585
1003623,106.34690707412784,22.1556056404433,48.54049993783796
321598,123.5638447728612,25.74246766101275,56.39892089513574
1029800,114.25215804884617,23.802532926842954,52.148736839165394
790988,117.24286880167448,24.425597667015516,53.51380329107983
1280336,104.16315097176225,21.70065645245047,47.54375620670862
528444,114.2255397236137,23.79698744241952,52.136587291521366
