UE ID,Internet usage
768015,1.0396244875724139
1134238,1.1088610753491936
193812,1.0632384134330928
622208,1.0709152725183906
1262295,1.0683928472928688
34921,1.022232868433051
681141,1.0828334859481377
