UE ID,Internet usage,Data rate,optimal GU
768015,113.25017924540076,39.77238437784908,67.11355794329775
1134238,124.88192599173398,43.85734305662086,74.0066853047143
193812,117.21731879029227,41.16560600373359,69.46453744274996
622208,118.50703111633146,41.61854068966402,70.22883806903202
1262295,118.0832636782784,41.469717601300154,69.97770786599165
34921,110.3283872301682,38.746278848690025,65.38206525146134
681141,120.50929097270142,42.321715282079666,71.41540381032627
