UE ID,Internet usage,Data rate,optimal GU
768015,113.25017924540076,39.09827616805502,66.54236833941523
1134238,124.88192599173398,43.113998259051016,73.37682972024996
193812,117.21731879029227,40.467883868077095,68.87333913883454
622208,118.50703111633146,40.91314169492396,69.63113496064265
1262295,118.0832636782784,40.76684103178659,69.38214207479412
34921,110.3283872301682,38.08956225803426,64.8256120235822
681141,120.50929097270142,41.604398073908825,70.80760208644816
