UE ID,Internet usage
221292,0.3350910776484672
1286192,0.3903130316219268
740514,0.3215621563396476
260053,0.3452185858764927
1129759,0.4028732131566658
1167827,0.3503447533062783
528847,0.33563774475340225
