UE ID,Internet usage
221292,0.687603379205903
1286192,0.7428253331780327
740514,0.6740744578979702
260053,0.6977308874352585
1129759,0.7553855147167616
1167827,0.7028570548628275
528847,0.688150046309508
