UE ID,Internet usage
134095,0.9599681029163638
748058,1.025365791585609
13519,1.0497361886741532
787356,1.0405051864071357
1135438,0.9265962206941376
1172989,1.0618414720691693
159016,0.9954887888438128
