UE ID,Internet usage
584760,0.34069800390471905
23104,0.3880697875529232
1235951,0.4081589046038747
1073058,0.3786660733628002
696369,0.39833455401211637
385002,0.3041947551492026
263704,0.34796845034893914
