UE ID,Internet usage
584760,0.9868403472939582
23104,1.034212130941719
1235951,1.0543012479931138
1073058,1.024808416751596
696369,1.0444768974013556
385002,0.9503370985375551
263704,0.9941107937355183
