UE ID,Internet usage,Data rate,optimal GU
584760,111.74278369634584,27.93569592408646,55.87139184817292
23104,119.70124334931559,29.925310837328897,59.850621674657795
1235951,123.07621501380758,30.769053753451896,61.53810750690379
1073058,118.1214193653359,29.530354841333974,59.06070968266795
696369,121.42572411444004,30.35643102861001,60.71286205722002
385002,105.61023790542399,26.402559476355997,52.80511895271199
263704,112.96421869903118,28.241054674757795,56.48210934951559
