UE ID,Internet usage,Data rate,optimal GU
584760,111.74278369634584,75.16032474813737,91.64400641001147
23104,119.70124334931559,80.5133363004325,98.17100621549804
1235951,123.07621501380758,82.78340652714438,100.93893372386229
1073058,118.1214193653359,79.45071659692235,96.875339555645
696369,121.42572411444004,81.67325491030788,99.58531075548933
385002,105.61023790542399,71.03545763876733,86.61449983086483
263704,112.96421869903118,75.98188519637216,92.64574624065405
