UE ID,Internet usage
640608,0.7075892731851785
872336,0.6988404302839841
151454,0.7771724318482357
1143547,0.7365310563682052
859071,0.8235899844125908
214629,0.7107370104737981
1251292,0.7102687153986563
