UE ID,Internet usage,Data rate,optimal GU
640608,113.9802992782804,75.98686618552027,93.06452465383491
872336,112.51049367092318,75.00699578061545,91.86443340079934
151454,125.67026993349752,83.78017995566502,102.60934572496514
1143547,118.8425188524596,79.22834590163974,97.03451031187208
859071,133.46841876454243,88.97894584302828,108.97650758307884
214629,114.50911914230392,76.33941276153594,93.49630426473676
1251292,114.43044556957585,76.28696371305057,93.43206756159493
