UE ID,Internet usage,Data rate,optimal GU
1034725,120.32336433342404,68.75620819052803,90.95591398195974
183144,127.90564062725987,73.08893750129135,96.68757610917976
848320,112.6799873431657,64.38856419609469,85.17806406969204
487287,113.01051071201822,64.57743469258183,85.42791625154318
942233,126.34120799982477,72.19497599989987,95.50497620200586
682726,127.93584960913863,73.10619977665064,96.71041195301166
843749,121.61304346217567,69.4931676926718,91.93081976645895
