UE ID,Internet usage
911640,0.47320225047339715
215053,0.6097376375358732
236320,0.61603270442344
1063421,0.6057768115074299
21216,0.5233961981243475
1212129,0.5323808980396285
410820,0.6318496651643942
