UE ID,Internet usage
911640,0.47941581788215126
215053,0.6159512049401938
236320,0.6222462718321942
1063421,0.6119903789117507
21216,0.5296097655331017
1212129,0.5385944654439492
410820,0.6380632325687149
