UE ID,Internet usage,Data rate,optimal GU
911640,100.19206397549122,56.059845319620095,74.9449905512004
215053,123.1300090014845,68.89417170321157,92.10287716443096
236320,124.18758023889141,69.4859079908083,92.89395445388647
1063421,122.46459022858099,68.52185405646793,91.60513511112778
21216,108.62464718056628,60.778076398650185,81.25267444901047
1212129,110.1340767662329,61.62263819063031,82.381747766266
410820,126.84482964312967,70.97270230032255,94.88161219433917
