UE ID,Internet usage,Data rate,optimal GU
911640,100.19206397549122,43.53583732268369,66.04502553758991
215053,123.1300090014845,53.50292057802601,81.16535647909181
236320,124.18758023889141,53.962460460946865,81.86249072916023
1063421,122.46459022858099,53.21378027789531,80.72672293761337
21216,108.62464718056628,47.1999955010794,71.60365115152345
1212129,110.1340767662329,47.8558785948512,72.59864328540075
410820,126.84482964312967,55.11709859493135,83.61410755188174
