UE ID,Internet usage,Data rate,optimal GU
1157989,127.84741453100273,114.91047377488937,121.20646424449563
644716,117.19223671476544,105.33349847577134,111.10476266734464
162813,114.45432334739439,102.87263586581282,108.5090684181949
871518,117.63768267836112,105.73386955019363,111.52707023185405
988347,117.6918999401206,105.78260054141793,111.57847121343036
698764,125.72884428952678,113.00628266499133,119.19794174785463
805886,120.2095173757349,108.04545906985697,113.9653126588403
