UE ID,Internet usage,Data rate,optimal GU
1157989,127.84741453100273,71.53367241615629,95.63155896623923
644716,117.19223671476544,65.57184673326162,87.66134486869748
162813,114.45432334739439,64.039919015804,85.6133494157061
871518,117.63768267836112,65.82108435574968,87.99454434785898
988347,117.6918999401206,65.85142020459129,88.03509957757528
698764,125.72884428952678,70.3482819239019,94.04684037247605
805886,120.2095173757349,67.26008710308977,89.91831075655455
