UE ID,Internet usage
26497,0.7283016151190104
645157,0.6566063555501258
1040550,0.7333379485409776
389273,0.7408562454271624
147619,0.7326828262798155
133532,0.7801208895402331
269518,0.7475077483440895
