UE ID,Internet usage
26497,0.742238626163182
645157,0.6705433665987308
1040550,0.7472749595895826
389273,0.7547932564713341
147619,0.7466198373284205
133532,0.7940579005844046
269518,0.7614447593926946
