UE ID,Internet usage
594235,0.9017739213811264
212584,1.000095363888642
894430,0.9346735161149978
544924,0.8381815479419259
1228953,0.9852578297392275
814672,0.9773091798150443
19664,0.9114677640218547
