UE ID,Internet usage
594235,0.33925741360281325
212584,0.43757885610988556
894430,0.3721570083371279
544924,0.27566504016272597
1228953,0.42274132196357445
814672,0.4147926720371745
19664,0.3489512562457583
