UE ID,Internet usage,Data rate,optimal GU
364771,115.62429184642794,106.67717402497814,111.06067126942936
544980,118.7019804401887,109.51670814422171,114.01688536356912
1194314,109.08140736946875,100.64058418016461,104.77603046908128
626652,108.50498234232744,100.10876347059971,104.22235658768064
225990,105.93990566698943,97.74217487132952,101.75852193086844
997803,112.27359948661004,103.58576143109853,107.8422287020752
339906,116.68475413311738,107.65557672995948,112.07927775371446
