UE ID,Internet usage,Data rate,optimal GU
90847,128.77008369015974,68.98397340544271,94.2500505501117
226026,129.2475934837075,69.23978222341474,94.59955193187939
540367,123.15391281714267,65.975310437755,90.13943437661013
718439,117.22596493495566,62.799624072297675,85.80062079861406
177600,108.15160240225481,57.93835842977936,79.15886750539592
943837,117.61497480577873,63.00802221738146,86.08534686959952
435530,121.01699543039732,64.83053326628428,88.57537100140279
