UE ID,Internet usage,Data rate,optimal GU
90847,128.77008369015974,71.28343918562415,95.80800817079559
226026,129.2475934837075,71.54777496419523,96.163286826294
540367,123.15391281714267,68.17448745234684,91.62944332505633
718439,117.22596493495566,64.8929448747076,87.21890896135127
177600,108.15160240225481,59.869637044105346,80.46736718422808
943837,117.61497480577873,65.10828962462752,87.50834156723523
435530,121.01699543039732,66.9915510418271,90.03952591114648
