UE ID,Internet usage
477275,0.9579591956845586
204590,1.0080216357959755
746137,0.9401526220628883
108735,1.00231117420537
887921,1.0217708913507995
1296860,1.0885835218064746
376960,1.0086715388818581
