UE ID,Internet usage,Data rate,optimal GU
477275,111.21065098547228,103.92900121856636,107.50819448668416
204590,119.62114092458269,111.7888043164255,115.63868001203461
746137,108.21914661699135,101.13336915992645,104.61628412913733
108735,118.66178337674928,110.8922618461288,114.71126166747142
887921,121.93101585749973,113.94743743825867,117.8716539342932
1296860,133.1555377741161,124.43702041985851,128.7224858873341
376960,119.73032464271755,111.89083910063485,115.74422875489337
