UE ID,Internet usage
726676,0.935970564070484
226213,0.8037676525522568
591075,0.9209586368400043
902787,0.8477340729898818
1270690,0.8918406443667035
1266629,0.8707556326332953
759106,0.8318984064006599
