UE ID,Internet usage,Data rate,optimal GU
1032122,102.89929926229082,43.48720385489672,66.89396686955607
1276742,118.7538718490131,50.18764822190435,77.2008908326023
416866,122.99932738864949,51.98185859877449,79.9608256839632
1250358,110.27438819475576,46.604056915640825,71.68845000253435
433558,118.54186979372662,50.098052115205896,77.06307008392585
924152,118.0381139909105,49.88515531758718,76.73558268386076
792421,121.18945805664795,51.21697334536908,78.78424489088577
