UE ID,Internet usage,Data rate,optimal GU
1032122,102.89929926229082,36.749749736532436,61.49409317937573
1276742,118.7538718490131,42.41209708893325,70.96901255158537
416866,122.99932738864949,43.92833121023197,73.50615751190067
1250358,110.27438819475576,39.38371006955563,65.90155182360951
433558,118.54186979372662,42.33638206918808,70.84231709072732
924152,118.0381139909105,42.15646928246804,70.5412654169053
792421,121.18945805664795,43.2819493059457,72.42455370951808
