UE ID,Internet usage
519146,0.7386252535535767
579197,0.6683080440320937
530146,0.7132366173405608
255648,0.7275208839926369
335120,0.6808822489064952
836290,0.7626297060640297
1270510,0.7181252285298421
