UE ID,Internet usage,Data rate,optimal GU
1134748,115.45987451833102,28.864968629582755,57.72993725916551
845723,120.25895671700515,30.064739179251287,60.129478358502574
557714,122.01161354773157,30.502903386932893,61.005806773865785
60582,124.26388896018472,31.06597224004618,62.13194448009236
216906,112.93713905081013,28.234284762702533,56.468569525405066
117304,111.49056532304334,27.872641330760835,55.74528266152167
389775,124.08788197884428,31.02197049471107,62.04394098942214
