UE ID,Internet usage,Data rate,optimal GU
931599,103.20080823185623,56.51472831744508,76.36992627575403
566220,123.2380929886481,67.4875271128311,91.19777487365023
271045,124.62336530018463,68.24612861676778,92.22289421250471
870883,126.11405900055598,69.06246088125685,93.32602673585978
1101129,116.15140489117861,63.60672172612163,85.9535344765489
115696,113.34114814445323,62.06777160291487,83.87390831624613
570676,117.39475977913585,64.28760654571725,86.87363309549151
