UE ID,Internet usage,Data rate,optimal GU
931599,103.20080823185623,12.900101028982029,36.48699566233901
566220,123.2380929886481,15.404761623581013,43.571245626385696
271045,124.62336530018463,15.577920662523079,44.061013349024414
870883,126.11405900055598,15.764257375069498,44.588053161126744
1101129,116.15140489117861,14.518925611397327,41.06572302144836
115696,113.34114814445323,14.167643518056654,40.07214722020598
570676,117.39475977913585,14.674344972391982,41.50531535779636
