UE ID,Internet usage,Data rate,optimal GU
396969,130.96134192925487,127.84321474046308,129.39288604463903
409567,114.72448932967448,111.99295386944414,113.35049378451676
829970,117.7016528772991,114.89923257069674,116.29200139263321
775284,117.78469938880014,114.98030178430488,116.37405329925512
527500,108.80183916419769,106.21131918409775,107.49877611994226
1010169,105.83118000930175,103.31139000908027,104.56369500482542
651738,120.08411513331838,117.22496953490604,118.64593013723393
