UE ID,Internet usage
403315,0.7562702886393636
796716,0.6840947461021573
42917,0.7182805155610368
721816,0.7564661769032447
768817,0.6938763102085873
96618,0.681948151337411
1064826,0.7162551419722304
