UE ID,Internet usage,Data rate,optimal GU
403315,124.71019194609934,101.69819224175959,112.61794295333736
796716,112.58470079985972,91.81014291417131,101.66817334045271
42917,118.32791006929953,96.49359333032164,106.85450497687901
721816,124.7431011749492,101.72502893433357,112.64766121131946
768817,114.22800356990001,93.15021719688275,103.15213687802344
96618,112.22407287920062,91.51605943125288,101.34251291156234
1064826,117.98764730608926,96.21611714841802,106.54723504281522
