UE ID,Internet usage
211360,0.7028353977133878
352592,0.848386564566911
754851,0.7719214777002189
730147,0.7837590799117098
881996,0.8083645762252968
84675,0.7991442900811767
978741,0.8247172441879213
