UE ID,Internet usage,Data rate,optimal GU
211360,105.06517823738032,33.145562182030694,59.01223939517316
352592,129.51777426914686,40.85977402538561,72.74659434577157
754851,116.67163967491793,36.80712442125387,65.53127160330709
730147,118.66035684668822,37.43451733853854,66.6482796910357
881996,122.79408022769718,38.73860864326161,68.9700791477727
84675,121.24507215502041,38.249933477476674,68.10004364463646
978741,125.54132844502608,39.60530004515704,70.51313339465823
