UE ID,Internet usage,Data rate,optimal GU
211360,105.06517823738032,50.03103725589539,72.501860987782
352592,129.51777426914686,61.675130604355644,89.3757553458156
754851,116.67163967491793,55.55792365472282,80.51108029166184
730147,118.66035684668822,56.50493183175629,81.88342551917326
881996,122.79408022769718,58.473371536998656,84.73596565625577
84675,121.24507215502041,57.73574864524781,83.66704853415825
978741,125.54132844502608,59.78158497382194,86.63174703399912
