UE ID,Internet usage,Data rate,optimal GU
157943,116.65675824944455,4.860698260393523,23.812461063195943
196851,128.19473266840328,5.341447194516803,26.167640229173784
106772,118.13019822242802,4.922091592601167,24.113225738231755
365691,112.3394290135547,4.680809542231446,22.931189923235102
1004419,120.3781484460944,5.015756185253934,24.572086656161584
584935,118.94748443862527,4.956145184942719,24.280053588522858
908013,119.61170879151855,4.983821199646607,24.415637816799432
