UE ID,Internet usage,Data rate,optimal GU
157943,116.65675824944455,91.65888148170643,103.4051641767756
196851,128.19473266840328,100.72443281088829,113.63248539642338
106772,118.13019822242802,92.81658431762202,104.71122911975293
365691,112.3394290135547,88.26669422493585,99.57826083108361
1004419,120.3781484460944,94.58283092193132,106.70382402319092
584935,118.94748443862527,93.45873777320557,105.4356759210654
908013,119.61170879151855,93.98062833619315,106.02444788157433
