UE ID,Internet usage,Data rate,optimal GU
345421,126.52813229802604,121.25612678560829,123.86408378491186
185316,110.62639410257431,106.01696101496705,108.29715652222362
216822,108.96967989248844,104.42927656363476,106.67532441264673
879925,122.48421893091779,117.38070980879623,119.90531497180234
493418,113.76724553229661,109.02694363511759,111.37187735767179
684128,125.21998060133464,120.00248140961237,122.58347520862542
524422,110.62528611901908,106.01589919739328,108.29607186725065
