UE ID,Internet usage
38232,1.0746202220803192
47857,1.0992020530055215
416248,1.0091446616290727
769102,1.0448842645899128
465399,1.025252774779719
172673,1.0880698952424064
1025166,1.1029238769643646
