UE ID,Internet usage,Data rate,optimal GU
38232,119.12946264244819,30.491469604912336,60.269663921509874
47857,123.2592102380959,31.54848833475074,62.35897494625098
416248,108.1295684865408,27.67602050548366,54.70462644678787
769102,114.13382178456713,29.212823432954686,57.74228245853186
465399,110.83573149601388,28.368669371003552,56.07372130779036
172673,121.38900773403884,31.06980555097423,61.41280702200717
1025166,123.88447666348915,31.708526765059727,62.675308089068565
