UE ID,Internet usage
566160,0.7610343853476108
1122825,0.7038728399621886
1003932,0.6785449307214204
204662,0.7148271476434814
320544,0.72469119674551
83444,0.7882029480380408
485036,0.6561888592562922
