UE ID,Internet usage
566160,0.6778407743184615
1122825,0.6206792289330393
1003932,0.5953513196922712
204662,0.6316335366143321
320544,0.6414975857163607
83444,0.7050093370133249
485036,0.572995248227143
