UE ID,Internet usage
566160,0.5466508201094454
1122825,0.48948927471958975
1003932,0.4641613654788217
204662,0.5004435824008826
320544,0.5103076315029113
83444,0.5738193827998754
485036,0.4418052940141369
