UE ID,Internet usage,Data rate,optimal GU
566160,127.31945897292567,9.09424706949469,34.027556724722075
1122825,117.71631934776288,8.408308524840205,31.461009702242656
1003932,113.4612305953107,8.104373613950765,30.3237893978147
204662,119.55664303841513,8.539760217029652,31.952856897327234
320544,121.21380328755151,8.65812880625368,32.395751603559326
83444,131.88377750503665,9.420269821788333,35.247422164097955
485036,109.70541058913197,7.836100756366569,29.320004278563843
