UE ID,Internet usage,Data rate,optimal GU
1039611,110.56507062919883,55.282535314599414,78.18131120427607
215949,115.04726872639549,57.52363436319774,81.35070387342526
562794,116.2100831014849,58.10504155074245,82.1729378033122
1126220,115.72972215469997,57.864861077349985,81.83327132042338
291525,108.64026207133368,54.32013103566684,76.82026602052372
733322,108.37209552826768,54.18604776413384,76.6306436394344
175190,120.02119857542762,60.01059928771381,84.86780339882206
