UE ID,Internet usage
135636,0.9592886465631848
1179900,0.91400313392426
829185,1.0083797433228436
536152,0.9007342608195706
646102,0.8832388755834272
321024,0.8894348090372831
886499,0.9334002420960804
