UE ID,Internet usage,Data rate,optimal GU
135636,121.61651784069113,69.49515305182351,91.93344614974822
1179900,114.00855171769715,65.14774383868408,86.18236433704925
829185,129.86382209620032,74.2078983406859,98.16782216310878
536152,111.77938103599665,63.87393202056951,84.49726969313616
646102,108.84015631613843,62.19437503779339,82.27542464854236
321024,109.88107313621988,62.789184649268506,83.06228380323941
886499,117.26726589056248,67.00986622317856,88.64572070711876
