UE ID,Internet usage
1019458,0.3979353124611514
451467,0.5289947643460511
715734,0.4181896996454137
407073,0.4093600326094354
787916,0.43627319288354127
706362,0.3981354044370133
396517,0.3910985431236185
