UE ID,Internet usage
1019458,0.7636582329973944
451467,0.8947176848858408
715734,0.78391262018343
407073,0.7750829531483385
787916,0.8019961134215576
706362,0.7638583249763597
396517,0.7568214636625216
