UE ID,Internet usage
693898,0.4671554310754534
449014,0.3715104651784306
469391,0.37982551408457854
585715,0.4643706039634767
12645,0.432696793647104
248474,0.5074091582946357
1283146,0.42764457925469673
