UE ID,Internet usage,Data rate,optimal GU
693898,126.2424279355044,39.07503721813231,70.23480312556745
449014,110.17407366446368,34.10149899138161,61.29519607559072
469391,111.57100188073109,34.533881534512005,62.07237518925777
585715,125.77457698030973,38.93022620819111,69.9745148827986
12645,120.45337684722162,37.28318807175907,67.01407242418142
248474,133.00505410806724,41.16823103344938,73.9971810012878
1283146,119.60460482926614,37.02047292334428,66.5418592660976
