UE ID,Internet usage
1089936,0.2255298120900909
671177,0.2679535368351174
435738,0.32614783324815194
1259730,0.27274891845168375
580468,0.3590602578174638
168739,0.3123776881769276
411221,0.302406813570332
