UE ID,Internet usage,Data rate,optimal GU
1089936,106.42912062478395,41.17793357506522,66.20068926786153
671177,113.55630638198521,43.935475683506176,70.63391775736703
435738,123.33294817943447,47.71810495037643,76.7151521217653
1259730,114.36193049357642,44.247175488586116,71.13502940016798
580468,128.86223550699725,49.85741254735012,80.1544611200534
168739,121.01956380745548,46.8230455207417,75.27618843337376
411221,119.34445687349381,46.174938671292246,74.23424396390293
