UE ID,Internet usage,Data rate,optimal GU
1089936,106.42912062478395,79.82184046858796,92.17032216350125
671177,113.55630638198521,85.16722978648892,98.34264608672818
435738,123.33294817943447,92.49971113457586,106.80946624701998
1259730,114.36193049357642,85.77144787018233,99.04033703326743
580468,128.86223550699725,96.64667663024794,111.59796953751272
168739,121.01956380745548,90.76467285559161,104.80601661216828
411221,119.34445687349381,89.50834265512036,103.355331453302
