UE ID,Internet usage
957951,0.7405120939586143
605027,0.7069171506619267
1071240,0.7052012255177937
1015296,0.6455376255758747
538578,0.7145031124535474
727284,0.689176922001722
321507,0.7425567715367938
