UE ID,Internet usage,Data rate,optimal GU
552239,120.79915586379275,9.347553727555391,33.60322305494133
586815,113.83738850355999,8.80884553896595,31.66663815259078
1206457,124.94509349126702,9.668370329681377,34.75651643577405
1277254,117.72119059706374,9.109377843820408,32.747012159478786
140996,114.80863922167632,8.884001844534477,31.936815160780604
321937,117.10934717522284,9.062032817130339,32.576813031580905
1049876,118.58857191498507,9.176496636278607,32.988295367886835
