UE ID,Internet usage,Data rate,optimal GU
552239,120.79915586379275,49.6139390154863,77.41654830944375
586815,113.83738850355999,46.75464170681928,72.95496084793642
1206457,124.94509349126702,51.31673482677038,80.07355512650467
1277254,117.72119059706374,48.34977470950832,75.44397287990023
140996,114.80863922167632,47.153548251759915,73.57740624171397
321937,117.10934717522284,48.09848187553795,75.05186082012581
1049876,118.58857191498507,48.70602060794029,75.99985149694355
