UE ID,Internet usage
1053478,1.0293071867885815
383487,1.0823908651121392
419902,1.0452604294291052
355751,1.0664202154242746
526737,1.1256003624175954
260093,1.0816994369148096
1103080,1.0637445405696282
