UE ID,Internet usage,Data rate,optimal GU
1053478,112.11554394149682,30.69830369826699,58.66648972976368
383487,121.03360190004786,33.14015290120358,63.333025138161446
419902,114.79568870494339,31.43215285968688,60.068924037365704
355751,118.35053275194264,32.40550301541287,61.9290605933014
526737,128.29279744721543,35.12778977721375,67.13153073375021
260093,120.9174419624819,33.1083472040129,63.27224234618946
1103080,117.90101937637662,32.28242197210312,61.69384457504085
