UE ID,Internet usage,Data rate,optimal GU
1053478,112.11554394149682,67.40279725054273,86.93043930018429
383487,121.03360190004786,72.7642487613383,93.8451869684102
419902,114.79568870494339,69.01407475713859,89.0085290412114
355751,118.35053275194264,71.15121314253695,91.76482976263983
526737,128.29279744721543,77.12840798909976,99.47371121845092
260093,120.9174419624819,72.69441451315876,93.75512064890897
1103080,117.90101937637662,70.88096998222643,91.41629294218208
