UE ID,Internet usage
622289,0.6734607157616815
600923,0.6469583616736037
929682,0.6388094087656241
322531,0.762726996563795
1200802,0.6630698878364808
907674,0.7234300887728619
759635,0.708053662307926
