UE ID,Internet usage,Data rate,optimal GU
997712,112.01027649941798,108.00990948158163,109.99190800103918
932655,133.3557565683038,128.59305097657867,130.9527533212193
606163,122.59801836896584,118.21951771293135,120.38886412015125
959690,122.88532543115899,118.49656380861761,120.67099405447885
452102,124.63207108512361,120.18092568922634,122.38626423572057
772128,131.0332823347078,126.35352225132537,128.6721288979968
831200,128.23765250617356,123.6577363452388,125.92687490421082
