UE ID,Internet usage,Data rate,optimal GU
608312,108.46677383714537,94.9084271075022,101.46137638682337
970688,125.13163032347735,109.49017653304269,117.04992222972629
902170,115.02067421489669,100.6430899380346,107.5919888269718
435349,108.40585621744985,94.85512419026863,101.40439317139376
202113,118.66560201480621,103.83240176295544,111.0015065836691
824141,128.13422586696697,112.1174476335961,119.8585931784244
660018,118.83315782521136,103.97901309705995,111.15824069259392
