UE ID,Internet usage
74202,0.3069052547095113
1043656,0.2612355157934648
169755,0.2770854521911009
330018,0.32872921832324425
502721,0.33742837706371476
299265,0.2838328025150123
1138756,0.2890937742040563
