UE ID,Internet usage
74202,0.36969606245346875
1043656,0.3240263235374223
169755,0.3398762599350584
330018,0.3915200260672017
502721,0.4002191848076722
299265,0.3466236102589698
1138756,0.35188458194801375
