UE ID,Internet usage
74202,1.03398880055391
1043656,0.988319061639637
169755,1.0041689980368298
330018,1.055812764168973
502721,1.0645119229116602
299265,1.0109163483620711
1138756,1.016177320052445
