UE ID,Internet usage,Data rate,optimal GU
74202,120.10019498489804,28.595284520213816,58.602894523447524
1043656,112.42767884700837,26.76849496357342,54.85908999411486
169755,115.09046816179006,27.402492419473823,56.15839813738587
330018,123.76662087198257,29.468243064757754,60.39192716878062
502721,125.22807954036877,29.816209414373514,61.1050459793253
299265,116.22402301621025,27.67238643243101,56.71151626994579
1138756,117.10786625995499,27.882825299989282,57.14278761296857
