UE ID,Internet usage
74496,0.8410872447960073
1152437,0.8035536337578983
1271533,0.8299716913361748
952140,0.8245387779874207
582794,0.7853215057180132
26392,0.8032300201298498
308135,0.8078997634569504
