UE ID,Internet usage
516796,0.46202061386407717
403270,0.4523396346531313
899262,0.4061796349548464
1202373,0.37788590323422705
495907,0.3809428099882537
894844,0.3355085799114755
1089124,0.4088543666718971
