UE ID,Internet usage,Data rate,optimal GU
516796,128.80764464844668,15.334243410529366,44.44285967595078
403270,127.18124014082473,15.140623826288657,43.88169680781624
899262,119.42636019178681,14.217423832355573,41.206009022983416
1202373,114.67301326271577,13.651549197942353,39.56594851930458
495907,115.1865735973807,13.712687333021512,39.74314366910288
894844,107.5536229445355,12.804002731492321,37.109525488258775
1089124,119.87571512024203,14.27091846669548,41.361051203007264
