UE ID,Internet usage,Data rate,optimal GU
1293489,118.00711207389517,22.477545156932415,51.50252605921542
540765,107.6345820814553,20.50182515837244,46.97558283649585
119882,124.86949931004702,23.78466653524705,54.49751738852633
805173,112.0986917038084,21.352131753106363,48.92388000364002
802240,124.95345489076303,23.800658074431052,54.5341586079211
510681,103.06158678277562,19.630778434814403,44.97976406422187
186511,120.29279209251285,22.91291277952626,52.500078602050046
