UE ID,Internet usage,Data rate,optimal GU
704805,111.27057358477668,1.3246496855330558,12.140614906509356
1128992,121.50678586741503,1.4465093555644646,13.2574772306719
29539,121.09888636188265,1.4416534090700315,13.21297174590911
114024,117.3344903956745,1.3968391713770774,12.8022424730297
725553,116.14539769391757,1.382683305879971,12.672501822693494
789929,127.68904475709178,1.520107675679664,13.932016976570887
1164834,117.67307691691478,1.4008699632966046,12.8391852911934
