UE ID,Internet usage,Data rate,optimal GU
1173428,108.35653810209051,43.213619362143234,68.42863576707714
114521,128.80756764898973,51.369684717156616,81.34374062773622
1202864,119.66147965867725,47.72213772102009,75.56786097391165
479948,121.97819529617358,48.64606598121208,77.03089858392431
1234101,125.68989870755135,50.12632865122583,79.37489005191757
100033,113.78916432742885,45.38020244010555,71.85941352856393
324008,118.5139119204647,47.26447677780437,74.84315625233583
