UE ID,Internet usage,Data rate,optimal GU
839065,131.0376214162797,21.83960356937995,53.495884929647076
1194075,106.1546245342731,17.69243742237885,43.33744399095024
1198291,97.749080564868,16.291513427477998,39.90589503502178
469489,116.49334781385568,19.415557968975946,47.55821009541877
283052,114.32070677215684,19.053451128692807,46.6712331043536
698330,106.46720576374615,17.74453429395769,43.46505474351371
597716,124.82489079931014,20.80414846655169,50.95954827615675
