UE ID,Internet usage,Data rate,optimal GU
1003636,123.88757810907101,115.77589144716755,119.76307776108752
1033324,115.99889468335532,108.40372896004038,112.13702661885912
574778,111.21097813348942,103.92930694617762,107.50851074319684
1134423,125.91153509148029,117.66732743668099,121.71965259424775
363122,130.02259581980678,121.50921156970038,125.6938467241358
732481,117.354608344416,109.67067565519828,113.44760547663962
302142,124.91744505412515,116.7383266279622,120.75865808404374
