UE ID,Internet usage,Data rate,optimal GU
743217,115.30805669975051,32.25880157671592,60.98934104639892
320118,127.73042713266241,35.73410759068532,67.55984625324979
257681,116.84067627495946,32.68757014835175,61.79998221616731
723791,116.05656241573926,32.46820496154611,61.38524460851069
613746,116.34387967459436,32.548585385154375,61.53721395731741
422306,111.51036042856795,31.196350834182702,58.98064365175892
1258444,117.01448033065486,32.73619390202845,61.89191156725902
