UE ID,Internet usage
731096,0.8569521952150416
760610,0.8159849070658182
692507,0.7161057544798775
1216832,0.7609901404444521
537157,0.7358790916958731
439926,0.8184673427261644
1003178,0.8759966252066186
