UE ID,Internet usage
731096,1.048065272925574
760610,1.0070979847763504
692507,0.9072188321904098
1216832,0.9521032181549846
537157,0.9269921694064055
439926,1.0095804204322634
1003178,1.0671097029127175
