UE ID,Internet usage,Data rate,optimal GU
129197,107.70437580883163,57.05767527967866,78.39235486385641
272987,101.88624074543304,53.9754489663306,74.15764011702635
928613,113.41620293873862,60.083583699688916,82.54969365279683
1122657,116.68083821350689,61.813063101203056,84.92585009991225
63033,117.0031243660096,61.98379802723128,85.16042525291758
226149,120.69761635453655,63.94099914020091,87.84945181132163
1251502,116.67784212797461,61.811475889224646,84.92366940670935
