UE ID,Internet usage,Data rate,optimal GU
129197,107.70437580883163,93.60023135767511,100.40495253691735
272987,101.88624074543304,88.5439949335311,94.98112856962773
928613,113.41620293873862,98.56408112533238,105.72967335323132
1122657,116.68083821350689,101.40120463792861,108.77305527111415
63033,117.0031243660096,101.68128665141312,109.07349920017768
226149,120.69761635453655,104.89197611763296,112.51760525409023
1251502,116.67784212797461,101.39860089693032,108.77026223858036
