UE ID,Internet usage,Data rate,optimal GU
581685,120.54911126792865,5.740433869901365,26.305972730711286
104649,129.47568858773408,6.16550898036829,28.253911600467685
597733,111.19666679700387,5.295079371285898,24.265102029716807
391325,126.01682812654904,6.000801339359478,27.499126368007197
491222,122.63362026780605,5.8396962032288595,26.760849886842472
436691,99.79475119482142,4.75213100927721,21.77700006235971
859968,114.75196611518385,5.464379338818278,25.040931946087507
