UE ID,Internet usage,Data rate,optimal GU
441254,139.94846315602913,84.9687097733034,109.04696396105892
96463,109.39786386486053,66.42013163223675,85.24212877556234
1283432,119.67981980891079,72.66274774112442,93.25376430192033
814332,125.0165000896739,75.90287505444488,97.41207207554162
730026,112.82876789274647,68.50318050631036,87.91546765650175
1099682,106.78246568189799,64.83221130686664,83.20422692962808
820600,119.62277159388319,72.62811132485766,93.20931269089247
