UE ID,Internet usage
709905,1.075715972358016
661751,1.0758097414791372
1041861,1.1728135525085688
925702,1.157263266987359
680745,1.0718221556676397
120332,1.1050271492372465
782470,1.1039190010314113
