UE ID,Internet usage
709905,0.3679877545837363
661751,0.3680815237035273
1041861,0.4650853347347323
925702,0.44953504921352255
680745,0.3640939378924732
120332,0.3972989314642967
782470,0.3961907832575747
