UE ID,Internet usage,Data rate,optimal GU
709905,117.57369930732445,39.89107655069937,68.48460731739205
661751,117.58945251944226,39.896421390525056,68.4937832857611
1041861,133.8860927727836,45.42563861933729,77.98628896448102
925702,131.27364480501245,44.5392723445578,76.46458407415288
680745,116.91953810321797,39.6691289993061,68.10356994721964
120332,122.49797702321254,41.56181363287568,71.3529122842442
782470,122.3118081245715,41.498649185122474,71.24447218247606
