UE ID,Internet usage
926066,0.8287555118533535
132646,0.8640291476861824
729370,0.8147441310361538
473586,0.8204502789093244
557052,0.8206621209543663
70690,0.891670833451901
900219,0.9196037702135714
