UE ID,Internet usage,Data rate,optimal GU
308103,104.07073090807503,50.79642818132234,72.70778093402215
972452,111.17686443179156,54.264898115517305,77.67239677770893
378694,112.27045888646249,54.79867636124955,78.43642356359851
466300,113.74798993796747,55.51985223162698,79.46868309592494
150885,115.61576314202419,56.43150343836895,80.7735806763498
1159293,113.11627991151758,55.21151757585977,79.02734638370838
1203672,122.18305405945165,59.6369668623514,85.36174052867248
