UE ID,Internet usage,Data rate,optimal GU
780661,118.77884639413803,44.542067397801766,72.73689147551495
753294,113.9091482655018,42.71593059956318,69.75482257137872
301732,113.49831656529092,42.5618687119841,69.50324056245955
1049162,106.57128568734824,39.96423213275559,65.26131779159381
1106898,102.46077817937892,38.4227918172671,62.744156296992784
666535,118.95353771483761,44.60757664306411,72.84386762506666
167726,122.60858494672196,45.97821935502074,75.08211780103886
