UE ID,Internet usage,Data rate,optimal GU
252618,113.93980717487484,47.474919656197855,73.54782927639577
999633,122.44469057306445,51.018621072110186,79.03770790349982
166483,115.93835688549466,48.30764870228944,74.83788756736213
784155,105.82469210762697,44.09362171151124,68.30954502506113
323416,116.6564553599494,48.60685639997892,75.3014181394455
1163548,119.99747697090088,49.99894873787537,77.45803831586785
1071881,118.613910873414,49.422462863922505,76.56495024021055
