UE ID,Internet usage,Data rate,optimal GU
480361,119.23628199541307,42.58438642693324,71.25730775579058
1085473,107.09299278382791,38.24749742279568,64.00030441723645
290814,120.26649578761618,42.95231992414864,71.8729782548766
844439,106.69004603586723,38.103587869952584,63.75949767663601
1202791,119.03618505379178,42.51292323349707,71.13772696115754
206567,119.99354065166887,42.8548359470246,71.70985636110211
633178,100.25784881767504,35.80637457774109,59.91552460860381
