UE ID,Internet usage,Data rate,optimal GU
767472,121.18316031906939,121.18316031906939,121.18316031906939
256807,117.49425188870356,117.49425188870356,117.49425188870356
754988,111.10448077652485,111.10448077652485,111.10448077652485
563794,116.41578155383117,116.41578155383117,116.41578155383117
937086,121.51824580570114,121.51824580570114,121.51824580570114
32423,115.78743819083307,115.78743819083307,115.78743819083307
1094177,104.76808058273807,104.76808058273807,104.76808058273807
