UE ID,Internet usage,Data rate,optimal GU
443841,124.68408381671863,63.82637623951073,89.20836981340133
545602,109.61553896171776,56.112716373260284,78.4271996686158
858681,103.88683926422398,53.18016771859085,74.3284571064523
205973,115.11195587346948,58.92635836379986,82.35974965817938
876687,108.78467436570031,55.68739283006088,77.83273665555521
1296880,110.47538601177796,56.55287617269586,79.04239890878094
351301,123.87160559022723,63.41046476642585,88.6270617917558
