UE ID,Internet usage,Data rate,optimal GU
900834,116.73793075026914,29.184482687567286,58.36896537513457
1223611,116.74841018459551,29.18710254614888,58.37420509229776
60203,115.73809686899052,28.93452421724763,57.86904843449526
1101028,120.52753065619461,30.131882664048653,60.26376532809731
248402,120.91717866961227,30.229294667403067,60.458589334806135
136362,116.33731817210662,29.084329543026655,58.16865908605331
173830,119.2622145663762,29.81555364159405,59.6311072831881
