UE ID,Internet usage,Data rate,optimal GU
900834,116.73793075026914,68.7919949064086,89.61381108711534
1223611,116.74841018459551,68.79817028735093,89.62185561935938
60203,115.73809686899052,68.20280708351227,88.84628913448562
1101028,120.52753065619461,71.02515199382897,92.52289545997306
248402,120.91717866961227,71.2547660017358,92.82200855235412
136362,116.33731817210662,68.55591963713425,89.30628105237984
173830,119.2622145663762,70.27951929804311,91.55157622971325
