UE ID,Internet usage
1287099,0.35155992142850023
575171,0.3063277028632793
560800,0.3022614572926016
1240450,0.23895959659002663
650401,0.2829793112645058
418150,0.3410607602576252
656946,0.3135252529670107
