UE ID,Internet usage,Data rate,optimal GU
148781,104.6469927232179,37.37392597257782,62.538539791799074
1651,116.2415028056242,41.514822430580075,69.46758487265312
653324,122.33910505822129,43.69253752079332,73.11159920297607
475515,104.61357828272497,37.36199224383035,62.51857084417805
355330,127.95568178883568,45.69845778172703,76.46814580045213
1247920,115.85760668887698,41.37771667459893,69.23816306177879
744811,123.14991764179993,43.982113443499976,73.59615240132682
