UE ID,Internet usage
877556,0.783211601126244
556042,0.6592326069853521
237770,0.711595354682465
556638,0.6480571656027171
1042697,0.7373290091046997
781665,0.7824836200505039
325814,0.7519899783404104
