UE ID,Internet usage,Data rate,optimal GU
877556,127.99169937723619,118.84943513600504,123.33588761217024
556042,107.16322836135483,99.50871204982948,103.26507073226735
237770,115.96016997445602,107.67730069056631,111.74201577951187
556638,105.28575420952303,97.7653431945571,101.45589137054489
1042697,120.28342391761804,111.69175078064532,115.9080075199695
781665,127.86939855668602,118.7358700883513,123.21803559261237
325814,122.74646674892078,113.97886198114072,118.28145498026274
