UE ID,Internet usage,Data rate,optimal GU
877556,127.99169937723619,3.0474214137437188,19.749547981248536
556042,107.16322836135483,2.551505437175115,16.535645128909707
237770,115.96016997445602,2.760956427963239,17.89304268923215
556638,105.28575420952303,2.50680367165531,16.24594457781482
1042697,120.28342391761804,2.863891045657572,18.560135255398873
781665,127.86939855668602,3.044509489444905,19.730676554934533
325814,122.74646674892078,2.922534922593352,18.940191015369003
