UE ID,Internet usage,Data rate,optimal GU
241735,98.60278295274308,41.084492896976286,63.64782271094643
335207,122.51987045493455,51.049946022889394,79.08623630857528
846016,108.06607957239765,45.02753315516569,69.75635441230361
138565,104.0005901761712,43.33357924007134,67.1320922913423
1013392,117.71392997936906,49.04747082473711,75.9840150711204
27778,126.4520314552736,52.688346439697334,81.62443532006185
550455,123.85254135367893,51.60522556403289,79.94647167471065
