UE ID,Internet usage
937780,0.9643611698628993
1287494,0.9489879211766492
36772,0.941863556220561
788599,0.9987049384127767
607070,0.9230204505339746
534470,0.928472440605437
297012,0.948046569851361
