UE ID,Internet usage,Data rate,optimal GU
937780,120.60999050659514,84.71415999867992,101.0810270684611
1287494,118.02728472691545,82.90011665342871,98.91650859259407
36772,116.83039141457944,82.05944158881175,97.91341419888644
788599,126.3797436228691,88.76672468749139,105.91655162554608
607070,113.66474965894035,79.83595511758905,95.2603477435557
534470,114.5806839912835,80.47928994625865,96.0279755549139
297012,117.86913770419706,82.78903719699555,98.78396846538693
