UE ID,Internet usage,Data rate,optimal GU
740988,100.62700742187305,47.917622581844306,69.43923216152204
1036993,115.92731741041004,55.20348448114763,79.99744913187324
599902,117.1708653658918,55.79565017423419,80.85557874734181
452529,117.75416072608192,56.073409869562816,81.2580907863332
76135,129.4495944876024,61.642664041715435,89.3287068267283
208931,117.58274889062683,55.99178518601278,81.13980538222198
1030554,119.97031923523174,57.12872344534845,82.78738544754098
