UE ID,Internet usage
1100386,0.7462155875928204
440285,0.7593336321841193
887205,0.7492884749542701
476985,0.7428093252469158
1116745,0.664829797911669
29181,0.7646261880932139
138833,0.8074824121718576
