UE ID,Internet usage
942251,0.42699769661647413
1187042,0.4197412365539287
771785,0.39981065358658496
1228885,0.36512028793021806
324497,0.3319621935164781
146847,0.3831916313870136
897725,0.3948105707201085
