UE ID,Internet usage,Data rate,optimal GU
990875,121.58509022420805,59.34510356181583,84.94398019240886
683893,116.54345312950942,56.884304503689116,81.42170027535923
799837,113.57584762466301,55.435830388228375,79.3484179118909
196313,122.1114195450037,59.60200239696609,85.31169392538307
475035,109.06060835124187,53.23196360001091,76.1938995848641
1115052,113.57851789460368,55.437133734270844,79.35028346429154
547833,124.59628380590539,60.81485281002524,87.04771484842246
