UE ID,Internet usage,Data rate,optimal GU
990875,121.58509022420805,23.88278557975515,53.88683178217054
683893,116.54345312950942,22.892464007582205,51.65236496121584
799837,113.57584762466301,22.309541497701662,50.33711439603049
196313,122.1114195450037,23.986171696340012,54.120102321505904
475035,109.06060835124187,21.422619497565368,48.33594847400487
1115052,113.57851789460368,22.310066015011436,50.338297866691576
547833,124.59628380590539,24.474270033302844,55.2214006976622
