UE ID,Internet usage
1192232,0.9857722485223835
693924,1.069397785248074
188945,1.0453091927014193
348971,1.0257354230113804
16868,0.9747148118552956
1105522,0.9971209144482988
1192630,0.9829488663047872
