UE ID,Internet usage
20837,0.9087467524024962
592413,0.8952476828205987
233062,0.8721640549982203
265817,0.8344230655534891
766395,0.8692062555343909
571780,0.8788412055492565
706161,0.8739232038661875
