UE ID,Internet usage,Data rate,optimal GU
20837,123.19143530981167,88.72716471718579,104.54868135218253
592413,120.923591620619,87.09377729818392,102.62403402080203
233062,117.04554214595402,84.30065833131212,99.33285588187456
265817,110.70505591925023,79.7339986085076,93.95188542344562
766395,116.5486318359101,83.94276459610191,98.91114379178693
571780,118.16730343892876,85.10859354827606,100.28485927137551
706161,117.3410791557122,84.51351534429271,99.58366881041363
