UE ID,Internet usage,Data rate,optimal GU
20837,123.19143530981167,120.9915882507079,122.0865570692304
592413,120.923591620619,118.76424177025082,119.83905319618589
233062,117.04554214595402,114.95544317906199,115.99578513688212
265817,110.70505591925023,108.7281799206922,109.7121654062052
766395,116.5486318359101,114.46740626741172,115.50333151157207
571780,118.16730343892876,116.05717302037647,117.10748558722915
706161,117.3410791557122,115.24570274221735,116.2886715369567
