UE ID,Internet usage
271858,0.6728735797988455
376439,0.6958393984333916
771351,0.6570252699884802
855621,0.7079366380062825
888993,0.6636002030720698
675187,0.5965118546554702
974019,0.610383374706125
