UE ID,Internet usage,Data rate,optimal GU
874028,138.45320058315875,115.3776671526323,126.38990186363911
178704,106.4174844057309,88.68123700477575,97.1454278699551
1256665,102.50330569346569,85.4194214112214,93.57228791193147
455827,106.88993810926735,89.07494842438946,97.57671712129472
634486,122.23250528765962,101.8604210730497,111.58250067736779
186707,108.32107517883004,90.26756264902504,98.8831605477636
820522,119.91699731570304,99.93083109641921,109.46874076349502
