UE ID,Internet usage,Data rate,optimal GU
874028,138.45320058315875,121.1465505102639,129.5111101711175
178704,106.4174844057309,93.11529885501454,99.54444165215094
1256665,102.50330569346569,89.69039248178248,95.88306272917582
455827,106.88993810926735,93.52869584560894,99.9863816245874
634486,122.23250528765962,106.95344212670217,114.33803907836412
186707,108.32107517883004,94.78094078147629,101.32508777154122
820522,119.91699731570304,104.92737265124016,112.1720797015128
