UE ID,Internet usage
1105310,1.0051762919540312
1149644,0.9689582957537053
1205558,0.9641132725790501
69815,0.9722151048328382
1086474,0.9658866998425488
839615,1.0040044075918693
1031,1.027269952555002
