UE ID,Internet usage,Data rate,optimal GU
1105310,116.55697877328063,67.29777941076323,88.56650521652783
1149644,110.47235541122329,63.78463377909916,83.94306840126444
1205558,109.65839151817245,63.314666531325756,83.32457315423014
69815,111.01949933686964,64.1005442599783,84.35881892821665
1086474,109.95632729828297,63.48668897579433,83.55096140743525
839615,116.36010220054912,67.184106627698,88.41690739587949
1031,120.26871375383621,69.4408644888221,91.38688885187565
