UE ID,Internet usage,Data rate,optimal GU
77309,112.87250056146654,38.967887098601544,66.32045580675745
179477,122.79218309716055,42.39253940259114,72.14896021618443
331030,122.529929708806,42.30199954232588,71.99486808421231
160876,122.47824670699367,42.284156601224005,71.9645007208545
32277,126.06457826792614,43.5222948782126,74.07172030589133
845929,112.69621031472532,38.90702498960755,66.21687300793572
595032,121.33596417854903,41.88979715688002,71.29333017382397
