UE ID,Internet usage
1156744,0.5426105379716609
763466,0.5895881430529895
904545,0.5842904911648638
730888,0.5556264443165353
641830,0.561565796693867
21061,0.5575613423287202
649242,0.7131791919550609
