UE ID,Internet usage,Data rate,optimal GU
1156744,109.17298884540266,14.296462824993204,39.506804180061145
763466,117.06522649882439,15.329970136750813,42.36279530766292
904545,116.17522098207765,15.213421795272073,42.040725956616036
730888,111.35966111086728,14.582812764518334,40.29810277792233
641830,112.35747231031714,14.713478516827243,40.65918414138266
21061,111.68472397709967,14.625380520810669,40.41573439301567
649242,137.82852271424912,18.04897321258024,49.87648057350267
