UE ID,Internet usage,Data rate,optimal GU
1226225,120.9052775081713,6.4770684379377474,27.984134021410792
1051796,122.08288593059756,6.5401546034248685,28.25669740819671
1211763,121.13183992961429,6.4892057105150505,28.036573032317058
1128935,117.22252404449048,6.27977807381199,27.13174222661512
1236543,128.15342429365893,6.865362015731728,29.661754016437357
750643,122.57324348894083,6.566423758336116,28.370193129094112
327994,117.0681655285218,6.2715088675993815,27.096015172451402
