UE ID,Internet usage
792851,0.6256102991586888
803968,0.6953088660792668
1050206,0.6820703994827393
383487,0.7318578673722034
932420,0.7428931142216908
959862,0.6741338673557692
647554,0.6762779330684109
