UE ID,Internet usage,Data rate,optimal GU
792851,103.18401044004577,14.126382381672933,38.17874784681418
803968,114.8933696826013,15.729449420832323,42.51128611570658
1050206,112.66930729415546,15.424964689080808,41.68836872025029
383487,121.03360190004786,16.57007645060179,44.78321154825204
932420,122.88752337062299,16.823887128121005,45.469174422257694
959862,111.3359698974314,15.242424450243584,41.19502530350227
647554,111.69617293659172,15.291737961557201,41.32830274588031
