UE ID,Internet usage,Data rate,optimal GU
246032,120.92808557248384,22.314111028255947,51.94615219531511
1154279,115.36614519478483,21.28780060141863,49.5569520356215
1010933,107.24665616920711,19.789561555032268,46.06912527747738
136204,113.03282906871375,20.857248221012657,48.55464728539852
203951,121.50055164586938,22.419744648940185,52.19206206508573
177850,117.52661143866592,21.686458063087166,50.48500698486006
23468,107.51482702502463,19.839045462950974,46.184321379563144
