UE ID,Internet usage
793731,0.5748817441943034
507016,0.5877770051155047
530036,0.5716076158365107
1112826,0.5470433841790233
1043418,0.5975935546909872
665678,0.559629250690238
338715,0.5998881220133713
