UE ID,Internet usage
906790,0.5166137912931497
466958,0.5070920055357365
1283635,0.5902094169365407
1220505,0.551826008901656
988053,0.5145453969918597
448747,0.5939622337916194
433555,0.4747445570661533
