UE ID,Internet usage,Data rate,optimal GU
906790,106.87329156355402,105.60099047351171,106.23523635910878
466958,105.27363155667354,104.02037403814171,104.64512664657967
1283635,119.23735667189332,117.81786433056126,118.52548549364339
1220505,112.78894412168114,111.44621859642304,112.11557127288171
988053,106.525801321135,105.25763701969294,105.8898207038427
448747,119.86782990383473,118.4408319287891,119.15219467264868
433555,99.83926021349671,98.65069759190747,99.24319960139044
