UE ID,Internet usage,Data rate,optimal GU
124509,139.03127007329311,74.48103753926416,101.76046995499047
222806,115.57308476585901,61.914152553138756,84.59083639041661
697951,107.85063787849158,57.777127434906205,78.93858402987433
639927,110.77752322002183,59.345101725011695,81.08084474360786
1272778,125.59434973358367,67.28268735727697,91.92565130019592
1178405,125.16761543699423,67.05407969838976,91.61331377681745
863588,130.70870567551412,70.02252089759685,95.66897655280694
