UE ID,Internet usage,Data rate,optimal GU
1079981,136.85489101005103,87.9781442207471,109.72802439940718
513924,120.221896791857,77.2855050804795,96.39196032497703
882595,127.6283761221419,82.04681322137694,102.33035491700896
1088270,113.23151862629572,72.79169054547582,90.78718887508082
1151197,123.51911077697228,79.40514264233933,99.03561283851582
690210,119.08215840291435,76.55281611615922,95.47813663312479
485763,124.62348922928393,80.11510021882539,99.9210855086342
