UE ID,Internet usage,Data rate,optimal GU
72645,138.41653982200435,46.96275458246576,80.62519451024531
1028075,113.55556036550502,38.52777940972492,66.14411221348337
1094069,111.78828482379747,37.928168065217,65.11470536306939
1069124,115.87229195313996,39.31381334124392,67.49356752511949
1002915,121.85667209325199,41.34422803163907,70.97936346713796
866233,109.82651621261294,37.262568000707965,63.97200972810957
39551,116.32192408608059,39.466367100634486,67.7554703166718
