UE ID,Internet usage
1099354,0.8095627994381753
25390,0.752622619210355
533012,0.7980679579005628
967664,0.8153176374630425
558577,0.8012512853829891
465824,0.7949375888534419
1164261,0.8515746360625212
