UE ID,Internet usage,Data rate,optimal GU
1099354,121.17085175221209,78.61680262494713,97.60156216014366
25390,111.60490147418251,72.41032298027318,89.89631228213491
533012,119.23971837348444,77.36386489708217,96.04605906861758
967664,122.13766454020222,79.24407996953596,98.38031742231848
558577,119.77451739082322,77.71084759285554,96.47683279661541
465824,118.71381637421534,77.0226546713659,95.62245177421006
1164261,128.22884030476166,83.19609281677988,103.28668113451509
