UE ID,Internet usage
738318,0.7582498423699496
1116948,0.7601506604906295
943852,0.663431876528417
749778,0.7030745609737608
781833,0.7379935566724466
54931,0.6862028827914083
148626,0.693618828293856
