UE ID,Internet usage
526792,0.8961178292458198
197468,0.979482907214597
864516,0.9139309199304084
1005723,1.0057678148524551
1179234,1.0730115379891294
811924,0.9506846586115011
400395,0.9213295715001354
