UE ID,Internet usage
128338,0.7766202854731118
687268,0.7659098407133078
441224,0.7658412801168811
99253,0.6609086056432006
1089989,0.7929389115609231
460349,0.7876931340360916
742996,0.8393460901348726
