UE ID,Internet usage,Data rate,optimal GU
128338,117.46103938121172,76.90901388055529,95.04637135732254
687268,115.66168466106188,75.73086495664766,93.59038103205502
441224,115.650166481552,75.72332329149238,93.58106082534798
99253,98.02147716929012,64.18072909893996,79.3163909421006
1089989,120.20256856351705,78.70406274992187,97.26474437803675
460349,119.3212779394443,78.1270272222552,96.5516272766505
742996,127.99897456403245,83.80885239311648,103.57339023951695
