UE ID,Internet usage
315345,0.3397639009442884
515750,0.3587779836650242
563642,0.2929352785646628
810679,0.32233017000925135
436802,0.355011292387982
241203,0.39959946701270654
1063536,0.39226959202741646
