UE ID,Internet usage
34331,0.30204212815738535
997134,0.4452886142252882
996267,0.33505286678033375
550885,0.299291224206618
664694,0.30748828669621514
534178,0.3776589950035657
827640,0.34048438280618704
