UE ID,Internet usage,Data rate,optimal GU
34331,109.36934657368595,72.91289771579063,89.29969753571409
997134,133.43475623340927,88.95650415560618,108.94902224150324
996267,114.91515066232536,76.61010044155024,93.82782761258318
550885,108.90719470999954,72.60479647333302,88.92235211914476
664694,110.28430120824753,73.52286747216502,90.04675486653758
534178,122.0729802038655,81.381986802577,99.67217096011417
827640,115.8276453547001,77.21843023646673,94.57287640902184
