UE ID,Internet usage,Data rate,optimal GU
34331,109.36934657368595,17.577216413628097,43.84528108865049
997134,133.43475623340927,21.444871537512203,53.49290799783386
996267,114.91515066232536,18.468506356445147,46.06854882084965
550885,108.90719470999954,17.50294200696421,43.66000816708904
664694,110.28430120824753,17.724262694182638,44.21207895654018
534178,122.0729802038655,19.618871818478382,48.93806443985383
827640,115.8276453547001,18.61515728914823,46.4343605179335
