UE ID,Internet usage
1168662,1.107571749543636
191732,0.9627865870323635
220274,1.0246622782654704
1239099,1.025178717386411
950555,0.9810863997995654
476410,0.9714339506638127
81317,1.0054180335219545
