UE ID,Internet usage
769265,0.7094679885786245
1231847,0.6814132771268496
172135,0.6222650304959544
244051,0.6626991831695762
323149,0.6102322108389625
280928,0.6721129844182926
624292,0.7197828610645605
