UE ID,Internet usage
769265,1.1572341225845948
1231847,1.1291794111372533
172135,1.0700311645019245
244051,1.1104653171799796
323149,1.0579983448493662
280928,1.1198791184286963
624292,1.167548995074964
