UE ID,Internet usage,Data rate,optimal GU
769265,132.63283096805762,75.00070798788973,99.73743642706296
1231847,127.91963944467415,72.33551040026217,96.19320355122815
172135,117.9827340101708,66.71642697003706,88.72083440384715
244051,124.77567165945096,70.55767147409429,93.82899791059798
323149,115.9612203081526,65.5733091028244,87.20069347893518
280928,126.35719026958111,71.45198259291789,95.01827066218435
624292,134.3657295462153,75.98062087434795,101.04054411549929
