UE ID,Internet usage,Data rate,optimal GU
769265,132.63283096805762,91.57981185889693,110.21111425971337
1231847,127.91963944467415,88.32546533084643,106.29469261870483
172135,117.9827340101708,81.46426872130841,98.03763128451854
244051,124.77567165945096,86.15463043152566,103.6822158263672
323149,115.9612203081526,80.06846164134346,96.35785655631146
280928,126.35719026958111,87.24663137661553,104.99637708623575
624292,134.3657295462153,92.77633706762485,111.65106454806865
