UE ID,Internet usage
91544,0.760401005446479
839661,0.5610376426595434
318419,0.651088114776426
63548,0.8015204793205049
395500,0.7122052871915676
353223,0.706663319103285
981422,0.732006511900914
