UE ID,Internet usage
249191,0.7333668093769058
1095861,0.6962914172571578
747096,0.7297210181232054
193136,0.6212027318612101
666914,0.7140279536165591
1021036,0.7327583480051539
28851,0.7337405590899325
