UE ID,Internet usage,Data rate,optimal GU
249191,127.11796631787657,68.09891052743387,93.0408244520137
1095861,120.88930044153457,64.76212523653638,88.48190783969305
747096,126.50547338672818,67.77078931431866,92.59252552987256
193136,108.2744012946589,58.004143550710126,79.24874709143728
666914,123.86903855013344,66.35841350900006,90.66285281785491
1021036,127.01574480724665,68.04414900388213,92.96600596725321
28851,127.18075626958037,68.1325480015609,93.08678199084983
