UE ID,Internet usage
1107392,0.50168768061946
29916,0.4448056284142713
263482,0.5539073694263161
1234434,0.539417078914536
400445,0.5054186375708876
78232,0.5368946867136599
874619,0.49198511530484523
