UE ID,Internet usage
578515,0.6197389142065571
597270,0.7210281123438068
1199718,0.6766839857794213
482893,0.7120483199511682
994145,0.7249270224506896
569799,0.6887109340543073
1074987,0.7406548608585112
