UE ID,Internet usage
818863,0.9902034769432837
527632,1.0227323759081512
584394,1.0054003088590082
274214,1.0743049895301107
249303,1.0815008230824532
1261872,1.1458605909270583
103011,1.000748066293165
