UE ID,Internet usage
1218755,0.6757527580043174
438990,0.5470637891184887
888767,0.4625079417310353
688315,0.5849402026687872
108511,0.5533538852360518
651703,0.5039900100015403
896832,0.5577568360835269
