UE ID,Internet usage,Data rate,optimal GU
259993,110.07613310852881,28.829463433186117,56.333257089563524
1006332,124.08412265036435,32.498222598904945,63.502074288021205
894240,123.56934898871465,32.36340092561574,63.23863046776948
607713,135.24097287864356,35.420254801549504,69.21177442437812
834104,113.59220188161821,29.75033858804286,58.13266265138267
1105058,132.91103968799695,34.8100342039992,68.01939309952911
1203712,126.20380022932902,33.05337625053855,64.58685387312046
