UE ID,Internet usage
112309,0.5375645644476923
656969,0.600201191792879
909816,0.5566679378678457
705746,0.5530969165178414
951591,0.5129026729677005
385527,0.553206362561072
222541,0.6136101262858431
