UE ID,Internet usage
112309,0.49335043369740655
656969,0.5559870610425933
909816,0.5124538071219934
705746,0.5088827857719891
951591,0.46868854222184825
385527,0.5089922318152198
222541,0.5693959955399909
