UE ID,Internet usage
1045671,0.7866305166197494
373110,0.6654842101451657
737566,0.5929131698113397
1075035,0.7987621131116672
486448,0.646160015536393
515246,0.7253204780837317
169232,0.7278249565711928
