UE ID,Internet usage
1045671,0.8710349707896616
373110,0.749888664315078
737566,0.677317623981252
1075035,0.8831665672815794
486448,0.7305644697063053
515246,0.8097249322492106
169232,0.8122294107411051
