UE ID,Internet usage
1045671,0.46001888162114596
373110,0.33887257514523217
737566,0.26630153481317953
1075035,0.47215047811306365
486448,0.31954838053956286
515246,0.3987088430829115
169232,0.40121332157170264
