UE ID,Internet usage,Data rate,optimal GU
1045671,132.70968009113702,105.06183007215014,118.07930326125931
373110,112.35710060290286,88.94937131063143,99.97046294237903
737566,100.16516582715613,79.29742294649861,89.12260947201989
1075035,134.7477883012804,106.67533240518031,119.89272333174334
486448,109.11063590915177,86.37925342807848,97.08189981090925
515246,122.40959361644902,96.90759494635547,108.91473415351489
169232,122.83034600253875,97.24069058534317,109.28910133276563
