UE ID,Internet usage
343735,0.354288305013737
205082,0.24680760547416797
662458,0.4154873717226727
1177282,0.39023050129358466
729878,0.3697268475577826
489216,0.28565241339240804
324113,0.2650857469302137
