UE ID,Internet usage,Data rate,optimal GU
343735,125.30199705020043,16.40859485181196,45.343463737562836
205082,107.24523952757004,14.044019461943694,38.809202917942116
662458,135.58344025731049,17.754974319409705,49.064044879175704
1177282,131.34028602516653,17.199323169962284,47.528560093717545
729878,127.8956721975513,16.748242787774576,46.282045865218834
489216,113.77116725781359,14.898605236142254,41.1707627841564
324113,110.31596729210862,14.446138573966605,39.92041771353312
