UE ID,Internet usage,Data rate,optimal GU
343735,125.30199705020043,46.988248893825165,76.7314891311785
205082,107.24523952757004,40.21696482283877,65.67402854627697
662458,135.58344025731049,50.84379009649143,83.02756155038446
1177282,131.34028602516653,49.252607259437454,80.42917085821355
729878,127.8956721975513,47.96087707408174,78.31978429856541
489216,113.77116725781359,42.6641877216801,69.67032680562095
324113,110.31596729210862,41.368487734540736,67.55445758680617
