UE ID,Internet usage
417936,0.8577095095356434
547678,0.9024955024853588
1022553,0.880900871967376
369353,0.8960763383782125
867222,0.8268581988938181
885369,0.7886193402961126
183841,0.900422198981155
