UE ID,Internet usage
417936,0.9433209195099114
547678,0.9881069124596267
1022553,0.9665122819416438
369353,0.9816877483524804
867222,0.9124696088680861
885369,0.8742307502703804
183841,0.9860336089554229
