UE ID,Internet usage,Data rate,optimal GU
947168,107.42989359156869,1.278927304661532,11.721562363914638
1133634,115.02965300632249,1.3694006310276488,12.550764096808987
1010740,113.42317486406102,1.3502758912388217,12.37548296135172
833730,123.82381742693588,1.4740930646063795,13.510286099936327
907162,113.40861171853406,1.350102520458739,12.373893991905673
731406,110.60312359347226,1.3167038523032413,12.067790142039115
483982,109.81782217782818,1.3073550259265259,11.982106732978519
