UE ID,Internet usage
2843,1.0236619657291044
570954,0.9919814603133235
813627,1.045501911978113
1199398,0.9053596749506425
12496,0.9301303160479735
127581,1.0398549709060656
417378,1.056481550812869
