UE ID,Internet usage,Data rate,optimal GU
2843,119.66257196738471,20.65603920865569,49.71674545228078
570954,114.34024705758678,19.73730455160724,47.505455251808755
813627,123.33168293715306,21.289397649865705,51.24116744255744
1199398,99.78778711623656,17.225272776017025,41.45927945336595
12496,103.94925482125392,17.943621367954545,43.18826310461679
127581,122.38299683726584,21.125636358813747,50.847012573856595
417378,125.17626226151174,21.607807176094287,52.00754308723835
