UE ID,Internet usage,Data rate,optimal GU
685415,114.48197573649568,41.56786023765617,68.98384424736996
549174,112.08186275556201,40.69639064338859,67.53759894117512
336357,118.32281478058206,42.962450604854205,71.29823339633367
833942,117.26191033612331,42.577241252997155,70.65896012657166
153043,117.74020744159894,42.750908654390095,70.94716945223915
159360,126.42449817837112,45.90413326714666,76.18009590839387
171918,118.53319782574107,43.038839686727414,71.4250047166762
