UE ID,Internet usage
683295,0.36676181977176175
611248,0.37777325524699495
282572,0.3174962278352724
331720,0.3677616897184676
1146570,0.32639951493871416
1007350,0.3637429732768145
746683,0.32718904376375146
