UE ID,Internet usage,Data rate,optimal GU
644834,113.0287394258427,65.26064121611155,85.88555181623556
1072026,127.8808882633457,73.83598905681269,97.17104438251077
293054,122.733141525332,70.8637781426024,93.25949877516899
383684,133.42603952010256,77.0376537705354,101.38456014859183
192333,113.34714989950993,65.44448535864561,86.12749788565024
1085387,109.48052410360452,63.21196927410499,83.18941955411132
559786,122.70850848598344,70.84955549488329,93.24078121547481
