UE ID,Internet usage,Data rate,optimal GU
644834,113.0287394258427,108.99199873206261,110.99201874093508
1072026,127.8808882633457,123.31371368251193,125.5765393724939
293054,122.733141525332,118.34981504228443,120.52155242562038
383684,133.42603952010256,128.66082382295605,131.02176980979416
192333,113.34714989950993,109.29903740309886,111.30469161900224
1085387,109.48052410360452,105.57050538561866,107.5077404631868
559786,122.70850848598344,118.32606175434118,120.49736326117504
