UE ID,Internet usage,Data rate,optimal GU
1128188,121.41922370680817,98.29175252455899,109.24517512601486
194873,104.73913708469132,84.78882525903583,94.23751053617711
948950,115.95595348531918,93.86910520240124,104.32967744874021
612526,128.51371844941704,104.03491493524236,115.62834326797555
1120912,109.6748496506475,88.78440209814322,98.67834590950787
321387,108.59575351255546,87.91084808159252,97.70744490236315
1169951,126.09636074786565,102.07800631970076,113.45336094321709
