UE ID,Internet usage
1126403,0.30090051042811694
251090,0.2946854103033949
1243984,0.34465581414903085
1075779,0.34078424372361604
894369,0.3167251147470322
1209055,0.3457128554681111
225344,0.2933026512172791
