UE ID,Internet usage,Data rate,optimal GU
1126403,111.51843937053269,28.543410076981584,56.419115077233556
251090,110.47430254956883,28.276160771615835,55.89086812730446
1243984,118.86933039560323,30.424888136969876,60.13805850044331
1075779,118.21890656416285,30.25841060868454,59.80899778902963
894369,114.17697289609848,29.223868062691874,57.76411335520634
1209055,119.04691333725843,30.47034091370305,60.227900794485
225344,110.24199902314429,28.21670213092384,55.77334173916477
