UE ID,Internet usage
784975,0.9923623011479639
1205303,1.0230244160552548
757056,1.0296071962583948
630465,1.002813489409334
695550,1.0393370345924857
218306,1.07634744293897
410160,1.0979840916282662
