UE ID,Internet usage
784975,0.6410122991573275
1205303,0.671674414069052
757056,0.6782571942677584
630465,0.6514634874231311
695550,0.6879870326018495
218306,0.7249974409527667
410160,0.7466340896420632
