UE ID,Internet usage,Data rate,optimal GU
778882,110.97850636290072,109.65733366810429,110.31594219433761
185683,132.11904306430736,130.5461973135418,131.33026560831055
948992,113.31757562388874,111.9685568664615,112.64104673791405
1165068,121.97293569619505,120.52087693790702,121.24473255690891
448393,111.01182317068385,109.69025384722335,110.3490600940279
526941,109.8705330105115,108.56255047467208,109.21458366735085
216495,107.80937980216369,106.5259348045189,107.16573596127125
