UE ID,Internet usage
885586,0.3536715116125492
1142084,0.3729768842645359
104335,0.44011274101469716
386700,0.4158795692523775
387877,0.4420296230594282
497190,0.3463644877260375
166459,0.45174333104156156
