UE ID,Internet usage
885586,0.5119180375972829
1142084,0.5312234102461662
104335,0.5983592669985442
386700,0.5741260952353379
387877,0.6002761490401719
497190,0.5046110137072244
166459,0.6099898570227485
