UE ID,Internet usage,Data rate,optimal GU
885586,105.65243688734965,23.897575010233847,50.247756522350684
1142084,108.89573949283373,24.631179170998102,51.79025458912441
104335,120.17456342688385,27.18234172750944,57.154405342229
386700,116.10339057083635,26.261481200546317,55.21817643489964
387877,120.49659961039688,27.255183245208816,57.307564097647045
497190,104.42485687440416,23.619908102543796,49.663925771073664
166459,122.1285025511949,27.62430414848456,58.083688757457374
