UE ID,Internet usage
796605,0.43997401518982204
785747,0.3386171488517655
184218,0.40165585623948874
968087,0.41418578328938493
875384,0.38731630457091765
242432,0.4145671952012366
136280,0.32286723387042054
