UE ID,Internet usage
224040,0.35613610265986084
1263567,0.3698043544726455
539535,0.3004014979839875
880200,0.40438052521089485
1044235,0.4524692011158031
705377,0.37577308813109006
692560,0.39937415730922915
