UE ID,Internet usage
358480,0.26461410246881806
594039,0.31289221905013787
979079,0.3284168548322441
1108397,0.3742178579375495
633282,0.3339389134061644
799282,0.32139700658247816
1275650,0.3804496274026926
