UE ID,Internet usage,Data rate,optimal GU
358480,101.19412985341681,21.684456397160744,46.84377969864344
594039,109.3048534390821,23.42246859408902,50.598315158297545
979079,111.91299225050516,23.981355482251104,51.80564882560373
1108397,119.60756077214327,25.6301915940307,55.367541923808595
633282,112.84069809089054,24.180149590905113,52.23509318245632
799282,110.73365774448773,23.72864094524737,51.25972303059059
1275650,120.65449804235254,25.85453529478983,55.85217970778897
