UE ID,Internet usage,Data rate,optimal GU
358480,101.19412985341681,57.22287104806308,76.09611450936914
594039,109.3048534390821,61.80929212329047,82.19522867362603
979079,111.91299225050516,63.28413252260708,84.15650083375893
1108397,119.60756077214327,67.63522781758103,89.94267408482516
633282,112.84069809089054,63.80872808711072,84.85411847188908
799282,110.73365774448773,62.61724693884723,83.26966309183904
1275650,120.65449804235254,68.2272459168065,90.72995155352193
