UE ID,Internet usage
267075,0.27096214691663545
928372,0.27015050343310815
130919,0.2523189904772849
750455,0.32911731531317123
640022,0.2792461699502265
398360,0.2708413537452463
63769,0.2734267890628142
