UE ID,Internet usage
267075,0.6253689376424136
928372,0.6245572941575563
130919,0.6067257812004031
750455,0.6835241060362894
640022,0.6336529606729013
398360,0.6252481444701379
63769,0.6278335797885924
