UE ID,Internet usage
267075,0.8591993611981298
928372,0.8583877177132725
130919,0.8405562047605527
750455,0.917354529596439
640022,0.8674833842330509
398360,0.8590785680258541
63769,0.8616640033443086
