UE ID,Internet usage,Data rate,optimal GU
1222734,113.4699619566537,0.6754164402181768,8.754397624991396
454389,124.67028433469092,0.7420850258017316,9.618521256784659
641641,121.52159180345984,0.7233428083539276,9.375594353999873
133682,121.55751046339032,0.7235566099011328,9.378365538776581
245207,108.02265788977577,0.6429920112486653,8.3341289921007
43447,109.28072819786252,0.6504805249872769,8.431191223613512
884369,109.222859327615,0.6501360674262797,8.426726543344655
