UE ID,Internet usage,Data rate,optimal GU
1222734,113.4699619566537,25.665824728290715,53.96573130705531
454389,124.67028433469092,28.1992309804658,59.2925471231781
641641,121.52159180345984,27.487026717449247,57.795045121953684
133682,121.55751046339032,27.495151176243045,57.81212785219605
245207,108.02265788977577,24.43369642744928,51.375021461455276
43447,109.28072819786252,24.71825994951652,51.97335324055227
884369,109.222859327615,24.705170562198628,51.94583110298416
