UE ID,Internet usage
841432,0.31018413537411177
1295017,0.29156119930773267
10959,0.2541393525968732
152358,0.36305955986173394
449760,0.2555715676806079
199260,0.29776564816847173
106913,0.2648112619993437
