UE ID,Internet usage,Data rate,optimal GU
53411,104.43707000663585,93.24738393449628,98.68375531921471
392052,111.39272406316906,99.45778934211522,105.25623061899489
377757,109.7519920333763,97.99285002980025,103.70588457651994
409247,119.90072688193668,107.05422043030059,113.2955376233862
1255795,116.07963230774034,103.64252884619673,109.68494263074986
225946,124.00919834879268,110.72249852570773,117.17767825549538
1236543,128.15342429365893,114.42270026219546,121.09360369370174
