UE ID,Internet usage
931614,1.0377794033405074
1047454,0.9463652998012543
1010180,0.9796151148952393
970852,1.069430192201205
478439,1.027134733433663
259840,1.0737858647105618
559639,0.9108744044893939
