UE ID,Internet usage
315028,0.2915729122167603
323094,0.3509453379666417
389234,0.396037373874553
64159,0.2907293655888278
293341,0.3647190795503499
420670,0.3553601962604303
340904,0.3914169574004854
