UE ID,Internet usage,Data rate,optimal GU
315028,108.17746029847889,16.741749808097925,42.55678530143671
323094,118.15202782442614,18.28543287758976,46.48075918199553
389234,125.72748985698935,19.45782581120073,49.4609300086119
64159,108.0357444649605,16.719817595767697,42.50103459066743
293341,120.46601641048912,18.64355015876617,47.39107742366386
420670,118.8937240178105,18.400219193232576,46.77254090411824
340904,124.95125988928437,19.33769498286544,49.15556277232242
