UE ID,Internet usage,Data rate,optimal GU
1137580,111.53227802504433,58.421669441689886,80.72113650623233
388718,120.73459110061978,63.241928671753215,87.38128174042016
262672,115.2756698627528,60.38249373763242,83.43040461120306
1170952,116.4112252392775,60.977308458669164,84.25225925437867
167081,114.05405488371724,59.74260017718522,82.5462646005539
767556,127.1729006841119,66.61437654882052,92.04098811386797
1150766,114.62405558795146,60.04117197464124,82.95880082298099
