UE ID,Internet usage,Data rate,optimal GU
1137580,111.53227802504433,33.85801297188846,61.45129222527564
388718,120.73459110061978,36.651572298402435,66.52151978602429
262672,115.2756698627528,34.994399779764244,63.51380067400543
1170952,116.4112252392775,35.339121947637814,64.13946121386397
167081,114.05405488371724,34.623552375414164,62.84072360257117
767556,127.1729006841119,38.606059136248255,70.06885559461529
1150766,114.62405558795146,34.796588303485265,63.15477869464635
