UE ID,Internet usage,Data rate,optimal GU
925104,126.22180151576772,111.19539657341443,118.4706008921901
691867,109.04483972655473,96.06331118767916,102.3484654113711
1032168,122.51381749303233,107.9288392200523,114.99032181205651
440706,135.5884259370219,119.446946658805,127.2620268597463
82680,128.34164955545103,113.06288175123068,120.46027041081157
732526,105.12741338718081,92.61224512680215,98.67160573417387
553162,113.49501302278439,99.9837019486434,106.52535639333705
