UE ID,Internet usage
111950,0.8491614489078674
1183736,0.8331330211681729
813746,0.7770515329518727
380661,0.871461717225125
815499,0.8058605125963695
571223,0.8534586940358663
168798,0.8678520201845451
