UE ID,Internet usage
890340,0.44217021356778685
373748,0.3976076787956092
59302,0.38534908271031154
965637,0.40641323024222437
867300,0.46542320263600107
521519,0.3374971229377582
1063606,0.33661964009836165
