UE ID,Internet usage,Data rate,optimal GU
890340,125.47277739881451,40.330535592476096,71.1363782798205
373748,117.98627155705718,37.92415871476838,66.89192842708005
59302,115.92682741473428,37.262194526164585,65.72433334716251
965637,119.46560420007604,38.399658492881585,67.730631201316
867300,129.37927956212465,41.5861970021115,73.35115682701789
521519,107.88769817290533,34.67818869843386,61.166575476151095
1063606,107.74028105593861,34.630804625123126,61.082997826760796
