UE ID,Internet usage,Data rate,optimal GU
296118,121.11124207611088,103.08873581478487,111.73721331134338
630057,115.80379090383359,98.57108392409646,106.8405596761375
1194662,107.21037015644856,91.25644602602468,98.91227101635103
659999,118.55283050254938,100.91104024919382,109.37682318708389
248517,122.15625344584976,103.97823954021736,112.70134064033164
1109571,117.74223311108214,100.22106746955207,108.62896615839392
443526,123.39898057757158,105.03603703924247,113.84788050091477
