UE ID,Internet usage,Data rate,optimal GU
374304,103.00349335277222,39.85254207101306,64.06989193297167
254636,105.82556734813953,40.94441593826827,65.82526905684053
128564,119.4850354227255,46.22932918141165,74.32168616769812
1267920,130.37929636366195,50.44437061689301,81.0980982917497
1048535,106.70393080196487,41.28425894123641,66.37162578448783
297219,125.309729195215,48.48293093862485,77.94474290488994
426,116.27529182364847,44.98746409843542,72.3251720803448
