UE ID,Internet usage
876398,1.0634199717273114
914225,1.0422287791610991
1156342,1.0352873395173958
1238900,1.1390089840298616
72121,1.0323835307473461
1035631,1.0649754599994359
93528,0.9654041034687585
