UE ID,Internet usage,Data rate,optimal GU
1061948,113.21175188087665,7.412674230295495,28.968980578093905
827438,119.44630904768255,7.820889282883976,30.56429875379227
876769,124.67041310914945,8.162943715480024,31.901058998027477
498139,124.17847100865976,8.130733220805103,31.7751792998701
852552,122.13707750120301,7.997070550674006,31.25282108274802
17605,109.56430603239377,7.173853371168639,28.03566061626229
1219894,128.1994869204372,8.394014024552437,32.80408954917933
