UE ID,Internet usage
544617,0.5771230411937732
387788,0.5324275530370056
59712,0.5996687445368836
652140,0.6467636087854254
906059,0.6250807870528674
455985,0.5856997186945023
60239,0.5554895002437812
