UE ID,Internet usage
234392,1.0353609239697583
881937,1.0272398188271323
419052,0.879137302185987
473649,1.0119005164885053
449602,0.9168771072389751
999945,1.0533643532260526
631704,0.9647537917976502
