UE ID,Internet usage
937397,0.4629617752078755
1203030,0.31544220602692197
113546,0.40755389017829635
405072,0.4074010384170155
652934,0.39306231624162385
535302,0.4240726946260901
746694,0.38716333429243405
