UE ID,Internet usage,Data rate,optimal GU
937397,135.1133481313348,28.952860313857453,62.545326723777926
1203030,110.33006050853653,23.642155823257827,51.072893813962466
113546,125.80482344600331,26.958176452714994,58.23631709732351
405072,125.77914435010453,26.95267378930811,58.22442998575996
652934,123.37023902466179,26.436479790998952,57.10932350138795
535302,128.57998259322866,27.55285341283471,59.52096615660794
746694,122.37921005720017,26.224116440828606,56.65056623262154
