UE ID,Internet usage
985337,0.6109582962583665
875815,0.6412937036793848
1251562,0.640140108187775
364787,0.6645056592099312
494832,0.6643986903742346
3451,0.5704947049837709
976199,0.6536618391893215
