UE ID,Internet usage,Data rate,optimal GU
18462,105.87649034591995,99.57431830151997,102.67706340927577
1136968,127.26135223952606,119.68627174907809,123.41570721466155
438716,124.96195298996358,117.52374150246575,121.18579232251508
574430,124.36358990659593,116.96099526929856,120.60551086388364
777676,118.53768098657443,111.48186664213549,114.95565207423813
358515,111.16630822919757,104.54926607269772,107.80703102012365
816329,124.58446789823797,117.16872576143811,120.819714257663
