UE ID,Internet usage,Data rate,optimal GU
18462,105.87649034591995,59.87063442179997,79.61716302006626
1136968,127.26135223952606,71.96326465925581,95.69818374508364
438716,124.96195298996358,70.6630091312294,93.96907802668949
574430,124.36358990659593,70.32464905432508,93.51912005209076
777676,118.53768098657443,67.03023627217007,89.1381442687989
358515,111.16630822919757,62.861900486748624,83.59500825637284
816329,124.58446789823797,70.44955029959885,93.6852162176385
