UE ID,Internet usage,Data rate,optimal GU
1026124,96.9988073002873,83.14183482881768,89.80344545257047
61811,119.42064778844241,102.36055524723635,110.56203605039848
1011692,130.0173231458223,111.44341983927626,120.37265108702526
977589,101.3557984529839,86.8763986739862,93.83723543626817
183349,118.66924745712387,101.71649782039188,109.86637452068803
872283,108.58624119884765,93.0739210275837,100.53132466064346
1166196,125.36567961859366,107.45629681593742,116.0660660125401
