UE ID,Internet usage,Data rate,optimal GU
1026124,96.9988073002873,19.05333714827072,42.990126523104315
61811,119.42064778844241,23.45762724415833,52.9275452016925
1011692,130.0173231458223,25.53911704650081,57.62401959160672
977589,101.3557984529839,19.909174696121838,44.9211564617984
183349,118.66924745712387,23.310030750506474,52.59452259850848
872283,108.58624119884765,21.32944023548793,48.12570770437665
1166196,125.36567961859366,24.625401353652325,55.562398945521245
