UE ID,Internet usage
311829,0.3379315204924528
142974,0.4343125899519669
781097,0.3801858793870795
687130,0.4174266740588148
175937,0.40366237713540176
1132359,0.42759457959400227
93970,0.2830710290652359
