UE ID,Internet usage
311829,0.3796002982878714
142974,0.4759813677487156
781097,0.4218546571829414
687130,0.4590954518564501
175937,0.44533115492993364
1132359,0.4692633573894209
93970,0.3247398068606545
