UE ID,Internet usage,Data rate,optimal GU
189539,119.79820441135278,93.41407605885247,105.78675993996633
746017,112.26659703858809,87.54121554794666,99.13603971406923
1128953,127.01038435791656,99.03785923147066,112.15541256209761
707014,121.8884036060106,95.04393376421065,107.6324921153229
562191,109.41996162470808,85.3215176954569,96.6223431303482
816896,122.2135264239071,95.29745215197518,107.91958898506999
903408,119.64973547591613,93.29830563895842,105.65565574096141
