UE ID,Internet usage,Data rate,optimal GU
189539,119.79820441135278,70.59537045669003,91.96302855205307
746017,112.26659703858809,66.15710182631084,86.1813941171485
1128953,127.01038435791656,74.84540506805797,97.49945469138788
707014,121.8884036060106,71.82709498211338,93.56756886350684
562191,109.41996162470808,64.47962024313155,83.99617594021292
816896,122.2135264239071,72.01868521408811,93.81714922351352
903408,119.64973547591613,70.507879834022,91.84905645192232
