UE ID,Internet usage
1101225,0.8628375143243322
1170058,0.8355046081843853
353126,0.8259064842626991
285332,0.9128028246302122
79936,0.8516820356993783
348475,0.9026175392401472
389524,0.8748072704522181
