UE ID,Internet usage
1101225,0.2944100963732299
1170058,0.2670771902354998
353126,0.2574790663124834
285332,0.3443754066786665
79936,0.2832546177491627
348475,0.33419012128904496
389524,0.3063798525042191
