UE ID,Internet usage,Data rate,optimal GU
1101225,115.24245799855343,110.44068891528038,112.8160292407533
1170058,110.6505297674458,106.04009102713556,108.32078401092159
353126,109.03804494837696,104.49479307552792,106.74225004299265
285332,123.6366301298939,118.48510387448167,121.03346216493746
79936,113.36833758974349,108.64465685683751,110.98136841771144
348475,121.92550218441002,116.84527292672627,119.35836200059695
389524,117.25337702860979,112.36781965241772,114.78460839149021
