UE ID,Internet usage,Data rate,optimal GU
1101225,115.24245799855343,19.89304334498839,47.88030087779553
1170058,110.6505297674458,19.100389066999572,45.9724718611892
353126,109.03804494837696,18.822043473231737,45.302525561546204
285332,123.6366301298939,21.342037343850734,51.36786522038906
79936,113.36833758974349,19.569534464896197,47.10165166626827
348475,121.92550218441002,21.046664067546967,50.65693521860794
389524,117.25337702860979,20.240166272795737,48.71578642602283
