UE ID,Internet usage
128015,0.7644578368775041
789898,0.549413073375384
40003,0.6815061871416727
109650,0.6629467662471307
350963,0.6724247697478982
828501,0.5854710455494568
192913,0.6765690826096717
