UE ID,Internet usage
128015,0.527576771661367
789898,0.3125320081574734
40003,0.444625121921102
109650,0.42606570102833335
350963,0.43554370452910096
828501,0.34858998033243294
192913,0.4396880173913179
