UE ID,Internet usage
128015,0.5018056271240263
789898,0.2867608636227928
40003,0.41885397738686475
109650,0.4002945564936528
350963,0.40977255999442036
828501,0.3228188357977524
192913,0.41391687285663736
