UE ID,Internet usage
128015,0.7874501243820691
789898,0.572405360879949
40003,0.7044984746418042
109650,0.6859390537472623
350963,0.6954170572480297
828501,0.6084633330540218
192913,0.6995613701142368
