UE ID,Internet usage,Data rate,optimal GU
829801,103.44912607185525,53.57186885863932,74.44436187826633
913977,116.6546280109644,60.41043236282085,83.94734370583974
400816,102.78736462677773,53.22917096743846,73.96814317671621
147210,108.43815506128645,56.15547315673762,78.03458147328159
1136890,109.92131680227972,56.92353905832342,79.10189865190918
93486,112.51989070243329,58.26922911376009,80.97189198231278
967502,115.01084449189602,59.55918732616044,82.7644394147193
