UE ID,Internet usage
491,0.7749766874374512
945920,0.7048350727900026
752681,0.7482446936005691
1249305,0.787871971580977
1280088,0.7473557002729623
1039417,0.8341460611786516
721608,0.7152408073858878
