UE ID,Internet usage,Data rate,optimal GU
767871,106.28505881476637,17.71417646912773,43.39069356297951
1093977,107.08644599275176,17.84774099879196,43.7178585083917
485695,121.47954710734844,20.246591184558074,49.59381743289932
1249623,117.92903046346936,19.654838410578225,48.14432508277219
984025,122.8431771955353,20.473862865922552,50.150517085226696
646281,109.56502885217937,18.260838142029893,44.729735723526055
897841,115.92188453292421,19.3203140888207,47.32491118791563
