UE ID,Internet usage
760955,0.4679245636439046
850758,0.4321333645239252
623156,0.310685425546541
1256407,0.4172844757884305
216718,0.44860559893045343
368717,0.3895699623756142
187940,0.41548284784320266
