UE ID,Internet usage,Data rate,optimal GU
1081484,107.29935017262557,7.664239298044683,28.67695758353202
123632,108.97441862408041,7.783887044577172,29.12463845815616
212599,116.36592913701887,8.311852081215633,31.100102737452833
1266261,109.95205634062519,7.853718310044656,29.385923128420345
706537,111.45685818338723,7.9612041559562305,29.78809833774903
710572,108.61343137577319,7.7581022411266565,29.028160557859024
447079,130.69139101830223,9.33509935845016,34.92874347081372
