UE ID,Internet usage,Data rate,optimal GU
29249,109.79026118193873,35.2897268084803,62.245227313765334
550062,113.92021438996007,36.61721176820145,64.58669069549916
1260056,130.07623736474915,41.810219152955085,73.74629475988584
1106358,118.89444433903634,38.21607139469025,67.40681399749316
336172,111.99510199203105,35.99842564029569,63.495254556049005
813465,113.44848686122461,36.46558506253648,64.3192463252955
1172452,108.76784968055664,34.96109454017892,61.66557447728765
