UE ID,Internet usage
908922,0.35519017108710005
769659,0.42284342811061093
653742,0.3684447169367181
610269,0.45807302264083516
1092092,0.3444506836775925
44398,0.36073925131147067
1058157,0.4159220508376314
