UE ID,Internet usage
75677,0.40699239533109244
353405,0.29973615961718153
1021501,0.34056958581436014
390312,0.2779882045246553
1191055,0.36953436795693384
19934,0.3192582586043314
377637,0.34566562590973066
