UE ID,Internet usage
805639,0.9978808267741954
359399,1.1060132968074754
348445,1.0244824980307663
938711,1.03564354838206
1299409,0.9688120200040471
28276,1.0001631989847206
185813,1.0317510418022984
