UE ID,Internet usage
805639,0.4112840338478372
359399,0.5194165038820039
348445,0.4378857051035214
938711,0.4490467554565884
1299409,0.38221522707680206
28276,0.4135664060583625
185813,0.445154248876827
