UE ID,Internet usage,Data rate,optimal GU
805639,115.33134062283769,67.96311143845791,88.53404291625152
359399,133.497595588551,78.6682259718247,102.4793589775785
348445,119.80042139381743,70.59667689278527,91.96473041747498
938711,121.67547785337031,71.70162087787894,93.40411652158117
1299409,110.44778108533258,65.08529956814242,84.78518100809531
28276,115.714779154213,68.18906628730409,88.82838930301159
185813,121.02153674743792,71.31626272616877,92.90211897586067
