UE ID,Internet usage,Data rate,optimal GU
145658,115.24275723411208,97.40756861454712,105.95053932194668
262340,115.35701151678788,97.50414068680881,106.05558108908134
1041803,112.379281176795,94.98724956610054,103.31795016936414
593144,118.12519011312602,99.84391069085652,108.60055677571549
488263,122.66479147308235,103.68095469748627,112.7741224204261
365812,104.37981886756315,88.22579928091648,95.96349799995852
490787,108.90528173376939,92.05089289401937,100.12406516151952
