UE ID,Internet usage
452840,0.6830951870854386
90607,0.7386131046691283
664423,0.7230391694184208
522526,0.6695833155787807
733319,0.7386051565160634
778495,0.7796168647422675
1053533,0.7330702309678307
