UE ID,Internet usage,Data rate,optimal GU
452840,111.73985468935794,70.50252736352346,88.75777240801277
90607,121.06686484336952,76.38742662736409,96.16645077795008
664423,118.45044372135,74.73658949085178,94.08816178144718
522526,109.46986027590209,69.07026898360489,86.95465884502222
733319,121.06552955381068,76.38658412323768,96.16539012392388
778495,127.9554965355106,80.73382519502455,101.6382639070566
1053533,120.13566206160071,75.79988201505759,95.42677302555171
