UE ID,Internet usage,Data rate,optimal GU
452840,111.73985468935794,4.6558272787232475,22.808802326805424
90607,121.06686484336952,5.044452701807063,24.71267030206258
664423,118.45044372135,4.93543515505625,24.178595576963577
522526,109.46986027590209,4.561244178162587,22.34544165747749
733319,121.06552955381068,5.044397064742111,24.712397737222744
778495,127.9554965355106,5.331479022312942,26.118806358038473
1053533,120.13566206160071,5.005652585900029,24.52258933019643
