UE ID,Internet usage,Data rate,optimal GU
408580,106.72331634153859,10.164125365860817,32.935530461126945
1205168,120.50447904229748,11.476617051647379,37.188489603326396
223642,116.81873881757825,11.12559417310269,36.05104547579798
966516,116.07423753032052,11.054689288601955,35.821287390448056
465884,119.67454072937642,11.39757530755966,36.932365079435186
593548,123.70676405753794,11.781596576908376,38.17673621409642
44449,119.55040413754753,11.385752775004526,36.89405569549103
