UE ID,Internet usage,Data rate,optimal GU
1136172,121.74571788109526,55.07544380335261,81.88528221517639
920053,120.20922918289614,54.380365582738726,80.85185111910003
1163756,118.84701652472394,53.764126523089395,79.93563681692261
745083,121.1326672573656,54.79811137833205,81.47294883532544
1042340,117.41098661023152,53.114493942723776,78.9697735663359
311638,111.21680151476043,50.312362590010665,74.80360983209215
871486,128.31891547840735,58.04903319261284,86.30636699482923
