UE ID,Internet usage,Data rate,optimal GU
1136172,121.74571788109526,11.594830274390025,37.571544225185505
920053,120.20922918289614,11.44849801741868,37.09737351856347
1163756,118.84701652472394,11.318763478545137,36.676985565529996
745083,121.1326672573656,11.536444500701485,37.382352695309834
1042340,117.41098661023152,11.181998724783954,36.233817112626085
311638,111.21680151476043,10.592076334739088,34.32225009159318
871486,128.31891547840735,12.220849093181652,39.60007704364156
