UE ID,Internet usage
1080088,0.7641697674463903
166660,0.726289517561903
514878,0.8073028382336782
281416,0.7443467499866091
113581,0.7507999673181582
799459,0.8010326417151037
509438,0.7571455946146177
