UE ID,Internet usage
356164,0.5888526663935032
971466,0.6016548322129025
352841,0.6443023521553229
135539,0.6714959716406215
362373,0.516836195501246
1125153,0.6280053005777522
1097231,0.5971088241111077
