UE ID,Internet usage
356164,1.0165292689461882
971466,1.0293314347655873
352841,1.0719789547080079
135539,1.0991725741977398
362373,0.944512798053931
1125153,1.0556819031348705
1097231,1.0247854266637926
