UE ID,Internet usage,Data rate,optimal GU
356164,117.05165359087272,6.967360332790043,28.55767931951978
971466,119.20241744880971,7.095381991000578,29.082411970983724
352841,126.36720079885214,7.521857190407865,30.830440119475437
135539,130.93572887290293,7.79379338529184,31.945046839658833
362373,104.95288648113268,6.247195623876945,25.605882393274126
1125153,123.62929613421846,7.358886674655861,30.162459778989902
1097231,118.43868808742805,7.049921909965955,28.8960810861124
