UE ID,Internet usage
528977,0.40442181633725216
561585,0.27575875157606083
494726,0.4195450071040938
446490,0.3016579427715936
399621,0.38665678487535393
775732,0.3759387839768666
655787,0.3814995363076036
