UE ID,Internet usage
528977,0.6498761761874619
561585,0.5212131114276005
494726,0.6649993669560769
446490,0.5471123026244633
399621,0.6321111447282237
775732,0.6213931438284063
655787,0.6269538961569265
