UE ID,Internet usage
190226,0.14225912147807765
162344,0.31243081140295376
143452,0.34486379985401544
634834,0.26229698110010957
907286,0.32023643841862615
390085,0.31154003851334194
33493,0.25887360477809435
