UE ID,Internet usage
190226,0.5168040150743967
162344,0.6869757050006028
143452,0.7194086934516645
634834,0.6368418746982019
907286,0.6947813320162751
390085,0.6860849321105476
33493,0.6334184983770734
