UE ID,Internet usage,Data rate,optimal GU
792284,114.42479769841029,64.70449869850582,86.04533208578825
527363,109.42571954919758,61.87763903079625,82.28611775354572
65510,109.1681195729534,61.73197237756294,82.09240733458878
1067904,109.98893773989934,62.196125507681174,82.70964741870993
1022697,112.41327606133812,63.567031106113824,84.53270500895638
1255974,113.02701663616305,63.91408678830649,84.99422657279192
411276,131.0779306344272,74.12144887065824,98.56818012721642
