UE ID,Internet usage,Data rate,optimal GU
47388,116.4744377917522,65.86352137033606,87.58662353690173
24720,124.03949137321308,70.14137905032882,93.2754039477639
810756,122.77921477448305,69.42872264033268,92.32769924879217
132906,119.20214303233948,67.4059737385253,89.63780744091085
1105716,125.08602023780297,70.73316620590049,94.06237430298658
1184338,104.34555890956332,59.004929145288784,78.46593088777027
20010,113.02928410136902,63.915368985893195,84.9959316647
