UE ID,Internet usage,Data rate,optimal GU
871835,121.74248499411488,78.98768371641977,98.06200538213628
916504,130.03858207880157,84.37027051541291,104.74440485023158
137303,112.14413360155268,72.760181920055,90.33065682322876
983279,120.04343488181286,77.88532382212857,96.69344237584366
952208,117.68340055147104,76.35411107208537,94.79246508582702
540275,124.61717003855507,80.85280675120536,100.37752720110907
75649,112.58469411906039,73.04602177962846,90.68552265204019
