UE ID,Internet usage,Data rate,optimal GU
871835,121.74248499411488,107.24933201862501,114.26635635175518
916504,130.03858207880157,114.55779849799187,122.05299538621708
137303,112.14413360155268,98.79364150612975,105.25743361894833
983279,120.04343488181286,105.75254977683514,112.67164382719008
952208,117.68340055147104,103.67347191439116,110.45653770539332
540275,124.61717003855507,109.7817926530128,116.96450881433175
75649,112.58469411906039,99.18175434298178,105.6709395950296
