UE ID,Internet usage
1237956,0.4007488712099392
439266,0.2902175434459125
328952,0.35271320152787183
691143,0.28150540053952344
762849,0.24552213089115532
886761,0.21537181380762369
106866,0.29537070459596126
