UE ID,Internet usage
558699,0.8733974919044378
859091,0.8543183095315716
21732,0.842079971470622
154254,0.7997325104529647
1179919,0.9070066467183134
1032987,0.8012897937158857
785237,0.7822916955731561
