UE ID,Internet usage
859440,0.8108784425834307
604519,0.9118055209321174
763940,0.9021324271101191
469624,0.8816258265996806
955062,0.7702430710229987
1240095,0.8415719442753512
547684,0.7965770599300515
