UE ID,Internet usage
615679,0.6871029245587829
422213,0.7625831469706847
1263413,0.7418668126679739
118638,0.7305684363568367
225338,0.7190993782538331
1248314,0.6777068111444811
123105,0.7150461455515653
