UE ID,Internet usage,Data rate,optimal GU
894404,116.45927174812441,67.24136523552421,88.49226195933066
262678,112.61811841951204,65.02355646840874,85.57353903174207
235186,129.1854595205821,74.58922365176466,98.16233051805915
1011976,121.76287320621879,70.30356369644775,92.52223469153722
612943,119.44324938436904,68.9642570850226,90.75965490025892
649522,106.20843616955541,61.32272802646949,80.7031043104433
1017287,120.63807865225635,69.65412874564801,91.66755294035003
