UE ID,Internet usage
127056,0.4404816866459505
211430,0.4157627013019711
513954,0.3069065899958213
803120,0.38293480450675255
529595,0.2757749676156466
196307,0.3895626570841415
401244,0.3603400626522533
