UE ID,Internet usage,Data rate,optimal GU
127056,131.33669325256113,26.580045063018325,59.08413683114013
211430,127.18390371479177,25.739599561326905,57.21593093068658
513954,108.8960770153967,22.03849177692552,48.98882829628882
803120,121.6688170531604,24.62345107028246,54.7348715490193
529595,103.66596445552997,20.980016616000114,46.63596955988689
196307,122.78229628615823,24.848798057912973,55.23578989660222
401244,117.87290042164803,23.85522984723829,53.027211244030596
