UE ID,Internet usage
92594,1.0524090858054134
462559,1.0715150965598497
421774,1.0345546861835921
701912,1.074390055307115
524203,1.023832802629073
697351,1.0063097448723328
55922,0.9742157841397614
