UE ID,Internet usage
92594,0.5087234491185563
462559,0.5278294598729926
421774,0.49086904949673493
701912,0.530704418620258
524203,0.48014716594221596
697351,0.4626241081854758
55922,0.430530147452461
