UE ID,Internet usage,Data rate,optimal GU
92594,122.56758025232762,2.9182757202935146,18.912588229681692
462559,125.77739005861977,2.9946997633004706,19.407872635533746
421774,119.56804111586602,2.846858121806334,18.44974929258327
701912,126.26038312815417,3.006199598289385,19.482400084171378
524203,117.76676467881146,2.803970587590749,18.17180630413797
697351,114.82289097562679,2.733878356562543,17.717556729871266
55922,109.43110557214689,2.605502513622545,16.885586179837606
