UE ID,Internet usage,Data rate,optimal GU
280010,105.54833092814985,54.03069321321957,75.51721318710219
1053294,122.56091587475669,62.73951645969688,87.68929580535941
1135868,113.32880732559612,58.01355613095992,81.08395109414816
593873,127.94233493369087,65.49429050177034,91.53956768317157
497678,131.61061008959305,67.37209802205359,94.16412758422571
308829,121.94049036080125,62.42191768469588,87.24539673663813
421447,125.38660658116217,64.18600098797587,89.71100742884018
