UE ID,Internet usage,Data rate,optimal GU
302022,108.53588873432314,67.83493045895196,85.80515406776773
1177494,134.45727830239795,84.03579893899871,106.29781185567889
1138900,111.78821095583946,69.86763184739966,88.3763405439603
887301,105.69833883533896,66.06146177208684,83.56187390397506
1007654,126.1342943520857,78.83393397005356,99.7179153026758
851875,126.10694922171416,78.81684326357134,99.69629707895372
756098,112.35161557608956,70.21975973505597,88.82175100502343
