UE ID,Internet usage,Data rate,optimal GU
302022,108.53588873432314,52.97585045365772,75.82731045239792
1177494,134.45727830239795,65.62795726664662,93.93698161331024
1138900,111.78821095583946,54.563293442731165,78.09950677066664
887301,105.69833883533896,51.59085586010592,73.844889894336
1007654,126.1342943520857,61.56554843375611,88.12222766187304
851875,126.10694922171416,61.55220140583667,88.10312331109816
756098,112.35161557608956,54.83828855499609,78.49312272155818
