UE ID,Internet usage,Data rate,optimal GU
302022,108.53588873432314,38.762817405115406,64.86259967739876
1177494,134.45727830239795,48.0204565365707,80.35359288013132
1138900,111.78821095583946,39.92436105565695,66.80623396036391
887301,105.69833883533896,37.74940672690677,63.166839267558856
1007654,126.1342943520857,45.04796226860204,75.37965861390923
851875,126.10694922171416,45.0381961506122,75.36331677283621
756098,112.35161557608956,40.12557699146056,67.14293262074096
