UE ID,Internet usage
87359,0.9641819758389314
686764,0.9810766556182805
212723,0.9760468471197092
712492,0.907963258715079
481336,0.937294060794802
751843,0.911943369088352
621915,0.9602244179780149
