UE ID,Internet usage
90843,0.7008914889383782
430225,0.5841168137818253
1036350,0.6064630926038077
458279,0.6123838128919039
467695,0.6232772040539356
497982,0.613981977327799
7951,0.6272849664343089
