UE ID,Internet usage
1003642,0.337189479782304
799547,0.369297104607663
365819,0.30706220026465775
209253,0.30971226933990986
910655,0.3895782654476363
896100,0.3719151971328224
1179565,0.32977044910451137
