UE ID,Internet usage,Data rate,optimal GU
1003642,111.15335164377262,27.788337910943156,55.57667582188631
799547,116.5474326145034,29.13685815362585,58.2737163072517
365819,106.09196868480544,26.52299217120136,53.04598434240272
209253,106.53718028949915,26.634295072374787,53.268590144749574
910655,119.95466763559816,29.98866690889954,59.97733381779908
896100,116.98727215872492,29.24681803968123,58.49363607936246
1179565,109.90695448996901,27.476738622492253,54.953477244984505
