UE ID,Internet usage,Data rate,optimal GU
732194,116.8043691603718,4.866848715015492,23.842592014215878
29549,110.06300435185608,4.58595851466067,22.46651668498098
93889,109.42935582435194,4.559556492681331,22.337173720926724
1297140,126.00130318982461,5.250054299576026,25.719908311732393
336752,122.49803757631213,5.104084899013006,25.00480721285374
889581,104.5083784036065,4.354515766816937,21.332683411211427
317999,111.97620515723563,4.665675214884818,22.857047164036125
