UE ID,Internet usage,Data rate,optimal GU
164713,116.45318248023457,81.1013235130205,97.18285459097359
541806,121.68728505200413,84.74650208978859,101.5508333641845
1140504,113.34055044338758,78.93359763021635,94.58529168895973
1184724,122.90254777044863,85.5928457687053,102.56499800564005
992493,128.2224787915976,89.29779772986262,107.00460259051329
773028,104.50762985639022,72.78209936427176,87.21401665175344
121995,118.88694769715332,82.79626714623177,99.21388754470611
