UE ID,Internet usage
864212,0.3737416230220306
787694,0.4417150261669258
987749,0.4391003857249592
451186,0.3480179371935012
952891,0.33560286670333866
483709,0.4405499839084013
538565,0.3856232536184311
