UE ID,Internet usage,Data rate,optimal GU
864212,110.54890818218844,48.03613272202236,72.87209360046043
787694,121.96843991055873,52.998191151611834,80.39966848715032
987749,121.52918031632305,52.80732239935466,80.1101155029337
451186,106.22732896302477,46.158303656552434,70.02337686015854
952891,104.14159712070187,45.25200351078117,68.6484953842716
483709,121.77271281109165,52.91314306672435,80.27064827567067
538565,112.5450221223616,48.903491755549986,74.18790037121352
