UE ID,Internet usage,Data rate,optimal GU
864212,110.54890818218844,40.139782137580326,66.61388061042845
787694,121.96843991055873,44.286159729429066,73.4949917465692
987749,121.52918031632305,44.12666666247444,73.23030540412991
451186,106.22732896302477,38.57063730205066,64.00981000595495
952891,104.14159712070187,37.81331800215961,62.75300255109623
483709,121.77271281109165,44.215092151646374,73.37705171576728
538565,112.5450221223616,40.86456160395272,67.8166866614513
