UE ID,Internet usage,Data rate,optimal GU
864212,110.54890818218844,42.11386978369084,68.23226746865356
787694,121.96843991055873,46.46416758497475,75.28055547139729
987749,121.52918031632305,46.2968305966945,75.00943856382307
451186,106.22732896302477,40.46755389067611,65.56493086607951
952891,104.14159712070187,39.672989379315,64.27758922450738
483709,121.77271281109165,46.38960488041587,75.15975008289276
538565,112.5450221223616,42.87429414185204,69.46429574015255
