UE ID,Internet usage
1194108,0.2622574642963255
455869,0.3144095852620075
833809,0.29925597295190104
161439,0.3412436524646759
808329,0.3052149983877527
217204,0.3513902304965936
862329,0.4004939934802655
