UE ID,Internet usage,Data rate,optimal GU
1194108,109.84081580968413,7.191958178015032,28.106414811254396
455869,118.60237213185354,7.765631508633267,30.34834951073567
833809,116.0565652638164,7.598941773226073,29.69692041004172
161439,123.11049542191955,8.06080624786378,31.50190233421808
808329,117.05768153699867,7.66449105301777,29.953089203408215
217204,124.81512053132961,8.17241860621801,31.938087190180656
862329,133.06455271262422,8.712559999040872,34.04897794727876
