UE ID,Internet usage
697226,0.7560438985795356
946539,0.8290623764752856
995013,0.800265904858813
414321,0.7808924431268828
255581,0.7919233770480868
831387,0.7963835610961556
212179,0.753674849588697
