UE ID,Internet usage
697226,0.988988506754801
946539,1.062006984650551
995013,1.0332105130340785
414321,1.0138370513021482
255581,1.0248679852277855
831387,1.0293281692714211
212179,0.9866194577639624
