UE ID,Internet usage
697226,0.5713677852202691
946539,0.6443862631115856
995013,0.6155897914995465
414321,0.5962163297676164
255581,0.6072472636888203
831387,0.6117074477368891
212179,0.5689987362294305
