UE ID,Internet usage,Data rate,optimal GU
697226,114.00420638281165,114.00420638281165,114.00420638281165
946539,126.27131066907945,126.27131066907945,126.27131066907945
995013,121.43350343773379,121.43350343773379,121.43350343773379
414321,118.17876186689011,118.17876186689011,118.17876186689011
255581,120.03195876588418,120.03195876588418,120.03195876588418
831387,120.78126968572701,120.78126968572701,120.78126968572701
212179,113.60620615252367,113.60620615252367,113.60620615252367
