UE ID,Internet usage,Data rate,optimal GU
697226,114.00420638281165,35.28701626134646,63.42608520547498
946539,126.27131066907945,39.083977111857926,70.25087199511906
995013,121.43350343773379,37.58656058786998,67.55936452009965
414321,118.17876186689011,36.57914057784694,65.74859347274945
255581,120.03195876588418,37.152749141821296,66.7796170476466
831387,120.78126968572701,37.384678712248835,67.19649515903626
212179,113.60620615252367,35.16382571387637,63.20465831852943
