UE ID,Internet usage
974730,0.29051058204523067
435339,0.4094387763294214
494174,0.3552799476655517
1143859,0.45786052222206086
489442,0.3691501378608525
164836,0.37366510333570213
618624,0.39141045403288627
