UE ID,Internet usage
974730,0.5598857805561727
435339,0.67881397483992
494174,0.6246551461738337
1143859,0.7272357207303427
489442,0.6385253363717944
164836,0.6430403018475308
618624,0.6607856525420549
