UE ID,Internet usage,Data rate,optimal GU
974730,98.68535486209201,64.61541092160786,79.85358324057079
435339,118.66529150187023,77.69751229289122,96.02082037353192
494174,109.56660828627496,71.74004113982288,88.65840617791538
1143859,126.8001448118549,83.02390434109547,102.60332886069777
489442,111.89680023911559,73.26576206132569,90.54393597443583
164836,112.65531443893288,73.762408263587,91.15770563538408
618624,115.63653335606824,75.71439684028277,93.57002926020675
