UE ID,Internet usage,Data rate,optimal GU
1269481,130.85588658626733,27.261643038805694,59.72726738803025
2581,105.6758279990776,22.015797499807835,48.23419564844236
177875,123.52664757542689,25.734718244880604,56.381942775043456
307947,109.6609132765081,22.84602359927252,50.0531298984677
576391,118.18295529160994,24.621449019085407,53.94289210486609
931095,108.9688465371176,22.701843028566167,49.73724609474834
523453,131.2577744441536,27.345369675865335,59.910703259156705
