UE ID,Internet usage
884580,1.0804478513409386
230260,1.028933612262677
1263298,1.0531109598768384
1200719,1.0176658384307602
1256124,1.084207718006898
123813,1.0161451181367438
998853,1.003188286241704
