UE ID,Internet usage
884580,0.7273663071575782
230260,0.6758520680793169
1263298,0.7000294156979118
1200719,0.6645842942518333
1256124,0.7311261738279711
123813,0.6630635739533836
998853,0.6501067420627774
