UE ID,Internet usage
803887,0.8879208333521563
448245,0.9288235120340341
547548,0.9797795917600685
1149643,1.0030256699824864
1083164,0.924138870943017
1214460,0.910194049989102
287333,0.979586691900764
