UE ID,Internet usage,Data rate,optimal GU
803887,107.95590061185244,69.40022182190513,86.55728420789382
448245,114.82755063052316,73.81771111962203,92.06686136182623
547548,123.38817202489187,79.32096773028763,98.93062827802939
1149643,127.29351316586848,81.83154417805831,102.06186724831666
1083164,114.04053092770226,73.31176988209431,91.43584177226985
1214460,111.69780100697146,71.80572921876737,89.55747904803012
287333,123.35576484837141,79.30013454538162,98.90464473129819
