UE ID,Internet usage
788910,0.9472863621435283
987755,0.9886797839434788
17081,0.942816506613616
1028101,1.0269662871607066
694298,0.9462151026220856
194231,1.0398887169688997
1292478,1.0415012855812664
