UE ID,Internet usage
788910,0.9768649253829602
987755,1.0182583471829105
17081,0.9723950698574815
1028101,1.0565448504001387
694298,0.9757936658615175
194231,1.069467280212765
1292478,1.0710798488206983
