UE ID,Internet usage
788910,0.3069395946724285
987755,0.3483330164759257
17081,0.30246973914694975
1028101,0.38661951969315356
694298,0.30586833515320255
194231,0.3995419495017899
1292478,0.4011545181110533
