UE ID,Internet usage,Data rate,optimal GU
788910,110.19212094824333,59.03149336513035,80.6523741538082
987755,117.14621581121627,62.756901327437284,85.74225041685793
17081,109.44118521990218,58.62920636780474,80.10274547975735
1028101,123.57834835170921,66.20268661698708,90.4500893784692
694298,110.012149348985,58.93508000838482,80.52064843117454
194231,125.749316559592,67.36570529978142,92.03907540280052
1292478,126.02022808595358,67.51083647461799,92.23736233655467
