UE ID,Internet usage,Data rate,optimal GU
788910,110.19212094824333,97.0740113115477,103.4252928222744
987755,117.14621581121627,103.20023773845243,109.95234113868413
17081,109.44118521990218,96.41247269372336,102.72047157982941
1028101,123.57834835170921,108.86664021460098,115.98948050715701
694298,110.012149348985,96.91546490267727,103.25637316456377
194231,125.749316559592,110.77915982630725,118.02713093693309
1292478,126.02022808595358,111.01781998048291,118.28140595861123
