UE ID,Internet usage,Data rate,optimal GU
178005,114.77068291509649,81.29590039819334,96.59392324001709
1166099,114.11941894338976,80.8345884182344,96.04580293181465
752169,115.16461516819894,81.5749357441409,96.92546663464944
647637,109.50045290918048,77.5628208106695,92.15836374242937
278269,117.33700030510951,83.11370854945257,98.75380116950384
746852,111.6379341294677,79.07687000837295,93.95732225409162
822577,119.94658002998572,84.96216085457321,100.95008977937358
