UE ID,Internet usage,Data rate,optimal GU
1011502,120.35140797187927,15.760303424888951,43.55197707624094
386168,114.98674825636766,15.057788462143384,41.61064925225415
1233024,115.69144979496494,15.150070806483503,41.86566201672261
185583,110.99023512445831,14.534435552012397,40.164417328266346
128244,112.09758353486475,14.679445462898956,40.56513729821221
539890,122.05076218176801,15.982837904755334,44.16692821674426
481974,119.77848406168869,15.685277674744947,43.344651134454864
