UE ID,Internet usage,Data rate,optimal GU
180082,117.46125801854781,11.186786477956934,36.24933120604711
816777,125.1736135697189,11.92129653044942,38.62941580133599
558211,111.62365312956666,10.630824107577777,34.44780722579736
748545,117.97602063563649,11.235811489108237,36.408190398551184
735671,112.01291972739673,10.667897116894927,34.567937505944414
278025,112.58002768101345,10.721907398191757,34.742950820010826
1119952,118.92172080408747,11.325878171817854,36.70003980665459
