UE ID,Internet usage
78311,0.42179776164327853
1049450,0.43108273310901707
1272243,0.4030599871898093
199493,0.44593490704218636
995833,0.4066381085806085
1149798,0.41430286214309686
661339,0.3887425082669352
