UE ID,Internet usage
78311,0.4034595687177307
1049450,0.4127445401830259
1272243,0.3847217942638182
199493,0.42759671411708194
995833,0.3882999156546174
1149798,0.3959646692175491
661339,0.37040431534138735
