UE ID,Internet usage,Data rate,optimal GU
78311,120.33158701093147,118.8990681179442,119.6131830558533
1049450,121.89146221711965,120.44037338120157,121.1637454910111
1272243,117.18364090269233,115.78859755861266,116.48403082369198
199493,124.38662743802688,122.90583425424086,123.64401406999912
995833,117.7847652963324,116.38256570947131,117.08156638290701
1149798,119.07244389489692,117.65491480091006,118.36155727933897
661339,114.7783044436858,113.41189605745146,114.09305471069575
