UE ID,Internet usage,Data rate,optimal GU
372803,116.76291271807366,53.516334995783765,79.04886559656559
557234,115.13258117136712,52.76909970354327,77.94512592175447
145532,126.34866525766222,57.90980490976185,85.53845074397843
439958,121.49200653840916,55.6838363301042,82.25047724785993
536229,123.53455841561558,56.62000594049048,83.63329140568379
927789,121.58093822985533,55.7245966886837,82.31068428758476
947658,123.56738777403804,56.63505272976744,83.65551698640243
