UE ID,Internet usage,Data rate,optimal GU
372803,116.76291271807366,97.3024272650614,106.58946862615966
557234,115.13258117136712,95.94381764280594,105.10118635225389
145532,126.34866525766222,105.29055438138519,115.34002345381813
439958,121.49200653840916,101.24333878200764,110.90652089608638
536229,123.53455841561558,102.94546534634632,112.77110712612051
927789,121.58093822985533,101.31744852487945,110.98770405188999
947658,123.56738777403804,102.9728231450317,112.80107609304785
