UE ID,Internet usage,Data rate,optimal GU
323620,131.80954627468623,93.36509527790274,110.93426362703819
281491,95.94815552834513,67.96327683257779,80.75240588210453
621875,115.81496956020074,82.03560343847552,97.47282141745842
562737,123.99707269669234,87.83125982682374,104.3590873368905
407319,108.55918004145329,76.89608586269607,91.36616457776628
597102,117.48209328538567,83.21648274381485,98.87591510873891
493339,122.09188495926458,86.48175184614574,102.75563292333561
