UE ID,Internet usage
1047049,0.5182080782038259
11441,0.46106483602224646
7537,0.4798610954487038
942436,0.46311012176109134
110875,0.5704779215343099
7338,0.4582234950963193
508736,0.4326629138559572
