UE ID,Internet usage
889708,0.36038956899106556
1202801,0.31177397833258597
769172,0.29976461960289547
440326,0.3045909123046636
73803,0.3710935866813299
942893,0.3317095603419386
1028345,0.2865610643333396
