UE ID,Internet usage,Data rate,optimal GU
889708,119.7386586365103,82.67669286806664,99.49671504388995
1202801,111.57123940590122,77.0372843516937,92.7100064479736
769172,109.55366713932479,75.64419873905759,91.03350685148654
440326,110.36448431320004,76.20404869244764,91.7072545468458
73803,121.53693360850347,83.91835892015716,100.9909897793546
942893,114.92041718349415,79.34981186479358,95.49300227207151
1028345,107.33546985404823,74.1125863277952,89.19029810238672
