UE ID,Internet usage,Data rate,optimal GU
204356,126.16468607206498,98.37841592524116,111.408626064031
224557,110.99169518016238,86.54709564643615,98.0102487432697
514225,126.84734209566766,98.91072508650277,112.01143951390927
1174682,113.22649168703106,88.28970482738733,99.98366631449657
1216652,123.96627710029512,96.66418035796822,109.46734018842695
346525,123.9382970555097,96.64236258495102,109.44263265382432
328070,111.00536590164864,86.55775555426175,98.0223205546894
