UE ID,Internet usage,Data rate,optimal GU
204356,126.16468607206498,104.386258119149,114.76000821645134
224557,110.99169518016238,91.83241446453911,100.95858236874396
514225,126.84734209566766,104.95107471010597,115.38095543485842
1174682,113.22649168703106,93.68144252676974,102.99136407236469
1216652,123.96627710029512,102.56733641036321,112.76032479062071
346525,123.9382970555097,102.54418625426099,112.73487400665383
328070,111.00536590164864,91.84372535910215,100.97101732307969
