UE ID,Internet usage,Data rate,optimal GU
301058,123.67897653403817,71.40988526072442,93.97819706431643
942795,118.81937742430338,68.60404529855612,90.28560212549478
483136,112.41150563372508,64.90426218137698,85.41654309239298
955272,105.7378051951857,61.05099466626793,80.34549259911323
826392,128.15892653106826,73.99652305662869,97.38231339400895
765977,121.89591956364303,70.38038212900818,92.62333074801424
708273,104.13001038116442,60.12268456531517,79.12380026218244
