UE ID,Internet usage,Data rate,optimal GU
301058,123.67897653403817,25.030269060460103,55.639177382212495
942795,118.81937742430338,24.04677876444235,53.45300068144912
483136,112.41150563372508,22.749947568730075,50.570306102388294
955272,105.7378051951857,21.399317718073295,47.56802379943401
826392,128.15892653106826,25.9369256074781,57.65456220777822
765977,121.89591956364303,24.66941229264204,54.837037634305524
708273,104.13001038116442,21.073930672378513,46.84472883566212
