UE ID,Internet usage,Data rate,optimal GU
301058,123.67897653403817,79.5079134861674,99.1637906008339
942795,118.81937742430338,76.38388548705217,95.26744312104121
483136,112.41150563372508,72.26453933596612,90.12971580274457
955272,105.7378051951857,67.97430333976223,84.778851400678
826392,128.15892653106826,82.38788134140103,102.75574160056938
765977,121.89591956364303,78.36166257662767,97.73416453990868
708273,104.13001038116442,66.94072095931999,83.48974768447094
