UE ID,Internet usage,Data rate,optimal GU
707690,106.44524673045504,43.718583478579745,68.21755936035396
439102,119.10255066436152,48.917119022862764,76.3292450295109
335788,107.14587451432708,44.00634131838433,68.66657064929232
243116,125.24610329877189,51.440363854852734,80.26646326512274
1232578,112.19765558236625,46.08117997132899,71.90410530179904
309997,112.71797544115459,46.2948827704742,72.23756266080301
596032,127.9727826764583,52.56025002783108,82.01391012646536
