UE ID,Internet usage
471040,0.38763150620723813
646955,0.2869131801347681
756213,0.3432788396782951
779700,0.3570432147281155
1021980,0.37097127574838723
1238364,0.38658571480220466
1189726,0.3632742250285204
