UE ID,Internet usage,Data rate,optimal GU
471040,123.12850022680246,53.50226497950345,81.16436191866006
646955,106.20782144662616,46.14982717621256,70.0105178135674
756213,115.67725224992667,50.264520322884806,76.25261698205453
779700,117.98966725829075,51.2693197015192,77.77692441940079
1021980,120.32958150972082,52.28606815600965,79.31935892328796
1238364,122.95280727075993,53.42592220693736,81.04854789798631
1189726,119.0364769887583,51.724183453448546,78.4669648541266
