UE ID,Internet usage,Data rate,optimal GU
471040,123.12850022680246,35.17957149337213,65.81495177085891
646955,106.20782144662616,30.345091841893186,56.770468521276655
756213,115.67725224992667,33.050643499979046,61.83209219466438
779700,117.98966725829075,33.71133350236879,63.06813000856901
1021980,120.32958150972082,34.37988043134881,64.31886678618058
1238364,122.95280727075993,35.12937350593141,65.72103993560452
1189726,119.0364769887583,34.01042199678808,63.62767334579054
