UE ID,Internet usage,Data rate,optimal GU
666029,123.6160467533223,43.412778324083426,73.2565084821923
493054,118.8994763540742,41.75636371958558,70.46140632082918
242627,125.73312788671346,44.15627705545294,74.51111883480489
1170770,116.07226812276264,40.76347511454164,68.78596523354629
88161,121.87303910599769,42.80065063841586,72.22357903772009
944816,119.01148578149237,41.79570036373839,70.52778459278703
732181,116.7881192881382,41.01487522619139,69.21018812649295
