UE ID,Internet usage,Data rate,optimal GU
666029,123.6160467533223,55.92154495983627,83.14325177832013
493054,118.8994763540742,53.787858350652606,79.97092091566604
242627,125.73312788671346,56.87927213922751,84.56718511328535
1170770,116.07226812276264,52.50888319839262,78.0693612720807
88161,121.87303910599769,55.13304150033228,81.97091754276384
944816,119.01148578149237,53.838529282103686,80.04625763990184
732181,116.7881192881382,52.83272063034823,78.55083754673778
