UE ID,Internet usage
473581,0.3089556098431903
97580,0.38478918542158624
141425,0.31412450460477526
135972,0.38334525222219973
685853,0.3763955118012195
15079,0.45225642571775326
429367,0.3615498251223354
