UE ID,Internet usage,Data rate,optimal GU
1020002,120.12713389963699,83.6599682515329,100.2488514058454
524634,113.82675908635115,79.27220722085168,94.99104396505594
25264,113.95570232335896,79.36200697519642,95.09865005692679
312647,115.94326826878113,80.74620468718686,96.75731947368332
544968,120.97723231717325,84.25200107803137,100.95827805387596
710327,111.18366015419316,77.43147760738452,92.78531721957121
947177,124.24330455708227,86.52658710225373,103.68389032839295
