UE ID,Internet usage,Data rate,optimal GU
1020002,120.12713389963699,117.98200650857206,119.04973873807148
524634,113.82675908635115,111.7941383883806,112.80587066992746
25264,113.95570232335896,111.9207790675847,112.93365744198718
312647,115.94326826878113,113.87285276398147,114.9033973237768
544968,120.97723231717325,118.81692459722373,119.89221280054177
710327,111.18366015419316,109.19823765143973,110.18647713977653
947177,124.24330455708227,122.02467411856296,123.1289923210262
