UE ID,Internet usage
583096,0.7484570419038088
117825,0.7184335445647796
642014,0.7094729959155873
161906,0.7517177468714422
511263,0.7356124145741858
732969,0.6077574170301983
1109728,0.6669038126139646
