UE ID,Internet usage
92475,0.8455641316804169
197555,0.7655344889303404
849729,0.7291271563448044
223271,0.8390186513803547
958811,0.7887448367028513
632337,0.769813665808735
841670,0.7672985062890021
