UE ID,Internet usage,Data rate,optimal GU
92475,126.87805675722412,36.25087335920689,67.81917404074157
197555,113.43307677498782,32.409450507139375,60.632529945661254
849729,107.31664490111385,30.661898543175386,57.36315958829267
223271,125.77841606716656,35.93669030490473,67.23139136777714
958811,117.33241520082149,33.52354720023471,62.716814006311544
632337,114.15197849094778,32.614850997413654,61.016799076502124
841670,113.72943169111878,32.49412334031965,60.79093831152528
