UE ID,Internet usage,Data rate,optimal GU
92475,126.87805675722412,31.71951418930603,63.43902837861206
197555,113.43307677498782,28.358269193746956,56.71653838749391
849729,107.31664490111385,26.82916122527846,53.65832245055692
223271,125.77841606716656,31.44460401679164,62.88920803358328
958811,117.33241520082149,29.33310380020537,58.66620760041074
632337,114.15197849094778,28.537994622736946,57.07598924547389
841670,113.72943169111878,28.432357922779694,56.86471584555939
