UE ID,Internet usage
221544,0.7861029149025636
1234805,0.8471791256424468
503646,0.740266973976975
961401,0.7800483243785521
1135582,0.7900796877960115
25086,0.7891296598469101
223796,0.7396754322497594
