UE ID,Internet usage,Data rate,optimal GU
891278,118.40737589943446,40.173931108736696,68.97020923667094
1053389,110.16024759840968,37.375798292317576,64.16640237748975
1246812,114.79292082315618,38.94759813642799,66.86485286850696
851893,116.91583146556336,39.66787139010186,68.10141089612455
1028706,123.43334096251603,41.87916925513937,71.89774529077067
410155,111.33376840828222,37.77395713852433,64.84995756301501
843781,122.08516579164964,41.421752679309705,71.11245701868438
