UE ID,Internet usage,Data rate,optimal GU
1076119,113.74232249716962,77.85932789984825,94.10579569504429
1280924,133.89172964987793,91.65207684366644,110.77659994151303
264901,112.01215445968991,76.67498668371631,92.67432466228766
1060070,111.55103337582335,76.35933832273622,92.29281173415043
546590,117.76848074695735,80.61532908273867,97.43687613521966
896347,127.57105896808817,87.32542726982226,105.54713274955407
134852,116.50506174316435,79.7504886932375,96.39157436857832
