UE ID,Internet usage,Data rate,optimal GU
122995,113.21325501980684,93.67049076043541,102.97932393588353
410379,118.8697766304319,98.35058899779781,108.12452333138694
38500,111.04965424509277,91.88036869088032,101.01130221432602
258511,113.97707849693194,94.30246375639011,103.67410146230424
843655,113.4153295620158,93.83768338762022,103.16313191612129
1249244,113.11201875761499,93.58672980540764,102.88723894250985
383453,123.89222281494324,102.50606530522089,112.69296465475362
