UE ID,Internet usage,Data rate,optimal GU
122995,113.21325501980684,45.15052432337534,71.49571892428445
410379,118.8697766304319,47.406399013327004,75.06788968372102
38500,111.04965424509277,44.28765972869771,70.12937544421881
258511,113.97707849693194,45.45514440056214,71.97808389664348
843655,113.4153295620158,45.231113575327726,71.62333176139435
1249244,113.11201875761499,45.11015033785836,71.43178684013628
383453,123.89222281494324,49.40939838453093,78.23963313953232
