UE ID,Internet usage,Data rate,optimal GU
122995,113.21325501980684,23.58609479579309,51.674544652444325
410379,118.8697766304319,24.764536798006645,54.25638172173999
38500,111.04965424509277,23.13534463439433,50.687000527655535
258511,113.97707849693194,23.745224686860823,52.023180776088864
843655,113.4153295620158,23.628193658753293,51.766778639998805
1249244,113.11201875761499,23.565003907836456,51.62833683207767
383453,123.89222281494324,25.810879753113177,56.54880427933384
