UE ID,Internet usage
623047,0.6641932602089026
15498,0.7982866769722842
29780,0.684683787474883
503679,0.784638759579886
614198,0.7362888058598572
677532,0.6825224752849922
515557,0.7239187540071836
