UE ID,Internet usage
965094,0.36997844183123435
979712,0.3862163190112037
182226,0.3334230724391863
368771,0.4466398182726556
476955,0.37705052906848086
129118,0.3689155880069309
276068,0.4592242465071281
