UE ID,Internet usage
30450,0.36655028153838637
1151725,0.43719575124980137
1216745,0.39473063794041763
867776,0.3829540025543571
76601,0.47374028080532193
231825,0.4338119274943045
1036740,0.4605305488248728
