UE ID,Internet usage
30450,0.6009686681148331
1151725,0.6716141378262481
1216745,0.6291490245155342
867776,0.6173723891294737
76601,0.708158667380882
231825,0.668230314066761
1036740,0.6949489354004328
