UE ID,Internet usage,Data rate,optimal GU
30450,107.2586465441881,35.114437856728244,61.37040881950089
1151725,119.12708545570358,38.99993869085534,68.16119885384003
1216745,111.99294641974177,36.66435745884403,64.07924328831123
867776,110.01447167488088,36.01664251260981,62.94721516896377
76601,125.26656642083603,41.00988781634513,71.67403878711755
231825,118.5586030647451,38.81382838429155,67.83592907034117
1036740,123.04733144812812,40.283352557422894,70.40425437411446
