UE ID,Internet usage
538581,0.3702519766733285
432097,0.30464215449714704
875502,0.3547415354571777
300081,0.3360452062548325
568071,0.29816310428224585
467891,0.31421867080237215
32237,0.323901833191113
