UE ID,Internet usage
238827,1.0087441861152586
487670,1.1302946628339812
161184,1.010959321574749
156623,0.9903275847100012
1274693,1.0240397000924024
1103187,1.069373813806479
1037536,1.0325010890604807
