UE ID,Internet usage,Data rate,optimal GU
952323,127.38758666577738,109.9476194436769,118.34678660858224
469426,113.5896259313908,98.03866523840277,105.52807830735391
1146204,121.23521985520195,104.63754094645405,112.6310582466091
1133924,118.6334801772604,102.39199181965927,110.2139661379072
318854,108.97873162200119,94.05902431660816,101.24442289640909
541317,125.26844076209186,108.11859470537689,116.37803820365389
250812,121.5902525228603,104.94396795127822,112.96089395869208
