UE ID,Internet usage,Data rate,optimal GU
952323,127.38758666577738,41.704269444153304,72.88762746961936
469426,113.5896259313908,37.187079918014845,64.99281881383544
1146204,121.23521985520195,39.69010173831016,69.36741461463996
1133924,118.6334801772604,38.838341724698346,67.878771667692
318854,108.97873162200119,35.67756094767896,62.35459357132156
541317,125.26844076209186,41.01050143997055,71.67511123295613
250812,121.5902525228603,39.8063326711745,69.57055441418511
