UE ID,Internet usage
10270,0.5334642240191251
266100,0.6156284332699229
347723,0.5735661238280291
837074,0.515419237331654
1042423,0.575128090756238
72464,0.5387213620619707
86767,0.6003545663561577
