UE ID,Internet usage
10270,0.602197531579785
266100,0.6843617408305827
347723,0.642299431388689
837074,0.5841525448923138
1042423,0.6438613983213314
72464,0.6074546696226306
86767,0.6690878739168177
