UE ID,Internet usage
10270,0.6461734607523452
266100,0.728337670003143
347723,0.6862753605612492
837074,0.6281284740648742
1042423,0.6878373274938916
72464,0.6514305987951908
86767,0.7130638030893779
