UE ID,Internet usage,Data rate,optimal GU
10270,114.61139419260148,33.428323306175436,61.89722723710489
266100,128.41498134673952,37.4543695594657,69.35201632492509
347723,121.34851336021534,35.393316396729475,65.53568743540312
837074,111.57983642887405,32.5441189584216,60.259998922191336
1042423,121.61092380483056,35.46985277640891,65.67740527274522
72464,115.49459338373751,33.68592307025678,62.37420931567124
86767,125.84897170493876,36.70595008060714,67.96621273174799
