UE ID,Internet usage
860868,0.4362071882217861
287496,0.3871164929990804
148927,0.44613803111721473
1283691,0.5058710392969997
196753,0.4617335215395259
1202566,0.46338863507273326
556075,0.4227626935861571
