UE ID,Internet usage,Data rate,optimal GU
1161531,121.21117259339609,120.4896775184354,120.84988662555588
22144,106.49035230766864,105.85648116298015,106.17294369610295
420904,123.3595702287621,122.62528707263851,122.99188067697503
360140,115.69116992746234,115.00253201122746,115.34633705930736
678466,115.38144556669305,114.6946512478437,115.03753587305285
162419,109.76426508347518,109.11090636274021,109.43709814088665
867239,125.70568147412635,124.9574333701137,125.33099902676864
