UE ID,Internet usage
752222,0.34118125721403597
877287,0.30159770425509147
447390,0.2703681679887458
270041,0.3372668370594782
1019450,0.3016349667457544
717926,0.2879643899265357
727162,0.29750963943800735
