UE ID,Internet usage
712594,0.33874037939274243
558985,0.3934614551603781
740173,0.3045951914541744
260615,0.26478976682096117
786497,0.37220443478650406
978300,0.34493728987690586
1129450,0.3224051511367901
