UE ID,Internet usage
712594,0.43124216277810007
558985,0.48596323854529233
740173,0.39709697483953205
260615,0.3572915502063188
786497,0.46470621817319174
978300,0.4374390732622635
1129450,0.41490693452214766
