UE ID,Internet usage
712594,0.6553862016272305
558985,0.7101072773953095
740173,0.6212410136855592
260615,0.5814355890532326
786497,0.6888502570187754
978300,0.6615831121078473
1129450,0.6390509733686182
