UE ID,Internet usage,Data rate,optimal GU
712594,116.15913465905379,96.10785546195521,105.6589102934444
558985,125.35227538803157,103.71408499366898,114.02103553180046
740173,110.42274308537696,91.36167433849641,100.44106079353038
260615,103.73543174697365,85.82872031446034,94.3582500797402
786497,121.78109596518703,100.7593591616726,110.77267346894901
978300,117.20021562037948,96.96922601924254,106.6058825675044
1129450,113.41481631206572,93.8372587343877,103.16266506148611
