UE ID,Internet usage
1147796,0.7439370031171867
811588,0.7525533472207654
594447,0.761652823216993
651550,0.7035160480744267
1064225,0.7269527258426094
643167,0.5844626543486124
205817,0.7555949383460304
