UE ID,Internet usage,Data rate,optimal GU
1147796,121.39356691189008,106.94195180333173,113.93886510724018
811588,122.84111272135601,108.2171707307184,115.29751804838823
594447,124.36982468808074,109.56389317759495,116.73235278465472
651550,114.60284646481591,100.95965045709974,107.56515848766496
1064225,118.54020832983066,104.42827876675558,111.26072946254145
643167,94.60187631865567,83.33974818548238,88.79243520858583
205817,123.3521000299373,108.66732621684953,115.77712595105585
