UE ID,Internet usage
742546,0.9521504645103143
1213126,1.00335065070407
835097,0.981573225460484
716881,0.9961234697714542
1249042,1.0689420457450969
693058,1.0234951411129976
723796,1.1091225889484915
