UE ID,Internet usage,Data rate,optimal GU
1176696,107.4884428433747,75.49783485427508,90.08409796702351
167493,128.44267154908968,90.21568596900347,107.64545378924524
1175015,111.99995795865377,78.66663713762586,93.86511626883954
1075174,108.15639301533514,75.96699033219969,90.64389478923307
1262683,116.56228233207064,81.87112687609724,97.68871688059181
1273221,106.95070237392935,75.12013619121228,89.63342751493654
206234,133.28066074101093,93.61379742523387,111.70008404343444
