UE ID,Internet usage
108700,0.7315331072760015
546869,0.695074559472321
1188216,0.7046010801189119
591851,0.7190666303519371
575793,0.8061924852813943
22282,0.6080859348912817
170406,0.6777306501372522
