UE ID,Internet usage,Data rate,optimal GU
781787,113.38859017327628,94.49049181106358,103.5091476693534
907946,110.46013831390106,92.05011526158421,100.83584909944045
524554,111.95144746998656,93.29287289165548,102.19722187444383
1130402,108.67127312001567,90.55939426667973,99.202846067729
730442,114.90088996810366,95.75074164008639,104.88968218824904
812334,130.70422994079837,108.92019161733198,119.31609183319566
1054218,119.3141735654904,99.428477971242,108.91844048650948
