UE ID,Internet usage
1249674,0.6415235466257435
772399,0.7648414543626397
860699,0.7227218622829359
39849,0.7148744082789001
479187,0.7102342350927436
616978,0.7780500223096724
1087534,0.7238425522685242
