UE ID,Internet usage
590640,0.40688148734545204
168734,0.37388426373798844
328589,0.32653984957988547
67732,0.29010803675508584
543989,0.3593532982735039
216664,0.3833171477960742
606843,0.39669121545866476
