UE ID,Internet usage
1029003,0.6721613462875433
169612,0.6231324699686873
666725,0.7480550809592549
1215397,0.6580546405199929
582010,0.7117204736000804
790243,0.6980461367615792
981285,0.6377383654006621
