UE ID,Internet usage,Data rate,optimal GU
60199,109.60823618981257,35.231218775296895,62.142028843430126
150953,126.06197703907922,40.51992119113261,71.47042307711533
609727,114.50486921428345,36.80513653316253,64.9181588243507
352479,118.08954227210828,37.95735287317766,66.9504774191674
615961,118.0248412198838,37.93655610639122,66.91379537050665
402927,120.45114087463251,38.71643813827474,68.289377976061
763090,111.58884142065803,35.86784188521151,63.26492646190386
