UE ID,Internet usage
342081,0.4538458124652865
782073,0.42689312748347136
293191,0.5171800414929302
317104,0.4315311831492089
424283,0.5342259265432767
1203409,0.47143064072697016
80648,0.49582894083031565
