UE ID,Internet usage,Data rate,optimal GU
342081,111.19717105275895,85.38354205836848,97.43925457101382
782073,106.66911997579618,81.90664569570063,93.47143850679586
293191,121.83732152929846,93.55365760285417,106.76294798103339
317104,107.44831332758828,82.50495487654099,94.1542258353448
424283,124.7010302177597,95.75257677435118,109.27234311465423
1203409,114.15142220090445,87.65198490426592,100.02798976063731
80648,118.25033661803371,90.79936561741874,103.61976427768828
