UE ID,Internet usage
796254,0.6536389882049257
597923,0.7202455657131402
767303,0.6234570282150982
359047,0.678182017561077
751141,0.6678086532272277
283686,0.6263528131799748
1148904,0.6146189479420403
