UE ID,Internet usage,Data rate,optimal GU
796254,117.98352578357712,47.75523662668598,75.06218216815597
597923,129.17343080528696,52.28448389737805,82.18130056714912
767303,112.91295650550066,45.70286334746455,71.83624030619298
359047,122.10675471578958,49.42416262305768,77.68541756627816
751141,120.36402950746884,48.71877384826119,76.5766800863018
283686,113.39944837931081,45.89977672495914,72.14575081973918
1148904,111.42815901922526,45.10187388873403,70.89159876698295
