UE ID,Internet usage
1144033,0.5639763805009386
1122793,0.4518437198595851
498809,0.5013066879574581
902949,0.4356606438506923
1171475,0.5091969208523508
1248268,0.4686615494042321
1063559,0.5365725876883435
