UE ID,Internet usage
1144033,0.7658896409309746
1122793,0.6537569802896211
498809,0.7032199483874942
902949,0.6375739042833884
1171475,0.7111101812823868
1248268,0.6705748098342682
1063559,0.7384858481183797
