UE ID,Internet usage
1144033,1.0173446778214328
1122793,0.9052120171800792
498809,0.9546749852779521
902949,0.889028941169413
1171475,0.9625652181684115
1248268,0.9220298467247262
1063559,0.9899408850044041
