UE ID,Internet usage,Data rate,optimal GU
1144033,129.69910648264954,65.62157173229292,92.25540211643698
1122793,110.86081949484192,56.0902955777474,78.85566646384383
498809,119.17059813544861,60.294647866149596,84.7664394119235
902949,108.14206272545654,54.71473411704646,76.92180580883625
1171475,120.49615726145181,60.96531766204407,85.70931398920439
1248268,113.6862148584517,57.51981108909759,80.86537950255784
1063559,125.09526928989558,63.29224934310193,88.9806775403433
