UE ID,Internet usage
167774,0.4644183816126027
868014,0.44473579861008655
1100180,0.5218682197411809
1015093,0.5079349846035005
42163,0.44085505658885227
1296155,0.48921128994858204
534875,0.46218615252734796
