UE ID,Internet usage,Data rate,optimal GU
788880,127.39034939796235,62.178622920434,88.99975561156468
1012536,129.05534714185205,62.991300390665884,90.1629865234846
123958,107.15459291810164,52.30164654335913,74.86228452498685
1164522,123.88733275518054,60.468817178123835,86.55241461136947
958545,108.79749197869643,53.103537751506586,76.01007645411192
158579,119.95465275134329,58.54929479529851,83.80489440364485
1114459,110.06711628606507,53.723235330103186,76.89708440729146
