UE ID,Internet usage,Data rate,optimal GU
788880,127.39034939796235,58.38724347406608,86.24367424075331
1012536,129.05534714185205,59.15036744001553,87.37088304200265
123958,107.15459291810164,49.11252175412992,72.54400234164919
1164522,123.88733275518054,56.78169417945775,83.87212076258344
958545,108.79749197869643,49.865517156902534,73.65625026358356
158579,119.95465275134329,54.979215844365676,81.2096838138903
1114459,110.06711628606507,50.44742829777983,74.51578998296041
