UE ID,Internet usage,Data rate,optimal GU
68693,125.62282665825198,115.90201269064914,120.66456998464768
197399,124.25006915835706,114.63548047348418,119.34599438955587
1209988,113.33165962109717,104.56194786470274,108.85852784564652
601540,128.4631371572194,118.52253725814883,123.39277515322856
796676,110.98783115788802,102.3994870801943,106.6072088684013
674858,124.83473818288002,115.17490725206191,119.90758688276834
684286,136.06281370645905,125.53414359822114,130.69249708458648
