UE ID,Internet usage
600021,0.3690489956663815
898537,0.37945767849505935
425821,0.29615712781905246
848940,0.35147945324566354
388556,0.36415662591464376
896179,0.37671265188315906
1191168,0.32171335478094076
