UE ID,Internet usage
1012004,0.7202995329008557
861223,0.6710470784938313
237711,0.7037435262717242
531083,0.7574984590921675
307401,0.6966912056641572
843914,0.7560154445820602
703296,0.6577500418214574
