UE ID,Internet usage,Data rate,optimal GU
1012004,119.32145616839622,80.25788420850459,97.85953000476397
861223,111.04704382841778,74.692356860781,91.07340679894965
237711,116.54004705504443,78.38705545964297,95.57840306142998
531083,125.57087576865285,84.46136286820102,102.98488871661696
307401,115.35525719252455,77.59014323068615,94.60671713985545
843914,125.32172933118972,84.29378222871689,102.78055536320821
703296,108.81314166746252,73.18979171680515,89.24130867873237
