UE ID,Internet usage
46075,0.5824082762584674
303726,0.6787545729278246
824437,0.6192524007169871
519370,0.5829074137059126
127897,0.6266384398114315
250695,0.6411995218455113
41837,0.6635638903882163
