UE ID,Internet usage
46075,0.6484254648659757
303726,0.744771761535333
824437,0.6852695893244954
519370,0.648924602313421
127897,0.6926556284189398
250695,0.7072167104530198
41837,0.7295810789957247
