UE ID,Internet usage
1008427,1.0403444977294083
470360,1.0637155077696836
517764,1.0606160019630375
220449,1.1177843068137847
543252,1.028967975534814
114305,1.052685673335539
991504,1.0378562950898802
