UE ID,Internet usage
861118,0.5757542827051364
213710,0.5219642355268638
1234858,0.5924244775552411
71521,0.5562941267118648
414721,0.6707222909635432
869528,0.5766042323804929
640035,0.5693907109848686
