UE ID,Internet usage,Data rate,optimal GU
861118,115.30857583628143,90.59959529993542,102.21012819373142
213710,106.27184791081314,83.49930907278176,94.19992502354044
1234858,118.1091685711039,92.80006102015307,104.69258832619425
71521,112.03926962941179,88.03085470882355,99.31219797401252
414721,131.26320122422362,103.13537239046141,116.35239206576018
869528,115.45136738226934,90.71178865749734,102.33669937123973
640035,114.23949578768158,89.75960383317839,101.26249001483397
