UE ID,Internet usage
463314,0.36970205528549355
45475,0.3791751741224015
897712,0.424347484635702
972673,0.35779932261438663
550099,0.3490350704219423
712279,0.4038222421419344
363785,0.43044228516229277
