UE ID,Internet usage
1040111,0.38939420031857835
761013,0.2836035042150646
885321,0.3033889979791416
981360,0.36259467483640273
318102,0.3937538234281072
559552,0.3297767077253042
1004888,0.39190105331973796
