UE ID,Internet usage,Data rate,optimal GU
1040111,124.61143669952048,8.159082164849554,31.885967928092395
761013,106.83859975415183,6.995384507712322,27.338198286388064
885321,110.162562706566,7.213024939120393,28.188744423260054
981360,120.10911641856374,7.864287384548816,30.733899996905954
318102,125.34385338195463,8.207038019056553,32.073381021662684
559552,114.5956979438912,7.5032897463262085,29.323109067005397
1004888,125.03258800379103,8.18665754786727,31.993733453765827
