UE ID,Internet usage
322497,0.7500691077914243
248151,0.6863986129679198
863613,0.6870332062199815
243013,0.7333320251147966
220281,0.6703554546446503
749496,0.6999126211988571
696887,0.6059823087816438
