UE ID,Internet usage
414972,0.8531942475474453
654402,0.8378479065613228
359821,0.7604601502460356
553425,0.7769395713607757
1088079,0.9174518813130531
381727,0.8294705392479067
951713,0.8303146409895866
