UE ID,Internet usage
414972,0.7399290092007521
654402,0.724582668219063
359821,0.6471949118993425
553425,0.6636743330185161
1088079,0.80418664296636
381727,0.7162053009012135
951713,0.7170494026428934
