UE ID,Internet usage
45235,0.34327980003091263
140599,0.3342201416531347
692198,0.2919510873901382
693420,0.23177234683825812
275901,0.37089895591606575
1120109,0.3294576828090395
373696,0.40742251064927654
