UE ID,Internet usage
45235,0.3657006516230867
140599,0.3566409932457521
692198,0.3143719389823122
693420,0.25419319843087546
275901,0.39331980750868306
1120109,0.35187853440165684
373696,0.4298433622418939
