UE ID,Internet usage
12207,0.6466023217493541
494644,0.6070015893639643
1076661,0.6454722864097194
725769,0.597084688025095
731201,0.5402675160946667
61327,0.6205223980960864
134830,0.6353342755583206
