UE ID,Internet usage,Data rate,optimal GU
12207,123.86736582425482,49.399485179911146,78.22393560995195
494644,117.21444278350972,46.74623611009019,74.02252371995029
1076661,123.67751988696388,49.32377281206297,78.10404530409424
725769,115.5484033582361,46.08180372024892,72.97039703703405
731201,106.00311847442823,42.275053201111255,66.94241908528667
61327,119.48593865032215,47.65213029506895,75.4570044263206
134830,121.97433406404942,48.64452608506733,77.02846016302914
