UE ID,Internet usage
1272209,0.3385355122925209
1253630,0.43385998544814625
1061175,0.34792735595308727
587172,0.533920469412325
246772,0.42676257503185316
925819,0.2959875128868352
314460,0.3423455808763984
