UE ID,Internet usage
1272209,0.9482442336299657
1253630,1.0435687067838177
1061175,0.9576360772887588
587172,1.143629190747553
246772,1.0364712963670812
925819,0.9056962342220632
314460,0.9520543022129565
