UE ID,Internet usage,Data rate,optimal GU
1272209,106.99729963861184,3.821332129950423,20.220588985659152
1253630,123.01181112874185,4.393278968883638,23.247047183592755
1061175,108.57512937357285,3.877683191913316,20.518770777795567
587172,139.82197243458643,4.993641872663801,26.42386906317458
246772,121.81944617879871,4.350694506385668,23.021711388622787
925819,99.84923573849346,3.566044133517624,18.86973188313689
314460,107.63739116068325,3.844192541452973,20.34155491306785
