UE ID,Internet usage,Data rate,optimal GU
1169776,116.37075618462389,14.546344523077986,41.143275414976955
347825,114.46271672181257,14.307839590226571,40.46868159351425
142067,136.38435729293224,17.04804466161653,48.21915194480068
1154123,125.2585440672737,15.657318008409213,44.28558295576161
1055366,104.6185185077933,13.077314813474162,36.988231937275486
827096,113.01397527606517,14.126746909508146,39.956474143277255
412671,114.26204477118165,14.282755596397706,40.39773334497172
