UE ID,Internet usage
960482,0.5278515970435709
854067,0.6278283928975753
1043923,0.5543935846211842
899471,0.60620457525183
131760,0.5788736836862046
27592,0.5660836368610455
364654,0.5658721780375565
