UE ID,Internet usage
960482,0.5342108246020166
854067,0.6341876204515877
1043923,0.5607528121751965
899471,0.6125638028058424
131760,0.5852329112402169
27592,0.5724428644194913
364654,0.5722314055915689
