UE ID,Internet usage,Data rate,optimal GU
960482,108.3292748749068,98.65701818964726,103.38009112882895
854067,125.12537657792605,113.95346795489692,119.40883799039796
1043923,112.78832878772147,102.71794228881775,107.63542654381676
899471,121.49257521338268,110.64502385504493,115.94200654937607
131760,116.90098543036294,106.46339744550909,111.56019036217353
27592,114.75225756424068,104.50652028171918,109.50963031857235
364654,114.71673248138606,104.4741670812623,109.47572825186776
