UE ID,Internet usage,Data rate,optimal GU
960482,108.3292748749068,6.448171123506357,26.42963681322081
854067,125.12537657792605,7.447939082019407,30.527466032527677
1043923,112.78832878772147,6.713590999269135,27.51753457292013
899471,121.49257521338268,7.231700905558492,29.641153253361324
131760,116.90098543036294,6.958391989902555,28.52092005231165
27592,114.75225756424068,6.830491521680993,27.996684131987838
364654,114.71673248138606,6.828376933415837,27.988016899250503
