UE ID,Internet usage,Data rate,optimal GU
277877,116.281823577696,49.835067247584,76.1243226417561
379163,105.31733691129527,45.136001533412255,68.94638119816818
473998,117.93032673068572,50.541568598865304,77.20352128203449
958326,117.44529596407389,50.33369827031738,76.88599411026574
77895,124.50708016346783,53.360177212914785,81.50901705814658
653339,105.43063758493963,45.18455896497412,69.02055390006315
1062964,119.64144448206576,51.27490477802818,78.32371079898901
