UE ID,Internet usage,Data rate,optimal GU
277877,116.281823577696,23.533226200248,52.31143715509306
379163,105.31733691129527,21.314222946333565,47.37886869735782
473998,117.93032673068572,23.86685183835306,53.05304548590819
958326,117.44529596407389,23.768690849872097,52.83484580787383
77895,124.50708016346783,25.197861461654202,56.011714461835005
653339,105.43063758493963,21.337152844571115,47.42983901143288
1062964,119.64144448206576,24.21314947851331,53.82282210242705
