UE ID,Internet usage
1248297,1.0137649307872405
1234218,0.9419672466563666
1159069,1.0218891536177954
814142,1.146814550626703
897776,1.0848294211842424
644896,1.0332735240624658
921981,1.0774181002804488
