UE ID,Internet usage,Data rate,optimal GU
1248297,115.91657213918543,15.86953070953134,42.889877608899845
1234218,103.85456120490458,14.218183974480986,38.42685594477291
1159069,117.2814415748135,16.056387834647087,43.39488808294946
814142,138.26890827225935,18.92967196584503,51.160385814313265
897776,127.85540652587416,17.504013988661345,47.30732315778271
644896,119.19401580963202,16.3182283548901,44.102552857152794
921981,126.61030461434851,17.333553607916762,46.84662743834908
