UE ID,Internet usage,Data rate,optimal GU
202613,107.43986626003024,85.69608380264316,95.95402952854208
879440,126.09831640377001,100.57841903634036,112.61780190997963
798580,125.69236076165994,100.25462108370495,112.25524487201727
4040,121.14675593587998,96.6289600917138,108.19558699211692
449871,120.73648899464243,96.30172336477432,107.82917955357063
248641,113.34423155950203,90.4055180296028,101.2271898740849
1134764,104.18682225956739,83.10139394513114,93.04875152565813
