UE ID,Internet usage
730611,0.8083396063567577
953104,0.8160908108578
711091,0.7863620954341155
766660,0.7029954868756451
430918,0.7528086624101734
247368,0.7877476459021391
1080290,0.6869157079976039
