UE ID,Internet usage
730611,1.0324581788114244
953104,1.0402093833124668
711091,1.0104806678887823
766660,0.9271140593303119
430918,0.9769272348648403
247368,1.011866218356806
1080290,0.9110342804522708
