UE ID,Internet usage,Data rate,optimal GU
730611,128.06816040790366,112.05964035691571,119.7967946001957
953104,129.37036276425513,113.19906741872325,121.01489336662492
711091,124.37593857323753,108.82894625158285,116.34303732487405
766660,110.37034833552978,96.57405479358857,103.24200728261201
430918,118.73896182481398,103.89659159671224,111.07012840242108
247368,124.60871105153483,109.03262217009298,116.56077604058873
1080290,107.66894548367748,94.21032729821779,100.71507629879066
