UE ID,Internet usage,Data rate,optimal GU
730611,128.06816040790366,44.976318238489974,75.89489006991089
953104,129.37036276425513,45.43363930411341,76.66659245377659
711091,124.37593857323753,43.679645094172706,73.706830451008
766660,110.37034833552978,38.76101518926344,65.40693195891217
430918,118.73896182481398,41.699992545619196,70.36628328233135
247368,124.60871105153483,43.76139257166997,73.84477450826162
1080290,107.66894548367748,37.81230823533912,63.80604480770405
