UE ID,Internet usage
512332,0.4315570610013197
987611,0.37397379400463193
850357,0.5035377329701772
144556,0.4329669944364171
1283451,0.4300188578615504
205078,0.395776664424269
96929,0.5140053335937627
