UE ID,Internet usage
333419,0.38839262320872225
363608,0.2965238768245772
551305,0.2803815720115786
567141,0.2825729738197795
923442,0.3135092464240019
789841,0.3350327501665518
737710,0.27517208247548963
