UE ID,Internet usage,Data rate,optimal GU
2301,126.38423924761379,9.027445660543842,33.77760873947423
719575,113.83231714474196,8.130879796052998,30.422966449872696
328827,113.20281732638979,8.085915523313556,30.254725546636248
445509,119.87791474999771,8.562708196428408,32.03872037395613
1007234,113.34847503921985,8.09631964565856,30.293654207861334
1114703,113.00903242857477,8.072073744898198,30.202934354182336
520646,113.80580736974694,8.12898624069621,30.41588141448471
