UE ID,Internet usage,Data rate,optimal GU
567251,108.8710940429589,14.904971208262232,40.28300537599339
919116,110.7229541130994,15.158499670245753,40.968205518573214
1202560,119.1857883196167,16.31710197232848,44.099508632903635
581470,111.48992303821844,15.263501368327525,41.25198895627431
441562,105.19050361291566,14.401080851768217,38.921163232460245
998350,124.02310201075522,16.979353251472443,45.88934582649893
334201,119.32023695436526,16.33550863065715,44.149255492930905
