UE ID,Internet usage,Data rate,optimal GU
721227,116.36135248311871,16.623050354731244,43.980457269922894
1235193,126.98370004786813,18.140528578266874,47.995327269354256
894746,118.48266972093136,16.926095674418765,44.78223982179814
808677,116.19309612305854,16.599013731865504,43.9168623434623
92169,111.66567413611588,15.952239162302268,42.20565767807713
41784,123.80837217300753,17.686910310429646,46.79516614250106
934838,107.02681617930864,15.289545168472662,40.452334175067826
