UE ID,Internet usage,Data rate,optimal GU
721227,116.36135248311871,47.79126976985232,74.57249350333943
1235193,126.98370004786813,52.154019662517264,81.3800367972128
894746,118.48266972093136,48.66252506395394,75.93198196372197
808677,116.19309612305854,47.722164479113324,74.46466305921236
92169,111.66567413611588,45.86268759161902,71.56317438188593
41784,123.80837217300753,50.84986714248523,79.34506459840334
934838,107.02681617930864,43.9574423593589,68.59026974074136
