UE ID,Internet usage
405686,0.9527511071852577
234897,0.9102785174299298
1278283,0.9395340327385528
457684,0.9997589940711323
220751,0.9648163066982351
1297055,0.9342460635311234
142793,0.9079395070077454
