UE ID,Internet usage
49637,0.595275404907591
148269,0.6873903907414756
8024,0.6738912031770474
1146873,0.60881440541364
871570,0.6412562484332328
177901,0.6399761184996461
411812,0.7221003648435036
