UE ID,Internet usage
49637,0.9527344737764845
148269,1.044849459610369
8024,1.0313502720459409
1146873,0.9662734742825334
871570,0.9987153172976928
177901,0.9974351873641061
411812,1.079559433712397
