UE ID,Internet usage
322550,0.7032211944261291
1250468,0.6729528065578083
15489,0.7276589044897295
512469,0.7759339422332975
359050,0.657654815018456
698606,0.8429824968474084
412343,0.6775811423569833
