UE ID,Internet usage
325586,0.38607229196282655
40908,0.3816084369733499
936378,0.4004309327451092
869253,0.32663942653206085
821462,0.3899710559096059
943045,0.44901143803864085
234800,0.4603915146897262
