UE ID,Internet usage
325586,0.3742063967251784
40908,0.3697425417357017
936378,0.388565037507461
869253,0.31477353129441266
821462,0.37810516067195776
943045,0.4371455428032094
234800,0.4485256194498613
