UE ID,Internet usage,Data rate,optimal GU
325586,119.36566409012612,4.263059431790219,22.55799016161048
40908,118.61573645193216,4.23627630185472,22.416267159327962
936378,121.77791574152027,4.349211276482867,23.013862873702895
869253,109.38094269774462,3.906462239205165,20.671055182002764
821462,120.02065643317879,4.286452015470671,22.681772079493967
943045,129.93944063122152,4.6406943082579115,24.556246100646703
234800,131.85129350803734,4.7089747681441905,24.917552333175138
