UE ID,Internet usage
1025642,0.43109094945066745
1069666,0.39666085501343284
1212196,0.4027749686157189
1282011,0.4363420925196966
1112998,0.4435498570009196
945144,0.40975230538026913
1088830,0.3733363099358438
