UE ID,Internet usage
1025642,0.6974137962567499
1069666,0.6629837018195153
1212196,0.6690978154213579
1282011,0.7026649393266657
1112998,0.7098727038070022
945144,0.6760751521854649
1088830,0.6396591567419262
