UE ID,Internet usage
456464,1.0315367253560859
495881,0.893896219293239
1212537,0.9581038066622272
442912,1.0095375800807187
1291816,0.9631787743399008
610175,0.9682091613838022
472635,0.9040743534443331
