UE ID,Internet usage
931037,0.44827155061829543
1212359,0.4149153623829074
1124583,0.4123608332520407
748017,0.42618251791578354
483227,0.41538423533880736
365948,0.4799283490334855
597720,0.4306522118275398
