UE ID,Internet usage,Data rate,optimal GU
931037,124.9690603318019,50.58271489620553,79.50644218936125
1212359,119.36522070811702,48.3144940961426,75.94122892860688
1124583,118.93605981412165,48.14078611523971,75.66819290098705
748017,121.2581028376034,49.08066067236328,77.14549759478477
483227,119.4439913647025,48.346377457141486,75.99134353007226
365948,130.28740246525766,52.73537718831857,82.89001937441944
597720,122.00901141473857,49.38459985834656,77.62323239745497
