UE ID,Internet usage,Data rate,optimal GU
193258,124.1700897010353,106.43150545803024,114.95916483577916
781477,129.4221223605255,110.93324773759328,119.82160223659707
131403,114.18945373107938,97.87667462663947,105.71889144628106
1252569,102.55252759436652,87.90216650945702,94.94519132934374
265084,119.28186363716442,102.24159740328378,110.43354689361544
678794,124.15411185398746,106.41781016056068,114.94437222383118
251067,121.83720162381123,104.4318871061239,112.79933016336537
