UE ID,Internet usage,Data rate,optimal GU
716983,115.18158937274154,50.734747699898065,76.44415528017366
669771,128.80916124987718,56.737368645779235,85.48855401039313
235141,109.2552512798018,48.12433687324603,72.51094067628917
1144326,126.24608004287523,55.6083923998379,83.78747852731667
179742,120.77561421198565,53.19878245051749,80.15681896003018
1261791,111.70106984556307,49.201661717688495,74.13419084366733
873795,119.37778643140813,52.58307259478691,79.22910330255986
