UE ID,Internet usage,Data rate,optimal GU
716983,115.18158937274154,85.01498263226162,98.9553476072916
669771,128.80916124987718,95.07342854157602,110.66313111235621
235141,109.2552512798018,80.64078070652037,93.86388421267402
1144326,126.24608004287523,93.18163050783649,108.46112475729703
179742,120.77561421198565,89.14390572789418,103.76131247985333
1261791,111.70106984556307,82.44602774315369,95.96514733707879
873795,119.37778643140813,88.11217569937267,102.56040411701984
