UE ID,Internet usage,Data rate,optimal GU
993333,120.66030022381209,67.51231083951392,90.2555022959768
520213,116.21984721488083,65.02777165594523,86.93398464684633
362072,120.1900090456372,67.24917172791605,89.90371826732107
1189980,127.69110785978837,71.44621511202445,95.51463950642936
776789,120.94833034992759,67.67347055293568,90.47095264427452
531774,122.79272465658262,68.70545308165933,91.85058400827917
734298,123.33025884924129,69.00621626088501,92.25266670217003
