UE ID,Internet usage
233854,0.7979747847437316
431219,0.7202988219599031
804399,0.7788116691676337
1072994,0.7346860707136913
1224228,0.6698971940032472
1165949,0.7298955161924079
906934,0.8137566915146535
