UE ID,Internet usage
107701,0.3968031677049707
41582,0.3238951798843517
989223,0.40183416867566074
990924,0.33828944823827506
797696,0.3375999976750124
1022614,0.3187528478215277
967725,0.3578851590905931
