UE ID,Internet usage,Data rate,optimal GU
107701,124.19613347743604,5.914101594163621,27.101818222913796
41582,111.94759152353168,5.330837691596747,24.42896723926575
989223,125.04134164053984,5.954349601930469,27.286257765076545
990924,114.36582860704628,5.445991838430776,24.956669833720746
797696,114.25000091244434,5.440476233925921,24.931394158573806
1022614,111.08367973697952,5.289699035094263,24.240446231854328
967725,117.65790803024589,5.602757525249804,25.675060459940685
