UE ID,Internet usage
342159,1.0049238711094761
540740,0.9940967793509479
324644,0.9544369944745191
186283,0.9505452282471077
142010,0.9581634389044901
404182,0.9845309984123815
552221,0.9038270460155026
