UE ID,Internet usage,Data rate,optimal GU
1015408,131.82438932582372,73.7588845037347,98.60638877404845
709251,128.93563423219516,72.14255724896634,96.44556171243923
493870,122.9536597243356,68.79550008385445,91.97096556998704
1163600,122.82684732321441,68.72454552608426,91.87610821475651
1112992,113.43509486462723,63.46963641235095,84.85095301443837
790375,103.54774756395457,57.93743018459363,77.45508630979984
182154,109.44557344060324,61.237404187004195,81.86673816184856
