UE ID,Internet usage
1056168,0.930770408894413
1109951,0.864938704067225
501268,0.9004837752440794
309322,0.8050354149001236
866199,0.935136882648589
19967,0.759009134148168
998709,0.922985537573726
