UE ID,Internet usage,Data rate,optimal GU
1234089,116.77277268698887,25.717813032253503,54.80091545970576
806597,118.02391859393677,25.993363023664646,55.38807237562653
197994,123.485320951246,27.196171876167273,57.95108293012104
366711,115.96190463918245,25.539228997915185,54.42037888157784
485008,126.16106424400976,27.785472482311675,59.206796728847685
7709,117.06513421676948,25.78220217869328,54.93811935671456
303344,114.51809832757277,25.221247845953528,53.74280733983841
