UE ID,Internet usage,Data rate,optimal GU
1234089,116.77277268698887,34.05872536703842,63.064505034874884
806597,118.02391859393677,34.42364292323156,63.74020105144186
197994,123.485320951246,36.01655194411342,66.68969542872473
366711,115.96190463918245,33.82222218642821,62.62658623833675
485008,126.16106424400976,36.796977071169515,68.1347619667169
7709,117.06513421676948,34.1439974798911,63.222398306933044
303344,114.51809832757277,33.40111201220873,61.846841711314504
