UE ID,Internet usage
323883,0.7275233440693841
1035706,0.6648495418040418
733790,0.6519736048403979
691242,0.6509492627223907
1292560,0.7324845060826228
499817,0.7268113068483474
327140,0.7834057319460763
