UE ID,Internet usage,Data rate,optimal GU
323883,128.27817458962318,115.29764501805417,121.61484875375355
1035706,117.74897580909895,105.83390087603537,111.63258231374415
733790,115.58581839939298,103.88963439469251,109.58178870014972
691242,115.4137289229901,103.73495873435421,109.41863829898598
1292560,129.11164980756666,116.046780481801,122.40502964691383
499817,128.1585523364935,115.19012739768166,121.5014402002838
327140,137.66641575279317,123.73588558733196,130.5154238732177
