UE ID,Internet usage,Data rate,optimal GU
878182,108.58875314841033,49.7698451930214,73.51493340743497
59004,117.8636440315532,54.02083684779522,79.79406421855668
876672,124.1714811977195,56.91192888228811,84.06449016756712
934699,122.08671500027953,55.95641104179479,82.65309677984301
356394,116.7560124948516,53.51317239347365,79.04419412336087
337931,130.4031790694191,59.76812374015043,88.28336957054843
110324,129.18533798469227,59.20994657631729,87.45888725862639
