UE ID,Internet usage,Data rate,optimal GU
1197258,136.13921885243673,53.48326454917157,85.32977122553675
416750,125.2909435827499,49.2214421217946,78.53025485724184
342032,121.00197209339333,47.53648903669024,75.84199970883871
498593,122.90114734036405,48.28259359800016,77.03237079152332
590654,113.22982105011243,44.483143983972745,70.97054623610853
612261,112.72603543184428,44.285228205367396,70.65478188902401
782661,122.35079839984088,48.066385085651774,76.68742133768548
