UE ID,Internet usage,Data rate,optimal GU
245795,118.00420522413648,9.833683768678041,34.064879825831525
47287,119.53226463623804,9.961022053019837,34.505992582288805
74835,121.58185835529298,10.131821529607748,35.09765932500167
660926,118.41843962083522,9.868203301736267,34.18445899605233
1088357,118.70126057027319,9.891771714189433,34.26610237169757
1290037,126.50710706242593,10.542258921868827,36.519456158446204
495114,125.77535084388015,10.481279236990012,36.30821633356691
