UE ID,Internet usage
1207403,0.4308638192074032
1211474,0.4510877741842199
540733,0.414068585830245
1192865,0.332048691026477
856370,0.3953732981181128
1147544,0.3750525981679784
407093,0.4679423183610962
