UE ID,Internet usage
1207403,0.4819123813830631
1211474,0.5021363363603232
540733,0.46511714800679155
1192865,0.38309725320213683
856370,0.44642186029288594
1147544,0.4261011603436383
407093,0.5189908805371994
