UE ID,Internet usage,Data rate,optimal GU
1207403,118.06332087252042,67.46475478429738,89.24748171060295
1211474,121.46094530894216,69.40625446225266,91.81584436979378
540733,115.24172166519953,65.85241238011402,87.11455319572637
1192865,101.46237933813504,57.97850247893431,76.69834947360103
856370,112.10091332950147,64.05766475971512,84.74032526087616
1147544,108.68703573791296,62.106877564521696,82.15967637123065
407093,124.29250873037009,71.02429070306862,93.9563051225382
