UE ID,Internet usage,Data rate,optimal GU
711935,106.79538477836711,23.52041212380704,50.118574031068995
1201560,119.29115593993174,26.272456962961158,55.98278092854753
417441,122.08434675672122,26.887623988087412,57.29361230037777
1151980,112.70163571884237,24.82119358093552,52.89034994273968
713587,103.99458795240571,22.9035699657084,48.804173194747804
1156356,99.17685967560244,21.842522666650538,46.543235872375334
1205003,117.35784253137518,25.846667700362392,55.075485998218035
