UE ID,Internet usage
628662,0.7376423214462177
1039295,0.6943642381318945
447074,0.6699741054237642
230036,0.6634008193562633
98207,0.7446295083950031
1134388,0.6805355058079293
600943,0.6732406846774024
