UE ID,Internet usage,Data rate,optimal GU
628662,125.58644929588966,101.66522085857734,112.9945755534802
1039295,118.31573129914283,95.77940152787752,106.4528531095577
447074,114.2181890042279,92.46234347961305,102.76614920939815
230036,113.11387694505413,91.56837657456762,101.77256054513917
98207,126.76029670294515,102.61547828333654,114.05072763253361
1134388,115.99250426830572,93.89869393148558,104.36256348248722
600943,114.76697431860775,92.90659825792055,103.259910789696
