UE ID,Internet usage,Data rate,optimal GU
1252694,135.52619783270708,71.79661670899364,98.6423969691639
667696,109.55064928743474,58.035760634414835,79.73616030001878
116771,120.00309433574623,63.573067832627466,87.34394573370032
1197924,127.72998428865988,67.66647977196862,92.96794285205236
820540,117.21446856156662,62.09576013082994,85.31425158589711
14529,115.2928953213844,61.077783830971505,83.91563941057913
759781,115.90376454618287,61.401399075061164,84.36025901573619
