UE ID,Internet usage
932254,0.45014095409908367
709313,0.43534302568280786
871692,0.4555908444078014
1248482,0.46981372461883936
433132,0.43936549109474066
435585,0.45273446364414976
936349,0.5138319347589136
