UE ID,Internet usage,Data rate,optimal GU
657648,120.4728613975839,96.8085493373442,107.99445794307702
486432,123.16833968961828,98.97455867915754,110.4107425209365
595675,123.2287015017287,99.02306370674627,110.46485214449571
647838,127.93947651606518,102.80850791469524,114.68769194645017
1185202,110.90957465352196,89.12376534658014,99.42172250624863
495200,116.74602242323483,93.81376801867084,104.65363951968368
672523,114.29020516516297,91.84034343629168,102.4521922350752
