UE ID,Internet usage,Data rate,optimal GU
657648,120.4728613975839,1.4342007309236178,13.144666822436943
486432,123.16833968961828,1.4662897582097414,13.438767615469272
595675,123.2287015017287,1.4670083512110559,13.44535362911405
647838,127.93947651606518,1.523089006143633,13.959341321616519
1185202,110.90957465352196,1.3203520792085948,12.101226693931428
495200,116.74602242323483,1.3898336002766052,12.738035353321083
672523,114.29020516516297,1.3605976805376545,12.470083722890292
