UE ID,Internet usage,Data rate,optimal GU
657648,120.4728613975839,35.855018273090444,65.72333411218472
486432,123.16833968961828,36.65724395524354,67.19383807734637
595675,123.2287015017287,36.6752087802764,67.22676814557026
647838,127.93947651606518,38.07722515359083,69.7967066080826
1185202,110.90957465352196,33.00880198021487,60.506133469657144
495200,116.74602242323483,34.74584000691513,63.69017676660541
672523,114.29020516516297,34.01494201344136,62.350418614451456
