UE ID,Internet usage
1200952,0.7889349982386928
332647,0.8763729024244817
969544,0.8387395850289254
799718,0.8597443148373459
353101,0.8834098534222448
446340,0.7655516077557407
1150404,0.8050530125851029
