UE ID,Internet usage
1200952,1.0156038674385715
332647,1.1030417716199268
969544,1.0654084542288043
799718,1.086413184032791
353101,1.1100787226221234
446340,0.9922204769556194
1150404,1.0317218817849816
