UE ID,Internet usage
696730,0.6856281406823852
427894,0.6323251785120205
902856,0.6149463702485201
1104388,0.5330253509772165
1146089,0.6085544673723505
217389,0.5435593312538842
1045175,0.5585453169091843
