UE ID,Internet usage
4544,0.23734552488811092
291099,0.2919111792352143
455444,0.3093023487552649
378407,0.3131981187419323
577885,0.23110917934203581
628394,0.3445377659162309
679194,0.2910313128826926
