UE ID,Internet usage,Data rate,optimal GU
4544,100.26682117976353,84.74933694956204,92.18213825370543
291099,109.43385111005028,92.49765986682822,100.61001509737763
455444,112.35556758941966,94.96720593867614,103.29614864853997
378407,113.01005694719217,95.52040527679338,103.89786542537482
577885,99.21911512799852,83.86377588199875,91.21891050820932
628394,118.2751176724092,99.97063517548872,108.73839542298947
679194,109.28603356283683,92.37271884477876,100.47411632834091
