UE ID,Internet usage
845621,0.41994370656319197
560579,0.4234402418188451
1228924,0.30441608883120036
1102001,0.3530233092263141
365004,0.3417599267421379
237626,0.39706256382197713
655751,0.3922842796563416
