UE ID,Internet usage,Data rate,optimal GU
845621,125.97705068114362,5.998907175292554,27.49044621779185
560579,126.56446860403611,6.026879457335053,27.618631317612255
1228924,106.56841090217607,5.074686233436956,23.255133792875192
1102001,114.73442392852333,5.463543996596349,25.03710392712432
365004,112.84217567120696,5.373436936724141,24.62418150461001
237626,122.13301870061557,5.815858033362646,26.651609669001335
655751,121.33026696075952,5.777631760036168,26.476434877946673
