UE ID,Internet usage
296435,0.6964264254579011
566885,0.655622735258628
120512,0.6631115865611814
446804,0.6444883631285138
749876,0.7071652404631895
211740,0.7098716012165395
1055455,0.6580470446830164
