UE ID,Internet usage
115022,0.5451970512617221
1101414,0.568975895415331
1227007,0.5315479801347732
968337,0.5310399263566355
705205,0.6266031859024178
246915,0.5509326656265964
15887,0.5661413301677949
