UE ID,Internet usage
115022,0.8291028083419478
1101414,0.8528816524955567
1227007,0.815453737214999
968337,0.8149456834368614
705205,0.9105089429826436
246915,0.8348384227023887
15887,0.8500470872435871
