UE ID,Internet usage
437717,0.5699069120082665
401097,0.5404266847919071
1121201,0.5881766391104508
1030130,0.5767088749936647
192306,0.5883974225483845
238874,0.6631957150793232
1202144,0.6061978472638825
