UE ID,Internet usage
576730,1.0127534124907216
325567,1.0316830518951576
784086,1.0632767811862487
423772,1.099883889460742
1262870,1.0081763590584738
958647,1.088052490464983
234957,1.0377656688075558
