UE ID,Internet usage
5949,0.7345505023220325
1092980,0.7451040825108887
149390,0.6774233546432247
930055,0.7567899851013865
854753,0.7273187144446946
619051,0.7829665300276418
770353,0.7621968538286675
