UE ID,Internet usage,Data rate,optimal GU
5949,119.00809088617628,58.79566394971805,83.64902700594385
1092980,120.78109235848625,59.67161110568071,84.89524351890921
149390,109.41073007652142,54.054110692567136,76.90318403363331
930055,122.74432399369033,60.64154102069225,86.27516999995139
854753,117.79315052328802,58.19542555614825,82.7950633933097
619051,127.14198354082018,62.81419424933378,89.36621985615525
770353,123.65267793929003,61.09031112476829,86.91363855415328
