UE ID,Internet usage,Data rate,optimal GU
5949,119.00809088617628,24.084970774583294,53.53789677352397
1092980,120.78109235848625,24.443792501122214,54.33551287758049
149390,109.41073007652142,22.142647753581713,49.220354087985
930055,122.74432399369033,24.841113189199234,55.21870738852011
854753,117.79315052328802,23.839089986855907,52.9913343402478
619051,127.14198354082018,25.73111571659456,57.19707239821113
770353,123.65267793929003,25.024946725808697,55.62734649373735
