UE ID,Internet usage
255225,1.039285039976743
523005,1.046207654774392
917861,1.0169733079267076
1204254,1.0147714856111874
607938,1.1007948283415006
346332,1.0672845235363697
543133,1.0248703516260842
