UE ID,Internet usage
255225,1.022715109635622
523005,1.0296377244332706
917861,1.0004033775811527
1204254,0.9982015552656326
607938,1.0842248980003792
346332,1.0507145931952484
543133,1.0083004212805295
