UE ID,Internet usage
703785,0.3390499640205207
815434,0.40596340431744243
733794,0.3339662442176622
60453,0.40073394618218033
1069920,0.3581647709117221
708803,0.3554773531310438
501127,0.3567455850380331
