UE ID,Internet usage
703785,0.9107342748661452
815434,0.9776477151652837
733794,0.9056505550632867
60453,0.9724182570291349
1069920,0.92984908175646
708803,0.9271616639779984
501127,0.928429895884101
