UE ID,Internet usage
714659,0.9677011783942961
1104101,0.9867524793431821
517942,1.082327025337606
662140,0.9971388160584407
109085,0.9706355259927621
69683,1.0411882571302251
347956,1.0636063285482111
