UE ID,Internet usage
714659,0.25293522876561186
1104101,0.27198652971538456
517942,0.36756107570759183
662140,0.2823728664284262
109085,0.25586957636363444
69683,0.3264223075024275
347956,0.3488403789190834
