UE ID,Internet usage,Data rate,optimal GU
622443,120.32569050547819,55.86549916325774,81.98813793624174
44050,118.34435341148891,54.94559265533414,80.63808427540037
190254,119.71289036364647,55.58098481169301,81.57058502343664
532243,113.94072106322096,52.90104906506688,77.63751461422855
716981,120.42739220678905,55.91271781029492,82.05743596462118
1180121,121.92364985133969,56.607408859550574,83.07696369501878
441184,119.1650848174477,55.32664652238644,81.19731846252762
