UE ID,Internet usage
195152,1.0745855661927086
555241,1.031443712135366
1213089,1.0124006830511207
1089203,1.0430987660536515
1257714,0.9250773732021081
713097,0.9933164908142345
860703,0.9341914874290588
