UE ID,Internet usage,Data rate,optimal GU
195152,128.22264350950593,88.53468242323028,106.54647353423377
555241,120.9748120278751,83.53022735258043,100.52389543100729
1213089,117.77558314154943,81.32123597868889,97.86549948363638
1089203,122.93286108621224,84.88221360714655,102.1509342789264
1257714,103.10526708661737,71.19173203599772,85.67521547058075
713097,114.56943884579509,79.10746967923947,95.20135718392473
860703,104.6364382772802,72.24896928669348,86.9475405941089
