UE ID,Internet usage
280482,0.7009984258267534
1115895,0.7105847403807576
1128292,0.6792583727512104
716944,0.6713260327503294
343330,0.6820768780634554
1295325,0.7382530626667806
475218,0.6860718904390073
