UE ID,Internet usage,Data rate,optimal GU
280482,119.43027483174926,54.02798147150561,80.32793210177
1115895,121.04077567711632,54.75654137774309,81.41114322841892
1128292,115.77794591541138,52.375737437924194,77.87140230127986
716944,114.44531279526025,51.77287959785582,76.97508298071499
343330,116.25145480742029,52.58994384145203,78.18988092975543
1295325,125.68905382082015,56.85933387132339,84.53754121790358
475218,116.922616886959,52.89356478219574,78.64129965110075
