UE ID,Internet usage
1145475,0.9441704809938359
1157362,0.9673849534865141
1210659,1.0104922805893573
1004176,1.0269866327852661
691215,0.9852255785858145
160030,1.0496087810807608
1085710,0.9291988245146141
