UE ID,Internet usage
707196,0.3550447951493091
417338,0.2885386415218132
398739,0.42511970872994814
455906,0.3920885124912515
330355,0.3790155674626754
1280051,0.3789194500454078
648569,0.4383167456508899
