UE ID,Internet usage,Data rate,optimal GU
707196,117.63878207776686,16.105309451122846,43.527106368510644
417338,106.46574826834667,14.57566791769032,39.39301196110592
398739,129.41136755932928,17.717032463479605,47.883038752693295
455906,123.86212659115739,16.95731494997988,45.82978388537888
330355,121.66587182642478,16.656637214331965,45.01715548963717
1280051,121.6497241003637,16.65442651374027,45.01118072708475
648569,131.62846976209133,18.020564312667265,48.703380834658134
