UE ID,Internet usage,Data rate,optimal GU
707196,117.63878207776686,97.33208755243805,107.00480473677518
417338,106.46574826834667,88.0877321982154,96.84175918344698
398739,129.41136755932928,107.07250054015934,117.71320538877124
455906,123.86212659115739,102.48116426292188,112.66558898414026
330355,121.66587182642478,100.66402490400621,110.6678650354422
1280051,121.6497241003637,100.650664583039,110.65317698577363
648569,131.62846976209133,108.9068886722065,119.7298922678584
