UE ID,Internet usage,Data rate,optimal GU
918868,117.8523605923416,87.6877682978732,101.65731891496378
1071604,106.56400477730902,79.28869403073587,91.92018695301881
933900,108.0946237996522,80.4275474699793,93.24047129276043
1011349,115.27302886016466,85.76862266381299,99.43243392184608
556365,117.91058784397673,87.731092145816,101.70754469117448
155362,114.6273416812727,85.28820065570885,98.87547581651825
766448,113.98862092583572,84.81296199838967,98.324526822313
