UE ID,Internet usage,Data rate,optimal GU
678382,104.57870398056986,7.4699074271835615,27.949834303438898
681380,128.5062626732792,9.179018762377085,34.344743355584825
231473,114.05014772658092,8.146439123327209,30.48118412170148
518916,116.93778418766513,8.35269887054751,31.252937428482447
358353,108.61520934909483,7.758229239221059,29.02863574121705
608211,112.41779516039024,8.029842511456446,30.044919547622428
215078,112.91660371911067,8.065471694222191,30.178231742502597
