UE ID,Internet usage,Data rate,optimal GU
678382,104.57870398056986,80.30150484222328,91.63966010461391
681380,128.5062626732792,98.67445169555366,112.60677159358853
231473,114.05014772658092,87.57422057576748,99.93924551299386
518916,116.93778418766513,89.79151285838572,102.46960794556534
358353,108.61520934909483,83.40096432162638,95.17674715869332
608211,112.41779516039024,86.32080699815678,98.50885645056677
215078,112.91660371911067,86.70382071288854,98.9459497118
