UE ID,Internet usage,Data rate,optimal GU
678382,104.57870398056986,9.959876569578082,32.27368871779177
681380,128.5062626732792,12.238691683169447,39.65789364319102
231473,114.05014772658092,10.861918831102944,35.19663971576579
518916,116.93778418766513,11.13693182739668,36.087783674601745
358353,108.61520934909483,10.344305652294745,33.51938131879851
608211,112.41779516039024,10.706456681941928,34.692884777200916
215078,112.91660371911067,10.75396225896292,34.846820440401565
