UE ID,Internet usage,Data rate,optimal GU
468740,123.16160482982355,60.11459283360435,86.04539340997937
1085364,119.27052943646433,58.21537746303616,83.32693976956034
642929,109.12208884270346,53.26197193512907,76.23685220051213
217321,107.254307607581,52.35031680846215,74.93194900927853
602109,127.47062495129582,62.21780503575153,89.05583917411103
652353,120.06958959713842,58.6053949224128,83.88519366677485
359868,120.4216564965675,58.777237099515084,84.13116102738098
