UE ID,Internet usage,Data rate,optimal GU
468740,123.16160482982355,0.7331047906537116,9.502124105974566
1085364,119.27052943646433,0.709943627598002,9.201921121899371
642929,109.12208884270346,0.6495362431113302,8.41895193164508
217321,107.254307607581,0.6384184976641726,8.274849480857213
602109,127.47062495129582,0.7587537199481894,9.834572225873183
652353,120.06958959713842,0.7146999380782049,9.263569951706
359868,120.4216564965675,0.7167955743843303,9.290732502702337
