UE ID,Internet usage
1042769,0.426963356187603
362236,0.48069982289813523
113382,0.44106511863120607
393075,0.3820430326417811
507305,0.4805898237707829
348965,0.45874411396963655
962982,0.47153833491227815
