UE ID,Internet usage,Data rate,optimal GU
1042769,108.64625933847233,3.2335196231688195,18.74326043021435
362236,117.6739857455296,3.5022019567121907,20.300691198383277
113382,111.01535542897456,3.3040284353861473,19.151968334921396
393075,101.09964498275252,3.008918005439063,17.441345766084137
507305,117.65550589248947,3.501651961085996,20.2975031208521
348965,113.9854266455431,3.392423412069735,19.664354298758397
962982,116.13485576441852,3.45639451679817,20.035166050554274
