UE ID,Internet usage
665121,0.42303646435385506
957070,0.42046931705783713
968569,0.3639998375176192
318871,0.3694501765633958
1154144,0.3901680320125865
329158,0.4326271451229092
1042598,0.4000279641369961
