UE ID,Internet usage
665121,0.6690875263533699
957070,0.666520379058682
968569,0.6100508995180207
318871,0.6155012385655707
1154144,0.6362190940147613
329158,0.6786782071255274
1042598,0.6460790261373975
