UE ID,Internet usage
665121,0.9043265800114015
957070,0.9017594327167138
968569,0.8452899531760525
318871,0.8507402922236025
1154144,0.8714581476727932
329158,0.9139172607835592
1042598,0.8813180797954293
