UE ID,Internet usage
507308,1.1533272049432395
422436,1.1015322479177234
731659,1.0567447153607112
642731,1.0737207250843785
542186,0.9616773002942209
78038,1.0888347018482798
33110,1.1582564365797081
