UE ID,Internet usage,Data rate,optimal GU
507308,130.61238638160037,69.97092127585734,95.59847804833935
422436,121.91083360147277,65.30937514364612,89.22959355367033
731659,114.386528131443,61.278497213273035,83.7223658608535
642731,117.23849776512326,62.80633808845889,85.80979389102016
542186,98.4152024003209,52.722429857314765,72.03255240128836
78038,119.77764586181642,64.16659599740166,87.66826000061266
33110,131.44049729639715,70.4145521230699,96.20459317495909
