UE ID,Internet usage,Data rate,optimal GU
102039,121.83856183829472,10.878443021276315,36.40623370732188
1056639,116.82805758872921,10.43107657042225,34.909059200753816
1114893,130.68318141832842,11.668141198065038,39.04906929750574
1039370,128.72476674816545,11.493282745371916,38.463880986826
1016950,110.84305494380817,9.896701334268586,33.120697603715904
1093870,119.70997609733712,10.688390722976528,35.77019706356844
510414,122.38558292789496,10.927284189990623,36.569687521371755
