UE ID,Internet usage,Data rate,optimal GU
71199,120.83221823045699,26.611857586469696,56.705994245812754
362130,115.91447580720649,25.52878336230143,54.398120752806385
364585,122.38614272802985,26.954090957958957,57.43524373662102
876153,120.1636864280968,26.464621415711797,56.39225540121522
13090,110.8671024341224,24.41715946465791,52.02941206201094
99649,110.7260033379241,24.38608406847138,51.96319491682993
33068,125.56741156369932,27.654727546767113,58.92819830562342
