UE ID,Internet usage
1134178,0.6731826102416807
532272,0.4839493441486465
477247,0.5873450575843037
739644,0.588914926939145
475806,0.46782776963548317
912738,0.6629004956372994
414638,0.5847623406831961
