UE ID,Internet usage
1134178,0.4085651894640903
532272,0.2193319233732729
477247,0.3227276368076
739644,0.3242975061602247
475806,0.20321034885877956
912738,0.39828307486103914
414638,0.3201449199042758
