UE ID,Internet usage
970326,0.320382143868254
562490,0.37422978682306035
435552,0.3286653441519177
789183,0.33398354162885474
592868,0.37745143438770606
729465,0.32179024871599626
589103,0.3616374726224071
