UE ID,Internet usage,Data rate,optimal GU
970326,114.7913537885019,8.882664281253122,31.93200679715912
562490,123.83775780486017,9.582683639661798,34.44848408404982
435552,116.18293143610917,8.99034588493702,32.31910796319329
789183,117.0763886123032,9.05948245214251,32.56764480574821
592868,124.37899459571798,9.624565058001986,34.59904226037717
729465,115.02791540293904,8.900969644275046,31.997812163424523
589103,121.72224901920009,9.41898355505715,33.86000386586536
