UE ID,Internet usage
753090,0.7604648259932115
726360,0.6825453690254201
654086,0.7333243941295599
45705,0.7489863499608562
552235,0.6768574837857428
1040214,0.7703869808088348
948919,0.7322065469989283
