UE ID,Internet usage
1156853,0.6795095125463069
1138143,0.6304220438115334
950813,0.6265171861206908
518396,0.6653784017828386
810295,0.5857642358932313
1068217,0.6103471985808883
423204,0.6413148497647848
