UE ID,Internet usage,Data rate,optimal GU
796412,115.50333411131804,107.25309596050961,111.30179772672136
405024,131.81433352153948,122.39902398428667,127.01947004367351
244735,105.88453997395504,98.32135854724397,102.03289577087
1190076,123.83358962873223,114.98833322667993,119.32903279958569
834446,117.15529674441524,108.7870612626713,112.89366875153422
138887,117.48763784163607,109.09566371009065,113.21392064611157
945538,120.12048932815865,111.54045437614732,115.75099982094311
