UE ID,Internet usage
1158115,0.4109549638265596
617270,0.28415189662387275
402105,0.3266971034209195
705818,0.3989573511511318
842645,0.328181140961753
69439,0.41011164800317185
569664,0.34790533316376165
