UE ID,Internet usage,Data rate,optimal GU
1158492,112.86806423874994,94.72855391466513,103.40129838877417
970417,116.46225491606587,97.74510680455529,106.69402769354151
891390,122.7611621749533,103.0316896825501,112.46461650794438
206809,115.12304940872994,96.6211307537555,105.46714753747705
1037353,113.76385572537703,95.48037891237001,104.22195570603726
613207,103.37904220521595,86.76455327937768,94.70816446001629
996953,122.81571352355103,103.07747385012318,112.5145923829796
