UE ID,Internet usage,Data rate,optimal GU
1158492,112.86806423874994,40.3100229424107,67.45156972917306
970417,116.46225491606587,41.59366247002353,69.59950949163853
891390,122.7611621749533,43.84327220534047,73.3638265733217
206809,115.12304940872994,41.11537478883213,68.79918112356549
1037353,113.76385572537703,40.62994847334894,67.9869075355805
613207,103.37904220521595,36.921086501862845,61.780794424630926
996953,122.81571352355103,43.86275482983965,73.3964272395826
