UE ID,Internet usage,Data rate,optimal GU
1158492,112.86806423874994,67.85520528639134,87.51391700294292
970417,116.46225491606587,70.01599849120628,90.30072571405918
891390,122.7611621749533,73.80284154565645,95.18467628751338
206809,115.12304940872994,69.21088089453407,89.26235298737744
1037353,113.76385572537703,68.39374659680405,88.20848213384477
613207,103.37904220521595,62.15049561146912,80.15646392458412
996953,122.81571352355103,73.83563729689675,95.22697347960025
