UE ID,Internet usage
390900,0.749561225139384
963717,0.7966829595945067
548295,0.6526215294844417
82442,0.7194108909716165
990304,0.711853384383365
1094984,0.7456305665994057
1084663,0.6697838448538866
