UE ID,Internet usage
214874,0.7281246751944723
1169784,0.686406563763311
1138479,0.6765140400705086
784038,0.6831685624792474
193254,0.6676321535204628
1094120,0.719277522830905
237326,0.6854120160647785
