UE ID,Internet usage,Data rate,optimal GU
163759,121.83658297936871,69.62090455963927,92.09979975808416
885217,103.86237732661225,59.34992990092128,78.51257742347701
682124,110.97243732886547,63.41282133078027,83.88727758710826
328536,112.27966487590452,64.15980850051686,84.87544872894777
553802,112.49066027109603,64.28037729776916,85.03494625564966
880644,129.08287877231618,73.7616450127521,97.5774844993849
102092,111.7991815726097,63.88524661291983,84.51223749190866
