UE ID,Internet usage,Data rate,optimal GU
417768,118.82808827336723,7.073100492462335,28.991085003578455
276516,108.97580351772908,6.486654971293397,26.587373650644206
1010725,110.19417805632033,6.559177265257162,26.884626600916665
374101,119.49589905675955,7.112851134330926,29.15401415163555
612182,115.51228621757191,6.875731322474518,28.18211213654507
430942,114.09312739438751,6.791257582999256,27.835872836777263
608356,129.65866959733881,7.717777952222548,31.633476279613177
