UE ID,Internet usage
931971,0.9139378508720718
246418,0.9140088172002185
162981,1.025827619203519
494814,0.9546575044981793
130706,1.0021303181359742
1198779,0.9329188575392521
1252277,0.9637226487705823
