UE ID,Internet usage
931971,0.9895677354807294
246418,0.9896387018088761
162981,1.1014575038121766
494814,1.0302873891068367
130706,1.0777602027446318
1198779,1.0085487421479096
1252277,1.0393525333792397
