UE ID,Internet usage,Data rate,optimal GU
931971,110.71409364909705,57.33408421113954,79.67239903904814
246418,110.72601599258037,57.340258281871975,79.68097863064462
162981,129.51157472943052,67.06849405631223,93.19949720875348
494814,117.55499545834513,60.87669407664301,84.59526875481178
130706,125.53042814988842,65.00682886333507,90.33457289366557
1198779,113.90290276932294,58.98543179125652,81.96713916031241
1252277,119.07793969605436,61.66536162831386,85.69121432977678
