UE ID,Internet usage
814211,0.7045554862593947
103883,0.7401102626742545
143104,0.7028758296155175
383760,0.7146819622435759
1073380,0.7503465501983525
537860,0.7465023429276626
161167,0.6600162077091529
