UE ID,Internet usage,Data rate,optimal GU
1140783,112.69052423795762,30.855738779440777,58.967358587651354
338789,117.96662767059924,32.300386147902174,61.72817530371489
583241,129.84489880522514,35.5527699109545,67.94369589103422
486598,115.65815756359898,31.668305047175913,60.520226494275356
1007162,115.67090596175906,31.67179568000546,60.52689732459412
315626,118.09954191209411,32.33677933307339,61.79772508878008
23669,119.50556005157983,32.72176049031353,62.53344955516668
