UE ID,Internet usage,Data rate,optimal GU
1140783,112.69052423795762,85.8594470384439,98.3643537951803
338789,117.96662767059924,89.87933536807562,102.96971443413203
583241,129.84489880522514,98.92944670874297,113.33791950072863
486598,115.65815756359898,88.12050100083732,100.95471652844222
1007162,115.67090596175906,88.13021406610214,100.96584424264374
315626,118.09954191209411,89.98060336159551,103.08573149557733
23669,119.50556005157983,91.05185527739415,104.31300474370578
