UE ID,Internet usage,Data rate,optimal GU
1140783,112.69052423795762,36.221954219343516,63.889521910099795
338789,117.96662767059924,37.917844608406895,66.88079139029064
583241,129.84489880522514,41.73586033025094,73.61513812478003
486598,115.65815756359898,37.175836359728244,65.57201185911579
1007162,115.67090596175906,37.17993405913684,65.57923952150422
315626,118.09954191209411,37.96056704317311,66.95614668215369
23669,119.50556005157983,38.41250144515066,67.75328403985189
