UE ID,Internet usage
819312,0.7660187609069984
1151464,0.7062971031458662
387343,0.7616080945907789
603282,0.7898579408133882
856143,0.7983339836533427
744407,0.8093627316081221
804710,0.6901200555539517
