UE ID,Internet usage
819312,0.5032108296680162
1151464,0.4434891719068841
387343,0.4988001633517968
603282,0.5270500095744061
856143,0.5355260524143606
744407,0.5465548003691398
804710,0.4273121243167429
