UE ID,Internet usage
169016,1.10630079022475
1152897,1.1176017080769736
544471,1.1167788368243996
1252729,1.0783213495260797
874037,1.0540063749973128
5215,1.0359196019317285
730282,1.0252901479364176
