UE ID,Internet usage,Data rate,optimal GU
169016,122.7119487090523,97.14695939466641,109.183756568817
1152897,124.61050290816604,98.64998146896478,110.87300754795534
544471,124.47226053750352,98.54053959219029,110.7500054971795
1252729,118.01140267178397,93.42569378182898,105.00141507988454
874037,113.92648695054986,90.19180216918531,101.36683467917041
5215,110.88790907547485,87.7862613514176,98.66324020024817
730282,109.10216080455936,86.37254397027617,97.07435903133198
