UE ID,Internet usage
75541,1.056417419996731
889915,1.0716854614454603
385429,1.1032246602367832
1184743,1.0521144751536025
93980,1.0666895610738822
122514,0.975990904305385
968987,1.0156191957066087
