UE ID,Internet usage
75541,0.7137919289876548
889915,0.7290599704363839
385429,0.7605991692277069
1184743,0.7094889841445261
93980,0.7240640700648059
122514,0.6333654132963086
968987,0.6729937046975322
