UE ID,Internet usage,Data rate,optimal GU
135087,108.88490051101905,39.535588876024775,65.61119311070718
405930,117.96503416573114,42.83254216731905,71.08264415574952
1046330,106.25538212767512,38.580823272548706,64.02671410922916
1231009,113.79892526015642,41.3198478623187,68.57225589584347
119216,122.12813809397251,44.34414537935907,73.59122169491113
1150520,118.07894529963825,42.87390275760674,71.15128402564113
691248,116.72185392930962,42.38114934338028,70.33353626126222
