UE ID,Internet usage,Data rate,optimal GU
135087,108.88490051101905,83.60804860667534,95.41307066884646
405930,117.96503416573114,90.58029409154355,103.36976099058617
1046330,106.25538212767512,81.58895413375053,93.10889054692372
1231009,113.79892526015642,87.38131761047725,99.71910565126771
119216,122.12813809397251,93.77696317930031,107.01778314464828
1150520,118.07894529963825,90.66776156936508,103.46957842182262
691248,116.72185392930962,89.62570926714845,102.28039374870862
