UE ID,Internet usage,Data rate,optimal GU
135087,108.88490051101905,82.95992419887166,95.04253307228203
405930,117.96503416573114,89.87812126912848,102.96832350905044
1046330,106.25538212767512,80.9564816210858,92.74730125648173
1231009,113.79892526015642,86.70394305535727,99.33184552557886
119216,122.12813809397251,93.05000997636,106.60217853326645
1150520,118.07894529963825,89.96491070448629,103.06775329831284
691248,116.72185392930962,88.93093632709304,101.88318683555049
