UE ID,Internet usage,Data rate,optimal GU
42496,119.19366129533556,95.07113460461288,106.45128753108384
721346,107.96526900429892,86.11515503914318,96.4232642008556
1125305,119.46720578391546,95.28931889907543,106.6955888025601
937373,111.04076994812345,88.568233172908,99.16997935093377
70408,115.31375200567153,91.97644505214276,102.9861591433823
88971,124.05884569661436,98.95169835325193,110.79636039791204
1054778,109.77733900508314,87.56049658738773,98.04161523214051
