UE ID,Internet usage,Data rate,optimal GU
42496,119.19366129533556,15.608693741055847,43.13301931274965
721346,107.96526900429892,14.138309036277239,39.06976245599124
1125305,119.46720578391546,15.644515043131786,43.23200779569908
937373,111.04076994812345,14.541053207492357,40.182704538353086
70408,115.31375200567153,15.10061038169508,41.72898322136612
88971,124.05884569661436,16.24580122217569,44.89360029046192
1054778,109.77733900508314,14.375603917332315,39.72550244661218
