UE ID,Internet usage
436311,1.1111020746170077
794704,1.0317631042037607
41519,1.0448639797432921
670693,0.9398329441577394
985053,1.0667229157044447
665009,1.014136412094148
773285,0.9504249042739595
