UE ID,Internet usage,Data rate,optimal GU
436311,133.76814075348713,72.45774290813885,98.45068588900689
794704,120.43919372367107,65.23789660032182,88.64084649173304
41519,122.6401408143674,66.43007627444901,90.26069969043888
670693,104.99492683575954,56.872252036036414,77.27417383258471
985053,126.31244205606701,68.41923944703629,92.96344022342302
665009,117.47790944896046,63.63386761818691,86.46140027744461
773285,106.77437613569552,57.83612040683507,78.58381305681714
