UE ID,Internet usage
850032,0.41618094158224006
860433,0.39163789233371626
475777,0.3820447698755802
1125901,0.3338543451339866
1252681,0.29541735047997264
668590,0.3615462733764456
1143887,0.3110876808936858
