UE ID,Internet usage
850032,0.4322179749500748
860433,0.4076749257011077
475777,0.3980818032434149
1125901,0.34989137850137797
1252681,0.311454383847364
668590,0.37758330674428037
1143887,0.3271247142615205
