UE ID,Internet usage,Data rate,optimal GU
537533,118.26844200926845,30.271089323800854,59.83405863092798
736806,121.18404994402024,31.017346116624232,61.30911531679407
1143164,122.74440422288943,31.416722509430034,62.09852564317312
1192931,125.15353325029393,32.033344820015714,63.31734585443366
465089,116.93381131911384,29.929487420963664,59.15884578793569
1212689,108.3309031438643,27.72755259039384,54.806485146252164
119456,123.47298637815582,31.603204846789886,62.467128007887126
