UE ID,Internet usage,Data rate,optimal GU
537533,118.26844200926845,60.54217864760171,84.6181372076853
736806,121.18404994402024,62.034692233248464,86.70418237810622
1143164,122.74440422288943,62.83344501886007,87.82057716794884
1192931,125.15353325029393,64.06668964003143,89.54424924080794
465089,116.93381131911384,59.85897484192733,83.6632420476371
1212689,108.3309031438643,55.45510518078768,77.5080745998294
119456,123.47298637815582,63.20640969357977,88.34185963125019
