UE ID,Internet usage
64228,0.4729294289853733
499422,0.5263024113714555
760055,0.4734624304693163
808678,0.46773370893187827
99966,0.5157035820092316
166285,0.4625397466593729
200361,0.4843860707836571
