UE ID,Internet usage
945147,1.057049816087949
910335,1.0538515253863947
1010620,1.0942831729794866
389952,1.0346535893403368
1103395,1.0982745678019228
826904,1.0790138403154357
97029,1.0723944699886114
