UE ID,Internet usage,Data rate,optimal GU
945147,114.43778505423072,14.985900423768307,41.41199405413005
910335,113.90047221631511,14.915538028326978,41.21755481329343
1010620,120.69298901167963,15.805034275338999,43.675586179497465
389952,110.67521896030824,14.49318343527846,40.0504213477381
1103395,121.36354334166896,15.892844961409029,43.91824197638596
826904,118.12774112393826,15.4691089567062,42.747291121845194
97029,117.01568690922416,15.323482809541257,42.344868246343125
