UE ID,Internet usage
1205495,0.3634891582717265
77969,0.47151816001037344
618800,0.4091957428124434
404182,0.4343616108417879
546973,0.4785286351111256
795504,0.5301106155626827
749187,0.463882917192348
