UE ID,Internet usage,Data rate,optimal GU
282231,109.24366275492646,71.5285887085828,88.39708718174067
1265617,117.62655859659527,77.01738955729452,95.18030513566296
110336,126.4855673510864,82.81793100368752,102.3487810862667
281298,104.30511148997488,68.29501347557878,84.40094190694546
394464,122.67019813441354,80.31977258800886,99.26148506587076
809210,115.08438243845553,75.35286945375064,93.12324331793032
834107,116.87148202089602,76.52299418034859,94.56931710937613
