UE ID,Internet usage,Data rate,optimal GU
282231,109.24366275492646,100.79028408936666,104.93188173301765
1265617,117.62655859659527,108.52450346709682,112.98390976700563
110336,126.4855673510864,116.69799368701423,121.49325882630482
281298,104.30511148997488,96.2338826246792,100.18825208716
394464,122.67019813441354,113.17786137401248,117.82847991542324
809210,115.08438243845553,106.17904332119409,110.54207175788609
834107,116.87148202089602,107.82785543594572,112.25863560516807
