UE ID,Internet usage,Data rate,optimal GU
691211,114.45830179629642,4.087796492724872,21.630585859984134
707488,123.37268473061982,4.406167311807851,23.31524588397113
458204,108.1473091353508,3.8624038976910997,20.437920352354425
948233,114.50610263160496,4.089503665414463,21.63961936874753
450341,114.28225988762743,4.0815092817009795,21.597317066365324
561695,108.74254821430266,3.883662436225095,20.550409964749694
395738,121.1645083021136,4.327303867932629,22.897939763915254
