UE ID,Internet usage,Data rate,optimal GU
691211,114.45830179629642,106.96400822630083,110.64772358664897
707488,123.37268473061982,115.29471132563877,119.26532635886197
458204,108.1473091353508,101.06623532291711,104.54683828128724
948233,114.50610263160496,107.00867924501178,110.69393302300634
450341,114.28225988762743,106.79949287117564,110.47754251507638
561695,108.74254821430266,101.62250041455665,105.12226049219032
395738,121.1645083021136,113.23111787757045,117.13066516559398
