UE ID,Internet usage,Data rate,optimal GU
1023657,117.19199134707814,9.765999278923179,33.830413875551926
134641,132.88550174055246,11.073791811712704,38.360740100653224
314553,130.1627861544695,10.846898846205791,37.57475981237733
1213071,115.65019477369601,9.637516231141335,33.38533554221302
480524,101.41059329511971,8.450882774593309,29.274716668808512
696459,114.34105504368586,9.528421253640488,33.00741945444892
1142171,121.75662718970193,10.146385599141828,35.14811074179766
