UE ID,Internet usage
1119570,0.8779501145780859
1285210,0.8568810212869408
431799,0.8583874657390831
963527,0.8376148528958677
178742,0.8527026253371567
1160780,0.8075075072582907
1073755,0.8535019905478107
