UE ID,Internet usage,Data rate,optimal GU
1119570,124.7888566173229,118.8465301117361,121.78145427600947
1285210,121.2492489442283,115.47547518497933,118.32715088962726
431799,121.50233161212874,115.71650629726547,118.57413428369331
963527,118.01253265457542,112.39288824245278,115.16843922644131
178742,120.54727842506392,114.8069318333942,117.64209780876702
1160780,112.95449858781488,107.57571294077607,110.23230341171353
1073755,120.68157178010185,114.93483026676365,117.77315470374502
