UE ID,Internet usage
407574,0.40951070229595954
244882,0.33604211924448946
501208,0.3175983827429833
1098378,0.294768736426389
720622,0.36884934175408746
1018884,0.38516177031470544
668287,0.38759441987284604
