UE ID,Internet usage,Data rate,optimal GU
407574,125.5367586243478,8.219668719451343,32.12274222425391
244882,113.19403667171056,7.41151430588581,28.964447554430343
501208,110.09548893949972,7.208633204372005,28.171581375933595
1098378,106.26010835825859,6.957507094885979,27.190172081212303
720622,118.70565005337488,7.772393753494784,30.374776591431726
1018884,121.4461380515419,7.951830467660481,31.07602131447898
668287,121.85482317729173,7.978589612798864,31.180596955026086
