UE ID,Internet usage,Data rate,optimal GU
407574,125.5367586243478,114.3281194614596,119.80142543729959
244882,113.19403667171056,103.08742625459354,108.02259906082023
501208,110.09548893949972,100.26553456990152,105.06561308179579
1098378,106.26010835825859,96.77259868341406,101.40545755633595
720622,118.70565005337488,108.10693129860925,113.28240620271512
1018884,121.4461380515419,110.6027328683685,115.89769093821366
668287,121.85482317729173,110.97492825074782,116.28770467726807
