UE ID,Internet usage,Data rate,optimal GU
407574,125.5367586243478,119.55881773747409,122.5113318992234
244882,113.19403667171056,107.80384444924815,110.46606864526127
501208,110.09548893949972,104.85284660904735,107.4421956873622
1098378,106.26010835825859,101.20010319834151,103.6992474983436
720622,118.70565005337488,113.05300005083322,115.8448525464916
1018884,121.4461380515419,115.66298862051609,118.51929498381736
668287,121.85482317729173,116.05221254980165,118.91813082784961
