UE ID,Internet usage,Data rate,optimal GU
1036290,107.505568107307,55.67252634128398,77.36347052898253
981794,126.12625998436924,65.31538463476264,90.76334713651292
11710,127.76213508006111,66.16253423788879,91.94056034493327
570927,118.17583806864826,61.198201856978564,85.04204132511606
218799,121.03946474200826,62.68115138425428,87.10277270536758
540890,117.51326860170754,60.855085525884256,84.56524115251563
18987,97.06441793407974,50.26550214443415,69.84977958314356
