UE ID,Internet usage,Data rate,optimal GU
1036290,107.505568107307,91.50771571038632,99.18462060040873
981794,126.12625998436924,107.35747129621906,116.36406806214444
11710,127.76213508006111,108.74991259790916,117.8733261738164
570927,118.17583806864826,100.59014787986132,109.0290100255518
218799,121.03946474200826,103.02763963159038,111.67099155394035
540890,117.51326860170754,100.02617505978678,108.41772353726186
18987,97.06441793407974,82.62030812246074,89.55161705653882
