UE ID,Internet usage
1074642,0.4151497660798289
454500,0.5276177342676464
343730,0.42708419407061177
1168678,0.4371020038365438
135448,0.35846594287743716
272929,0.42758796228494717
878052,0.4529325355114354
