UE ID,Internet usage
214638,0.8255839021970759
972434,0.8239882664807778
602281,0.7882463611803187
986442,0.805840655957351
371088,0.7557520177700295
724838,0.7971945180904457
961407,0.8314402943058776
