UE ID,Internet usage
214638,1.0395139533518127
972434,1.037918317639948
602281,1.0021764123350556
986442,1.0197707071120878
371088,0.9696820689247665
724838,1.0111245692451825
961407,1.0453703454606145
