UE ID,Internet usage
214638,0.5339712285365711
972434,0.5323755928202729
602281,0.49663368751981385
986442,0.5142279822924127
371088,0.46413934410509133
724838,0.5055818444299408
961407,0.5398276206453727
