UE ID,Internet usage
214638,0.7057247581588355
972434,0.7041291224425374
602281,0.6683872171420783
986442,0.6859815119146773
371088,0.6358928737273558
724838,0.6773353740522052
961407,0.7115811502676372
