UE ID,Internet usage
612714,0.4864761591028192
737353,0.47609652512267153
1044687,0.4592881289711919
474378,0.4768325846545187
1234077,0.5019602499470901
676472,0.5206049068624805
1048698,0.3516349781301187
