UE ID,Internet usage,Data rate,optimal GU
612714,125.27172262998396,36.53758576707865,67.65446260064984
737353,123.52794412109397,36.028983701985744,66.71271457135214
1044687,120.70413356780625,35.20537229061016,65.18768257324503
474378,123.65160212273284,36.06505061913041,66.77949752501087
1234077,127.87304989181753,37.29630621844678,69.05933988862006
676472,131.0053522533158,38.209894407217114,70.7509765047768
1048698,102.61840422650285,29.930367899396664,55.42027238969718
