UE ID,Internet usage,Data rate,optimal GU
89044,120.82770713935739,45.31039017725902,73.99155732046643
1167070,132.40643605669902,49.65241352126213,81.08205174984025
437823,130.31020728578605,48.86632773216977,79.79837903162068
169543,134.66289531194028,50.49858574197761,82.46384520002066
522689,128.0116913092738,48.00438424097768,78.39083120459817
566171,114.33753965166257,42.876577369373464,70.0171576479531
147239,130.11079850665962,48.79154943999736,79.6762665918479
