UE ID,Internet usage,Data rate,optimal GU
602088,119.53393121513858,103.88067831791805,111.43278627332242
431149,108.7481304486409,94.50730384227126,101.37796903957317
299428,113.66882470221103,98.78362146739768,105.9651742414799
53650,111.92233399506229,97.26583787666128,104.33704803731638
623253,124.68597694804072,108.35805139532111,116.23566362529023
683951,111.73532951593727,97.10332207932645,104.16271736867144
12719,120.49364164809175,104.71471238465118,112.32745447734118
