UE ID,Internet usage,Data rate,optimal GU
602088,119.53393121513858,52.65185065428724,79.33273406645783
431149,108.7481304486409,47.90096222142516,72.17437279444111
299428,113.66882470221103,50.06841088073581,75.44015787046469
53650,111.92233399506229,49.299123307348864,74.28104027589315
623253,124.68597694804072,54.92120413187508,82.75206337213359
683951,111.73532951593727,49.21675228678189,74.15692843199369
12719,120.49364164809175,53.0745802497547,79.9696783364597
