UE ID,Internet usage
24843,0.6979455006776726
364476,0.6449021105065988
596807,0.6923986860308907
456385,0.7217741181550019
551554,0.6878781848947956
882342,0.7306150681850907
1201469,0.7249528939820543
