UE ID,Internet usage,Data rate,optimal GU
228058,105.45610376873714,37.66289420312041,63.0220761266656
346436,118.88980861447168,42.46064593373989,71.0502503071536
214622,115.68494624259583,41.31605222949851,69.13497870923095
729237,111.19499777172545,39.712499204187665,66.4517212758202
1063390,114.98003278696068,41.06429742391453,68.713712344591
342708,117.98164892384818,42.13630318708864,70.50752108511487
921429,112.37251709244636,40.133041818730845,67.15542366590502
