UE ID,Internet usage,Data rate,optimal GU
182869,120.70895485238543,104.9018298121921,112.52817531059729
731427,104.4710954958662,90.79035679997897,97.3908005684026
1288269,103.58022189557882,90.01614521877683,96.56030393461668
996778,128.62208236474157,111.77871443602542,119.905008297466
488190,124.60558726435674,108.28818893211955,116.16072217268784
433813,114.43298529126604,99.44771340788597,106.67754555507291
1095205,110.30392076373364,95.85935971133996,102.82831914439662
