UE ID,Internet usage,Data rate,optimal GU
182869,120.70895485238543,0.7185056836451513,9.31289805207299
731427,104.4710954958662,0.6218517589039655,8.060120004610884
1288269,103.58022189557882,0.6165489398546358,7.991387614152316
996778,128.62208236474157,0.7656076331234617,9.923409093989864
488190,124.60558726435674,0.7416999241925997,9.61352976944201
433813,114.43298529126604,0.6811487219718216,8.828696488302569
1095205,110.30392076373364,0.656570956926986,8.510132243898624
