UE ID,Internet usage
371423,0.9980474865064793
511095,1.0601308407593346
1540,0.9392277458328988
447718,1.0414970420495164
47985,0.98258291333864
154796,1.0296494060338348
86020,0.9930011217719107
