UE ID,Internet usage
440858,0.41426424626530184
66812,0.4357922099793788
144582,0.3969703365390565
901094,0.5042447269833411
368036,0.4221469926969076
1229620,0.3869219307166192
390689,0.5331767226748717
