UE ID,Internet usage
907578,0.9740142298016435
69682,0.9779762101720177
917577,0.9377247456442592
567749,0.888506057352488
725020,1.00611603860252
1195073,0.9252116310619757
493817,1.065418187752115
