UE ID,Internet usage,Data rate,optimal GU
907578,114.68240271515427,81.91600193939591,96.92432059720181
69682,115.34801541749556,82.3914395839254,97.4868660045869
917577,108.58576937694468,77.56126384067478,91.77172499189427
567749,100.31702974342308,71.65502124530221,84.78336450938117
725020,120.07550659347011,85.7682189953358,101.48232528615331
1195073,106.48356612654209,76.0596900903872,89.99503897051238
493817,130.03826765060916,92.88447689329226,109.90239518243794
