UE ID,Internet usage
1050093,1.087442316355925
40176,1.0363991947740674
244089,1.0664260052622392
1069051,0.9660171103201115
546255,1.0324362169875723
1047718,0.9365294878441711
295039,1.0242910883947436
