UE ID,Internet usage,Data rate,optimal GU
987571,115.73788097672474,105.40414160380288,110.4502240622208
627401,122.61130505653225,111.66386710505614,117.009625558798
126423,117.38232376660862,106.90175914458999,112.01953804194282
1035471,102.84462490272055,93.66206910783478,98.1460155330208
963172,124.71958336456264,113.58390627844096,119.02158404241933
71636,120.88670938818926,110.09325319281521,115.36382060386259
973374,118.16194380133959,107.61177024764855,112.7635399779792
