UE ID,Internet usage,Data rate,optimal GU
987571,115.73788097672474,48.913033031830096,75.24022059542727
627401,122.61130505653225,51.817872970320174,79.70857563740908
126423,117.38232376660862,49.60800587755484,76.30925898824445
1035471,102.84462490272055,43.46409742912595,66.85842352937856
963172,124.71958336456264,52.70887154097588,81.07914958980986
71636,120.88670938818926,51.089025991437126,78.58743053410328
973374,118.16194380133959,49.93748815413757,76.8160833995672
