UE ID,Internet usage,Data rate,optimal GU
207399,126.03170781087172,19.504907161206336,49.58060871166606
1064042,122.2577881651802,18.920848168420743,48.095956662492135
585408,101.49954655781305,15.70826315775678,39.92970808462183
1253414,116.17733264734417,17.979825290660408,45.70391825362663
1017971,95.78675415098228,14.824140523366305,37.682307570148915
673231,113.86293746676998,17.621645084142973,44.793440058532966
1243651,135.21077725308103,20.925477432024444,53.19163531962362
