UE ID,Internet usage,Data rate,optimal GU
227495,113.39738906767876,97.19776205801035,104.98558206058517
100862,116.01269771947737,99.43945518812346,107.40688737752939
955960,114.3975118062273,98.05501011962339,105.91151579417298
863709,125.26686962876781,107.37160253894383,115.97458573790101
1145595,109.77479194246642,94.09267880782835,101.63170882868533
1257113,118.01397559410276,101.15483622351664,109.25971065908766
424803,110.67961726575318,94.86824337064557,102.46941429976741
