UE ID,Internet usage,Data rate,optimal GU
587448,109.60572115132526,16.96279017818129,43.11866011622088
1120142,117.5814129479203,18.197123432416237,46.25628049001789
1120685,100.31528202158353,15.524984122387927,39.46382090748374
296578,126.87439255508154,19.635322657334047,49.9121191172273
1257950,111.63334397497901,17.276588948508657,43.916322669403776
850482,118.59977317906564,18.354726801522062,46.65690126255957
1119964,133.25516143216336,20.62282260259671,52.422300169831274
