UE ID,Internet usage
1065020,0.7066397609374881
477861,0.7083667882014006
1293572,0.7183855962728005
616333,0.6942186915446004
762099,0.7456191923732154
533808,0.7076678365739293
1249716,0.6375680584201254
