UE ID,Internet usage,Data rate,optimal GU
1065020,119.07133078501539,25.51528516821758,55.119315673716706
477861,119.36147136534382,25.57745814971653,55.25362466423058
1293572,121.04463112116794,25.938135240250272,56.03277623076569
616333,116.98459112687902,25.068126670045505,54.15334291446914
762099,125.61987526666849,26.91854470000039,58.15070272640124
533808,119.24404749214816,25.5522958911746,55.199267973231734
1249716,107.46728476203066,23.028703877577996,49.74768615033421
