UE ID,Internet usage
37137,0.768615869766035
984975,0.7580241078331563
650278,0.7323683087493184
1204491,0.7728795208669328
939570,0.74118412306499
601339,0.763650453651741
690381,0.7221766325339188
