UE ID,Internet usage,Data rate,optimal GU
37137,121.13314437326066,13.699581804118765,40.73663486999894
984975,119.35372836825685,13.498338327362381,40.13822375425749
650278,115.04355412183466,13.010878144731299,38.688727867635954
1204491,121.849437757809,13.780591174990303,40.97752172402319
939570,116.52461092701739,13.178378616746013,39.18680187212596
601339,120.29895446566604,13.605238897902707,40.45609984505805
690381,113.33135251822301,12.817236296703792,38.11292071005712
