UE ID,Internet usage,Data rate,optimal GU
223705,114.78265906986185,18.447213064799225,46.01543401953252
673890,122.62560346723035,19.70768627151916,49.159606609368716
1193922,107.18815344838303,17.22666751849013,42.970858513371546
435630,111.37764158539633,17.899978111938697,44.65039021708486
772638,106.48263935270198,17.11328132454139,42.68802365327389
1243834,110.45333864283408,17.751429424741193,44.27984468858612
974237,124.35193859399533,19.98513298832068,49.85168031427309
