UE ID,Internet usage,Data rate,optimal GU
223705,114.78265906986185,71.05593180515257,90.31051320462187
673890,122.62560346723035,75.9110878606664,96.48130885704319
1193922,107.18815344838303,66.35457118233235,84.33518813575681
435630,111.37764158539633,68.94806383857868,87.63145977455952
772638,106.48263935270198,65.91782436119647,83.78009261374707
1243834,110.45333864283408,68.37587630270681,86.90422210838442
974237,124.35193859399533,76.97977151056854,97.83958207117408
