UE ID,Internet usage,Data rate,optimal GU
223705,114.78265906986185,114.09942895635078,114.44053413875145
673890,122.62560346723035,121.8956891608778,122.26010160067172
1193922,107.18815344838303,106.550128725476,106.86866494801592
435630,111.37764158539633,110.71467943310232,111.04566576027234
772638,106.48263935270198,105.84881411845971,106.16525373062099
1243834,110.45333864283408,109.7958782937696,110.12411782515731
974237,124.35193859399533,123.61174848331679,123.98129115674593
