UE ID,Internet usage,Data rate,optimal GU
223705,114.78265906986185,71.73916191866365,90.74365963783688
673890,122.62560346723035,76.64100216701897,96.94405160227217
1193922,107.18815344838303,66.9925959052394,84.73967577113048
435630,111.37764158539633,69.6110259908727,88.05175695693487
772638,106.48263935270198,66.55164959543873,84.18191790520395
1243834,110.45333864283408,69.0333366517713,87.32103132031175
974237,124.35193859399533,77.71996162124708,98.30883935360538
