UE ID,Internet usage,Data rate,optimal GU
223705,114.78265906986185,38.26088635662062,66.26979911228578
673890,122.62560346723035,40.87520115574345,70.79792517134575
1193922,107.18815344838303,35.729384482794345,61.885109247362855
435630,111.37764158539633,37.125880528465444,64.30391135103423
772638,106.48263935270198,35.49421311756733,61.47778049430433
1243834,110.45333864283408,36.81777954761136,63.77026479833315
974237,124.35193859399533,41.450646197998445,71.79462522149501
