UE ID,Internet usage
869226,0.9466494573214391
1121088,1.0126789449161517
666626,0.9507516247989602
1035419,1.0408430962797188
770590,0.9727494082521448
1250280,0.9639326694414653
1174060,1.0367335416469334
