UE ID,Internet usage
869226,0.728318083045447
1121088,0.7943475706401596
666626,0.732420250522968
1035419,0.8225117220037267
770590,0.7544180339761527
1250280,0.7456012951654731
1174060,0.8184021673665078
