UE ID,Internet usage,Data rate,optimal GU
869226,107.52173939799785,40.9606626278087,66.36385833144843
1121088,118.61469331396057,45.18654983388974,73.21057813228104
666626,108.21090353400545,41.223201346287794,66.78921967088725
1035419,123.3462707427561,46.98905552104994,76.13097112375374
770590,111.90653115459669,42.63105948746541,69.0702105591659
1250280,110.42531903450627,42.066788203621435,68.15598659062829
1174060,122.65586556441306,46.72604402453831,75.7048437963557
