UE ID,Internet usage,Data rate,optimal GU
869226,107.52173939799785,81.28131490205789,93.48533766760255
1121088,118.61469331396057,89.66705982662495,103.13016436377707
666626,108.21090353400545,81.80229017153984,94.08453502363298
1035419,123.3462707427561,93.24390704958348,107.24405906179749
770590,111.90653115459669,84.59600867043916,97.2977177524377
1250280,110.42531903450627,83.47628284156129,96.0098701415333
1174060,122.65586556441306,92.7219936111932,106.6437826750293
