UE ID,Internet usage
125603,0.6224839833204537
715047,0.6348437952719159
1036369,0.6264560307147358
641279,0.5483588961966177
574561,0.5941466344619838
993828,0.5968464063662613
488496,0.5492183177118763
