UE ID,Internet usage,Data rate,optimal GU
125603,122.59172766416448,83.18724377211161,100.98548377684374
715047,124.66817607165942,84.59626233434032,102.69596743641802
1036369,123.25903162576896,83.64005717462894,101.5351783987634
641279,110.13871302712013,74.73698383983152,90.72725729155334
574561,117.83105305594148,79.956786002246,97.06385678311577
993828,118.28461473573954,80.26455999925183,97.43748024474542
488496,110.28309584161933,74.8349578925274,90.84619328053954
