UE ID,Internet usage
1107662,1.0468136102365617
182297,1.0101869596800814
701345,1.0252713451378275
1126448,1.0390202066490877
271437,1.0585346034394194
1275309,0.9702058081239057
424170,0.9835539421249953
