UE ID,Internet usage
1107662,0.7850750189664799
182297,0.7484483684099995
701345,0.7635327538677456
1126448,0.7772816153790056
271437,0.7967960121693375
1275309,0.7084672168538237
424170,0.7218153508549134
