UE ID,Internet usage,Data rate,optimal GU
1107662,121.81829187098973,35.53033512903867,65.78939682823754
182297,115.66501457720791,33.735629251685644,62.46624727937081
701345,118.19919133440723,34.47476413920211,63.83485914998255
1126448,120.50900006851214,35.148458353316045,65.08229843903685
271437,123.787418729229,36.10466379602513,66.85284687578081
1275309,108.94818111582853,31.77655282544999,58.83874261457172
424170,111.19066762846644,32.43061139163605,60.04982374857866
