UE ID,Internet usage
232796,0.3365151983192812
1083490,0.28307626076230474
835531,0.3179239829508811
885016,0.34785781582900005
464244,0.2601118985146332
855598,0.345028288838965
234391,0.37088994227328276
