UE ID,Internet usage
169003,0.6494154915352925
1048757,0.7221109656838314
42033,0.7530927031049539
1224199,0.7217772852136457
137555,0.8049093235487845
493928,0.7127751326531604
582798,0.7628696148372693
