UE ID,Internet usage
123013,0.376499148292337
92597,0.2982692774651604
1039624,0.33369598806363227
1075678,0.29812735533295115
729810,0.3808253710413244
551497,0.3444837190548396
1132397,0.4036304564842546
