UE ID,Internet usage,Data rate,optimal GU
123013,114.44003843249772,55.17644710138283,79.46316584966225
92597,101.29742013355596,48.839827564393055,70.33739071106314
1039624,107.24910751409743,51.70939112286841,74.47003456441409
1075678,101.27357721531726,48.82833187167083,70.32083502135617
729810,115.16684385429835,55.526871144036704,79.96783415075727
551497,109.06144632058617,52.583197333139765,75.7284593353979
1132397,118.99809820879038,57.37408306495251,82.62812336730464
