UE ID,Internet usage
404419,0.6613888481786093
1611,0.5847659619293619
580476,0.6546687914262416
1085279,0.6188267180750104
667145,0.6307656712216488
691342,0.6557421422115371
197803,0.7146770018788404
