UE ID,Internet usage
404419,0.9764643547320984
1611,0.8998414684872843
580476,0.969744297984164
1085279,0.9339022246329328
667145,0.9458411777795711
691342,0.9708176487694595
197803,1.0297525084323293
