UE ID,Internet usage
1217580,0.37295114110234967
1122243,0.41025719158459817
218377,0.37447205941966055
935524,0.3876166734875536
498249,0.33456118556193265
1070541,0.28405674948257664
1127496,0.36604621067527404
