UE ID,Internet usage,Data rate,optimal GU
1217580,118.56931163530551,97.3962202718581,107.46256461444982
1122243,124.83672811633339,102.5444552384167,113.14289318572222
218377,118.82482591257819,97.6061069996178,107.69414409444028
935524,121.03312107603749,99.42006374103079,109.69558155256549
498249,112.11979910455315,92.09840640731151,101.6171974826961
1070541,103.63505384318141,85.12879422832758,93.92724404270488
1127496,117.40928332360377,96.44333987296024,106.4111996728681
