UE ID,Internet usage
857632,0.3630850524254252
335449,0.42507198282963055
478437,0.42245397279559377
662611,0.37721562424299115
117376,0.4032895143489112
71973,0.37440883894036076
968493,0.49321023696084243
