UE ID,Internet usage,Data rate,optimal GU
857632,107.23391174389725,10.212753499418787,33.09310362324531
335449,117.64771605178917,11.204544385884683,36.30687340436008
478437,117.20789036611004,11.162656225343813,36.171140250960754
662611,109.60784780925236,10.438842648500225,33.825716198205555
117376,113.9882613470735,10.856024890197476,35.17754116441576
71973,109.13630787838869,10.393934083656067,33.68019581625924
968493,129.09494274579862,12.29475645198082,39.83956425768236
