UE ID,Internet usage,Data rate,optimal GU
857632,107.23391174389725,28.723369217115334,55.498821966015825
335449,117.64771605178917,31.51278108530067,60.88847773697127
478437,117.20789036611004,31.394970633779472,60.66084631862029
662611,109.60784780925236,29.359244948906884,56.727450605102526
117376,113.9882613470735,30.5325700036804,58.99452999369805
71973,109.13630787838869,29.232939610282685,56.48340550549475
968493,129.09494274579862,34.57900252119606,66.81298040561154
