UE ID,Internet usage
1175511,1.092487642212903
99407,1.0122242330121105
1233635,1.0392197241393146
1149462,0.9735014088278986
477962,1.0852563527510193
389985,1.0322624351262413
691799,1.082388235004353
