UE ID,Internet usage,Data rate,optimal GU
1175511,122.13118922471659,57.430737790194115,83.75013017523781
99407,108.64693647950253,51.089928463575596,74.50345101083859
1233635,113.1821789886529,53.222572262521304,77.61344406772064
1149462,102.14150201594224,48.030825352734745,70.04242032221421
477962,120.91633259529607,56.85946592278804,82.91705549952158
389985,112.01335443472789,52.67294643061609,76.81193538542064
691799,120.43448881358833,56.63288462067547,82.58663638464748
