UE ID,Internet usage,Data rate,optimal GU
1187379,116.83416107863546,6.2589729149268996,27.041853666666157
20511,113.20230819345623,6.064409367506584,26.20124306653719
672327,131.84206028495043,7.062967515265202,30.51550735180789
826341,119.13925801516713,6.3824602508125245,27.575379935607447
113357,98.32507073513932,5.267414503668178,22.757831699537466
969247,118.09552564818755,6.32654601686719,27.333802834574225
1158304,109.02872245726536,5.840824417353501,25.235245675864807
