UE ID,Internet usage,Data rate,optimal GU
1187379,116.83416107863546,115.44327820865172,116.13663746499354
20511,113.20230819345623,111.85466166734366,112.5264674773958
672327,131.84206028495043,130.27251194822483,131.0549364722664
826341,119.13925801516713,117.72093351498658,118.42797250577382
113357,98.32507073513932,97.15453417876861,97.73805014101178
969247,118.09552564818755,116.68962653332818,117.3904714324978
1158304,109.02872245726536,107.73076147563125,108.37779889366851
