UE ID,Internet usage
739251,0.4001224226911542
326894,0.358980339113924
850221,0.32549050927300976
27596,0.36810520663190466
43252,0.4107034650599044
36590,0.355173587877207
581043,0.4224307360741149
