UE ID,Internet usage,Data rate,optimal GU
1009885,120.33515322152729,14.32561347875325,41.519572408180565
58485,130.27270986628074,15.508655936461992,44.948355200459616
1030009,112.6525740598414,13.41102072140969,38.86883076498022
596225,116.48843716841881,13.86767109147843,40.1923292757708
725233,118.7037347134384,14.131396989695046,40.95667954552765
351666,120.23859876568199,14.314118900676426,41.48625795589062
139213,117.90954877919364,14.0368510451421,40.68265936505943
