UE ID,Internet usage
61915,0.5609895601409336
527607,0.4403081564254149
1082765,0.6060792567898091
30975,0.5746293657067713
270719,0.52932267363416
762085,0.5403696469682916
332140,0.5922081473415921
