UE ID,Internet usage
61915,0.5115986807791173
527607,0.39091727705960855
1082765,0.5566883774235594
30975,0.5252384863405215
270719,0.4799317942679103
762085,0.49097876760204184
332140,0.5428172679753425
