UE ID,Internet usage
61915,1.0428362019212665
527607,0.9221547982048609
1082765,1.0879258985657085
30975,1.0564760074826705
270719,1.0111693154100594
762085,1.0222162887486244
332140,1.0740547891219248
