UE ID,Internet usage
149212,0.36849384610251057
453266,0.3773003555520235
268083,0.42039627109562006
4880,0.4165736200911485
1200634,0.42102576220750837
277624,0.4684316608821775
966874,0.43748468045089833
