UE ID,Internet usage,Data rate,optimal GU
149212,107.58516539092196,24.334739790803773,51.166952275259405
453266,109.06465897848977,24.669387149896494,51.87059182920317
268083,116.30477278972225,26.30703194053241,55.313952784226046
4880,115.66256742103306,26.161771202376524,55.00852320821307
1200634,116.41052729657484,26.33095260279669,55.3642490846998
277624,124.37471827420303,28.132376752498303,59.151977422362776
966874,119.1756255614781,26.956391496048614,56.67931562238293
