UE ID,Internet usage
276959,0.3522910724095917
107263,0.26561694686187864
976798,0.33042606888025366
710250,0.2871526513582748
1020513,0.3127567324491193
1152541,0.2259089653068158
882071,0.1832970709179371
