UE ID,Internet usage
833612,0.7291471894344737
1167123,0.661943642922832
1160023,0.7095346168719543
357392,0.7524505113558556
1168721,0.7053088188158905
230687,0.6932636783326013
224885,0.7011144843758574
