UE ID,Internet usage
833612,0.5328791925317736
1167123,0.46567564602013195
1160023,0.5132666199692543
357392,0.5561825144531557
1168721,0.5090408219131904
230687,0.49699568142990114
224885,0.5048464874731574
