UE ID,Internet usage,Data rate,optimal GU
833612,120.52075940835654,75.32547463022283,95.28002626589347
1167123,109.23056359441497,68.26910224650935,86.35434276555497
1160023,117.22584721814552,73.26615451134094,92.67516946306328
357392,124.43571749109648,77.77232343193529,98.37507238727952
1168721,116.51591314484247,72.82244571552654,92.11391729801363
230687,114.4923295434641,71.55770596466506,90.51413399398317
224885,115.81126495862522,72.38204059914075,91.55684399362538
