UE ID,Internet usage
643811,0.807556702626328
946619,0.8838077055537908
924352,0.7778119291382612
1235888,0.8402114510765734
1152954,0.8633407135549236
302111,0.8454230960761783
380875,0.8013346174348136
