UE ID,Internet usage
1104657,0.25308744509883846
1080457,0.4117355648462921
1045771,0.3091810764228233
411722,0.370720476099161
163603,0.34331017393560515
228335,0.3462160050832622
1268147,0.3857905722382822
