UE ID,Internet usage,Data rate,optimal GU
1122104,117.842967230023,113.63428982895076,115.71949659638163
1038851,121.7916670694349,117.44196467409795,119.59704286297413
1245030,124.21770486210941,119.78135825989123,121.97936468235011
1025738,121.26484466677763,116.93395735724987,119.07971353340797
521546,116.44911034446848,112.29021354645175,114.35075630652685
728117,114.16980138555462,110.09230847892768,112.11251934158105
114265,115.99816813264044,111.85537641361758,113.90793984515125
