UE ID,Internet usage
544994,0.7059766737959169
311763,0.5970287718291051
620934,0.6631300772238903
1017681,0.7324643296689173
451161,0.7335062969370238
796553,0.6523639209286842
496250,0.6661378943024895
