UE ID,Internet usage
12037,0.4794212674274989
912560,0.4433265405917263
533093,0.44954946223469383
1198207,0.5015372185027426
907953,0.5898217411485043
1127137,0.46647722624506643
789650,0.5340059161143639
