UE ID,Internet usage,Data rate,optimal GU
12037,117.45918842704612,33.559768122013175,62.78457714607562
912560,111.3952743182905,31.827221233797285,59.54327871496302
533093,112.44072515465443,32.12592147275841,60.10209569273304
1198207,121.17466820716302,34.62133377347515,64.77058462674472
907953,136.0064680120243,38.85899086057837,72.69851509803208
1127137,115.28458950816159,32.93845414518903,61.62220513063063
789650,126.62940940614767,36.179831258899334,67.68626644104772
