UE ID,Internet usage
1138000,1.0627363596465316
726209,1.0560398765459438
1003122,1.0515442695464778
1009663,1.044395880528373
136916,1.1166460745256674
1132737,1.0790256522988437
865455,1.0656297901833798
