UE ID,Internet usage
1138000,0.9952863782101935
726209,0.9885898951140392
1003122,0.9840942881145731
1009663,0.9769458990920348
136916,1.049196093093763
1132737,1.011575670866939
865455,0.9981798087514752
