UE ID,Internet usage
1046500,0.8981506179737224
198515,0.8678607275808199
1093678,0.8903172103680798
1102554,0.8576720846673774
344931,0.863666759444358
425391,0.9057865277619077
835864,0.8623317727590696
