UE ID,Internet usage,Data rate,optimal GU
1046500,120.57549919624273,35.885565236977,65.77932762188921
198515,115.48679761017921,34.37107071731524,63.00321331151088
1093678,119.25948671863085,35.49389485673537,65.06138395591745
1102554,113.77510560111409,33.861638571760146,62.06940876413089
344931,114.78221096337504,34.161372310528286,62.61882978262574
425391,121.85833204116676,36.26736072653773,66.4791703142511
835864,114.5579332007011,34.09462297639914,62.49647623213185
