UE ID,Internet usage
1267894,0.4621298159044317
735496,0.4676992211511968
377882,0.47611184786221716
1293677,0.5726157998009425
652456,0.5431321803695888
755771,0.5197510277907339
29116,0.45359271647088667
