UE ID,Internet usage
1015533,0.4606709710369947
615,0.44393226729316415
708622,0.4514981123450935
230953,0.4967316398646898
611885,0.6090697393343042
392674,0.5411411651007741
124364,0.5128956754092663
