UE ID,Internet usage
986985,0.9767215020689085
950389,0.8254107134449038
420484,0.8804416513723642
714599,0.9622533629678949
262126,0.9288037699815364
294809,0.861774818422918
7357,0.939323723929964
