UE ID,Internet usage,Data rate,optimal GU
1239515,115.81787878300258,92.37854617215682,103.43639235161321
997354,126.57314178176068,100.95714880211864,113.04186617892007
195935,115.31814970444862,91.97995274045306,102.99008670707912
425859,133.54756614732707,106.52008252227279,119.27069114691155
1211509,116.97911657703412,93.3047715554915,104.47348825890413
696995,131.45328779881257,104.84964622048145,117.40030119307458
385657,135.1386246050295,107.78914105401161,120.69165782852039
