UE ID,Internet usage,Data rate,optimal GU
1239515,115.81787878300258,38.605959594334195,66.867483492338
997354,126.57314178176068,42.19104726058689,73.0770374798762
195935,115.31814970444862,38.439383234816205,66.57896477431296
425859,133.54756614732707,44.51585538244236,77.10372326477865
1211509,116.97911657703412,38.99303885901137,67.53792444531526
696995,131.45328779881257,43.81776259960419,75.89459109650578
385657,135.1386246050295,45.0462082016765,78.02232129362956
