UE ID,Internet usage
1291248,0.9795793920043364
646319,0.8848306444147466
422697,0.8701919579657356
1054416,0.9564210845961679
604552,0.8372891127182694
896652,0.7968691526754094
194585,0.8892319899869088
