UE ID,Internet usage,Data rate,optimal GU
1291248,132.44425897238528,76.47079238286531,100.63854843040872
646319,116.52646937790965,67.28016386700736,88.5433224731802
422697,114.06717005436059,65.86021128138677,86.67460943119421
1054416,128.55366332798064,74.22443656436977,97.68225646863942
604552,108.53949205278136,62.66863529237971,82.47437082073377
896652,101.74893876530292,58.74789916806181,77.31452900355347
194585,117.26589543374739,67.70709438734224,89.10517970661941
