UE ID,Internet usage
334800,0.5101340702403614
874916,0.5506404596158809
974059,0.4699384327034784
930558,0.5591105966348187
409843,0.544200945096067
759750,0.5270219093560521
219831,0.4685708683823052
