UE ID,Internet usage
334800,0.3329838354686971
874916,0.37349022484466
974059,0.2927881979327008
930558,0.3819603618662577
409843,0.36705071032706277
759750,0.3498716745848312
219831,0.2914206336110843
