UE ID,Internet usage
677810,0.6210581276046268
814335,0.6841470383387201
115128,0.6708614268016528
253641,0.6521202474744069
397299,0.530726269173798
114267,0.5922687699197827
854564,0.507553846117006
