UE ID,Internet usage,Data rate,optimal GU
738666,115.19393078635257,73.36756306035551,91.93202913641115
893359,125.50032340787325,79.93175359906213,100.15718110670215
867978,114.95849010186467,73.21760976725905,91.74413260645957
1296388,124.57595887751218,79.3430214279393,99.4194798549285
788964,119.40462990422539,76.04937737947688,95.2924328603442
1198599,105.63828328646633,67.28152566459462,84.30601916887134
739397,123.73229712526854,78.80568924049842,98.7461845149823
