UE ID,Internet usage,Data rate,optimal GU
738666,115.19393078635257,8.913816072753471,32.04399337983705
893359,125.50032340787325,9.711334549418764,34.91096714034299
867978,114.95849010186467,8.895597448358576,31.978499827498194
1296388,124.57595887751218,9.639806341712251,34.653832665555576
788964,119.40462990422539,9.239643980684107,33.21530174423213
1198599,105.63828328646633,8.17439096859561,29.385857633134258
739397,123.73229712526854,9.574522991836256,34.41914763120375
