UE ID,Internet usage
417714,1.0020604517337965
89075,0.9181566370630116
753196,0.8648417904935373
188550,1.022944230632813
342613,1.009377879300531
1052089,0.9442610748367278
138781,0.8664280292461904
