UE ID,Internet usage,Data rate,optimal GU
417714,122.96134225920746,73.92318790583306,95.33988886599798
89075,108.86550139410375,65.44890262383619,84.4104709134939
753196,99.90860717055921,60.064103120395714,77.465610974855
188550,126.46981711406929,76.03244957452975,98.06023655093574
342613,124.19067009007753,74.66224808986804,96.29306631690739
1052089,113.2510469402295,68.08545083906655,87.81086828475057
138781,100.17509528134197,60.224313234616304,77.67223645892444
