UE ID,Internet usage
906968,0.4573501995811602
673356,0.46578475832779365
40440,0.3857111655235963
1154401,0.4069369111053596
142293,0.4489381809953376
800984,0.4707075152938345
184540,0.4516570789354038
