UE ID,Internet usage,Data rate,optimal GU
906968,118.34615381197162,9.862179484330968,34.16359188044933
673356,119.76315968111123,9.98026330675927,34.572646240444854
40440,106.31079609028278,8.859233007523565,30.689283370244087
1154401,109.87672134796756,9.156393445663964,31.718677323961288
142293,116.93293468938184,9.744411224115153,33.75563066002377
800984,120.59018285182279,10.049181904318566,34.81138726556304
184540,117.38970954310105,9.78247579525842,33.887490202400684
