UE ID,Internet usage,Data rate,optimal GU
1077468,122.69947025004909,13.146371812505258,40.16282929655944
30150,111.60160150000688,11.957314446429308,36.530199039434194
1221417,118.2014423436677,12.664440251107251,38.690504056629685
433124,110.9934212631046,11.892152278189776,36.33112532716413
167888,114.47523259456766,12.265203492275106,37.47081561159159
560008,107.53693958359628,11.521814955385315,35.199726117551634
723737,112.93135887165032,12.099788450533962,36.96546431168288
