UE ID,Internet usage,Data rate,optimal GU
2788,106.62785055418313,20.9447563588574,47.25774381967492
865865,106.89593189719236,20.997415194091356,47.376558176007904
983551,114.9630464473096,22.582026980721526,50.951924562857165
610397,125.18713358989751,24.5903298123013,55.48326687598885
571400,114.43168827626464,22.47765305426627,50.71642522386436
612130,116.22082822994939,22.829091259454344,51.50937675715832
143876,120.59104443873869,23.687526586180816,53.44626807549742
