UE ID,Internet usage,Data rate,optimal GU
84594,123.252714511205,123.252714511205,123.252714511205
503168,118.73271739223627,118.73271739223627,118.73271739223627
123751,121.09453856148765,121.09453856148765,121.09453856148765
215875,122.6583043194798,122.6583043194798,122.6583043194798
212395,108.49651180390904,108.49651180390904,108.49651180390904
625063,130.61619547350324,130.61619547350324,130.61619547350324
168663,123.78325944259824,123.78325944259824,123.78325944259824
