UE ID,Internet usage,Data rate,optimal GU
1250989,112.73683334066459,102.67104464953381,107.58628374270776
481204,112.7800588484836,102.71041073701184,107.62753442903036
499197,119.79425307749996,109.09833762415174,114.32127478156535
552299,118.49986342026797,107.91951847202975,113.08602123744832
324898,124.29076756051823,113.19337759975767,118.61235932499383
94617,117.97971907298877,107.44581558432905,112.58964045687019
719637,120.14077322411804,109.41391847196464,114.65196364084848
