UE ID,Internet usage
683200,0.5045752718101923
444244,0.46912134345055867
1244719,0.36821190398098463
483986,0.5181925031575834
118414,0.4425637696167663
679140,0.4315943003179827
1156105,0.3530891729017825
