UE ID,Internet usage
11397,0.40166266732505257
159870,0.3939672465605359
974901,0.4560017113043801
107375,0.40661587961002743
954179,0.34099987401694115
6282,0.4354716119794047
317387,0.48766273019303286
