UE ID,Internet usage,Data rate,optimal GU
11397,116.94889116539498,54.297699469647675,79.68723703208155
159870,115.65606047702583,53.69745665004771,78.80632140748857
974901,126.07785055407454,58.53614490010604,85.9075743385135
107375,117.78103082927564,54.68405002787798,80.25424463667419
954179,106.75754188968811,49.56600159164091,72.74300303963228
6282,122.62879386733059,56.93479715268921,83.55743835180327
317387,131.39690172702456,61.0057043732614,89.53189678724192
