UE ID,Internet usage,Data rate,optimal GU
119633,117.67302182607474,61.63824952794391,85.16548057765415
659400,111.92149171476969,58.62554327916507,81.0028286937743
149505,116.70409587144829,61.130716885044336,84.46422345610345
707716,117.45514744918782,61.52412485433648,85.00779468053699
972645,119.00650245070129,62.336739378938766,86.13058299854009
1037463,111.73836150574992,58.52961793158329,80.87028877920912
567373,114.52292891787775,59.98820086174548,82.88561071260229
