UE ID,Internet usage,Data rate,optimal GU
119633,117.67302182607474,11.206954459626166,36.31468293585138
659400,111.92149171476969,10.659189687120923,34.53972220868695
149505,116.70409587144829,11.114675797280789,36.015665894523224
707716,117.45514744918782,11.186204518970268,36.24744544340227
972645,119.00650245070129,11.333952614352503,36.72620399083022
1037463,111.73836150574992,10.641748714833327,34.48320699922494
567373,114.52292891787775,10.906945611226453,35.34254315899813
