UE ID,Internet usage
614019,1.0506445820769363
82017,1.112250803001154
86427,1.017501130402278
764055,1.0816232052637746
1279449,1.1431566499815795
525940,1.0883409030571451
36711,1.0796787247620558
