UE ID,Internet usage
614019,1.0234348099621207
82017,1.085041030886338
86427,0.9902913582874622
764055,1.054413433148959
1279449,1.1159468778667636
525940,1.0611311309423292
36711,1.05246895264724
