UE ID,Internet usage,Data rate,optimal GU
614019,115.70022634977994,37.878050293082715,66.20044556192971
82017,126.05007146539569,41.26639244402835,72.1223385414591
86427,110.13212646894054,36.05516045114125,63.014533963705794
764055,120.90463504533062,39.581874568411806,69.1782631980876
1279449,131.24225375826765,42.96621402800429,75.09316057068965
525940,122.03320827439391,39.951347946974195,69.82400135237081
36711,120.57796232069158,39.4749281407026,68.991350167696
