UE ID,Internet usage,Data rate,optimal GU
136762,117.95917113509397,77.23517157654962,95.44944641875385
119298,111.4885169364819,72.99843370841077,90.21356390719085
972777,124.17378185808153,81.30426193088671,100.4781453109991
1037970,121.08853526053315,79.28415999201574,97.98164523417103
920958,129.36229866677726,84.7015050794375,104.67655610313011
906692,125.18619954882207,81.96715446649064,101.29736697215392
1086187,117.85052952042564,77.16403718599297,95.36153649298592
