UE ID,Internet usage,Data rate,optimal GU
136762,117.95917113509397,33.00048240088938,62.39158237348342
119298,111.4885169364819,31.190239857230058,58.96909007756289
972777,124.17378185808153,34.73909373410614,65.67864681375784
1037970,121.08853526053315,33.87595926931582,64.04678203053557
920958,129.36229866677726,36.190643079396025,68.42298428875756
906692,125.18619954882207,35.02232963568237,66.21414007926977
1086187,117.85052952042564,32.97008861583336,62.334119081858525
