UE ID,Internet usage,Data rate,optimal GU
71666,111.86856773986953,74.57904515991302,91.34030307288518
687300,110.51252863872284,73.67501909248189,90.2331017831946
1200778,118.06356865875956,78.70904577250637,96.39850014200302
639214,117.49041977088449,78.32694651392299,95.93052603469049
1056504,108.46763152371672,72.31175434914448,88.56345028044313
332841,105.65153433003346,70.43435622002231,86.26411655024059
568127,114.45623998285997,76.30415998857332,93.45312861184846
