UE ID,Internet usage
340147,0.3133296067858857
1225550,0.4103386448785614
904472,0.3914444798857144
548993,0.36711156944045426
272137,0.32095266463929484
717682,0.334819309636887
1297788,0.34127959185742407
