UE ID,Internet usage
340147,0.32472830336308195
1225550,0.42173734145575775
904472,0.4028431764629106
548993,0.3785102660176505
272137,0.3323513612169345
717682,0.3462180062140833
1297788,0.35267828843506366
