UE ID,Internet usage,Data rate,optimal GU
340147,111.89012486107207,97.23784660545549,104.30702180537122
1225550,128.187643260619,111.40116616696653,119.50001233233428
904472,125.01342354182383,108.64261807801357,116.54091825826376
548993,120.92549458701961,105.09001315300515,112.73003954884227
272137,113.17079858047943,98.35081305208331,105.50090072669384
717682,115.5003949400518,100.37534322171169,107.67261390135819
1297788,116.58572235315437,101.31854442595558,108.68438567554307
