UE ID,Internet usage,Data rate,optimal GU
776865,115.11031118874168,43.16636669577813,70.4903816363506
74079,110.31171452729998,41.3668929477375,67.55185331086186
74457,97.79903293741094,36.67463735152911,59.889432008575575
922866,116.74806719353829,43.780525197576864,71.49329827008333
560873,115.34510053310122,43.25441269991296,70.63416015903148
432003,120.43426828282858,45.16285060606072,73.75062620959652
584640,110.8538329716881,41.570187364383045,67.88383170308742
