UE ID,Internet usage,Data rate,optimal GU
776865,115.11031118874168,91.12899635775383,102.42015001482253
74079,110.31171452729998,87.3301073341125,98.15056734364343
74457,97.79903293741094,77.42423440878366,87.01732730381035
922866,116.74806719353829,92.42555319488449,103.8773540999015
560873,115.34510053310122,91.3148712553718,102.62905536502835
432003,120.43426828282858,95.34379572390597,107.15717555682446
584640,110.8538329716881,87.75928443591975,98.63292076469355
