UE ID,Internet usage
365922,1.0324391769295058
998372,0.99546711192126
1052171,0.9834725113023327
318762,0.9698132741928083
583854,0.8955929173015673
657019,0.9906810629520761
801110,0.9321130692722024
