UE ID,Internet usage
1058879,0.6933403878722931
417554,0.6488482539965852
694006,0.6587969661336579
1011523,0.7117050475083345
118884,0.6804670085830001
155088,0.6592433644189823
1061215,0.6427423733161041
