UE ID,Internet usage
1058879,0.9864467505979309
417554,0.9419546167266563
694006,0.9519033288637291
1011523,1.0048114102384056
118884,0.9735733713130714
155088,0.9523497271490534
1061215,0.9358487360461751
