UE ID,Internet usage
1048380,0.6499458523820447
973988,0.6571763614665416
1236438,0.6709271689890748
1204296,0.7144460400580179
912023,0.6791445313843358
203550,0.7850833106308344
116400,0.6806782896878764
