UE ID,Internet usage
1048380,0.6218246676563737
973988,0.6290551767408704
1236438,0.6428059842634037
1204296,0.6863248553323469
912023,0.6510233466586648
203550,0.7569621259051632
116400,0.6525571049622053
