UE ID,Internet usage
1048380,0.9014008892725026
973988,0.908631398352566
1236438,0.9223822058750993
1204296,0.9659010769484758
912023,0.9305995682703604
203550,1.0365383475168588
116400,0.9321333265739009
