UE ID,Internet usage,Data rate,optimal GU
345217,113.96840420694453,92.26013673895508,102.5414089821922
1211066,128.0225916788192,103.63733612094887,115.186459121256
1207645,115.01735264190712,93.10928547202005,103.4851850332758
136821,116.72947530175341,94.49528952999086,105.02564241804525
830360,115.64468615709848,93.61712688907971,104.04961921130172
603838,117.2556016767593,94.92120135737657,105.49901694821622
42514,115.83235631825589,93.7690503528738,104.21847270085355
