UE ID,Internet usage,Data rate,optimal GU
345217,113.96840420694453,101.75750375620046,107.69001958945096
1211066,128.0225916788192,114.30588542751713,120.96997849290094
1207645,115.01735264190712,102.69406485884564,108.68118269553717
136821,116.72947530175341,104.22274580513697,110.29898654267708
830360,115.64468615709848,103.25418406883792,109.273957149213
603838,117.2556016767593,104.6925014971065,110.79612923784046
42514,115.83235631825589,103.42174671272846,109.45128878311655
