UE ID,Internet usage,Data rate,optimal GU
1086810,120.72610029792357,94.13761392278565,106.60613031270493
186843,97.53831769093132,76.0566643899524,86.13036104521866
347468,114.42934194715099,89.22764163736178,101.04583274959695
803798,119.56853378446446,93.23498765336218,105.58395129528523
801224,121.64385137066927,94.85324124736711,107.41654239604327
747352,122.6606221097211,95.64608033555635,108.31439293240628
643730,123.31684716505482,96.15777963465585,108.8938667461941
