UE ID,Internet usage,Data rate,optimal GU
115043,108.35650801619187,60.628046151916884,81.0521028034821
318103,124.58301484787432,69.70716306964397,93.18974477757008
538793,113.5472490233704,63.53238933450487,84.93484581027239
376514,114.84520434943884,64.25862624313841,85.90573358110298
1216631,112.12034609762848,62.73400317367308,83.86750352742085
1201517,121.44331822582409,67.95042805492538,90.84121012984838
12387,123.36820445098218,69.02744772852574,92.28105051473054
