UE ID,Internet usage
137598,1.1032469686531616
468404,1.0082825376789943
413045,1.0846588304683993
16919,1.0398098792038202
264444,0.9507662561844621
376545,0.9950757528234231
561468,1.011488869750985
