UE ID,Internet usage
778949,1.0293601463721462
712760,1.0312271342036237
1126197,1.0217251627769737
46931,1.0027906507055488
1133594,0.945639195220551
859027,1.0001433662818093
968889,1.0732504606071689
