UE ID,Internet usage
778949,0.8848509588368015
712760,0.8867179466682791
1126197,0.8772159752416291
46931,0.8582814631702042
1133594,0.8011300076852064
859027,0.8556341787420312
968889,0.9287412730673907
