UE ID,Internet usage
1012203,0.9812541351182688
931310,1.0097387487056941
1218256,0.9616477733881199
550453,0.9529885649082206
570310,0.8606585975111388
188630,0.9366595795578695
252117,0.9983177464497648
