UE ID,Internet usage
974001,0.9762478485953772
539280,1.0141884684055507
1150849,1.016824880724904
299316,1.0118309820086222
664966,1.054684514164117
104703,1.0432196280638482
398193,1.0386949985721705
