UE ID,Internet usage
643031,0.7968626664248535
939406,0.892092668817975
342062,0.9377112761020578
1212282,0.8882434217841899
826951,0.9077777727712432
273352,0.8682881700342989
53240,0.8863764054235682
