UE ID,Internet usage,Data rate,optimal GU
162846,121.61232487052584,70.94052284114008,92.88294735979089
712376,129.1684792789472,75.34827957938586,98.65405561635174
1001421,117.37539685968031,68.46898150148019,89.64694013916117
1106377,120.06256866802912,70.03649838968366,91.69930150867947
1191206,118.28948126552285,69.00219740488834,90.3450836360532
543920,109.27131918792954,63.741602859625566,83.45734857772794
774098,95.98424572056143,55.99081000366084,73.309178589619
