UE ID,Internet usage,Data rate,optimal GU
162846,121.61232487052584,51.39568491551985,79.05914704124618
712376,129.1684792789472,54.58905969526935,83.97133931351583
1001421,117.37539685968031,49.60507843474584,76.30475586445357
1106377,120.06256866802912,50.74072842517897,78.05166360055286
1191206,118.28948126552285,49.99138791578645,76.8989944297187
543920,109.27131918792954,46.180140847279745,71.0363632984308
774098,95.98424572056143,40.56477051285632,62.398548865371744
