UE ID,Internet usage,Data rate,optimal GU
707970,113.52753940907245,84.4698953936551,97.92680622885342
1223874,124.07576167830413,92.318275058262,107.02551235420947
252374,119.61447890891871,88.9988682358026,103.17729036715902
314802,131.77505587142264,98.04691657099897,113.66678454660403
1158160,115.12389577909278,85.65766054992021,99.30379441808819
1108032,121.33620693389287,90.27991587343219,104.66242188289552
261436,111.90078051579009,83.25950931234381,96.52359337184338
