UE ID,Internet usage,Data rate,optimal GU
576136,120.18194072946811,20.03032345491135,49.06407184743467
16918,110.1968461162707,18.36614101937845,44.98767404147689
490117,113.56996048299449,18.928326747165748,46.36474221523098
1153344,123.8342604943584,20.6390434157264,50.55512514767851
187249,124.40352414516033,20.733920690860057,50.78752605994161
701430,110.03565112236822,18.33927518706137,44.92186646078488
870150,123.37438599426395,20.56239766571066,50.367382169187024
