UE ID,Internet usage
1111253,0.9612804469176929
802841,0.9393903229227322
404056,0.9181417307780362
205914,0.928203917849843
1211171,1.0548112848194278
921849,0.9049268779292606
1049476,0.9849336890202774
