UE ID,Internet usage,Data rate,optimal GU
1111253,120.69083172723347,21.55193423700598,51.001184970497405
802841,117.01329089579457,20.895230517106175,49.44714033018319
404056,113.4435274152994,20.257772752732038,47.9386399332257
205914,115.13397484376418,20.55963836495789,48.652984351506646
1211171,136.4040124945556,24.357859374027786,57.6412157609077
921849,111.22343213710897,19.86132716734089,47.00047844809304
1049476,124.6645764001179,22.261531500021054,52.68039857924393
