UE ID,Internet usage,Data rate,optimal GU
1111253,120.69083172723347,57.47182463201594,83.28458630334731
802841,117.01329089579457,55.72061471228312,80.74684203249608
404056,113.4435274152994,54.02072734061876,78.28347119960827
205914,115.13397484376418,54.82570230655437,79.44999074987066
1211171,136.4040124945556,64.95429166407409,94.12771117859697
921849,111.22343213710897,52.96353911290903,76.75145990967047
1049476,124.6645764001179,59.36408400005614,86.026730643725
