UE ID,Internet usage,Data rate,optimal GU
431073,117.96886459930039,18.257086187986964,46.4087031545635
174543,113.2583740510169,17.52808169837166,44.55560608263522
481571,125.57783425659971,19.434664825426147,49.40205581025888
681933,119.02016482863147,18.419787413954868,46.822282453093415
104981,113.08080351475668,17.500600543950437,44.48575020723719
1246637,104.01420828918215,16.097436997135333,40.9189707194844
333002,112.7907369152415,17.45570928450166,44.37163861721995
