UE ID,Internet usage
713299,0.4953012595729004
579832,0.587076061927665
622757,0.524959391796889
94461,0.44368145003478365
822960,0.45986816698492683
908042,0.47711706286267797
434893,0.49662198040040695
