UE ID,Internet usage
614833,0.8174503534841143
946527,0.7749525997999991
213152,0.7424542038547062
219757,0.7771454069591621
680069,0.7920336119409959
609755,0.759972702454703
656503,0.7912199058588663
