UE ID,Internet usage
705653,0.5839545640434166
967284,0.6502326183571272
504898,0.7176888924492835
1116410,0.6178722237254602
575168,0.6963294255874315
174940,0.7216490600729601
878600,0.6707611824204573
