UE ID,Internet usage
974969,0.7643745253347426
279326,0.7189083109586734
872775,0.680342204000249
800736,0.6732369054724366
1139806,0.7495256869275843
633154,0.6713214934376343
343863,0.6671825250311022
