UE ID,Internet usage,Data rate,optimal GU
974969,127.88060249064682,98.19403405531808,112.05852147865048
279326,120.24227847564576,92.32889240094228,105.36525229610584
872775,113.76317250628341,87.35386460303904,99.68777642181641
800736,112.56948235372082,86.43728109303562,98.64177608247978
1139806,125.3859976382406,96.27853390079189,109.87256265464076
633154,112.24769313187409,86.19019294054617,98.35980036665104
343863,111.55234643998011,85.6562660164133,97.75048573494676
