UE ID,Internet usage,Data rate,optimal GU
246079,122.00876027940667,116.19881931372063,119.06835805703307
297024,117.18505522904374,111.60481450385117,114.36090394650167
1239658,111.46247163278863,106.15473488837013,108.77623419746224
350450,127.55398198145109,121.47998283947722,124.479940320574
1266666,105.65466330457564,100.6234888615006,103.10839362628808
807509,128.58500590335123,122.46191038414402,125.48611664116802
298088,116.29663591413373,110.75870087060355,113.49389547227211
