UE ID,Internet usage,Data rate,optimal GU
246079,122.00876027940667,37.76461627695921,67.87940788176702
297024,117.18505522904374,36.27156471375163,65.19574613596211
1239658,111.46247163278863,34.500288838720294,62.01199453338745
350450,127.55398198145109,39.4809944228301,70.9644844356629
1266666,105.65466330457564,32.702633879987694,58.78082826707112
807509,128.58500590335123,39.80012087484681,71.53809319269189
298088,116.29663591413373,35.996577782946154,64.70147525812749
