UE ID,Internet usage
112323,0.6857634089971016
333981,0.6999555256135149
998607,0.6429948883400858
800928,0.7277596699899915
477396,0.7005445947572677
336788,0.6079945273404502
798571,0.6551804481227311
