UE ID,Internet usage
112323,0.5760958721634359
333981,0.5902879887798491
998607,0.5333273515064201
800928,0.6180921331563258
477396,0.5908770579280354
336788,0.4983269905067845
798571,0.5455129112934989
