UE ID,Internet usage
112323,0.5241780243043467
333981,0.53837014092076
998607,0.48140950364733087
800928,0.5661742852972367
477396,0.5389592100689461
336788,0.4464091426476952
798571,0.4935950634344097
