UE ID,Internet usage,Data rate,optimal GU
112323,116.86628115007248,50.08554906431677,76.50693993688543
333981,119.25055674178951,51.10738146076693,78.06781470498241
998607,109.68116967963664,47.00621557698713,71.80318033831861
800928,123.9216529970403,53.10927985587441,81.12576501471263
477396,119.34952035829416,51.14979443926892,78.13260159979372
336788,103.8011090318105,44.48618958506164,67.9537770512337
798571,111.7283437235063,47.88357588150269,73.14337034071598
