UE ID,Internet usage,Data rate,optimal GU
661758,133.98330536282725,90.1197232499969,109.88420450373118
918732,120.27804187908264,80.90130197819248,98.64405804408771
1255864,116.60066285846112,78.42782680360777,95.62811611575987
1019792,101.64834918233096,68.37061581906785,83.36522194888951
464847,128.83304175346237,86.65555784607885,105.66030050190777
583691,111.17809320669028,74.78050316878571,91.18088479139944
481984,114.96267064205735,77.32608203900286,94.28474373667561
