UE ID,Internet usage,Data rate,optimal GU
661758,133.98330536282725,38.280944389379215,71.61708917360161
918732,120.27804187908264,34.36515482259504,64.29131769479643
1255864,116.60066285846112,33.31447510241746,62.32567592672843
1019792,101.64834918233096,29.04238548066599,54.33332808163508
464847,128.83304175346237,36.80944050098925,68.86415747677115
583691,111.17809320669028,31.765169487625794,59.42719052775063
481984,114.96267064205735,32.8464773263021,61.45013225873052
