UE ID,Internet usage,Data rate,optimal GU
888389,120.40747406852434,100.33956172377029,109.91648273258187
163131,114.59242791453306,95.49368992877756,104.60809614679073
25717,116.99463104331753,97.49552586943128,106.80099754903196
904729,112.52040790186679,93.76700658488899,102.7166093125583
116386,123.248091968067,102.7067433067225,112.50960023396931
131698,116.38484471145892,96.98737059288244,106.24434133366982
171203,114.2011046711957,95.16758722599641,104.25086853403747
