UE ID,Internet usage,Data rate,optimal GU
348203,119.50579797030007,20.62897703058751,49.65160985659328
944702,114.07937561374129,19.69227317141963,47.39706982304687
866707,110.29740786502494,19.039433500510256,45.825758720667125
1271808,107.37586206179657,18.53511904638155,44.61193098290236
1263633,117.00963080069918,20.198091031073073,48.614516087530625
416670,120.68074749311396,20.831795698216098,50.13977140439069
1258390,104.5401169089745,18.045615418811074,43.433751226170905
