UE ID,Internet usage
267089,1.0193453640489454
430710,1.0012591298804958
1158227,0.9976240919018652
233916,0.9995265328365206
762379,1.0728769773745257
261130,1.0687203114775607
104505,1.0483328577484234
