UE ID,Internet usage
267089,0.9525660226710858
430710,0.9344797884982028
1158227,0.9308447505240056
233916,0.932747191458661
762379,1.0060976359966662
261130,1.001940970099701
104505,0.9815535163705638
