UE ID,Internet usage,Data rate,optimal GU
267089,117.2036265113402,50.9277662817133,77.25877877845825
430710,114.16513917088417,49.60747118734848,75.25585593174306
1158227,113.55445279097749,49.34211341512713,74.85330111895608
233916,113.8740628680568,49.480991603381824,75.06398303192611
762379,126.19693755017298,54.83557405453945,83.18702732090263
261130,125.49861767934412,54.532137444000725,82.7267058955093
104505,122.07352545330609,53.04385332197229,80.46893921657734
