UE ID,Internet usage
685024,0.3037208357521268
1021369,0.26774192639086486
1160583,0.38179490269932537
1286063,0.3254086904974341
544773,0.37902710674958273
1252654,0.3575453465541888
1000753,0.4566785001581951
