UE ID,Internet usage
410086,0.799415578758357
611391,0.7168013100485676
620171,0.7239406982125716
1226912,0.7051341337134316
54089,0.7365097044163234
1229510,0.7411652306223759
794752,0.7133253464769151
