UE ID,Internet usage
410086,0.6066047294835896
611391,0.5239904607693667
620171,0.531129848937804
1226912,0.5123232844342305
54089,0.5436988551371223
1229510,0.5483543813431748
794752,0.520514497197714
