UE ID,Internet usage
410086,0.8976425502834706
611391,0.8150282815692479
620171,0.8221676697376851
1226912,0.803361105238545
54089,0.8347366759370035
1229510,0.8393922021430559
794752,0.8115523179975952
