UE ID,Internet usage,Data rate,optimal GU
410086,130.71396761972238,45.12744120204701,76.80356038651658
611391,116.83477047588686,40.335813616675225,68.64856535909837
620171,118.03418768802247,40.74989813038871,69.35330651230767
1226912,114.87468485183534,39.6591173893241,67.49687853227398
54089,120.1457807295705,41.47890048997077,70.59401449961393
1229510,120.9279091323695,41.74892100998471,71.05356941259112
794752,116.25080859597507,40.134207729562824,68.30544708089181
