UE ID,Internet usage,Data rate,optimal GU
1247530,108.08373438665207,14.153822360156818,39.11263193050356
997203,125.17717054149843,16.39224852329146,45.298292340425824
402134,118.44155871457919,15.510204117385369,42.8608533704639
334930,114.54174422536613,14.999514124750325,41.44961411620039
22101,103.89775975477457,13.605659015506193,37.59783892324724
1249534,123.69262405242564,16.19784362591288,44.76107440712322
537636,123.58264538360503,16.183441657376846,44.72127604876525
