UE ID,Internet usage,Data rate,optimal GU
1247530,108.08373438665207,59.83206724975383,80.41687176474036
997203,125.17717054149843,69.29450512118663,93.13479524400918
402134,118.44155871457919,65.56586285985634,88.12333967563713
334930,114.54174422536613,63.40703698189911,85.22178484442237
22101,103.89775975477457,57.51483129282164,77.30240697415556
1249534,123.69262405242564,68.4727026004499,92.03025731035962
537636,123.58264538360503,68.4118215516385,91.94843056225923
