UE ID,Internet usage
964775,1.0029990858476314
756960,1.1086828337331307
358627,1.0753899863465337
900223,1.0483498124569848
719809,1.0677627275968173
809750,1.057149101619461
583317,1.0491699106811785
