UE ID,Internet usage,Data rate,optimal GU
277915,120.39763302179561,69.51530001853675,91.4848489151718
471991,134.09041834788633,77.42125345086293,101.88939230481232
676841,109.69561695164468,63.336159787556745,83.35285911859285
985479,123.27122469450795,71.17445711528137,93.66836443307564
754895,125.53830384115354,72.48342543209459,95.39101784414446
657683,122.2866692073738,70.60599353044798,92.92024416087092
526553,115.76693913400291,66.84162557141835,87.96618895430335
