UE ID,Internet usage,Data rate,optimal GU
277915,120.39763302179561,9.316483507638946,33.49152971135127
471991,134.09041834788633,10.376044276919774,37.30051096015126
676841,109.69561695164468,8.48835131173441,30.5145036669943
985479,123.27122469450795,9.538844768027401,34.29088912124527
754895,125.53830384115354,9.714273511517833,34.92153232154905
657683,122.2866692073738,9.462658926761067,34.0170110679794
526553,115.76693913400291,8.958156004416892,32.203389587374694
