UE ID,Internet usage,Data rate,optimal GU
974896,107.81380259931011,99.47106787436348,103.55845728934553
342767,115.94758289538133,106.97544850466728,111.37120221702514
555316,121.7699712993891,112.34729494884112,116.96378448684185
1176926,115.14092092290242,106.2312068038683,110.59637870268942
1026342,124.9923805198856,115.32035107489445,120.05900717247334
60112,119.43214729122413,110.190373988927,114.7182329724469
677300,117.82143995508848,108.70430472046853,113.17109927663654
