UE ID,Internet usage
159973,0.542225940476064
1187752,0.5299198960393422
1037224,0.4434662485200867
400959,0.4981890816923137
172776,0.5622312322428639
25587,0.4992998648428112
15133,0.5120536006909886
