UE ID,Internet usage
144410,0.37715937078729617
252418,0.2976048791516103
1221377,0.29831139541754365
899797,0.2993203037278574
993672,0.37753476502703875
1256088,0.3433444630359572
283777,0.4031785560575449
