UE ID,Internet usage,Data rate,optimal GU
97958,113.70627116826415,16.243753024037737,42.97693085995725
721751,117.773498267609,16.824785466801284,44.51419820716997
374353,116.78990219155268,16.684271741650385,44.14243383462941
364658,130.78908544384765,18.68415506340681,49.43362775514267
265044,112.20989096175587,16.029984423107983,42.41135230378291
938397,128.6406727741361,18.377238967733728,48.6216040926288
933441,111.64227742681598,15.948896775259426,42.196814553176445
