UE ID,Internet usage,Data rate,optimal GU
1060300,103.33681444387528,94.72541324021901,98.9374673777529
267914,118.53500953266368,108.65709207160837,113.48863134472815
465097,111.11377097793023,101.85429006310272,106.38333637929989
1165978,123.09967436461102,112.8413681675601,117.85896519265657
43696,118.75489125390618,108.85865031608067,113.69915206514585
39035,122.81801585929462,112.58318120435341,117.58929770453652
476685,130.10723467082082,119.2649651149191,124.56819338905913
