UE ID,Internet usage
802989,0.7299796673210601
239123,0.781696402075061
268305,0.7093598398333862
628917,0.7624090557089009
1031630,0.7313080378827935
1249838,0.8033905538103107
1065218,0.7056932236034362
