UE ID,Internet usage
1250051,0.8126720878418072
1051588,0.8061467549607958
632297,0.8900202308175138
69418,0.8568457339941733
1106503,0.8032539084401343
783982,0.8015232459913414
935447,0.7491384928187904
