UE ID,Internet usage
1250051,0.4491523170717442
1051588,0.4426269841849694
632297,0.5265004600430174
69418,0.49332596322411026
1106503,0.439734137666968
783982,0.4380034752181749
935447,0.3856187220460674
