UE ID,Internet usage,Data rate,optimal GU
1250051,121.69321220426076,73.1608001942282,94.35662553880218
1051588,120.59695627954281,72.50174157282038,93.50662735147777
632297,134.68770022400693,80.97296263467084,104.43209333144797
69418,129.11438475773008,77.62233845554012,100.11074104781841
1106503,120.11095806448839,72.20956407448409,93.12980147302659
783982,119.8202067730938,72.03476716715758,92.90436317429064
935447,111.01956824020058,66.74390709678725,86.08065838821972
