UE ID,Internet usage
957863,0.3828971553599558
467020,0.3317282475618056
888037,0.3464722912203069
622476,0.34680752546748594
725839,0.3285195268529711
852118,0.3100315408743331
871840,0.35634181049511904
