UE ID,Internet usage
50917,0.7954556395806385
1246041,0.9008325328238644
957326,0.8029385623762961
1024172,0.8442081311989488
106604,0.805563656969135
162801,0.9149123767861903
968952,0.8677691245776419
