UE ID,Internet usage
1203573,1.0513122768637124
417644,0.982055696509978
594820,0.9907454489389093
59028,1.0333611823029734
248459,1.007279504641568
677882,1.0775681737136233
173897,1.0326989257429893
