UE ID,Internet usage
1193263,0.8183997015307307
503556,0.8661751710478599
779629,0.846186897906431
275108,0.9375848675341227
586265,0.8324809442679068
521971,0.8853005504266956
375586,0.8660439333359524
