UE ID,Internet usage,Data rate,optimal GU
1193263,114.78438722529447,106.58550242348772,110.60900317234659
503556,122.81066610455886,114.03847566851896,118.3433190273086
779629,119.45263621675396,110.9203050584144,115.10744045974678
275108,134.80749511381475,125.17838831997085,129.9037527240829
586265,117.1500360052181,108.78217629055966,112.8885993763987
521971,126.02372984028302,117.02203485169139,121.43950471535092
375586,122.78861816840413,114.0180025849467,118.32207310441757
