UE ID,Internet usage
830725,0.8893880543452882
51745,0.8694148470880053
792093,0.9151050083873045
353518,0.857497414953366
214677,0.8207792003236866
391497,0.9430943114404275
1044739,0.8981168271553779
