UE ID,Internet usage,Data rate,optimal GU
830725,118.219893526888,56.998877236178146,82.0877652151229
51745,114.86439470823821,55.38104744861485,79.75782402682113
792093,122.54034180600449,59.081950513609314,85.08773360774823
353518,112.86226610949822,54.41573544565093,78.36761585253893
214677,106.69360605148157,51.44156006053576,74.08431374975697
391497,127.2425447187704,61.349084060835736,88.35277908513402
1044739,119.68632735919905,57.705907833899545,83.10600565282795
