UE ID,Internet usage,Data rate,optimal GU
830725,118.219893526888,99.92395762391725,108.68762409347609
51745,114.86439470823821,97.08776219386802,105.602684804772
792093,122.54034180600449,103.57576509793238,112.65970733993171
353518,112.86226610949822,95.39548683064731,103.761991212224
214677,106.69360605148157,90.18150035303799,98.09072062024309
391497,127.2425447187704,107.55024613134165,116.98276369996566
1044739,119.68632735919905,101.16344336313253,110.03581689224502
