UE ID,Internet usage,Data rate,optimal GU
830725,118.219893526888,64.73946550281963,87.48424268821772
51745,114.86439470823821,62.90193043546378,85.00113037747941
792093,122.54034180600449,67.10542527471675,90.68143001850535
353518,112.86226610949822,61.80552667901093,83.51952944721506
214677,106.69360605148157,58.427450932954194,78.95464161423877
391497,127.2425447187704,69.68044115551713,94.16112069083789
1044739,119.68632735919905,65.54251260146616,88.56942259698607
