UE ID,Internet usage,Data rate,optimal GU
830725,118.219893526888,106.96085604813675,112.44954874767404
51745,114.86439470823821,103.92492854554885,109.25783272828258
792093,122.54034180600449,110.86983306257548,116.55911478499937
353518,112.86226610949822,102.11347886097457,107.35342856459654
214677,106.69360605148157,96.53231023705474,101.48586246207755
391497,127.2425447187704,115.12420712650655,121.03180190969437
1044739,119.68632735919905,108.2876295154658,113.84440555046922
