UE ID,Internet usage,Data rate,optimal GU
707654,128.25614533512362,51.14977224674573,80.99550989491388
14539,116.19132622453844,46.33820748240521,73.37641162014188
638036,123.97524099039823,49.442506823551675,78.29206025274357
330728,125.19306020669114,49.92818472528754,79.06112974353275
331701,113.97927629901315,45.45602090496357,71.97947183871636
370135,120.46139662998662,48.04115222743514,76.07301948148654
69457,111.76927741239611,44.574652301372254,70.58382731641277
