UE ID,Internet usage
618308,0.9785239551097932
364176,0.9482676823431578
266535,0.9386578812366072
75682,1.0135697658202911
1109962,0.9102690102156622
738512,0.993268375669988
1049800,0.951417085968769
