UE ID,Internet usage,Data rate,optimal GU
1274760,121.90867892297351,108.8470347526549,115.19287396093192
46702,118.7770469191709,106.05093474925972,112.23375986099171
517692,118.48503193289221,105.79020708293946,111.95783163499266
391460,112.39340067842947,100.35125060574059,106.20178114284379
176944,116.95376708244648,104.42300632361291,110.51092235440197
240364,112.56570347907922,100.50509239203501,106.36459198595777
834273,121.9094411168298,108.84771528288374,115.19359416642997
