UE ID,Internet usage,Data rate,optimal GU
1274760,121.90867892297351,63.13128015653985,87.72827914988362
46702,118.7770469191709,61.50954215457064,85.47468499193289
517692,118.48503193289221,61.35832010810489,85.26454431566165
391460,112.39340067842947,58.203725351329545,80.88086686225145
176944,116.95376708244648,60.565343667695494,84.1626110370869
240364,112.56570347907922,58.2929535873803,81.00485990628451
834273,121.9094411168298,63.13167486407257,87.72882764204991
