UE ID,Internet usage,Data rate,optimal GU
1274760,121.90867892297351,0.7256468983510328,9.405458773633939
46702,118.7770469191709,0.7070062316617316,9.163848119116318
517692,118.48503193289221,0.7052680472195965,9.141318673805351
391460,112.39340067842947,0.669008337371604,8.671339119156661
176944,116.95376708244648,0.6961533754907528,9.023179025753862
240364,112.56570347907922,0.6700339492802334,8.684632568830715
834273,121.9094411168298,0.7256514352192249,9.405517578166611
