UE ID,Internet usage,Data rate,optimal GU
231540,122.25188357206355,111.33653682455787,116.66662477843703
1102649,126.694639587124,115.3826181954165,120.90640688932505
657931,128.81896047960475,117.31726757964003,122.93367502810963
802063,114.67952705437371,104.44028356737604,109.44022261002289
1288108,122.0416714524647,111.14509364420891,116.46601651159864
337266,139.74889811362152,127.2713179249053,133.3642622349553
53858,129.41031330205965,117.85582104294717,123.49801101896041
