UE ID,Internet usage
240334,0.3378809641064578
31050,0.3837734874117049
109987,0.2980944763322117
12700,0.4136556378339028
213647,0.37657413914727206
303761,0.3362378168977767
395237,0.38643971391566606
