UE ID,Internet usage
248066,0.5779168370632747
1126173,0.5916093426174154
74016,0.5874169213502141
365170,0.5417527373994689
1278194,0.616605896519898
843561,0.5192167126627295
1021883,0.564508865356883
