UE ID,Internet usage,Data rate,optimal GU
248066,117.17220325288275,54.401380081695564,79.83939857094215
1126173,119.47254418604088,55.46939551494755,81.40681670863042
74016,118.76821741309436,55.14238665607953,80.9268989091153
365170,111.09663450955001,51.580580308005366,75.69959628867888
1278194,123.6719652419466,57.41912671947521,84.26823982897629
843561,107.31058235353305,49.822770378426064,73.11983659565479
1021883,114.91966400667049,53.3555582888113,78.30455179259069
