UE ID,Internet usage
937843,1.0283603082840929
792628,0.9843249476905043
493958,1.0867010240824924
1061088,0.9938523519868809
884343,1.0560290992549652
1146430,1.0866487736576402
667238,1.0383287517757886
