UE ID,Internet usage
937843,0.41461476319817214
792628,0.3705794026045835
493958,0.47295547899790147
1061088,0.38010680690140347
884343,0.44228355416815773
1146430,0.4729032285686159
667238,0.4245832066889812
