UE ID,Internet usage,Data rate,optimal GU
1145319,117.8581974042293,91.90133249972642,104.0736536663553
828193,127.38426294537678,99.32939551097833,112.48556278907881
545455,108.30511982089779,84.4522065270096,95.63789179528676
1097094,128.8498327982017,100.47219105097872,113.77972146998597
916037,102.25559547745817,79.73501790206561,90.29591206683449
513625,128.10217164817098,99.88919336851428,113.11950580996523
295019,107.99046456116773,84.20685034233912,95.36003821151671
