UE ID,Internet usage
161913,0.5415611623431776
512337,0.4898627647619867
389796,0.5156249419752834
841262,0.6066932326123742
222153,0.5852831694441191
125255,0.5366731138896025
971370,0.5922874421315909
