UE ID,Internet usage,Data rate,optimal GU
161913,115.97167983080682,61.43737800560599,84.40969098219938
512337,107.28634903727053,56.83622062093498,78.08809514578354
389796,111.61439480916741,59.12905439295178,81.2382522073663
841262,126.913867636665,67.23413225989991,92.37393443119637
222153,123.31697702394504,65.32863663768518,89.75594678490711
125255,115.15048769117597,61.00234169353965,83.81198838062994
971370,124.49369483531392,65.95201690680321,90.61241783866615
