UE ID,Internet usage,Data rate,optimal GU
209937,121.12394019849474,84.3541726382374,101.08070914930983
125146,128.44414718663083,89.45217393354648,107.18958995576271
813891,114.62919563760603,79.8310469619042,95.66069569133936
773259,115.4376394599919,80.39407033820865,96.33536062331089
1061244,127.73051506196884,88.95518013244259,106.5940475624559
511619,111.90361021169034,77.93287139742719,93.38613207289123
1172058,116.83590672970787,81.36786361533227,97.50224676465949
