UE ID,Internet usage
56876,1.0619508833542817
933422,1.0351905432789572
174620,1.0121792444669944
661890,0.9702248620321655
626261,0.9473167213735562
771023,1.0146308673393385
921307,1.0596467631621325
