UE ID,Internet usage
659707,0.4973305632009448
1120331,0.409498692484328
288991,0.398677840363074
235704,0.42872960223813067
591152,0.37652506740242275
1091718,0.43027204571536104
867075,0.41542428995663827
