UE ID,Internet usage,Data rate,optimal GU
1048341,117.72909902593277,45.549949027890655,73.22946442335031
37465,116.09757396668941,44.91870421330245,72.21462860731006
1890,120.97596082674151,46.80617531987023,75.24906665166165
1256102,123.04625230296017,47.60718095055006,76.53682250181322
121339,120.18895122573986,46.50167755757792,74.75953354511259
542668,127.67708116485599,49.39887068878357,79.41727533971464
394890,103.72210011691004,40.13057444999495,64.51687733338842
