UE ID,Internet usage,Data rate,optimal GU
592046,124.54977159854667,74.87813649674533,96.57150096376483
456057,113.70933527384736,68.36096942058681,88.16620889825496
217053,130.47731525826237,78.44171929216964,101.16750929762252
217276,117.50107002149092,70.64052423911062,91.10618631560956
87039,121.08698703141413,72.79634339388588,93.88657991677952
279267,105.55163024319896,63.45663484858985,81.84101207839532
798475,113.06751496318827,67.97511316239296,87.66856406154535
