UE ID,Internet usage,Data rate,optimal GU
409481,121.59688943002418,10.85686512768073,36.334020263208956
449928,127.38848927417158,11.373972256622462,38.064591720094356
650349,103.64761342518075,9.254251198676853,30.970648213751904
321908,112.14129158082227,10.012615319716275,33.50861999627724
145969,125.85553023994957,11.237100914281212,37.60653259643441
256395,124.43513814152261,11.110280191207377,37.18210927830631
99331,125.03975958635564,11.164264248781755,37.362774490476696
