UE ID,Internet usage,Data rate,optimal GU
409481,121.59688943002418,109.29244228531935,115.28061857964363
449928,127.38848927417158,114.4979873833328,120.77137755981722
650349,103.64761342518075,93.15946206668032,98.26370597115229
321908,112.14129158082227,100.79366088514384,106.31618557312633
145969,125.85553023994957,113.12014920376421,119.31804707948397
256395,124.43513814152261,111.84348725815427,117.9714363191279
99331,125.03975958635564,112.38692677106967,118.54465109866369
