UE ID,Internet usage,Data rate,optimal GU
409481,121.59688943002418,43.42746051072292,72.66804052641791
449928,127.38848927417158,45.49588902648985,76.12918344018871
650349,103.64761342518075,37.01700479470741,61.94129642750381
321908,112.14129158082227,40.0504612788651,67.01723999255448
145969,125.85553023994957,44.94840365712485,75.21306519286883
256395,124.43513814152261,44.441120764829506,74.36421855661261
99331,125.03975958635564,44.65705699512702,74.72554898095339
