UE ID,Internet usage
143683,0.7040388215121594
1130378,0.6836580399185751
349558,0.779533742733219
690535,0.8317290487467918
98821,0.8244654410226129
431694,0.8669685396895482
383441,0.7568628394692309
