UE ID,Internet usage
370765,0.4708908195539424
172842,0.4489736877341933
602179,0.4939313762468321
59420,0.5083682099832214
815312,0.5836846261225689
484890,0.5209433313591503
661881,0.48249673283935973
