UE ID,Internet usage
1282236,0.5158042431198699
55927,0.49782764812387853
46976,0.6019010367143296
564363,0.5193482345222531
762344,0.4700234584864798
41924,0.6169489391335423
74110,0.5138553121691959
