UE ID,Internet usage
1282236,0.5573220174741318
55927,0.5393454224781403
46976,0.6434188110685912
564363,0.5608660088765149
762344,0.5115412328363081
41924,0.6584667134878041
74110,0.5553730865234576
