UE ID,Internet usage
796424,0.2992548898060342
343819,0.26181912793261813
292973,0.3265930331280937
949421,0.2747117055426152
159603,0.331083406061264
1216610,0.25486294090351375
436854,0.31603128607869435
