UE ID,Internet usage
1294695,0.43703439006145245
223140,0.5399665134426613
447268,0.3411788824188144
1062063,0.402854805169067
583701,0.4460265137561482
228046,0.4141061204632295
873836,0.45469376200158085
