UE ID,Internet usage,Data rate,optimal GU
1294695,116.96550543095141,25.760260124673824,54.89136403401957
223140,134.25810215890888,29.568748689759694,63.006698709747205
447268,100.86178014698781,22.213606341896128,47.33396116033457
1062063,111.22333516905945,24.495615483661904,52.19659041653708
583701,118.47618221174058,26.092968701395247,55.60031757383898
228046,113.11355613853598,24.91191414955852,53.08366226697699
873836,119.93227991685706,26.413656886450664,56.28365740899946
