UE ID,Internet usage
1277510,0.698374095544539
1257453,0.6860604395188519
707700,0.6440718923410356
278370,0.6531004163335399
380916,0.6752564708200962
373789,0.6526583599489865
1165916,0.6431841338842447
