UE ID,Internet usage,Data rate,optimal GU
1277510,122.72336095808451,4.382977177074447,23.192535225221793
1257453,120.65466674566221,4.309095240916507,22.801588766314076
707700,113.60059082007407,4.057163957859788,21.468493721423076
278370,115.11738285085956,4.111335101816413,21.755140471713293
380916,118.83960000408548,4.244271428717338,22.458573394085764
373789,115.04311737769517,4.108682763489113,21.741105616499613
1165916,113.45144739933328,4.051837407119046,21.440308264211534
