UE ID,Internet usage
903614,0.7307078039571128
1213836,0.7025474984640498
463844,0.7514687556822266
451756,0.7152620800546794
79580,0.6604669311812043
986167,0.7623639701957287
838574,0.7025288039299044
