UE ID,Internet usage
903614,0.3768334592601556
1213836,0.3486731537679794
463844,0.3975944109879296
451756,0.36138773536038227
79580,0.30659258648469045
986167,0.4084896254996582
838574,0.34865445923250393
