UE ID,Internet usage
58709,1.0395219734417687
680269,1.0208701795098616
1290747,1.0000399120948047
1031801,0.9306626723077476
1283334,0.9417783524307735
815493,1.0795859918185642
1278046,0.9883228163942172
