UE ID,Internet usage
839159,0.35615012326232154
497742,0.36938685579805824
953490,0.28522873796746984
667983,0.3583092320260402
120324,0.3466485855092537
493115,0.3905404940619152
933349,0.23656621587107787
