UE ID,Internet usage,Data rate,optimal GU
839159,123.24882137065795,31.545829279394596,62.3537190378038
497742,125.47259243661875,32.115008778420275,63.47876343749271
953490,111.33402864114187,28.496209711720837,56.32581848680685
667983,123.61155164293965,31.6386709562286,62.53723058162895
120324,121.65256302816388,31.13726315601814,61.54614422213647
493115,129.02640366494003,33.024615223764414,65.27669825244496
933349,103.1587249288776,26.40372126155796,52.18979036861342
