UE ID,Internet usage
21085,0.8767247114522666
1286248,0.9076193802440615
157478,0.9041283290555722
730609,1.0052110025768113
979706,0.9834976323819861
9127,0.9761202443659114
307120,0.8298639445792131
