UE ID,Internet usage,Data rate,optimal GU
952399,101.08378022952012,17.44898587295288,41.99773152456654
64124,115.49720779745049,19.937018012655145,47.98614291927561
875317,112.56166204030114,19.430286899813886,46.766498557866626
591229,110.39671704557834,19.056576156677213,45.86701915130532
898064,114.6943528391952,19.798429954384886,47.6525771690295
1177160,122.11018711305401,21.078544204039083,50.73366709420868
157160,119.37065600792583,20.605648953749103,49.59546181938485
