UE ID,Internet usage,Data rate,optimal GU
952399,101.08378022952012,89.65168603689582,95.19627791336967
64124,115.49720779745049,102.43502358226264,108.77021285451882
875317,112.56166204030114,99.83147407145756,106.0056444035717
591229,110.39671704557834,97.91137404637604,103.96679400722886
898064,114.6943528391952,101.72296769666718,108.0141192106458
1177160,122.11018711305401,108.3001064276491,114.99802720153026
157160,119.37065600792583,105.8704032451247,112.41805676666972
