UE ID,Internet usage,Data rate,optimal GU
952399,101.08378022952012,66.78749765164721,82.16527694043694
64124,115.49720779745049,76.31065515188692,93.8811354598839
875317,112.56166204030114,74.37109813377039,91.49499665937768
591229,110.39671704557834,72.9406880479714,89.73523555182601
898064,114.6943528391952,75.78019741161111,93.22854015885474
1177160,122.11018711305401,80.67994505683926,99.25645161480215
157160,119.37065600792583,78.86989771952241,97.02964201756804
