UE ID,Internet usage
475236,0.4502179088564125
605880,0.4165975918036264
934520,0.4622727068473629
85725,0.40362423887804116
1236454,0.4171720540406368
1269823,0.3058226138072034
1128788,0.41930181872240907
