UE ID,Internet usage
32112,1.046081556480296
778970,1.034537072338748
1073895,1.0174714644371037
918508,1.0687512296349755
746386,0.988162121766822
69138,0.9322912621116306
1002200,0.9597771399044255
