UE ID,Internet usage
32112,0.44748720520181323
778970,0.43594272105671833
1073895,0.41887711315684756
918508,0.4701568783520593
746386,0.389567770487896
69138,0.3336969108331479
1002200,0.3611827886223959
