UE ID,Internet usage,Data rate,optimal GU
32112,121.44258375897358,106.26226078910189,113.59913514766916
778970,119.50311042280377,104.5652216199533,111.78492396398643
1073895,116.63608829566488,102.05657725870677,109.10307033397304
918508,125.25108884866223,109.59470274257946,117.16166544801906
746386,111.71211872728587,97.74810388637515,104.4971185570292
69138,102.32581430527276,89.53508751711367,95.71703473824562
1002200,106.9434417738407,93.57551155211063,100.03642972003
