UE ID,Internet usage
1124951,0.2824114691837016
243731,0.3005583592622244
900631,0.30013148611568674
232168,0.29401851430162174
63950,0.2684409291681878
83740,0.2874944761441079
306060,0.16714150734678312
