UE ID,Internet usage,Data rate,optimal GU
1124951,114.37093727213963,83.73586478853079,97.86188910478593
243731,117.41961480534113,85.96793226819618,100.47050060860278
900631,117.34790011674723,85.91542687118992,100.40913768660747
232168,116.32092085199096,85.1635313380648,99.53039931724923
63950,112.02388654960242,82.01748836667319,95.85362701469117
83740,115.22488244152864,84.3610746446906,98.59257025037687
306060,95.00558368357406,69.55765948261671,81.29185714946665
