UE ID,Internet usage
217059,0.3433140781993046
197639,0.29832556667472276
1259031,0.34487948763892357
437675,0.3504966987717955
398728,0.3845971269915941
1176232,0.32120640933722194
1283244,0.3584952712162614
