UE ID,Internet usage,Data rate,optimal GU
1161229,125.48051005097268,67.22170181302108,91.84232918427254
682166,101.6479283567786,54.45424733398854,74.39866552383565
541042,120.78254229593715,64.70493337282348,88.40376887813576
409570,117.97130764822326,63.19891481154817,86.3461558048012
507059,104.2538807763281,55.85029327303291,76.3060273910897
440233,107.36988589279682,57.51958172828401,78.58670960644207
94021,118.33099431918511,63.39160409956345,86.60941949112392
