UE ID,Internet usage
1085824,0.35698534758865774
198753,0.38663588530037984
671022,0.33905007154768524
167073,0.28165856981798704
887235,0.331253279517182
218691,0.1942514369542975
349351,0.3749705362908437
