UE ID,Internet usage
1085824,0.8294472515791842
198753,0.8590977892917929
671022,0.811511975539985
167073,0.7541204738098434
887235,0.8037151835103684
218691,0.6667133409461539
349351,0.8474324402804833
