UE ID,Internet usage
484696,0.9518819659790004
1195114,0.9625710297789677
974251,1.0457434346319598
668689,0.8546230801808229
347781,1.0089905314668661
644276,1.0272685589362347
275329,1.0244817440234413
