UE ID,Internet usage
484696,0.4870220736266648
1195114,0.497711137426632
974251,0.5808835422796242
668689,0.38976318782804387
347781,0.5441306391189639
644276,0.5624086665883326
275329,0.5596218516711057
