UE ID,Internet usage
628153,0.6412848046656833
1089093,0.5699553910043953
532495,0.700653104242118
240315,0.6753528501606212
481417,0.6312116495189567
323831,0.7316018434009249
440364,0.615388367087629
