UE ID,Internet usage
628153,0.33814260520642464
1089093,0.26681319154424993
532495,0.3975109047810859
240315,0.37221065070136267
481417,0.3280694500588114
323831,0.4284596439381194
440364,0.3122461676252669
