UE ID,Internet usage
1188710,0.2793269253268912
399078,0.31236421676514736
387247,0.36052597389580227
45466,0.2799365609852611
13954,0.32550432465272333
461232,0.22200988987187992
651913,0.31562053917121824
