UE ID,Internet usage
1188710,0.3668413320726552
399078,0.3998786235113547
387247,0.4480403806433396
45466,0.3674509677310251
13954,0.4130187313984874
461232,0.3095242966176439
651913,0.4031349459169823
