UE ID,Internet usage
1188710,0.8224870052354692
399078,0.855524296670622
387247,0.9036860538012769
45466,0.8230966408907359
13954,0.8686644045581979
461232,0.7651699697764679
651913,0.8587806190784664
