UE ID,Internet usage,Data rate,optimal GU
828998,123.51624342002705,102.19498711537952,112.35097197999555
400508,125.95322632501912,104.21130035224796,114.5676634085344
45057,110.83889844158601,91.70599335345509,100.81959771685449
968616,112.6952818086873,93.24192959171151,102.50817299963798
245042,106.32727938686205,87.97316568317753,96.71580721961597
985613,114.05416768347814,94.36624588097298,103.74422215896566
443465,120.23307309782342,99.4785545273658,109.364584387061
