UE ID,Internet usage
259300,0.3739558861371423
56192,0.32547803856518476
757127,0.32105473249255007
1260327,0.40077620365471384
748641,0.3976906877756024
833103,0.41898272273111287
823619,0.3340300720254718
