UE ID,Internet usage,Data rate,optimal GU
1039002,131.81234157077938,25.891709951403094,58.41957647883021
731734,127.01187368571615,24.94876090255139,56.29199648591255
86421,103.13913496408976,20.259472939374774,45.7115358940771
511317,117.84291496776007,23.147715440095727,52.2282898657912
370870,119.79633917747445,23.53142376700391,53.094052613460235
1244695,116.62978456483185,22.909421968091973,51.6906272804209
734558,128.1077635264737,25.164024978414474,56.777697745761046
