UE ID,Internet usage,Data rate,optimal GU
1039002,131.81234157077938,130.2431470282701,131.0253951848403
731734,127.01187368571615,125.49982757041002,126.2535870656833
86421,103.13913496408976,101.91128811927918,102.52337343112823
511317,117.84291496776007,116.44002312290579,117.13936888901443
370870,119.79633917747445,118.37019228250452,119.08113076040964
1244695,116.62978456483185,115.24133474858387,115.93348112038647
734558,128.1077635264737,126.58267110353948,127.34293422205108
