UE ID,Internet usage
188840,0.7075348866567277
786326,0.6706082568487165
340226,0.7351578539078594
401223,0.6469446919884831
992431,0.7190855445981769
374879,0.7895997090410255
1181169,0.7075795235995384
