UE ID,Internet usage,Data rate,optimal GU
188840,116.14335867501788,74.66358771965434,93.12185483809627
786326,109.93968486767405,70.6755117006476,88.14785013958542
340226,120.7840171734048,77.64686818290309,96.84265929880729
401223,105.96420597122314,68.11984669578631,84.9603758583991
992431,118.08386920913733,75.91105877730257,94.67772460397501
374879,129.9302488355816,83.5265885371596,104.17595899736362
1181169,116.1508576815399,74.66840850956136,93.12786741948483
