UE ID,Internet usage
1090388,0.6257845980780613
222988,0.6813687588626187
255198,0.7009232628548488
564498,0.7125895470945087
106402,0.6753179933453738
1078171,0.6394783021665974
1165313,0.6577754834339149
