UE ID,Internet usage
911014,0.44873237586350584
396344,0.5928556020904594
718868,0.46648149146517276
1222213,0.4239941429868246
144383,0.50379263044592
526215,0.47482855932454415
200540,0.42886832694356386
