UE ID,Internet usage
762358,0.8809516991359583
629206,0.9513765109465411
229064,1.0179950617043048
712430,0.9179005606663828
99655,0.9326132487671432
138680,0.9407276430127075
559909,0.9387918208291552
