UE ID,Internet usage
579612,0.5708323760716291
912335,0.5704219876134531
50466,0.5263293916601887
241066,0.5077676090268867
1126779,0.5250902073661317
872184,0.4974716489074147
941361,0.4838508178337439
