UE ID,Internet usage,Data rate,optimal GU
579612,124.70421224661855,30.433766083996193,61.605347375066415
912335,124.63526698598953,30.416940157295063,61.57128760551737
50466,117.22771086533744,28.609143723088305,57.91186776883543
241066,114.10933138334256,27.848110635220507,56.3713516324947
1126779,117.01952790408971,28.558337167069514,57.80902293774125
872184,112.37961008342732,27.425976270360238,55.51684896876275
941361,110.09131046258828,26.8675221962269,54.38640204559682
