UE ID,Internet usage,Data rate,optimal GU
579612,124.70421224661855,34.145200972288414,65.2537385078564
912335,124.63526698598953,34.12632310330666,65.21766165104947
50466,117.22771086533744,32.098063689318586,61.341523697317996
241066,114.10933138334256,31.24422168829618,59.709775133091966
1126779,117.01952790408971,32.04106121183409,61.23258819088792
872184,112.37961008342732,30.770607522843196,58.80466712300389
941361,110.09131046258828,30.144049293327747,57.6072728859066
