UE ID,Internet usage
705118,0.26052943885950464
875067,0.3270640638134372
785902,0.4199105491446059
206545,0.3381117687682717
364873,0.32958313134711087
501504,0.34245777318071136
1104924,0.34467315716118974
