UE ID,Internet usage,Data rate,optimal GU
705118,100.2679351686783,68.63578895475003,82.95763278424694
875067,111.44575216092656,76.28727082444378,92.20570631655313
785902,127.04396169661706,86.96461663756524,105.11103379314574
206545,113.30176659336095,77.55775689426494,93.74129756483339
364873,111.86895550658862,76.57696359081959,92.55584764222654
501504,114.0318953346357,78.05754740168516,94.34537654483832
1104924,114.40407984338128,78.31231655945743,94.65330694903543
