UE ID,Internet usage
206590,0.3410373808456478
73950,0.3420578694552316
468890,0.3430738160477258
920519,0.4037935341029596
6818,0.2801407404045385
844239,0.36046797375201134
557441,0.32297526234503326
