UE ID,Internet usage,Data rate,optimal GU
1155688,117.57457297819674,34.992432433987126,64.14218815174954
760992,111.69962903317501,33.24393721225447,60.93714346940614
698829,117.76008240278257,35.04764357225672,64.24339183987956
1251093,98.37633039251224,29.278669759676266,53.6686881685324
1004335,111.22514389122531,33.102721396198014,60.67829060284466
836566,118.51717765998475,35.27296954166213,64.6564211642154
1091820,121.02257615604037,36.0186238559644,66.02322809923962
