UE ID,Internet usage
703029,0.5094291131593236
256055,0.4795535917429082
100350,0.5320582912576138
73052,0.45396970762227
1028257,0.566912208378495
611327,0.5067627157473901
1112048,0.42888275597918346
