UE ID,Internet usage,Data rate,optimal GU
703029,116.58114607373354,25.67560955195322,54.71098598735364
256055,111.56205847577621,24.570215259545954,52.3555516783834
100350,120.38284799406941,26.512889141551003,56.49510689795133
73052,107.26396594332901,23.6236115470427,50.33847697775949
1028257,126.23830607082701,27.802484075122617,59.243045956505505
611327,116.13319130848268,25.576952847701545,54.50076291346906
1112048,103.04935806758793,22.69539433631401,48.3605812356296
