UE ID,Internet usage,Data rate,optimal GU
33598,114.7542169545414,42.34977054274743,69.71237161965934
334489,105.41954303217204,38.904831357111114,64.04162352259951
1056250,123.95484713034455,45.74524120286525,75.30168909288756
1103173,109.03318916142082,40.23843885719102,66.23688787583829
370114,109.60384337148955,40.44903743471638,66.58355625469528
33195,107.91314933154037,39.82509082473514,65.55647163561963
1182132,122.16019330743771,45.08292848250677,74.21144964416486
