UE ID,Internet usage
234151,0.40745687504972217
1033279,0.2731539994006357
740645,0.39746536835137874
550813,0.4924787577686835
831445,0.3240739368843918
532657,0.3520962233797493
975671,0.35912548260236643
