UE ID,Internet usage
519950,0.33339862941238974
172179,0.4134449303510287
1123886,0.35034803329732866
1179370,0.34549569993890705
1187322,0.37274287287149915
388964,0.4291666531579601
999872,0.33523680532954697
