UE ID,Internet usage,Data rate,optimal GU
519950,112.53620191120866,46.89008412967028,72.64180597459108
172179,125.98398046889922,52.49332519537467,81.32230970749453
1123886,115.38370176385538,48.07654240160641,74.47985922586254
1179370,114.56850975970703,47.736879066544596,73.95365504985787
1187322,119.14603481238565,49.644181171827356,76.90843476583646
388964,128.62522990043217,53.59384579184674,83.02722888441235
999872,112.84501546527957,47.018756443866494,72.84114426659103
