UE ID,Internet usage,Data rate,optimal GU
1056560,117.63536075517922,80.52420527884291,97.32673803996923
503226,125.79934468952959,86.11264666247561,104.08128803786221
942223,123.46217153006684,84.51279598784338,102.14760552620244
536051,115.24061385623823,78.88494400873451,95.34542134566057
520975,104.57217506321312,71.58214364446137,86.51878672628669
1086181,115.20391177115184,78.8598205576337,95.31505552540217
379214,115.1391020339556,78.81545674943389,95.26143457100508
