UE ID,Internet usage,Data rate,optimal GU
614714,116.83023567577779,58.41511783788889,82.61145189396498
905580,107.23769323045187,53.618846615225934,75.82850008205524
940046,115.8252192423682,57.9126096211841,81.90079795869715
222786,112.94448322308048,56.47224161154024,79.86380998465046
1277195,117.33876447404414,58.66938223702207,82.97103605564777
13797,113.2821437821851,56.64107189109255,80.10257205573258
635913,112.56720896785382,56.28360448392691,79.59703680041258
