UE ID,Internet usage
1176532,0.39479281160229085
718686,0.4173680537614778
409613,0.3400929978734035
1150092,0.320705376711808
762109,0.348201775488154
1239203,0.3889884605445704
307625,0.3047976994455486
