UE ID,Internet usage,Data rate,optimal GU
1176532,122.82418178946644,0.7310963201753955,9.476091353233818
718686,126.61682247225319,0.7536715623348405,9.768699934512075
409613,113.63461308300529,0.6763965064464601,8.767100735176937
1150092,110.37749272783249,0.6570088852847172,8.515808444160497
762109,114.99688772227726,0.6845052840611742,8.872202505380969
1239203,121.84905081177824,0.7252919691177276,9.40085836497927
307625,107.70500294716517,0.6411012080188403,8.309621381212283
