UE ID,Internet usage,Data rate,optimal GU
726070,121.4694837392374,101.22456978269784,110.88596048747884
115197,120.4645837841561,100.38715315346343,109.96861653175557
378520,107.23656794235467,89.3638066186289,97.89314541910502
810244,125.17859031383463,104.31549192819553,114.27189605264154
24259,108.27229060464184,90.22690883720153,98.838626528195
22645,120.79423305839231,100.66186088199359,110.26954377102953
664437,124.18063803738035,103.48386503115029,113.36089443076212
