UE ID,Internet usage
672842,0.6919799017404082
1140406,0.7260188571199743
423934,0.7108672794538989
693083,0.7732449235464549
1162112,0.7769690006471061
941129,0.7518724919020987
575577,0.757220346057497
