UE ID,Internet usage
672842,0.7402922229390159
1140406,0.7743311783185819
423934,0.7591796006525066
693083,0.8215572447450625
1162112,0.8252813218457137
941129,0.8001848131007063
575577,0.8055326672561046
