UE ID,Internet usage,Data rate,optimal GU
672842,111.35792487549601,66.28447909255715,85.91450426558
1140406,117.07646937925384,69.68837463050824,90.3264571347657
423934,114.53100433090945,68.17321686363658,88.36258821391093
693083,125.01044853868666,74.41098127302777,96.44765494891524
1162112,125.63609349164965,74.7833889831248,96.93035050956057
941129,121.41988002282844,72.27373810882645,93.67747119758855
575577,122.31831952036212,72.80852352402508,94.37063231862707
