UE ID,Internet usage
551246,0.9443088361397847
68323,1.0190166470424653
332586,1.0127125850420937
644273,0.9350926173915376
641530,0.9303999024773514
50022,0.9984725212686605
707945,0.9967579179438403
