UE ID,Internet usage
551246,0.246173707641165
68323,0.320881518545619
332586,0.31457745654258745
644273,0.23695748889247453
641530,0.2322647739805051
50022,0.30033739276959753
707945,0.29862278944610715
