UE ID,Internet usage
551246,0.3526537435066862
68323,0.4273615544106969
332586,0.4210574924081086
644273,0.34343752475799566
641530,0.33874480984602623
50022,0.4068174286351187
707945,0.4051028253116284
