UE ID,Internet usage,Data rate,optimal GU
551246,108.90526873689363,33.06052800941414,60.00388060324804
68323,121.45618096876389,36.87062636551761,66.91909643952154
332586,120.39709855230383,36.54911920337795,66.33557044850821
644273,107.35694398706225,32.590500853215325,59.15079521535566
641530,106.56856788188735,32.3511723927158,58.71642113746183
50022,118.0047678384097,35.82287595094581,65.01746042330099
707945,117.71671448008533,35.73543118145448,64.85875075277056
