UE ID,Internet usage
350184,0.8078192554135569
777969,0.9159057899957066
1272909,0.9119621713770971
871588,0.8266656976090465
1198651,0.8385410104147214
498210,0.7269946744843864
717363,0.8522554960096923
