UE ID,Internet usage
350184,0.6586639945059327
777969,0.7667505290880826
1272909,0.762806910469473
871588,0.6775104367014223
1198651,0.6893857495070972
498210,0.5778394135767622
717363,0.7031002351020683
