UE ID,Internet usage
1168436,0.7219284771089745
591978,0.6466150817604347
810092,0.7266852161886238
21780,0.6868600739054171
563242,0.6537426229878412
71468,0.7280258130558537
439418,0.7242919830444873
