UE ID,Internet usage
1168436,1.0303019519514576
591978,0.9549885565984844
810092,1.0350586910266737
21780,0.9952335487479004
563242,0.9621160978303246
71468,1.0363992878983368
439418,1.0326654578869705
