UE ID,Internet usage
1168436,0.36922437166491046
591978,0.2939109763141539
810092,0.3739811107423432
21780,0.3341559684600231
563242,0.3010385175442207
71468,0.37532170761356304
439418,0.3715878776017533
