UE ID,Internet usage,Data rate,optimal GU
650480,109.89945131020912,14.391594814432146,39.76969164558538
1269686,111.43576552021672,14.592778818123618,40.325642941741286
420975,101.36510116807008,13.274001343437748,36.68133706781509
849170,121.8165235829724,15.952163802532098,44.082163491037846
588896,123.94972436552833,16.23151152405728,44.85411217985254
227184,109.51177091741184,14.340827143946788,39.629400411236375
868831,112.9370656453758,14.789377644037305,40.868923570836735
