UE ID,Internet usage
448811,0.4361763792531868
706775,0.45523128435956933
577051,0.42910768451467435
785916,0.4504508135053029
275070,0.425973212502244
167849,0.36430352879607225
22143,0.5088117312096501
