UE ID,Internet usage,Data rate,optimal GU
803012,135.1641936986855,16.895524212335687,47.78775896897626
158919,107.09558271959645,13.386947839949556,37.864006388075744
392701,114.89545681164623,14.361932101455778,40.621678319520576
832352,107.95591179053585,13.494488973816981,38.16817864813233
462468,112.94011898136759,14.117514872670949,39.930361999870264
890405,124.65521636972046,15.581902046215058,44.07227440265283
111261,101.45147065872378,12.681433832340472,35.86851143206582
