UE ID,Internet usage
513825,0.676724436470442
20126,0.7354959742222275
1048448,0.6696410216848525
917795,0.8344080293822143
1000370,0.7165075308029627
4246,0.673645671923522
1180488,0.6340181776358967
