UE ID,Internet usage,Data rate,optimal GU
1177932,118.47817859454776,100.14227000253442,108.92508320044422
550087,125.75249036591082,106.29079542832939,115.61285494306414
808968,111.80100782752349,94.49847090183533,102.78630397570045
235991,109.22901339532335,92.3245232269995,100.42169379311808
525516,112.76705840827286,95.31501365461159,103.67446026854883
1050407,122.72919400966524,103.7353901748361,112.83333207184737
1250699,122.75851895327082,103.76017673431224,112.86029249578347
