UE ID,Internet usage
956378,0.9455897228515925
1054280,0.9817302155153319
875863,0.9196030318252323
742182,0.9305310206816273
908130,0.89666181981029
809374,1.0470536680130658
1162300,1.0131322136267733
