UE ID,Internet usage,Data rate,optimal GU
956378,117.45638740834973,9.088887120884205,32.673350712489466
1054280,123.52799017610104,9.558713525531628,34.36231468452082
875863,113.09062331592838,8.751060137542076,31.458907254223046
742182,114.92652544351061,8.893123992652606,31.969608080392298
908130,109.23649969764818,8.452824381365634,30.38678903700291
809374,134.50233019547596,10.407918407983258,37.41509425830886
1162300,128.80352585841615,9.966939500948868,35.829833236281424
