UE ID,Internet usage
717952,0.7130938389669379
113661,0.6882199461486408
800629,0.6898607189389422
1009571,0.7636512244573455
284793,0.6723433533117271
317806,0.709474429940667
455495,0.6236330144948037
