UE ID,Internet usage
717952,0.9612228881390478
113661,0.9363489953163172
800629,0.9379897681110521
1009571,1.0117802736250219
284793,0.9204724024838371
317806,0.9576034791083434
455495,0.8717620636669134
