UE ID,Internet usage,Data rate,optimal GU
717952,116.10063157483037,53.90386465974267,79.10924554892622
113661,111.92181758125753,51.96370101986957,76.26186377471277
800629,112.19746741012843,52.09168129755963,76.4496874730155
1009571,124.59427233692628,57.84734072785864,84.89668618158065
284793,109.25454998486359,50.725326778686664,74.4444272598061
317806,115.49257085808347,53.621550755538756,78.6949220099644
455495,101.07121306374148,46.92592035102283,68.86842305447679
