UE ID,Internet usage,Data rate,optimal GU
717952,116.10063157483037,101.58805262797658,108.602196435271
113661,111.92181758125753,97.93159038360034,104.69327387351944
800629,112.19746741012843,98.17278398386237,104.9511206781089
1009571,124.59427233692628,109.0199882948105,116.54726985979609
284793,109.25454998486359,95.59773123675565,102.19827349738192
317806,115.49257085808347,101.05599950082303,108.0334077171652
455495,101.07121306374148,88.4373114307738,94.5434627375378
