UE ID,Internet usage
1078945,0.8887274000724832
984177,0.8814693806113507
643766,0.902009077996965
852802,0.8814995675803223
919028,0.8258186118784896
312120,0.901770032958528
657977,0.8996920648838341
