UE ID,Internet usage
1078945,0.4554854588487209
984177,0.44822743939202186
643766,0.46876713677763615
852802,0.44825762635656
919028,0.392576670656944
312120,0.4685280917391991
657977,0.46645012366450533
