UE ID,Internet usage
560146,0.9049907234894243
83992,0.9333628462180356
1256406,0.9519555831900026
1285750,0.8910584433931082
1212185,0.933267001314611
456699,0.9237710614854846
1045155,0.9665322050732971
