UE ID,Internet usage
560146,0.3713104842818001
83992,0.39968260700686464
1256406,0.41827534398326516
1285750,0.357378204182824
1212185,0.39958676210521354
456699,0.3900908222756437
1045155,0.4328519658652295
