UE ID,Internet usage
560146,0.8489293172280968
83992,0.8773014399522746
1256406,0.8958941769286752
1285750,0.8349970371273473
1212185,0.8772055950488501
456699,0.8677096552197237
1045155,0.9104707988119695
