UE ID,Internet usage,Data rate,optimal GU
560146,119.91336266238417,58.529141299497034,83.77604757306538
83992,124.67987928018478,60.85565536294733,87.10611783433356
1256406,127.80345909215312,62.380259794979494,89.28836979621448
1285750,117.57273960569901,57.38669433135309,82.14079905535385
1212185,124.66377733667638,60.8477960809968,87.09486840261529
456699,123.06845944528382,60.06912901495996,85.98031849261272
1045155,130.2523315683852,63.57554278933086,90.99924548608072
