UE ID,Internet usage,Data rate,optimal GU
560146,119.91336266238417,4.282620095085149,22.66149546272619
83992,124.67987928018478,4.4528528314351705,23.562282433494552
1256406,127.80345909215312,4.564409253291183,24.152583532260994
1285750,117.57273960569901,4.199026414489251,22.219159282659565
1212185,124.66377733667638,4.452277762024156,23.559239452198266
456699,123.06845944528382,4.395302123045851,23.257752709147077
1045155,130.2523315683852,4.651868984585185,24.61537692973392
