UE ID,Internet usage,Data rate,optimal GU
560146,119.91336266238417,35.688500792376246,65.41810252822225
83992,124.67987928018478,37.10710692862642,68.01845052850035
1256406,127.80345909215312,38.03674377742652,69.72250301987903
1285750,117.57273960569901,34.99188678741042,64.14118796505335
1212185,124.66377733667638,37.10231468353464,68.0096661981476
456699,123.06845944528382,36.627517692048755,67.13934893685907
1045155,130.2523315683852,38.765574871543215,71.05847248292991
