UE ID,Internet usage
117883,0.30171003260462964
1297495,0.28332721509225023
1174692,0.43247816076620543
345733,0.3516879101625545
374106,0.34065724927966895
151552,0.34843164614258526
516068,0.2980254183072133
