UE ID,Internet usage,Data rate,optimal GU
117883,109.31355452087357,72.2250270941486,88.85479411392377
1297495,106.2252411787987,70.1845343502777,86.34447920035149
1174692,131.2826000519744,86.74028932005452,106.71218632938445
345733,117.70983795056989,77.7725715030551,95.67965713057153
374106,115.85668692220428,76.54816814502782,94.17333567017118
151552,117.16278559523546,77.411126196852,95.23498927015997
516068,108.69453931886547,71.81603490710754,88.35163173329407
