UE ID,Internet usage
568543,0.3675192187948827
1198291,0.245380049969764
274072,0.3447940505964494
849161,0.4088950406660932
61170,0.3775643170680474
218404,0.369031562987588
1012930,0.3396251537356338
