UE ID,Internet usage
1121027,0.3414892280241618
260001,0.32367178227682497
474734,0.2928087691667078
957728,0.28292103171022265
880952,0.31659693876026657
845150,0.3304748690724282
535275,0.3502139654371278
