UE ID,Internet usage,Data rate,optimal GU
1121027,116.62094122910779,72.88808826819236,92.19694928915426
260001,113.62761034358357,71.01725646473973,89.83051344195795
474734,108.44262414107153,67.7766400881697,85.73142193283667
957728,106.7814842483975,66.73842765524843,84.41817553958226
880952,112.43903663280005,70.27439789550003,88.8908634186894
845150,114.77052892524584,71.73158057827865,90.73406991650343
535275,118.08669711451485,73.80418569657178,93.35573106207504
