UE ID,Internet usage,Data rate,optimal GU
1241557,116.61656440503907,102.03949385440919,109.08480740657838
196357,105.60171637114217,92.4015018247494,98.78136052902269
1184432,116.53121955699035,101.96481711236656,109.00497461129723
66365,111.62461983089685,97.67154235203475,104.41527083402706
84746,118.06137420553935,103.30370242984694,110.4363032222097
600317,118.0845520113544,103.3239830099351,110.45798407429398
587231,128.0889915521942,112.07786760816992,119.81628035142309
