UE ID,Internet usage
727512,0.876443188468868
447238,0.9393655183148579
408452,0.9498981862952279
452578,0.9879144671159182
515687,0.9803720300206274
428083,0.8672761917557603
213365,0.9288041539523394
