UE ID,Internet usage
727512,0.35677479384750177
447238,0.41969712369349155
408452,0.43022979167474834
452578,0.46824607249499517
515687,0.4607036353997045
428083,0.34760779713705403
213365,0.40913575933008645
