UE ID,Internet usage
640891,0.4405843823704727
284813,0.41084547944033656
680409,0.38716537003329654
443576,0.4333395102154124
1170209,0.4354460610016812
218300,0.4220338286198959
403734,0.4300451454276391
