UE ID,Internet usage,Data rate,optimal GU
640891,123.67761606595167,14.723525722137103,42.67283165433994
284813,118.6814803737434,14.12874766354088,40.94900106884293
680409,114.70322199331902,13.655145475395122,39.57637152159496
443576,122.46047754395039,14.578628279041713,42.25287896684897
1170209,122.81437807599343,14.620759294761122,42.374986251146886
218300,120.56112303589786,14.352514647130697,41.597539401354624
403734,121.907024259624,14.51274098328857,42.06191944173968
