UE ID,Internet usage,Data rate,optimal GU
640891,123.67761606595167,16.195878294350813,44.75564341554705
284813,118.6814803737434,15.541622429894968,42.947674644731464
680409,114.70322199331902,15.020660022934633,41.508048630317994
443576,122.46047754395039,16.036491106945885,44.31519332109369
1170209,122.81437807599343,16.082835224237236,44.44326052129138
218300,120.56112303589786,15.787766111843768,43.62786738624724
403734,121.907024259624,15.964015081617427,44.114913281516706
