UE ID,Internet usage
51951,0.3784397651516903
1192017,0.3837025590098078
825395,0.35197357974688775
558052,0.30891923638982133
119443,0.3191829314845537
687841,0.26810241734839635
255149,0.30028679087884175
