UE ID,Internet usage
1041793,1.0184075465070483
683315,1.06292568016005
236607,0.9919524221001569
447451,0.9999141697078784
825590,1.0196015355249877
672339,0.9644327784448143
737753,0.9760944652228661
