UE ID,Internet usage,Data rate,optimal GU
1041793,116.69653158038038,63.90524348449402,86.3569352422847
683315,124.17557803412149,68.00091178059034,91.89152587264023
236607,112.25207067996274,61.47137203902722,83.06797697620406
447451,113.5896442781097,62.20385281896484,84.05779865327254
825590,116.89712173516331,64.01509047401801,86.5053745383995
672339,107.62877054545788,58.93956482251265,79.64667537525565
737753,109.58793392453013,60.01244000629031,81.09648149000776
