UE ID,Internet usage,Data rate,optimal GU
1088851,118.46117374746942,105.063779097458,111.56154619863297
870398,126.5518304859886,112.23942108578751,119.18097243727321
853637,114.20084973207537,101.28527744094781,107.5493595941196
124692,114.67041966458125,101.70174125013456,107.9915799947921
520587,109.0895696762524,96.75205882000957,102.73577985281615
1111946,110.24588470715013,97.77760012717482,103.82474671561855
139923,133.95822102870588,118.80818412664986,126.15598673569538
