UE ID,Internet usage,Data rate,optimal GU
809683,120.08373762742586,110.79154364435124,115.34410543380956
526379,118.19345374346256,109.04753172759938,113.52842990671888
591900,111.24672702679473,102.63834934019751,106.85588627459767
1074541,109.00293495784356,100.5681840384866,104.70065531588423
371753,112.23669461316412,103.55171229190736,107.80678044157074
1045856,121.640341321205,112.22769586182604,116.8392709251684
631562,119.01243705437442,109.80314132992876,114.31508844374274
