UE ID,Internet usage
312513,0.46477616298507324
705007,0.36644882169860643
76768,0.4054838889533429
424520,0.35239688490964227
868691,0.3851018983221159
101696,0.4243124052656427
957740,0.4591696226880194
