UE ID,Internet usage
595779,0.6175550659612148
333812,0.6317313438440648
899037,0.7018040325269702
364603,0.7317410424198945
915783,0.67447100902074
801834,0.5192059118435197
613140,0.6979161573024155
