UE ID,Internet usage,Data rate,optimal GU
595779,118.05721971404991,101.19190261204277,109.29974693453171
333812,120.43883439854649,103.23328662732555,111.5046936793521
899037,132.21104609708752,113.32375379750358,122.40364388863897
364603,137.2404637590549,117.63468322204706,127.05997985023944
915783,127.61909814799701,109.38779841256886,118.15232618026162
801834,101.53456182245097,87.02962441924367,94.00273815682384
613140,131.55788305920504,112.76389976503289,121.79893241973888
