UE ID,Internet usage
1286491,0.6637699030224667
735164,0.6801651776680931
381837,0.6943536397432555
957768,0.6452530691087484
837987,0.6580929656013519
1064026,0.7396831833544416
214828,0.5763877291033362
