UE ID,Internet usage,Data rate,optimal GU
1286491,120.51311505972156,85.36345650063609,101.42690005692126
735164,123.26752120026666,87.31449418352221,103.74507825847877
381837,125.65118282899498,89.0029211705381,105.75122845770592
957768,117.40228696251752,83.15995326511657,98.80874807941228
837987,119.55938957333208,84.68790094777688,100.6242204519519
1064026,133.26654615583251,94.39713686038135,112.16051175160734
214828,105.832909841317,74.96497780426621,89.07166629863414
