UE ID,Internet usage
263346,0.687004375451599
1025089,0.6350081159468851
1177486,0.7040418767463116
771542,0.7205586217224036
471209,0.6872855708929352
914702,0.6480125929668584
1031886,0.7864449063402729
