UE ID,Internet usage
232313,0.656243761721126
1255688,0.6560397184845101
239838,0.6326680125503553
697270,0.6651165906469557
830670,0.682669594189455
572054,0.688004740728089
347769,0.6293667576758942
