UE ID,Internet usage,Data rate,optimal GU
232313,116.30320475482814,56.76704041604707,81.25385359989474
1255688,116.26892549166192,56.75030887093022,81.22990479954403
239838,112.34247889413996,54.8338289840445,78.48673948715732
697270,117.79384001461003,57.49461238808346,82.29526823180005
830670,120.74274460985372,58.93395867861908,84.35548542673544
572054,121.63904922857834,59.37144069490133,84.98167801037305
347769,111.78786807580471,54.563126084618965,78.0992672216
