UE ID,Internet usage
147523,0.7693546593928928
973097,0.8087270930632915
1208731,0.717494432801693
255146,0.7630527371315353
275030,0.8178254297823948
226138,0.7769183922418631
340210,0.7158245375186553
