UE ID,Internet usage
147523,0.6981307733511929
973097,0.7375032070260249
1208731,0.6462705467599931
255146,0.6918288510898355
275030,0.7466015437406949
226138,0.7056945062001632
340210,0.6446006514769553
