UE ID,Internet usage
141647,0.6942640922482896
812492,0.7133242335343855
51252,0.7406979683953554
444866,0.7375774137019038
609319,0.6915541557446677
256699,0.6872565662674602
630020,0.7121940728482873
