UE ID,Internet usage,Data rate,optimal GU
141647,113.91386521480234,61.703343658017936,83.83833474468636
812492,117.11596895094799,63.43781651509682,86.19501928358747
51252,121.71475640745975,65.92882638737403,89.57963520783579
444866,121.19050321909238,65.6448559103417,89.19379530841326
609319,113.45859588202666,61.45673943609777,83.5032655882824
256699,112.73660084997292,61.065658793735324,82.97189163246779
630020,116.92610195579041,63.33497189271981,86.05528095878414
