UE ID,Internet usage
67868,0.4018117410163267
1014882,0.4801564450075654
962297,0.5004410294703056
12833,0.38805897892732377
1225545,0.4348499316537496
1156886,0.42881733846805253
611215,0.4323649189360814
