UE ID,Internet usage
67868,0.6521887916139286
1014882,0.7305334956078273
962297,0.7508180800705675
12833,0.6384360295280291
1225545,0.6852269822513515
1156886,0.6791943890674278
611215,0.6827419695336833
