UE ID,Internet usage
320940,0.5841746863854897
212798,0.6434138314494543
1184702,0.6501527415903211
1228782,0.6942655029136082
1038111,0.5761437392659484
622153,0.5828382412336034
691899,0.6001934510890315
