UE ID,Internet usage
320940,0.3652745209121695
212798,0.4245136659779074
1184702,0.43125257611877416
1228782,0.4753653374420614
1038111,0.35724357379129806
622153,0.3639380757589531
691899,0.38129328561526793
