UE ID,Internet usage,Data rate,optimal GU
1207753,112.00238289937869,8.000170207098478,29.93389595083883
548799,123.76302785848361,8.840216275605972,33.07706052830031
69086,125.778708807089,8.984193486220644,33.6157739219238
487717,115.14861235604896,8.224900882574925,30.77476114276998
1124174,109.00131884300534,7.785808488786095,29.13182784407375
1018516,109.63422652374467,7.8310161802674765,29.300979536844057
1083322,118.97754707590282,8.498396219707343,31.79808699119972
