UE ID,Internet usage
276042,0.9932633213120302
106968,1.0034529397803336
766480,0.9526017130383211
405478,0.9799386694655212
110935,0.9997626296328547
1023636,0.9995107103825251
249634,1.0986907852763148
