UE ID,Internet usage,Data rate,optimal GU
766143,108.68471133555026,80.2196678905252,93.37371925823369
271655,118.71744761188766,87.62478276115519,101.99309073143375
255368,111.73259837573929,82.46929880114091,95.99223427588669
885186,123.69454084582607,91.29835157668116,106.26903442799495
576234,118.57845447905183,87.52219259168112,101.87367829885926
431715,119.46430655786588,88.17603579271054,102.63473569409982
677197,107.07849438970344,79.03412681144778,91.99377861776698
