UE ID,Internet usage,Data rate,optimal GU
766143,108.68471133555026,49.813826028793876,73.57989740723197
271655,118.71744761188766,54.41216348878185,80.37209197494442
255368,111.73259837573929,51.21077425554718,75.64332668785596
885186,123.69454084582607,56.69333122100362,83.74160002294187
576234,118.57845447905183,54.348458302898756,80.27799317918284
431715,119.46430655786588,54.75447383902187,80.87771787160884
677197,107.07849438970344,49.077643261947415,72.49248339437892
