UE ID,Internet usage,Data rate,optimal GU
904999,109.29097675117539,100.18339535524412,104.63814377474304
194996,117.65810859261838,107.85326620990018,112.64906261391177
450394,129.8816127491621,119.05814502006525,124.352176845159
1074007,122.22297560524827,112.03772763814425,117.01959003510632
1014755,106.60453961705637,97.72082798230169,102.06607603925426
680241,124.80047443594829,114.40043489961927,119.4873572858288
466696,120.92664563164126,110.84942516233784,115.77844857777792
