UE ID,Internet usage
657864,0.4826741865677993
767972,0.48597833415560954
606932,0.4209931588825368
1268696,0.5127673197926347
585571,0.4212674666095157
1006217,0.44588441786083544
496313,0.49760141627555626
