UE ID,Internet usage,Data rate,optimal GU
657864,117.48315832474903,115.38524478323566,116.42947642761604
767972,118.03825511914111,115.93042913487075,116.97959467485508
606932,107.12074567363115,105.20787521517346,106.16000209018328
1268696,122.53880470617464,120.35061176499296,121.43977977310037
585571,107.1668293717201,105.25313599008226,106.20567247321395
1006217,111.30247718202165,109.31493294662842,110.30422852251102
496313,119.99093291541628,117.84823768478385,118.914759312017
