UE ID,Internet usage
617229,0.40011397779093644
1070031,0.3943248603603061
154683,0.40268494888339346
808945,0.2779175005280851
101848,0.37853644351400045
165363,0.3766828569711299
226401,0.33232223769209485
