UE ID,Internet usage
1212262,0.6712689563336758
287422,0.6912186208623772
705200,0.7445399325260632
1001795,0.6791223255975081
971763,0.6166151433320192
664514,0.6697909878466715
1087715,0.6634266390607912
