UE ID,Internet usage,Data rate,optimal GU
473576,113.56711669039899,52.05159514976621,76.88530145804792
120276,124.08212142831385,56.87097232131052,84.0039933176937
1259015,119.67629717513199,54.85163620526883,81.02123619794986
94463,110.06185012767394,50.445014641850555,74.51222477687585
193673,115.70833701366061,53.03298779792778,78.33491446962829
616638,129.4173030106075,59.31626387986177,87.6159283235487
133937,120.5716565766266,55.262009264287194,81.62739737825771
