UE ID,Internet usage,Data rate,optimal GU
39177,121.30811878898447,69.31892502227684,91.7003183796385
169606,131.39583590281453,75.0833348016083,99.32591574522839
559998,110.07116521717842,62.89780869553052,83.20597990964484
1111862,113.82641129770177,65.04366359868672,86.0446791213348
43407,113.57487796856604,64.89993026775203,85.85453779695271
705269,118.8078120777621,67.89017833014977,89.8102641627013
1026639,107.8638548974974,61.63648851285566,81.53741014615272
