UE ID,Internet usage
1173915,1.0888844111620883
672044,1.0406193821871128
428365,1.0119082900706953
4296,1.0052519207512207
722926,0.9603259273153059
1036699,1.0435171894094508
1265078,0.9520123300429483
