UE ID,Internet usage
1173915,0.7288849624957356
672044,0.6806199335163267
428365,0.6519088414043424
4296,0.6452524720848679
722926,0.6003264786445196
1036699,0.683517740743098
1265078,0.5920128813765956
