UE ID,Internet usage
1173915,0.7279880241229005
672044,0.679722995147925
428365,0.6510119030315072
4296,0.6443555337120329
722926,0.599429540276118
1036699,0.682620802370263
1265078,0.5911159430037605
