UE ID,Internet usage
78703,0.4343010323554229
576476,0.49249652151677903
799981,0.41152660654798023
117994,0.39926383313894087
1125715,0.45622676559731395
369581,0.4445014453501206
947117,0.48699896548982924
