UE ID,Internet usage,Data rate,optimal GU
78703,116.50630133640809,19.417716889401348,47.56349834885628
576476,126.2831435152463,21.047190585874382,51.55487745450197
799981,112.68019780071161,18.780032966785267,46.00149812127045
117994,110.62005186797795,18.436675311329658,45.160447066125855
1125715,120.18982452066005,20.03163742011001,49.06729039171115
369581,118.21997071917721,19.703328453196203,48.26310094479204
947117,125.35955410278308,20.893259017130514,51.17782365577334
