UE ID,Internet usage
256613,0.7402859684949606
119082,0.6499880265791813
918206,0.7586189544145604
323184,0.7040753809032834
700222,0.7555289063317644
472620,0.6883968846500469
247718,0.8081154060849739
