UE ID,Internet usage
256613,0.9873010201354607
119082,0.8970030782196813
918206,1.005634006050627
323184,0.9510904325393501
700222,1.002543957967831
472620,0.9354119362861135
247718,1.0551304577210405
