UE ID,Internet usage,Data rate,optimal GU
256613,123.9528821829678,113.62347533438715,118.675849486501
119082,108.78282794119272,99.71759227942667,104.15162832929151
918206,127.03282381701369,116.44675516559589,121.62466909724388
323184,117.86950346712271,108.0470448448625,112.85145779720297
700222,126.5136957391088,115.97088776084973,121.1276418030603
472620,115.23551609646108,105.63255642175601,110.3296068870437
247718,135.34822769748527,124.06920872269484,129.58606218434963
