UE ID,Internet usage,Data rate,optimal GU
256613,123.9528821829678,89.27558776273275,105.19489727058635
119082,108.78282794119272,78.34953679097809,92.3205512332174
918206,127.03282381701369,91.49387905868248,107.80874648560186
323184,117.86950346712271,84.89410666382052,100.03212583839992
700222,126.5136957391088,91.11998324066764,107.36817887746126
472620,115.23551609646108,82.997008617094,97.79674392561981
247718,135.34822769748527,97.4829497106888,114.86576719834684
