UE ID,Internet usage
239275,0.5314772930375647
152223,0.5677858334795294
1251465,0.5215868042729765
194827,0.5366639396084523
1283484,0.5467780410065223
652259,0.5044144970041535
66074,0.5161711200711804
