UE ID,Internet usage,Data rate,optimal GU
815505,128.32992010034798,125.27444581224445,126.79297938648142
198225,103.98260674799242,101.50683039684974,102.73726114409898
71424,110.51439295119665,107.88309788093007,109.19081954086394
73569,117.31057315079478,114.51746426625205,115.90560542462858
532360,106.71462605519663,104.173801625311,105.43656047687301
815831,129.24934586715514,126.17198048936574,127.70139366903551
124869,117.48566456005454,114.68838683243419,116.07859985513755
