UE ID,Internet usage
57798,0.7613197057352193
586397,0.7040005986702089
391906,0.5794440677523254
567856,0.6826986418192343
344355,0.5562503288672672
9765,0.7386653783340384
350586,0.7119229051018708
