UE ID,Internet usage,Data rate,optimal GU
57798,133.2982234703041,78.5507388307149,102.32631107595998
586397,123.668613483248,72.87614723119971,94.9341460386278
391906,102.74311628881395,60.54505067019393,78.87069913294714
567856,120.08988473217659,70.76725350288977,92.18693679678674
344355,98.84656815629043,58.24887052067115,75.87951601024123
9765,129.49229646654172,76.3079604177835,99.40469321504268
350586,124.99956096383018,73.66045556797135,95.95584717145766
