UE ID,Internet usage
329134,0.800968807203056
1069368,0.8270294563448493
755582,0.7880671870802007
634678,0.8704703779713373
366666,0.7686754650511965
585795,0.8873996399856675
697802,0.8511022799667838
