UE ID,Internet usage,Data rate,optimal GU
329134,111.85599697847704,11.318761599012557,35.58189656579945
1069368,116.23418603429874,11.761792634423086,36.97461822881174
755582,109.68852479743299,11.0994340568831,34.892413900243334
634678,123.53226086721132,12.500288302039241,39.29616871201137
366666,106.43071549667157,10.769774782401289,33.85609008478355
585795,126.37637688589857,12.788085756311164,40.20089483069712
697802,120.27842040278375,12.171030635995974,38.26110740126956
