UE ID,Internet usage,Data rate,optimal GU
329134,111.85599697847704,78.56552168726364,93.74446520442172
1069368,116.23418603429874,81.64067828599555,97.4137453743605
755582,109.68852479743299,77.04313051248269,91.92794641288536
634678,123.53226086721132,86.76670703768414,103.53012840892306
366666,106.43071549667157,74.75490731313836,89.19763602374607
585795,126.37637688589857,88.7643599555716,105.9137300248692
697802,120.27842040278375,84.48127147338383,100.80314422892454
