UE ID,Internet usage,Data rate,optimal GU
329134,111.85599697847704,67.24676008825108,86.72919573732817
1069368,116.23418603429874,69.87888565157246,90.12388914541118
755582,109.68852479743299,65.94369645559959,85.04861423858962
634678,123.53226086721132,74.2664187356449,95.78255902263855
366666,106.43071549667157,63.985132530737076,82.52262378521239
585795,126.37637688589857,75.97627419926044,97.98778629294627
697802,120.27842040278375,72.31024083738785,93.25964586500356
