UE ID,Internet usage
219600,1.0054765604338929
417815,1.0175063901789407
359508,1.0970512660348843
1145084,1.0291240708784597
301883,0.9465880398818344
1063360,1.0429241085094147
687845,1.0654448014402371
