UE ID,Internet usage,Data rate,optimal GU
1179742,114.83409503305778,53.99936611673551,78.74622746756879
627521,117.11232328258464,55.07067582931064,80.30849762704223
100844,105.02728593110882,49.387830884271416,72.02131514905584
416856,116.23433816314441,54.65781377909768,79.7064289129667
1114599,117.4197338797666,55.21523200298549,80.51930108924275
801951,108.83693167040231,51.17927144024871,74.63373813955269
647432,119.04447286428447,55.97924616832425,81.63344811686063
