UE ID,Internet usage
922091,0.8402730841229132
1087249,0.9234370417601054
842762,0.8420523138729623
318037,0.9386959833339981
9689,0.8941366340897045
753029,0.946015751789055
179545,0.9624535147184098
