UE ID,Internet usage
922091,0.592167013094937
1087249,0.6753309707365627
842762,0.5939462428449861
318037,0.6905899123104553
9689,0.6460305630661618
753029,0.6979096807610788
179545,0.7143474436904336
