UE ID,Internet usage
1075838,0.37226259049991767
719588,0.4589125807915568
2966,0.43856762831349727
1154650,0.4258361506907981
71448,0.4301783937157978
1137561,0.4081686228841548
455636,0.42502962946015843
