UE ID,Internet usage,Data rate,optimal GU
1075838,103.3368836010762,12.917110450134524,36.53510557050296
719588,117.89408196998735,14.73676024624842,41.68185241137037
2966,114.4761299538166,14.309516244227074,40.47342388716808
1154650,112.33724171319912,14.04215521414989,39.717212697597695
71448,113.06673854139065,14.133342317673831,39.97512877463185
1137561,109.36909704169855,13.671137130212319,38.667815085217306
455636,112.20174614646633,14.025218268308292,39.669307780568964
