UE ID,Internet usage
545543,0.6724051847985477
440555,0.7647408524915389
26322,0.7476071155128448
1265733,0.6649714317190814
40405,0.6653277914579189
905829,0.6340389680224987
941469,0.6399247488029469
