UE ID,Internet usage
545543,0.3875167256365535
440555,0.4798523933282147
26322,0.46271865634952064
1265733,0.38008297255487056
40405,0.3804393322950381
905829,0.34915050885917454
941469,0.355036289638736
