UE ID,Internet usage,Data rate,optimal GU
545543,113.99371785227329,31.891099637243126,60.29415406195387
440555,129.50611002457745,36.2308760187806,68.4990497450514
26322,126.62764221189926,35.42559038070991,66.97655547931556
1265733,112.74484733458429,31.541713242413465,59.63359492926065
40405,112.80471577088404,31.5584621501878,59.66526085603026
905829,107.5481934336821,30.087887448708685,56.884953540849246
941469,108.53700460463463,30.364519145344214,57.40796072232266
