UE ID,Internet usage,Data rate,optimal GU
106649,104.78598497208829,36.79983996043577,62.09756417984104
957760,108.07649756247415,37.955436643964134,64.04756557382983
726095,120.53158523234467,42.32954481374009,71.42861568421768
566579,115.22651205437388,40.46645363814321,68.28475897250622
888735,126.37438482869707,44.38148038626861,74.89113620183353
242072,123.60503291644243,43.4089103694649,73.24998153641138
1061210,121.44212222762644,42.64931673470215,71.96821198154399
