UE ID,Internet usage,Data rate,optimal GU
646013,116.36451376397504,41.55875491570537,69.5410979809944
652485,107.04193922718821,38.22926400971008,63.96979408148442
361333,121.84267574582364,43.51524133779416,72.81492594463113
143057,123.24228327518736,44.01510116970977,73.6513514250988
387804,129.06382014897784,46.0942214817778,77.13038513602353
38861,130.79714571858466,46.713266328065956,78.166245291066
958971,114.18896224043034,40.781772228725124,68.24095726998358
