UE ID,Internet usage
1297466,0.5039787140476174
202,0.5212602572503935
198553,0.3546149839597821
1221798,0.4179454743452727
854638,0.43749796117893314
778151,0.49749954770602073
938536,0.38959467739133546
