UE ID,Internet usage
872155,0.513631489617074
1145197,0.36410478844194916
570611,0.40181016489615884
1144798,0.40100539103104366
1143379,0.373492872444558
207687,0.335680762736221
842575,0.3919000208019076
