UE ID,Internet usage
872155,0.8810848431843433
1145197,0.7315581420101053
570611,0.7692635184643147
1144798,0.768458744602303
1143379,0.7409462260153741
207687,0.7031341163048204
842575,0.7593533743696202
