UE ID,Internet usage,Data rate,optimal GU
872155,143.62586015168023,114.5587217876497,128.27156721046256
1145197,118.50537435428451,94.52214383020312,105.83658176343256
570611,124.83987759858952,99.57466427506544,111.49389624557847
1144798,124.70467558926747,99.4668245771538,111.37314797916301
1143379,120.08257246671528,95.7801470865467,107.24516983712084
207687,113.73013803578523,90.71332438568584,101.5718410981558
842575,123.17497339079395,98.2467049664666,110.00697827855153
