UE ID,Internet usage,Data rate,optimal GU
347135,115.97270485412679,74.55388169193864,92.98502738177092
96104,116.70478307892435,75.02450340787993,93.57199578838024
178244,108.48283639878733,69.73896625636328,86.97977274636678
375981,119.19658865299574,76.62637841978298,95.5698849453721
242640,112.4908543324271,72.31554921370314,90.19333629802227
600623,113.1348441767268,72.72954268503865,90.70967687472185
38220,122.89646651574942,79.0048713315532,98.53638680294361
