UE ID,Internet usage,Data rate,optimal GU
347135,115.97270485412679,96.64392071177232,105.86811083915686
96104,116.70478307892435,97.25398589910363,106.53640376845681
178244,108.48283639878733,90.40236366565611,99.03082766293053
375981,119.19658865299574,99.33049054416313,108.81110063818349
242640,112.4908543324271,93.74237861035593,102.68963071816346
600623,113.1348441767268,94.279036813939,103.27751032570875
38220,122.89646651574942,102.41372209645786,112.18861158059048
