UE ID,Internet usage
437502,0.7863782168522614
733629,0.7991983642609415
1276897,0.8293341054943753
77429,0.7104318495848687
354262,0.7970416636575778
849340,0.7548943565184834
791722,0.723736043445881
