UE ID,Internet usage
437502,0.7121112477285423
733629,0.7249313951372225
1276897,0.7550671363662227
77429,0.6361648804611495
354262,0.7227746945338588
849340,0.6806273873947644
791722,0.6494690743221619
