UE ID,Internet usage
167640,0.44284548458733997
430316,0.31744837589155556
1041300,0.3861909600574526
315878,0.37243098705768135
447619,0.2860641031479765
410602,0.32236608485230517
541734,0.3382687016273948
