UE ID,Internet usage
167640,0.5410305256703641
430316,0.4156334169728063
1041300,0.4843760011395901
315878,0.4706160281407055
447619,0.3842491442292273
410602,0.4205511259339993
541734,0.436453742709089
