UE ID,Internet usage
167640,1.099506469463342
430316,0.9741093607671144
1041300,1.0428519449325682
315878,1.0290919719336835
447619,0.9427250880235354
410602,0.9790270697283074
541734,0.994929686504727
