UE ID,Internet usage,Data rate,optimal GU
167640,132.4044485946724,60.68537227255819,89.63823544398053
430316,111.33773433376643,51.029794902976285,75.37600246772286
1041300,122.88648847366812,56.32297388376456,83.19454598091117
315878,120.57481300962947,55.26345596274684,81.62953429350245
447619,106.06517651279813,48.613205901699146,71.80646394870534
410602,112.16390943919048,51.4084584929623,75.93532565817445
541734,114.83554905738919,52.63295998463671,77.74403422997388
