UE ID,Internet usage
1024129,0.9973101183979852
694529,1.007019015515635
356272,1.0429876965225633
1238912,0.9796758950864222
1192727,0.9977565358667762
1271612,0.980303424349483
221874,1.1236924759409825
