UE ID,Internet usage,Data rate,optimal GU
1024129,114.275305396642,58.498073000661975,81.76114699088868
694529,115.9064001121185,59.33303815263209,82.92815480876546
356272,121.94913852192492,62.42634471955681,87.25158428144826
1238912,111.31275588012689,56.981529795779245,79.64151628286437
1192727,114.35030353162132,58.53646490309187,81.81480629651733
1271612,111.41818079672323,57.03549731260833,79.71694519615774
221874,135.5075414636123,69.36695574923012,96.95228533868276
