UE ID,Internet usage
1093808,0.6682826926089727
1294604,0.7379826292077771
311856,0.7244178813552676
1048708,0.6682738950056276
725661,0.6652121841170696
734832,0.7250689015200732
717059,0.7027240244655085
