UE ID,Internet usage,Data rate,optimal GU
1093808,108.6336250682601,44.61738172446397,69.62002526416418
1294604,120.34321441695332,49.42667734982011,77.12434913973
311856,118.0643367775809,48.490709747935014,75.6638849535505
1048708,108.63214707128745,44.61677468999306,69.6190780603264
725661,108.11777964194977,44.405516638657936,69.28943543445388
734832,118.17370816527273,48.53563013930844,75.73397778870624
717059,114.41976882009925,46.99383362254076,73.3281908890525
