UE ID,Internet usage
536769,0.304585413766773
1167125,0.41080664139609857
1155605,0.32567762113378124
45552,0.31853921566689947
190073,0.33911868687750785
307468,0.35117583246811235
1173673,0.3246182744913814
