UE ID,Internet usage
536769,0.6683457165342178
1167125,0.7745669441635432
1155605,0.689437923898566
45552,0.6822995184316841
190073,0.7028789896427359
307468,0.7149361352342269
1173673,0.6883785772566094
