UE ID,Internet usage
1071329,0.7804446200380205
483792,0.7582732121281257
1147657,0.7559454707223228
1225783,0.8476577301128688
714897,0.7922223682247408
1121197,0.7673336453188886
125730,0.7693398591512116
