UE ID,Internet usage,Data rate,optimal GU
1071329,113.329681168914,24.284931679052995,52.461448363497695
483792,109.60488463978476,23.48676099423959,50.737202616382255
1147657,109.2138240836546,23.40296230364027,50.55617675483549
1225783,124.62148366114702,26.70460364167436,57.68853721848326
714897,115.30834286388436,24.708930613689503,53.37739074742449
1121197,111.127037416007,23.812936589144357,51.44182243395783
125730,111.46408133982725,23.885160287105837,51.59784345354733
