UE ID,Internet usage,Data rate,optimal GU
1071329,113.329681168914,93.76681953856574,103.08522572380947
483792,109.60488463978476,90.68499383886953,99.69713279863612
1147657,109.2138240836546,90.36143778349994,99.34142222674922
1225783,124.62148366114702,103.10944183868712,113.356303845044
714897,115.30834286388436,95.40392653619004,104.88502596460486
1121197,111.127037416007,91.9443940525296,101.08169032058946
125730,111.46408133982725,92.22325777521421,101.38826710266002
