UE ID,Internet usage,Data rate,optimal GU
1071329,113.329681168914,113.329681168914,113.329681168914
483792,109.60488463978476,109.60488463978476,109.60488463978476
1147657,109.2138240836546,109.2138240836546,109.2138240836546
1225783,124.62148366114702,124.62148366114702,124.62148366114702
714897,115.30834286388436,115.30834286388436,115.30834286388436
1121197,111.127037416007,111.127037416007,111.127037416007
125730,111.46408133982725,111.46408133982725,111.46408133982725
