UE ID,Internet usage
617239,1.018854161201559
265182,1.0399276052913762
309949,1.0337286456024561
11077,1.0957963421610029
168546,1.1025691424291233
844933,1.0169102675534243
1209033,1.0469983705381796
