UE ID,Internet usage,Data rate,optimal GU
617239,114.93067735828404,44.4672263588599,71.48879944206583
265182,118.4710159655453,45.83700022476455,73.69094914194541
309949,117.42959073764408,45.43406784492181,73.04316526941807
11077,127.85696375929861,49.468468121157194,79.52916531559232
168546,128.99479420434199,49.90870013858469,80.23691484212829
844933,114.6041032256235,44.340873271818616,71.28566488122132
1209033,119.65890452667801,46.29659996567899,74.42983565212937
