UE ID,Internet usage,Data rate,optimal GU
617239,114.93067735828404,77.98867392169275,94.67465933445175
265182,118.4710159655453,80.3910465480486,97.59102909120675
309949,117.42959073764408,79.68436514340134,96.73315040346101
11077,127.85696375929861,86.76008255095263,105.32274555133334
168546,128.99479420434199,87.53218178151778,106.26003846773226
844933,114.6041032256235,77.76707004595882,94.40564243254403
1209033,119.65890452667801,81.19711378596008,98.56955760454649
