UE ID,Internet usage,Data rate,optimal GU
617239,114.93067735828404,84.82978566920966,98.73978289990475
265182,118.4710159655453,87.44289273647392,101.78137521892828
309949,117.42959073764408,86.67422173492778,100.88666108974161
11077,127.85696375929861,94.37061610805374,109.84507473560254
168546,128.99479420434199,95.21044334130005,110.82261296736854
844933,114.6041032256235,84.58874285700783,98.45921499844617
1209033,119.65890452667801,88.31966762683378,102.80191961431089
