UE ID,Internet usage
776925,0.42281295560680215
463856,0.28553825912887504
661162,0.3523628204899334
1180662,0.38125244474575054
1255579,0.40631307019956314
175652,0.36694536316417586
629706,0.3337918376873333
