UE ID,Internet usage
1248698,0.6928326288997453
715846,0.7595123563483781
526771,0.76986173615757
776221,0.7453227044239161
96915,0.7400507487514633
629011,0.8146784679899521
148173,0.7826202428500705
