UE ID,Internet usage
1248698,0.912085755067648
715846,0.9787654825118471
526771,0.9891148623210392
776221,0.9645758305873853
96915,0.9593038749193659
629011,1.0339315941534215
148173,1.0018733690135397
