UE ID,Internet usage
895928,0.24689987655630755
379482,0.2965870717610936
752926,0.3876637858463477
521653,0.42845968264554013
261173,0.27868808297646047
574039,0.32663956452311993
1248527,0.3116296244226785
