UE ID,Internet usage,Data rate,optimal GU
895928,109.02726511458178,66.19512524813894,84.95336055578844
379482,117.37471390901375,71.26321915904407,91.45764025508282
752926,132.6756018753471,80.55304399574645,103.37999610672742
521653,139.52931253755108,84.71422546922744,108.72036443036974
261173,114.36768379315998,69.43752230298999,89.11458126551935
574039,122.42353269305188,74.32857342078151,95.39164815751404
1248527,119.90186275616885,72.79755953053109,93.42677877254343
