UE ID,Internet usage,Data rate,optimal GU
1033552,113.57844856440661,12.169119489043565,37.17727413300298
1240617,135.88888323987348,14.559523204272157,44.48007811069544
1099971,101.67177217795602,10.893404161923858,33.27989943184205
583060,119.27469076324046,12.779431153204333,39.041807065357105
680153,132.0908893892693,14.152595291707424,43.23689280288327
623228,116.58636736830499,12.491396503746962,38.16184667608479
734094,128.36897812662448,13.75381908499548,42.01861136781337
