UE ID,Internet usage,Data rate,optimal GU
1033552,113.57844856440661,25.014301171922884,53.30183410568364
1240617,135.88888323987348,29.92790880878166,63.77201663527751
1099971,101.67177217795602,22.3919974439546,47.714086627862066
583060,119.27469076324046,26.268830703808913,55.97505389822081
680153,132.0908893892693,29.0914458773986,61.98963590444271
623228,116.58636736830499,25.676759479924314,54.71343631644848
734094,128.36897812662448,28.271739230268487,60.24296037589759
