UE ID,Internet usage,Data rate,optimal GU
618750,109.46134227701958,104.24889740668532,106.82333191318777
560252,114.18864373618801,108.75108927256001,111.43670575203996
993624,112.13302324968694,106.79335547589233,109.43062556930906
431591,118.69775079455792,113.04547694719801,115.83714365923588
501194,107.40001440145768,102.28572800138826,104.81168188905606
69309,115.47450188842747,109.97571608421663,112.6915748166119
579954,120.03433806388209,114.31841720369722,117.14151927287142
