UE ID,Internet usage,Data rate,optimal GU
618750,109.46134227701958,6.515556087917832,26.705832978296943
560252,114.18864373618801,6.7969430795350005,27.85917643800999
993624,112.13302324968694,6.67458471724327,27.357656392327264
431591,118.69775079455792,7.065342309199876,28.95928591480897
501194,107.40001440145768,6.3928580000867665,26.202920472264015
69309,115.47450188842747,6.873482255263539,28.172893704152976
579954,120.03433806388209,7.144901075231076,29.285379818217855
