UE ID,Internet usage,Data rate,optimal GU
302033,118.57804284705152,40.93765764957731,69.67285929850665
896272,120.50059310338872,41.60139523807468,70.80249148240823
1270091,119.52475569031951,41.26449898832459,70.2291190337949
470827,125.11224367564013,43.193512697542424,73.51215740149233
41752,116.68163427411302,40.28294516606283,68.55858717440648
439405,103.65619364090581,35.78606685221748,60.90523356231266
353044,122.78197874746233,42.389016472338184,72.14296444998956
