UE ID,Internet usage,Data rate,optimal GU
302033,118.57804284705152,57.87737805629896,82.84314223298641
896272,120.50059310338872,58.815765681415925,84.1863091508385
1270091,119.52475569031951,58.33946408694166,83.50455192440631
470827,125.11224367564013,61.06669036549101,87.40818408748792
41752,116.68163427411302,56.95175006236469,81.51823889196534
439405,103.65619364090581,50.59409451520403,72.41816939245481
353044,122.78197874746233,59.92929915054709,85.7801721533175
