UE ID,Internet usage
209195,0.8568449196832866
955361,0.7835792215067072
676426,0.7885867693680125
128767,0.8089539510276845
121457,0.7600740129879717
99704,0.8012393625593117
394826,0.7445014372496279
