UE ID,Internet usage,Data rate,optimal GU
209195,128.9450972126006,119.73473312598627,124.25460475433128
955361,116.63645991823475,108.30528420978942,112.39370507580986
676426,117.47772795899255,109.08646167620736,113.20437124425256
128767,120.89941447782186,112.26374201512031,116.50159087633651
121457,112.68758488772293,104.63847168145702,108.58847388247881
99704,119.60336361512952,111.06026621404885,115.25268501510917
394826,110.07139216361294,102.20914986621202,106.06744749277843
