UE ID,Internet usage
466491,0.8102153258930256
932966,0.8507396284366477
775423,0.8068825713631533
1077833,0.7630834583425365
292583,0.8163682684049033
1250309,0.7819156827918639
865595,0.8218525014545277
