UE ID,Internet usage
466491,0.5137162491369301
932966,0.5542405516805523
775423,0.5103834946026243
1077833,0.466584381586441
292583,0.5198691916488078
1250309,0.485416606031335
865595,0.5253534246984323
