UE ID,Internet usage
1069409,0.4925217294606936
1253876,0.4359852994459913
177817,0.35261036573522697
838657,0.3135516550752856
1233523,0.3531705591507053
556392,0.46192779750553564
76020,0.40016125379706896
