UE ID,Internet usage
1069409,1.0822557857991237
1253876,1.0257193557830915
177817,0.9423444220745438
838657,0.9032857114146023
1233523,0.9429046154904653
556392,1.0516618538439657
76020,0.9898953101377158
