UE ID,Internet usage,Data rate,optimal GU
1069409,132.86698412266182,41.1254950855858,73.9203659526462
1253876,123.3688638803731,38.18560072487739,68.63609967078312
177817,109.36187501699399,33.85010417192671,60.843330462446545
838657,102.80001162607645,31.819051217595092,57.19264668731023
1233523,109.4559875108174,33.87923422953872,60.89568982041707
556392,127.72720355454729,39.53461062402654,71.06085602231938
76020,117.35042421133862,36.32275035112862,65.28774894440375
