UE ID,Internet usage,Data rate,optimal GU
1069409,132.86698412266182,13.444873393364588,42.26558623380694
1253876,123.3688638803731,12.483754083132991,39.2441913943718
177817,109.36187501699399,11.066380210052962,34.78850513348264
838657,102.80001162607645,10.402382128829165,32.701146826717384
1233523,109.4559875108174,11.075903498118427,34.81844274175784
556392,127.72720355454729,12.924776550162523,40.63059887965778
76020,117.35042421133862,11.87474530709974,37.329698621737585
