UE ID,Internet usage
999028,0.9662749980624727
562598,0.990118318361217
439213,1.0544451970724704
1001985,0.9477734041471318
1231367,1.0019666669138876
636488,0.9410022046942904
1098715,0.9700741117999093
