UE ID,Internet usage,Data rate,optimal GU
999028,116.94938604196443,110.68424036114492,113.77369623404662
562598,120.95506385210565,114.4753282886,117.67060228722536
439213,131.76197947583424,124.70330200391454,128.18406265682387
1001985,113.84111826424613,107.74248692866152,110.74983158691371
1231367,122.94558640958827,116.35921570907462,119.60707340919247
636488,112.70355675630219,106.66586621578601,109.64315987334082
1098715,117.58763715050374,111.28829944601247,114.394616019961
