UE ID,Internet usage
458815,1.036800401298987
100739,0.9498959363676592
140303,1.0275247386761972
590036,1.0575502111275565
493778,1.0980631187807552
398925,1.0208698686242088
458326,1.049060176726347
