UE ID,Internet usage
458815,0.9009302076003396
100739,0.8140257426645784
140303,0.8916545449731161
590036,0.921680017428909
493778,0.9621929250776743
398925,0.8849996749211277
458326,0.9131899830232663
