UE ID,Internet usage,Data rate,optimal GU
50030,107.39159105219531,21.73401247484905,48.31200864818498
761969,110.40998537901547,22.344877993372176,49.66988677804799
675596,109.73329686199477,22.207929126832276,49.36546646761101
1246920,111.45861948919332,22.557101563289123,50.14163339902012
737940,127.0344630348916,25.709355614204252,57.148702394923305
530676,114.81829642160218,23.237036180562345,51.65304355155949
567130,109.63941200074434,22.188928619198258,49.32323070050648
