UE ID,Internet usage,Data rate,optimal GU
708561,124.52872016116254,69.6767838996981,93.14913163296424
557788,124.5625626236582,69.69571956323733,93.17444624303741
528156,126.06970896802206,70.53900382734568,94.30181166556486
1046176,117.3597391799081,65.66556835066287,87.7866389306153
1103269,113.40367087945907,63.452053944459244,84.82744745743054
479920,132.16195327330524,73.94775956958746,98.8588910766322
1240879,119.3056768711239,66.75436682074789,89.24222609086252
