UE ID,Internet usage
698765,0.3342825680415511
667982,0.3680999912733681
951770,0.35350002143286324
1090848,0.3772072069688271
909549,0.3671861722019364
1102557,0.42510083449145497
761756,0.4037555921793121
