UE ID,Internet usage,Data rate,optimal GU
426114,109.74354834917483,60.750892836150356,81.65181287160503
1153856,115.44549984457271,63.90733027110275,85.8942005427587
180866,141.63554856870974,78.4053929576786,105.38022035612784
739501,123.7805426746693,68.52137183776337,92.09567085857593
442608,108.07964017540664,59.829800811385816,80.4138255740941
1095532,113.37079993740518,62.75883567963501,84.35057441499961
365424,133.28898820305733,73.78497561240674,99.17018071963444
