UE ID,Internet usage
74717,0.8457068591360566
1238403,0.8741933616587331
586120,0.8767160578113723
792781,0.8155250972276017
735656,0.8569189954664764
602696,0.9726888073711774
287180,0.8388464103499483
