UE ID,Internet usage,Data rate,optimal GU
74717,112.3807876462105,36.12239602913909,63.71391776859274
1238403,117.1665200701287,37.66066716539851,66.42717301894686
586120,117.59033302344851,37.79689275753702,66.66745237828087
792781,107.31025164565693,34.492580886104015,60.83919406760742
735656,114.26442654955166,36.72785139092732,64.78184064675428
602696,133.71375494975462,42.9794212338497,75.80857338550342
287180,111.22823225043867,35.75193179478386,63.06048027942747
