UE ID,Internet usage,Data rate,optimal GU
582827,116.63428606475938,14.579285758094922,41.2364472976215
955030,117.0717194055098,14.633964925688725,41.39110333840235
1015406,116.13353448231393,14.516691810289242,41.05940487780297
1232443,124.09503354579138,15.511879193223923,43.87421986590059
726032,121.58331736921565,15.197914671151956,42.98619409546426
160220,121.41406929725207,15.176758662156509,42.92635586577017
642028,126.73901845560057,15.842377306950072,44.809009695441084
