UE ID,Internet usage,Data rate,optimal GU
1135290,107.06937369967011,39.51369743678302,65.0438839331925
629004,119.68712277968561,44.170247692503025,72.70907686652151
683034,108.81467060885743,40.15779510564977,66.1041394074476
1151775,126.69574543028499,46.75676319450994,76.96676533956555
274838,119.48462295971488,44.09551561608526,72.5860596643885
834324,123.09860026965174,45.42924533760957,74.78152520754269
1116393,133.46641986638508,49.25546447449926,81.07990196261545
