UE ID,Internet usage,Data rate,optimal GU
1135290,107.06937369967011,35.052473532630096,61.26211217190416
629004,119.68712277968561,39.183284243349455,68.48163660533447
683034,108.81467060885743,35.62385049694737,62.260722431116314
1151775,126.69574543028499,41.47777380158139,72.49177519263893
274838,119.48462295971488,39.116989659430466,68.36577185094977
834324,123.09860026965174,40.300136993040745,70.43358896519847
1116393,133.46641986638508,43.69436364673321,76.36576644196931
