UE ID,Internet usage,Data rate,optimal GU
1135290,107.06937369967011,34.41515583203682,60.702629108735735
629004,119.68712277968561,38.47086089347037,67.85622043112183
683034,108.81467060885743,34.9761441242756,61.69211944852417
1151775,126.69574543028499,40.72363245973446,71.82973598110331
274838,119.48462295971488,38.40577166562264,67.74141382451226
834324,123.09860026965174,39.567407229530914,69.79034636863865
1116393,133.46641986638508,42.89992067133806,75.66834757383974
