UE ID,Internet usage,Data rate,optimal GU
1135290,107.06937369967011,35.68979123322337,61.816531727469176
629004,119.68712277968561,39.895707593228536,69.10139255538328
683034,108.81467060885743,36.27155686961914,62.82417936780429
1151775,126.69574543028499,42.23191514342833,73.14782272935534
274838,119.48462295971488,39.828207653238294,68.98447922981232
834324,123.09860026965174,41.03286675655058,71.07101000254957
1116393,133.46641986638508,44.48880662212836,77.05687343763304
