UE ID,Internet usage
85923,0.844473352021987
264336,0.9512019100083825
676053,0.8846843986971665
297786,0.8977672849288093
736807,0.8686599321992147
730252,0.8402275445507885
645310,0.8629556382859388
