UE ID,Internet usage
1051106,1.0442339007151258
49986,1.0396995574732504
1183553,0.9726226679924538
89501,0.8877221387781102
259887,0.9873177531324492
1113597,0.9101428921129857
337367,1.0645399813227368
