UE ID,Internet usage,Data rate,optimal GU
1051106,120.87001200840308,98.56661693542394,109.15011760237529
49986,120.10824234371171,97.9454119112411,108.46221125484217
1183553,108.839324910362,88.75587805190234,98.28595957203382
89501,94.57603600287581,77.1245055499642,85.40567904769219
259887,111.30809921405098,90.76910471622014,100.51535461472349
1113597,98.34272256296506,80.19614875670365,88.80713714448171
337367,124.28143355042631,101.34854997862145,112.23075817083347
