UE ID,Internet usage,Data rate,optimal GU
1051106,120.87001200840308,36.69268221683665,66.59613307219544
49986,120.10824234371171,36.461430711483914,66.17641842902472
1183553,108.839324910362,33.040509347788465,59.96754732443041
89501,94.57603600287581,28.710582358015873,52.10885789148751
259887,111.30809921405098,33.78995868997976,61.327775716252354
1113597,98.34272256296506,29.854040778042968,54.1842011071357
337367,124.28143355042631,37.72829232780799,68.47573479641915
