UE ID,Internet usage,Data rate,optimal GU
767212,123.73264897725055,38.298200873910886,68.83849101477927
1299199,109.31613180613596,33.83594555904208,60.81788128928436
332949,116.64072492169593,36.10308152338207,64.89290870961457
1011753,111.23983550063289,34.4313776549578,61.88813122398892
365464,114.43516533440179,35.42040831779103,63.665848632201836
106428,117.87043149426967,36.48370498632156,65.5770542891899
993475,104.1569842836542,32.2390665639882,57.94759658022929
