UE ID,Internet usage
687882,0.9178095037912692
863886,0.969164277859333
990916,0.928781088469567
394393,0.9752353221981623
882869,0.887203249905889
349745,0.9253600291627221
752119,0.8935774283673844
