UE ID,Internet usage
1169664,0.6166487732699312
1155462,0.6131041149505894
81962,0.6906073640512392
916535,0.6845657467908902
823124,0.6288550451137099
95439,0.6601728520404279
479214,0.6792667019179783
