UE ID,Internet usage,Data rate,optimal GU
1169664,109.65124669514573,4.568801945631072,22.382467005262278
1155462,109.05574409800657,4.54398933741694,22.260910546637852
81962,122.07628994646015,5.086512081102506,24.918718338406613
916535,121.06129824713416,5.044220760297256,24.711534025364188
823124,111.70190036485141,4.654245848535475,22.801054932757673
95439,116.96329192855151,4.873470497022979,23.87503198842845
479214,120.171058708536,5.007127446189,24.52981464049617
