UE ID,Internet usage,Data rate,optimal GU
1258572,103.0968047509357,59.52613131452835,78.33871289287622
82022,135.45528041472545,78.20929881088314,102.92649076630967
902947,122.12934843241615,70.51515951157361,92.80070304559324
1177169,117.32326069042233,67.7402159938748,89.14876903398549
1214868,108.44512710147376,62.61415076692234,82.4026670579887
935900,120.24262118420154,69.42579913611637,91.36706225951728
1146909,118.51452985773417,68.42803212023938,90.05396191073496
