UE ID,Internet usage
718308,1.105000509249997
445771,1.0924813722163633
766489,1.0297090190970644
253327,1.048573130648418
293311,0.9645396332969374
960324,1.0948550716306058
407014,1.0422073601358028
