UE ID,Internet usage
718308,0.7686193422882425
445771,0.7561002052546089
766489,0.6933278521308764
253327,0.7121919636822303
293311,0.6281584663351828
960324,0.758473904664418
407014,0.7058261931740483
