UE ID,Internet usage,Data rate,optimal GU
718308,124.23335088725243,25.14246387003918,55.88857250043737
445771,122.13013586565653,24.716813210906675,54.94240398466458
766489,111.58438054120462,22.582553204767603,50.19820923491981
253327,114.75355128178725,23.223932997504562,51.62391680407378
293311,100.63592372734813,20.366794087677597,45.27285209016688
960324,122.52891736689197,24.79751899091861,55.1218029035898
407014,113.68410183618172,23.007496800179634,51.14280603591523
