UE ID,Internet usage
6420,0.7792887511659793
427245,0.6646597846017632
465495,0.7083412814662395
999514,0.7621178052050603
518760,0.8320058839196424
904275,0.7333112720710044
47343,0.7317933783213432
