UE ID,Internet usage,Data rate,optimal GU
6420,117.90934161733331,101.06514995771425,109.16283842027538
427245,98.651675234377,84.55857877232313,91.33370380822025
465495,105.99016670762227,90.84871432081908,98.12782671616021
999514,115.02462269567725,98.59253373915192,106.49210766041199
518760,126.76581992017829,108.65641707443852,117.36234404624875
904275,110.18512512937299,94.44439296803398,102.01160354072717
47343,109.93011897932489,94.22581626799276,101.77551372144703
