UE ID,Internet usage
532009,0.7385406564392543
289648,0.7673594863482313
879307,0.6556446327577947
614628,0.7075705418313682
704090,0.7232679323848277
248996,0.6664209751145964
899102,0.7004955797368692
