UE ID,Internet usage,Data rate,optimal GU
532009,124.1636744752766,87.94926941998759,104.49930362735313
289648,129.00523790017886,91.37871017929335,108.57408643728591
879307,110.237142497146,78.08464260214508,92.77838042007085
614628,118.96069522138974,84.26382578181773,100.12034407161764
704090,121.59785683460285,86.13181525784368,102.3398462996097
248996,112.04756801287098,79.36702734245027,94.30208053978761
899102,117.77210158928555,83.4219052924106,99.11999346685582
