UE ID,Internet usage
719298,0.9796412137464702
451659,0.9578232034788304
1127594,1.0596206159421429
1059426,1.0340031018880262
849148,0.988017033224137
405591,1.0364869583086194
460073,1.0207451533840082
