UE ID,Internet usage,Data rate,optimal GU
719298,109.04643799820215,35.0506407851364,61.82351920728577
451659,105.38101227291182,33.8724682305788,59.74541815336503
1127594,122.48297756714604,39.36952850372551,69.44132110315103
1059426,118.17923520565549,37.98618274467498,67.00132853270863
849148,110.45357567005121,35.50293503680217,62.62129128017356
405591,118.59652308459748,38.12031099147776,67.23790852259481
460073,115.95189985709523,37.270253525494894,65.73854808585853
