UE ID,Internet usage,Data rate,optimal GU
719298,109.04643799820215,3.894515642792934,20.607839735761925
451659,105.38101227291182,3.763607581175422,19.91513938445501
1127594,122.48297756714604,4.374392055969501,23.147107034383676
1059426,118.17923520565549,4.2206869716305535,22.333776177569547
849148,110.45357567005121,3.944770559644686,20.87376376005785
405591,118.59652308459748,4.235590110164195,22.41263617419827
460073,115.95189985709523,4.141139280610544,21.912849361952844
