UE ID,Internet usage,Data rate,optimal GU
719298,109.04643799820215,25.963437618619558,53.20921339861159
451659,105.38101227291182,25.090717207836146,51.42066878226245
1127594,122.48297756714604,29.16261370646334,59.76557337136568
1059426,118.17923520565549,28.137913144203686,57.66556212910052
849148,110.45357567005121,26.298470397631238,53.89582627691465
405591,118.59652308459748,28.237267401094638,57.86917776485054
460073,115.95189985709523,27.60759520407029,56.57873376453012
