UE ID,Internet usage,Data rate,optimal GU
730947,114.28949090682188,27.892078137974387,56.460352555774826
295125,115.4624361807286,28.17833263934448,57.03980131495598
224661,117.32789417889929,28.633593222231372,57.96135950389372
707970,113.52753940907245,27.70612568911887,56.08393955531438
970975,122.07758657107678,29.79274434175088,60.30776340215289
764875,131.03333589321053,31.97837364060495,64.73200888716477
66808,106.6101943256422,26.017964091376964,52.66668973591637
