UE ID,Internet usage
521695,0.3725472911693433
766842,0.3763489566358965
845906,0.3919866121300082
12017,0.3379634189077146
605346,0.4465400098487037
873637,0.43167732163267436
369740,0.4316520902194931
