UE ID,Internet usage,Data rate,optimal GU
521695,119.1131770863729,106.35105096997579,112.55137301476422
766842,119.75185688474899,106.92130078995444,113.15486869830137
845906,122.3789830078125,109.26694911411829,115.63726954988255
12017,113.30308654638738,101.163470130703,107.06135349206042
605346,131.54395382480737,117.44995877214943,124.29735296235859
873637,129.04702220419256,115.22055553945764,121.93797435204421
369740,129.04278332678297,115.21677082748478,121.93396898937854
