UE ID,Internet usage
1209880,0.8747089556120905
76890,0.9801687144656089
459460,0.9771651177230359
1228106,0.9641616399457583
348396,0.8677768284618246
89692,0.8669284141110684
194969,0.9077744227403679
