UE ID,Internet usage,Data rate,optimal GU
1209880,106.1468211879964,82.76924747397338,93.7320250047169
76890,123.86406067493886,96.58447588343446,109.37707886519412
459460,123.3594564224593,96.19100471037005,108.93149247945459
1228106,121.17487215598923,94.48754912163447,107.00241438933426
348396,104.98222382682891,81.86113881734875,92.70363745852704
89692,104.83969021525722,81.749996536897,92.5777743955137
194969,111.70181966531739,87.10082366759869,98.63731797863684
