UE ID,Internet usage,Data rate,optimal GU
1209880,106.1468211879964,46.123321111450814,69.97030740688302
76890,123.86406067493886,53.82188350756272,81.64923174421324
459460,123.3594564224593,53.60262094547339,81.31660459372814
1228106,121.17487215598923,52.65336706778104,79.87656116171215
348396,104.98222382682891,45.617275829514945,69.20262322704487
89692,104.83969021525722,45.55534158162963,69.1086673223285
194969,111.70181966531739,48.5371002117153,73.63207463413251
