UE ID,Internet usage
921087,0.6255818155591784
1090556,0.503265784850807
444690,0.5632075191876789
979403,0.603113354233283
221203,0.4786558090492756
1024103,0.6065782904239769
1234435,0.5050688671377662
