UE ID,Internet usage,Data rate,optimal GU
921087,130.0871495714904,29.42447430783711,61.86878041747778
1090556,109.53805641232354,24.776465140882703,52.095737218125414
444690,119.6082677812519,27.054251045759354,56.885078040751594
979403,126.31244806833882,28.57067277736235,60.073551763384884
221203,105.40358047772217,23.841286060437156,50.1294016916588
1024103,126.89455734855673,28.702340352649735,60.35039994827794
1234435,109.84097423686792,24.84498226786298,52.23980338017916
