UE ID,Internet usage,Data rate,optimal GU
921087,130.0871495714904,85.17610983847584,105.2630863146027
1090556,109.53805641232354,71.72134646044994,88.63530275546289
444690,119.6082677812519,78.31493723772445,96.783851878305
979403,126.31244806833882,82.7045790923647,102.20869753410489
221203,105.40358047772217,69.01424912231809,85.28979400534288
1024103,126.89455734855673,83.08572207345976,102.67972499231232
1234435,109.84097423686792,71.91968551223495,88.88041586014909
