UE ID,Internet usage
1237314,0.6502447710365946
428812,0.6279616240363268
800224,0.7347528870865676
477470,0.6847973557732918
1159415,0.6226225743782625
596365,0.5967420747008105
1231,0.6209186293643676
