UE ID,Internet usage,Data rate,optimal GU
1162478,115.6549636267184,92.93702434289871,103.67559100363688
903471,114.32425934980218,91.86770840609103,102.48271913688644
1244444,109.84582799517838,88.2689689246969,98.46815717689654
1222683,113.83179158979344,91.47197538465544,102.0412604699335
329228,107.42234736671146,86.32152913396456,96.29569714091302
377107,116.95146056112144,93.97885223661544,104.83779867457152
1189430,123.72370180644637,99.42083180875154,110.90858103886657
