UE ID,Internet usage,Data rate,optimal GU
1162478,115.6549636267184,30.97900811429957,59.8571303743433
903471,114.32425934980218,30.622569468697012,59.16842548096621
1244444,109.84582799517838,29.42298964156564,56.8506170526876
1222683,113.83179158979344,30.490658461551813,58.91354920076483
329228,107.42234736671146,28.773843044654857,55.596346666108815
377107,116.95146056112144,31.32628407887181,60.52813128601166
1189430,123.72370180644637,33.14027726958385,64.03309911822905
