UE ID,Internet usage,Data rate,optimal GU
1108906,122.45726660536859,116.62596819558912,119.50605541325719
909176,110.30778013008323,105.05502869531736,107.649370675739
238996,111.2957993266137,105.99599935867971,108.61357868170762
1026235,117.00015711835735,111.42872106510224,114.18046186679477
731582,109.10658671097893,103.91103496283708,106.4771259304098
380131,115.21122003769915,109.72497146447537,112.4346380392801
199899,123.5397227749646,117.65687883329961,120.56242446812952
