UE ID,Internet usage,Data rate,optimal GU
1108906,122.45726660536859,40.09017656723376,70.0666357130842
909176,110.30778013008323,36.11266611401534,63.11503809407003
238996,111.2957993266137,36.43612477954615,63.680355147437936
1026235,117.00015711835735,38.30362286612889,66.94422972549154
731582,109.10658671097893,35.719418268475245,62.42774869058726
380131,115.21122003769915,37.71795894091341,65.92064977618529
199899,123.5397227749646,40.444552098946744,70.68598697097957
