UE ID,Internet usage
898310,0.9613117218778308
1265395,1.0621475580693538
795097,1.0375166842197228
1013361,1.0289120451429703
664491,0.9192323113886048
267368,1.0581775200711427
445948,0.9820802121156267
