UE ID,Internet usage,Data rate,optimal GU
898310,105.26354755173188,13.157943443966484,37.2162841427911
1265395,122.20396803214493,15.275496004018116,43.205627241716876
795097,118.06598122550531,14.758247653188164,41.742627975999206
1013361,116.62040186067122,14.577550232583903,41.231538490190445
664491,98.19420658971134,12.274275823713918,34.716894676408835
267368,121.53700164838389,15.192125206047987,42.96981901532643
445948,108.75265391146394,13.594081738932992,38.44986952641493
