UE ID,Internet usage,Data rate,optimal GU
898310,105.26354755173188,35.7144179193376,61.31416091682751
1265395,122.20396803214493,41.462060582334885,71.18165722958766
795097,118.06598122550531,40.058100772939305,68.77135285703817
1013361,116.62040186067122,39.56763634558488,67.92932835895706
664491,98.19420658971134,33.31589152150921,57.196394421182596
267368,121.53700164838389,41.235768416415965,70.79316106798963
445948,108.75265391146394,36.898221862818126,63.34650386718648
