UE ID,Internet usage
735435,0.7570017651182612
812012,0.6682668166345687
165697,0.6283401488187387
589655,0.7673726892194114
637493,0.6271925738809697
583523,0.6424965224785292
437295,0.6719128012923693
