UE ID,Internet usage,Data rate,optimal GU
735435,129.5276177405527,47.03086120341497,78.04995459297157
812012,114.62014639539841,41.61802934594823,69.06710227250433
165697,107.91246620199225,39.18250260905671,65.02522963057729
589655,131.26993298948213,47.663487573561966,79.09982819087848
637493,107.71967361300123,39.11250053805402,64.9090578590347
583523,110.29073697725156,40.046041402454435,66.45831339492621
437295,115.23267181767434,41.8404344099889,69.43619407106917
