UE ID,Internet usage,Data rate,optimal GU
144384,112.85492961846921,75.23661974564614,92.14566417431926
1017589,126.41015702480898,84.27343801653932,103.2134610052935
18362,112.85789638071584,75.2385975871439,92.14808652555007
851212,109.59087123621084,73.06058082414056,89.48057166525683
1214780,105.30521336013823,70.20347557342548,85.98134666241755
753101,117.53635673043136,78.35757115362091,95.96803340509874
466342,121.98344864029029,81.32229909352687,99.59906874456989
