UE ID,Internet usage,Data rate,optimal GU
144384,112.85492961846921,107.48088535092306,110.13513404726568
1017589,126.41015702480898,120.39062573791331,123.36368146194661
18362,112.85789638071584,107.48371083877699,110.13802931075858
851212,109.59087123621084,104.3722583202008,106.94973923391147
1214780,105.30521336013823,100.29067939060783,102.76736540001974
753101,117.53635673043136,111.93938736231559,114.7037391073328
466342,121.98344864029029,116.17471299075265,119.04365642657294
