UE ID,Internet usage,Data rate,optimal GU
609094,118.51516141816934,116.39881924998775,117.4522237009441
1125626,118.22988950054548,116.11864147375005,117.16951032753754
868721,127.46022498206317,125.18414953595492,126.31706085893961
349274,115.51713000688125,113.45432411390124,114.48108100689987
1125718,115.11648006842088,113.06082863862767,114.0840244140157
209007,121.76651824072783,119.59211612928628,120.67441978358123
924527,120.7045538287626,118.54911536753471,119.6219799085134
