UE ID,Internet usage,Data rate,optimal GU
609094,118.51516141816934,71.25018632878039,91.89247702521708
1125626,118.22988950054548,71.07868356878032,91.67128723968665
868721,127.46022498206317,76.6278733523118,98.82816388754121
349274,115.51713000688125,69.44779839699409,89.56790918692501
1125718,115.11648006842088,69.20693146970541,89.25725935255302
209007,121.76651824072783,73.20487108519947,94.41346445452614
924527,120.7045538287626,72.56642819467275,93.59005469698644
