UE ID,Internet usage
1082979,0.7626796276195973
736700,0.8568324671441152
679430,0.8350020474125434
412914,0.815853572403588
307190,0.7257103199276431
1255239,0.7840430810203631
727429,0.7990990780644146
