UE ID,Internet usage
1082979,0.9806418260051037
736700,1.0747946655296217
679430,1.05296424579805
412914,1.0338157707890945
307190,0.9436725183175831
1255239,1.0020052794058694
727429,1.017061276449921
