UE ID,Internet usage,Data rate,optimal GU
1190842,122.15088493318605,49.442024853908634,77.71349360821142
1038713,122.90208592465933,49.746082398076396,78.19141444751827
961442,116.51936881304688,47.16260166242373,74.13067231103985
1277,119.31276377105593,48.29326152637978,75.9078553525969
1172199,120.19500162829327,48.65035780192822,76.46914302658173
15724,119.72878532700504,48.46165120378775,76.17253201496258
751347,115.87626153005007,46.90229633359169,73.72152166302035
