UE ID,Internet usage
439213,1.030742056587875
290430,1.0054566929950306
387429,0.9779018350655694
976235,0.9010259234154828
201586,0.9926949833463757
734195,0.9818779142907214
846462,0.9053277688823881
