UE ID,Internet usage
1101021,1.0295565809236955
173434,1.0418809099571398
1134888,0.985483346235331
1209724,0.9210840812647362
821710,1.0724447891123225
776933,1.0931138758227754
178048,0.9898035676232543
