UE ID,Internet usage,Data rate,optimal GU
1101021,118.66638786517294,7.063475468165056,28.9516341435403
173434,120.7368751427512,7.186718758497095,29.45678131484721
1134888,111.26208443788458,6.622743121302653,27.145169079834353
1209724,100.44300792253516,5.978750471579474,24.505584689693038
821710,125.87160684071372,7.492357550042484,30.709527574500402
776933,129.3440134085717,7.699048417176886,31.556708030220292
178048,111.98788163083223,6.665945335168585,27.322245463220217
