UE ID,Internet usage
375644,0.2962381882638188
431635,0.26740230956882305
856779,0.2823609708699211
287879,0.30267952390951935
1253540,0.24661195782158638
614725,0.375230568513333
1015794,0.3302357452718294
