UE ID,Internet usage
620593,0.4141693835034903
654311,0.45922258756953693
1003128,0.5109300198053254
1092669,0.53295337711142
1106647,0.47018354276309354
444880,0.47996699037825225
1143145,0.5389186420515429
