UE ID,Internet usage
1286442,0.44745655117949584
1242447,0.361414226878596
627717,0.43018112082400434
490656,0.3856014599728861
1158014,0.3020819610889141
376070,0.3902258818040192
27313,0.3588130159706408
