UE ID,Internet usage,Data rate,optimal GU
1286442,132.29613191973533,4.724861854276262,25.001618891100986
1242447,117.84102143700294,4.208607908464391,22.26985978315293
627717,129.39385961985366,4.621209272137631,24.45314098092396
490656,121.90447659686669,4.353731307030953,23.037780627200195
1158014,107.87320078434699,3.8526143137266784,20.386118743137136
376070,122.68137946450152,4.381477838017911,23.18460146867267
27313,117.40401800447354,4.193000643016912,22.187273897113332
