UE ID,Internet usage,Data rate,optimal GU
671477,124.58206881038056,30.403957269200017,61.54500708115441
1025279,130.12874393489253,31.75761012696782,64.2851298217274
162891,108.85643699056676,26.56615426555498,53.77636002826951
50387,104.46911108794585,25.495437825034404,51.60896943729196
454615,108.39234179731875,26.45289293863136,53.54709154503175
641199,123.07291961011207,30.035653000086874,60.79946962858239
1274548,113.20878120872507,27.62833350927219,55.92646925573688
