UE ID,Internet usage
51572,0.35117665171961726
538725,0.33808171965779954
917645,0.3445858907626031
1141025,0.35725082413125014
913661,0.409850023701041
1141567,0.3791169529378162
519165,0.3292452134500132
