UE ID,Internet usage
3547,0.5666980841570894
1015460,0.6285654791638389
911132,0.765217340556107
994885,0.730796125740736
694939,0.589288678004369
664370,0.6692031435807757
737180,0.6016631900772851
