UE ID,Internet usage
3547,0.9363014310705097
1015460,0.9981688260728256
911132,1.1348206874695272
994885,1.1003994726497228
694939,0.9588920249177891
664370,1.0388064904897625
737180,0.9712665369862719
