UE ID,Internet usage,Data rate,optimal GU
531797,110.83326250135684,39.58330803619887,66.23554310374527
1245736,129.95177215453646,46.41134719804874,77.66103795640329
1288132,119.27234913200651,42.59726754714519,71.2788619925472
958029,108.12888807310196,38.61746002610784,64.61937026024398
118329,110.81966792370694,39.57845282989534,66.22741878967578
1216306,121.47022678555186,43.38222385198281,72.59234511821428
460481,117.41071092191521,41.932396757826865,70.16632036808161
