UE ID,Internet usage
9210,0.6097745059772086
206295,0.6507437847380457
63593,0.5366103715893495
1043479,0.5834774718659079
628941,0.6039795262538977
1259302,0.5691602493218394
184987,0.5747307618718067
