UE ID,Internet usage,Data rate,optimal GU
9210,123.13620290020478,42.51130814411832,72.35109581193143
206295,130.01904173174648,44.88752631215057,76.39524302477462
63593,110.8446283229739,38.267788349598135,65.12893962251678
1043479,118.7183011692801,40.986080165584795,69.75527083200346
628941,122.1626463060465,42.175199319944625,71.77906350329049
1259302,116.31300778181449,40.155681258007384,68.3419934348324
184987,117.24885388980245,40.47877098576513,68.89186820626038
