UE ID,Internet usage
266852,1.0280205830047522
949252,0.9896489825154087
123975,1.0319865307261404
1265756,0.9574499686869303
1108514,0.961787878538816
1135152,1.0282855898835932
412493,1.0291261305940005
