UE ID,Internet usage
266852,0.7325745877398163
949252,0.6942029872504728
123975,0.7365405354612046
1265756,0.6620039734264278
1108514,0.66634188327388
1135152,0.7328395946186571
412493,0.7336801353334979
