UE ID,Internet usage
937251,1.0192937615349227
610474,0.9507816905844622
651688,1.0314183197251527
806148,1.046350469914478
991996,0.9851961114645633
262700,1.1110921989977216
363504,1.0329178021616967
