UE ID,Internet usage
937251,0.7369472140222797
610474,0.6684351430718191
651688,0.7490717722169431
806148,0.7640039224062685
991996,0.7028495639563536
262700,0.8287456514895118
363504,0.7505712546490537
