UE ID,Internet usage
1020821,0.8270874415754567
1187799,0.8109089881462326
772808,0.7768137345372839
805018,0.7771992583677636
929923,0.7203054807907224
1237238,0.7472618488894835
404826,0.8317867160159866
