UE ID,Internet usage
549004,0.3986931286464183
645455,0.3870784668597047
557196,0.44539901580642777
491813,0.3848869183150539
127234,0.3836575426657338
1179622,0.4354174493393425
634061,0.33492467680209553
