UE ID,Internet usage
1195647,0.5803696998250815
306090,0.7029164462011841
595836,0.7305855105508625
914535,0.6062823376920626
366353,0.5953107650682704
573931,0.5875399344711818
293782,0.6147919296617378
