UE ID,Internet usage
1195647,0.5964641108423082
306090,0.7190108572139773
595836,0.7466799215680892
914535,0.6223767487048559
366353,0.6114051760854972
573931,0.6036343454884086
293782,0.6308863406789645
