UE ID,Internet usage
1195647,0.8768224064141644
306090,0.9993691527902671
595836,1.0270382171443788
914535,0.9027350442811456
366353,0.8917634716573534
573931,0.8839926410602648
293782,0.9112446362552542
