UE ID,Internet usage
1195647,0.9623154426427527
306090,1.0848621890144217
595836,1.1125312533685336
914535,0.9882280805053003
366353,0.9772565078815081
573931,0.9694856772888528
293782,0.9967376724794088
