UE ID,Internet usage
1022056,0.7585620521476056
467606,0.8075213173724153
485473,0.7642530356656403
1057760,0.7838700867185816
784994,0.8013687120142837
813810,0.7792251694882071
330134,0.7396793047518984
