UE ID,Internet usage,Data rate,optimal GU
1022056,117.36411344563827,17.464897834172362,45.274189674982445
467606,125.58927000318374,18.688879464759488,48.44711270196228
485473,118.32019867631783,17.607172422071105,45.643007559840285
1057760,121.61586325326384,18.097598698402358,46.91433777127571
784994,124.55563230288857,18.53506433078699,48.04837830245564
813810,120.83551715863753,17.981475767654395,46.61331272994902
330134,114.19181188326098,16.99282914929479,44.05044777957046
