UE ID,Internet usage,Data rate,optimal GU
63978,121.59765402917455,100.60758279794798,110.60581379736063
970150,128.43186353402066,106.26207756683853,116.82224379331927
1133246,114.23267096775506,94.51393609832114,103.9065896090664
163020,120.66609627202128,99.83682965363666,109.7584643591514
719623,123.52704428400047,102.20392354450038,112.36079649806732
986092,127.14133960423166,105.19432264873929,115.64837698956471
974833,124.33887688110278,102.87561837186479,113.0992433520517
