UE ID,Internet usage,Data rate,optimal GU
1236069,121.19851864453892,3.6070987691827057,20.908730889977125
949985,102.90133438731223,3.062539713908102,17.75216671776381
1077519,122.61088892549166,3.649133598972966,21.152387911958165
1241622,119.29899926785944,3.5505654544005787,20.581032664689634
662274,118.22368959728625,3.518562190395424,20.39552412236705
842647,106.06054739674391,3.156563910617378,18.29718274087259
901643,119.574155562788,3.5587546298448807,20.628501635331244
