UE ID,Internet usage
501902,0.4123532197487187
585951,0.5099688320973762
17172,0.43730289940325034
951922,0.4092171442950869
51668,0.4813624285200674
1031862,0.5148809568742815
280886,0.4812797651319742
