UE ID,Internet usage
501902,0.6219409534411086
585951,0.7195565657915395
17172,0.6468906330951968
951922,0.6188048779888068
51668,0.6909501622142306
1031862,0.7244686905684445
280886,0.6908674988261374
