UE ID,Internet usage
1189978,0.6992432133600013
9916,0.6933806780419894
1123739,0.6422310548772855
3359,0.760773991580398
829355,0.6685997182303011
810438,0.7108369588922776
868026,0.6630126197137319
