UE ID,Internet usage,Data rate,optimal GU
1189978,123.22686568463303,37.4081556542636,67.89469620167533
9916,122.24195975137063,37.10916635309466,67.35203946237941
1123739,113.6488230590255,34.500535571489884,62.6174517415542
3359,133.56403642545882,40.546225343442856,73.59019988209343
829355,118.07875850266433,35.84533740259453,65.05822729376725
810438,125.17461493406124,37.99943667641145,68.96785377029683
868026,117.14012595211258,35.560395378319896,64.54106594659957
