UE ID,Internet usage,Data rate,optimal GU
1189978,123.22686568463303,31.540209669281072,62.34261127496716
9916,122.24195975137063,31.288120650648438,61.84433025971414
1123739,113.6488230590255,29.088686854393433,57.49691318092094
3359,133.56403642545882,34.186033132706726,67.57236546532009
829355,118.07875850266433,30.222539378658134,59.738094450943414
810438,125.17461493406124,32.038740727170435,63.32801144435047
868026,117.14012595211258,29.98229414250501,59.26322394357502
