UE ID,Internet usage,Data rate,optimal GU
883118,122.06052771008937,74.83472829844766,95.57387941874956
12118,123.7614771290097,75.87757228742858,96.90572958940751
411990,125.38778399086098,76.8746532801112,98.17913434054567
1013546,105.51247043792596,64.68919318515698,82.61668465632204
288451,126.36018099236055,77.47082525126868,98.94052506621262
612980,115.65369178221219,70.90672769980867,90.55730136592477
476364,130.07708546760026,79.74964168549302,101.85087607642052
