UE ID,Internet usage,Data rate,optimal GU
1046642,125.00936769351992,71.4339243962971,94.49819956299595
230340,124.95671476886605,71.4038370107806,94.45839769315755
240693,110.80571986051672,63.317554206009554,83.76125102697652
425106,114.38134735100638,65.3607699148608,86.464171347217
801708,117.70679240290225,67.26102423022986,88.97797152033893
991262,114.38430665598301,65.362460946276,86.46640837150892
49098,119.33745915265432,68.19283380151676,90.21063971778634
