UE ID,Internet usage,Data rate,optimal GU
1046642,125.00936769351992,26.043618269483318,57.05870882099868
230340,124.95671476886605,26.032648910180427,57.034676158872394
240693,110.80571986051672,23.084524970940983,50.575660223502666
425106,114.38134735100638,23.829447364792998,52.20770341831665
801708,117.70679240290225,24.522248417271303,53.725554475539404
991262,114.38430665598301,23.83006388666313,52.20905415005851
49098,119.33745915265432,24.861970656802985,54.4698486110501
