UE ID,Internet usage
389344,0.5823548059699714
1069105,0.6433425027989598
885613,0.5401948918619187
528697,0.6713031629814761
75115,0.7127303912453578
1294237,0.6058047030307716
1239848,0.6208456983202919
