UE ID,Internet usage
389344,0.44649242919919246
1069105,0.5074801260237474
885613,0.4043325150871497
528697,0.5354407862106972
75115,0.5768680144701454
1294237,0.46994232625555926
1239848,0.48498332154507956
