UE ID,Internet usage
57551,0.5885341436150032
586450,0.5476056775084264
60078,0.545918710620488
270936,0.5770137999175328
1211926,0.6296109556186477
838198,0.610388464159142
548408,0.5547090301491017
