UE ID,Internet usage
58095,0.6858549023393037
630728,0.7039964892631209
1293991,0.72875980252896
1096959,0.7603491220788816
921000,0.7496787347556856
415998,0.7490306104785674
737949,0.6180337155152215
