UE ID,Internet usage,Data rate,optimal GU
58095,116.886162886047,105.75414737309013,111.18091785790416
630728,119.93394948901768,108.51166858530169,114.07994117757336
1293991,124.09418611801654,112.27569220201495,118.03711553848638
1096959,129.40119180205048,117.07726877328375,123.08508484861967
921000,127.60856673170875,115.45536990011743,121.37995828979862
415998,127.49968185349385,115.35685501030395,121.27638811175642
737949,105.4922034996996,95.44532697591868,100.34310069177143
