UE ID,Internet usage,Data rate,optimal GU
58095,116.886162886047,112.71165706868818,114.77993338248179
630728,119.93394948901768,115.65059415012419,117.77280041323581
1293991,124.09418611801654,119.66225089951595,121.85807168351764
1096959,129.40119180205048,124.77972066626296,127.06944781079902
921000,127.60856673170875,123.05111791986201,125.30912493704548
415998,127.49968185349385,122.94612178729766,125.20220210923353
737949,105.4922034996996,101.72462480328176,103.59128737822688
