UE ID,Internet usage,Data rate,optimal GU
58095,116.886162886047,106.44989834264994,111.54604500779993
630728,119.93394948901768,109.22556114178394,114.45458895513245
1293991,124.09418611801654,113.01434807176506,118.4247589975336
1096959,129.40119180205048,117.84751396258167,123.48930624822076
921000,127.60856673170875,116.21494470209188,121.77857991551197
415998,127.49968185349385,116.11578168800332,121.67466960460658
737949,105.4922034996996,96.07325675865498,100.67263557125601
