UE ID,Internet usage
1202705,0.37391626010286855
933017,0.392718985949134
544989,0.35874072731776996
1271333,0.3414651024059288
545130,0.38175223163799327
854822,0.37853694712942854
134276,0.4074980877685924
