UE ID,Internet usage,Data rate,optimal GU
1291040,108.2481796575476,21.907369692598916,48.69736019856477
1083936,115.9478182097506,23.465629875782856,52.16117892661709
357240,112.89891284253594,22.848589503846558,50.7895748650218
130239,106.95484115025388,21.645622613741857,48.115528971955655
809167,109.64035062033334,22.189118577924603,49.323652955147246
551840,114.23747230339781,23.119488442354317,51.39174953824959
36491,124.79318963543422,25.25576456907597,56.1404258734878
