UE ID,Internet usage,Data rate,optimal GU
1200470,123.4341610719067,2.2041814477126196,16.494583591248006
188923,100.31400189122958,1.7913214623433853,13.405022363327653
47496,124.60802115384995,2.2251432348901776,16.651447242913793
826954,119.28746854007925,2.1301333667871294,15.940458493305416
451507,125.81709267757978,2.2467337978139246,16.813016221410283
649627,128.33617862830954,2.2917174755055276,17.149643241248373
1218358,120.37154718627717,2.149491914040664,16.085324595962216
