UE ID,Internet usage
659195,0.8339556650432463
481962,0.7721436910889067
357542,0.7736514944460324
650277,0.8269222923494125
491902,0.7054710519865584
935811,0.7555927702463426
1071098,0.7711599301910674
