UE ID,Internet usage
659195,0.4611896484876423
481962,0.3993776745306427
357542,0.4008854778868817
650277,0.45415627578937523
491902,0.33270503542918095
935811,0.3828267536894087
1071098,0.3983939136323601
