UE ID,Internet usage,Data rate,optimal GU
1226389,118.02433757241657,85.7081499037787,100.57657588599277
329016,106.90322167799583,77.63210145663983,91.09951564826144
507899,107.76676632393561,78.25919935428658,91.83540085126049
51705,121.27427161310588,88.06822105237451,103.34606601312271
985614,114.94569635532321,83.47246997231804,97.95305603944628
830611,130.8197825551116,95.00008018883105,111.48044596708897
1118781,112.55036068984477,81.73300002476823,95.9118273887572
