UE ID,Internet usage
254661,0.2903303670294728
949174,0.2795191116100103
983883,0.3193482115367851
276225,0.33913239486217317
584899,0.3033959381215095
685225,0.3328278712052743
450892,0.38474272472652304
