UE ID,Internet usage
254661,0.37889263779931887
949174,0.3680813823798564
983883,0.4079104823066311
276225,0.4276946656315759
584899,0.3919582088913555
685225,0.4213901419751203
450892,0.47330499549725574
