UE ID,Internet usage,Data rate,optimal GU
254661,113.31340297804317,78.91469135970864,94.56263650581326
949174,111.49711206754286,77.6497744756102,93.04690003824167
983883,118.18840085523345,82.30977916703759,98.63093416621167
276225,121.51214365385789,84.6245286160796,101.40467384611556
584899,115.50841892145787,80.44336317744387,96.39442770902873
685225,120.45298367955252,83.88689934825979,100.52078052882499
450892,129.17467907111916,89.9609372102437,107.79923558666978
