UE ID,Internet usage,Data rate,optimal GU
1026694,127.74774298279955,69.19669411568309,94.01979310309973
191143,108.97166023877281,59.026315962668605,80.20097036963067
223319,107.73672950162063,58.35739514671117,79.29208595654683
891954,111.88319740546206,60.603398594625276,82.34380370376608
1040470,113.17157186294017,61.30126809242592,83.29202162999371
1199585,107.9308600053749,58.46254916957807,79.43496213871495
577440,114.5326584454127,62.038523324598536,84.29375423122411
