UE ID,Internet usage,Data rate,optimal GU
1026694,127.74774298279955,46.384597154468885,76.97744861743462
191143,108.97166023877281,39.56709092003061,65.66347225340895
223319,107.73672950162063,39.1186934499932,64.91933529141173
891954,111.88319740546206,40.62425620079277,67.4178883973932
1040470,113.17157186294017,41.09205883118661,68.19422914741247
1199585,107.9308600053749,39.18918131147541,65.03631325539683
577440,114.5326584454127,41.586262887917705,69.01438432213259
