UE ID,Internet usage
364804,0.6169351619243606
865095,0.6084099832529464
871852,0.5614759685492642
690116,0.5897910776297725
1259311,0.5452379110300796
208409,0.5657344259006234
11740,0.5204659601635082
