UE ID,Internet usage
124350,0.39763187944127965
392472,0.32779569675662446
1116365,0.430399439558903
439181,0.4408465543310894
1033801,0.4541823947949945
355884,0.3925395231398405
397478,0.3848758508110791
