UE ID,Internet usage,Data rate,optimal GU
124350,114.5624712605971,32.05021517409562,60.59498209240005
392472,102.82999256963305,28.767914587933056,54.38937803763704
1116365,120.06742136037592,33.59029049962898,63.50668912040987
439181,121.82253664212628,34.081304893928184,64.43501388416118
1033801,124.06295784029514,34.708089395796854,65.62002919404974
355884,113.70695540195838,31.810874427928834,60.14247816538492
397478,112.41945845075523,31.450681828485095,59.46148853724823
