UE ID,Internet usage
1133896,0.7497463005339831
304358,0.8033863818607772
81154,0.7217504266714282
108799,0.8062965629155426
190500,0.8851451759903609
663558,0.790990071030124
581046,0.7383212466740707
