UE ID,Internet usage,Data rate,optimal GU
1133896,110.78066112432754,72.5349566885478,89.64078567583948
304358,119.7921947874009,78.43536563460773,96.93268075485142
81154,106.07735431592631,69.45541056399937,85.83499400335211
108799,120.28110520454611,78.75548555059567,97.32829415409637
190500,133.52767220106503,87.42883298879258,108.04706637502545
663558,117.70961456779708,77.07177144320046,95.24751183435961
581046,108.86125207586974,71.27820076396233,88.08765055829423
