UE ID,Internet usage,Data rate,optimal GU
1133896,110.78066112432754,104.18657415264138,107.43303758578358
304358,119.7921947874009,112.66170700243657,116.17225637094671
81154,106.07735431592631,99.76322608283547,102.87185757479448
108799,120.28110520454611,113.12151560903742,116.64639265690275
190500,133.52767220106503,125.57959647481117,129.49266849219921
663558,117.70961456779708,110.7030898911425,114.15260856656136
581046,108.86125207586974,102.38141564278227,105.57163016726281
