UE ID,Internet usage
1248798,0.8856039002314651
319823,0.7805293600374692
743940,0.9249756753906949
969322,0.894623824622195
638407,0.8891479292825648
522671,0.8668029097463165
380850,0.7780597252733265
