UE ID,Internet usage
654474,0.7410247203267984
871938,0.702479721565652
94297,0.7274908182736365
939329,0.7120454838793646
1259900,0.6809507246913402
151213,0.6660985153629683
1119862,0.7414845063264432
