UE ID,Internet usage
654474,0.7380246922454372
871938,0.6994796934798573
94297,0.7244907901922752
939329,0.7090454557935698
1259900,0.6779506966055454
151213,0.6630984872771736
1119862,0.738484478245082
