UE ID,Internet usage
269189,0.6040752964894361
563309,0.6228965228095987
887611,0.6297349285868215
783411,0.6783549377092508
873082,0.5996163974853496
915814,0.5539781498384317
774093,0.6727016674365937
