UE ID,Internet usage
269189,0.9912526991173355
563309,1.010073925437498
887611,1.0169123312147206
783411,1.06553234033715
873082,0.9867938001088153
915814,0.941155552466331
774093,1.0598790700644927
