UE ID,Internet usage
645693,0.5143102210373844
1033855,0.7166925136673727
1193769,0.6395985199146805
306740,0.5893714205248156
952151,0.5430569781174638
34221,0.6280489666961754
563357,0.5727148890200218
