UE ID,Internet usage
476303,1.0132617071550316
849357,1.0206215707087136
1256116,0.9826217376423378
1222956,0.9411249473048835
8357,1.043228012116522
519180,0.9288796215055547
140828,1.075878574882457
