UE ID,Internet usage,Data rate,optimal GU
69306,119.98671058937087,38.56715697515492,68.02607075403334
814020,116.4083664516144,37.41697493087606,65.99734031962416
258906,108.137689578368,34.75854307876114,61.3083072808849
341596,116.00402483248627,37.28700798187059,65.76810016913997
1275667,111.55877858594512,35.858178831196646,63.24788243668472
191048,114.22796385868932,36.716131240292995,64.76116824414984
1083614,107.71342655431506,34.62217282102984,61.067772755429694
