UE ID,Internet usage
234582,0.8796675373936689
118650,0.915919621873556
895052,0.8275288110260994
964292,0.8636651242256357
1013011,0.8119721180719134
834363,0.8191858500733596
828491,0.9125276437708818
