UE ID,Internet usage,Data rate,optimal GU
665132,118.6579471293785,81.93048730361849,98.59869893034583
53314,136.60551938092027,94.32285862015924,113.51221560387219
1202647,120.44771388618884,83.16627863570181,100.08590377316914
135656,123.7520476070667,85.44784239535558,102.83163647453625
1121482,120.67117053208038,83.3205701292936,100.27158484287635
372269,106.46815128695799,73.51372350766147,88.46960063254102
182739,119.87546735901451,82.77115603360525,99.61039611091978
