UE ID,Internet usage
1025215,0.9649331080070436
501838,0.9633744589096828
736457,0.9364340488393117
183776,0.9017719387629933
566513,1.043198503826408
772165,0.9069582744925623
347364,0.9472854736790339
