UE ID,Internet usage
361709,0.641988541399833
1084417,0.6688216044183009
154377,0.7178622314549481
1006400,0.6610406275142142
980383,0.7268852839876432
978875,0.6272772640087256
136032,0.6683841468564197
