UE ID,Internet usage,Data rate,optimal GU
361709,109.5166142482532,52.80265329826494,76.04451204755236
1084417,114.024568835315,54.97613140274116,79.17467827172513
154377,122.26339417700976,58.94842219248685,84.89543084661747
1006400,112.71736471508838,54.34587227334619,78.26700138496665
980383,123.77926700307749,59.67928944791237,85.94799999492187
978875,107.04511964609891,51.61103982936912,74.328392513187
136032,113.95107596491586,54.940697340227295,79.123647389271
