UE ID,Internet usage
415716,0.6128420273590977
371310,0.7162439326431633
1223603,0.6170419404371932
340251,0.6611646335247674
1086816,0.6461222782839736
965404,0.6663090558893894
440907,0.7333702932930374
