UE ID,Internet usage
1016842,0.6298044401547206
878340,0.6162926269920467
915319,0.6097290031671139
1295613,0.6660635167399189
1172243,0.5872665228000653
977670,0.6224591405717517
804500,0.5671992129786989
