UE ID,Internet usage
1016842,1.0720694297747844
878340,1.0585576166121107
915319,1.051993992787178
1295613,1.1083285063599828
1172243,1.0295315124156958
977670,1.0647241301918156
804500,1.0094642025987628
