UE ID,Internet usage,Data rate,optimal GU
1016842,125.8893205727759,35.9683773065074,67.29067231958281
878340,123.619335961319,35.31981027466257,66.07731450682269
915319,122.51664715867344,35.004756331049556,65.48790254914672
1295613,131.9808454389513,37.70881298255751,70.54672932133171
1172243,118.74295045684582,33.92655727338452,63.47077681488419
977670,124.65531024289655,35.61580292654187,66.63106605299018
804500,115.37164240727432,32.96332640207838,61.66873686248852
