UE ID,Internet usage,Data rate,optimal GU
13047,117.59965473019203,65.09980886849917,87.49694306624086
636941,121.2914431694584,67.14347746880733,90.24372156337334
671277,122.40333829773229,67.75899084338752,91.07099801207906
1228365,129.11077242371968,71.47203473455912,96.0614887000709
185946,110.98728540649321,61.43939013573732,82.57718285456318
909716,123.9165838162962,68.59668032687826,92.19688870696932
279388,108.8568079673369,60.26001869620436,80.9920569149892
