UE ID,Internet usage
350391,0.553743957946576
860984,0.5506746081901367
1078792,0.6208870855031915
18569,0.5584172643487622
881085,0.5840802455238344
1046621,0.6471368618164707
999597,0.5283801171464934
