UE ID,Internet usage
44229,0.9459438823793839
671212,0.9766624352800467
260193,1.0342438901436242
1215095,0.9372582502859541
79941,1.009544502315119
1141809,0.9503891831564301
391710,0.9684443933990432
