UE ID,Internet usage,Data rate,optimal GU
44229,109.1920783502119,102.69254987698501,105.8924593734171
671212,114.35279523734013,107.54608123511751,110.89722722438889
260193,124.02647965488619,116.64395110400012,120.27858757262578
1215095,107.73289215828427,101.32022000600546,104.47736757480361
79941,119.87698249929392,112.74144782671691,116.25448192679885
1141809,109.93888888052652,103.3949073995428,106.61670242232529
391710,112.97216420179622,106.24763061835598,109.5583167644917
