UE ID,Internet usage,Data rate,optimal GU
389052,125.21845859790828,69.31736100955638,93.16551454101135
284828,112.95846690236961,62.53057989238318,84.04378881963702
392210,114.01247567978587,63.11404903702432,84.82799644508026
538051,114.61296255954728,63.44646141689225,85.27477298070065
768416,114.74844311381308,63.521459580860814,85.37557373875026
735608,119.58776728583021,66.20037117608459,88.9761461428915
1157877,121.07715321996284,67.02485267533658,90.08428473888863
