UE ID,Internet usage
1011847,0.6336862481147798
352862,0.7115495469851527
589891,0.7188780852991282
635408,0.6012973384771599
867594,0.6543065580841481
895629,0.675114911232793
524908,0.7004723561800275
