UE ID,Internet usage
1011847,1.0055350738992277
352862,1.0833983727696004
589891,1.090726911083576
635408,0.9731461642616077
867594,1.0261553838685957
895629,1.0469637370172407
524908,1.0723211819644753
