UE ID,Internet usage,Data rate,optimal GU
595790,125.40982362347324,47.02868385880247,76.7975191524863
93719,123.5095851425291,46.316094428448416,75.63386548550767
1256856,123.2099946057245,46.20374797714669,75.45040449877322
291083,105.1386262647326,39.426984849274724,64.38399665144414
693286,120.48541804781354,45.18203176793008,73.78194891576562
1071776,106.24400213140045,39.841500799275174,65.06089836327489
938622,126.62050444370564,47.48268916638962,77.5389067152222
