UE ID,Internet usage
570197,0.7013720807662737
1060336,0.7165417152436951
1236237,0.5777210447433266
207214,0.6639833424335763
910722,0.6378769250564619
1289480,0.5630102057700186
903473,0.6062089982888664
