UE ID,Internet usage
570197,0.731657839239113
1060336,0.746827473712101
1236237,0.6080068032117325
207214,0.6942691009064156
910722,0.6681626835293013
1289480,0.5932959642384245
903473,0.6364947567572724
