UE ID,Internet usage,Data rate,optimal GU
570197,128.3150298983717,47.35435627201813,77.95046915100737
1060336,130.86352849035106,48.29487360953432,79.49866394184998
1236237,107.54165584592863,39.687992038378425,65.33079198209101
207214,122.03372185847812,45.036254495390736,74.1346191373379
910722,117.64784373912774,43.41765661801143,71.47022933582146
1289480,105.07023489875347,38.77592002215902,63.82942131293003
903473,112.32763204187647,41.45424515831156,68.23823852296131
