UE ID,Internet usage
901764,0.807144802615622
29520,0.8091634860381015
661764,0.8327645452015578
1139396,0.8344025392044491
1037902,0.8228264166587567
32262,0.82599909538874
1226096,0.9147525990903658
