UE ID,Internet usage,Data rate,optimal GU
901764,115.51034601157438,86.63275950868079,100.03489404595393
29520,115.8494848262561,86.88711361969209,100.32859687487765
661764,119.81446276561836,89.86084707421378,103.76236849581024
1139396,120.08964575849376,90.06723431887032,104.00068395832976
1037902,118.14485717111053,88.6086428783329,102.31644763666583
32262,118.67786719740104,89.00840039805078,102.77804785990523
1226096,133.58845581897754,100.19134186423315,115.69099639156967
