UE ID,Internet usage,Data rate,optimal GU
901764,115.51034601157438,81.81982842486518,97.21644249798398
29520,115.8494848262561,82.0600517519314,97.50187034245633
661764,119.81446276561836,84.868577792313,100.83889653238016
1139396,120.08964575849376,85.06349907893308,101.07049753200502
1037902,118.14485717111053,83.68594049620329,99.43371403680942
32262,118.67786719740104,84.06348926482573,99.8823088195359
1226096,133.58845581897754,94.62515620510908,112.43143910432732
