UE ID,Internet usage
512715,1.0427602876730315
680254,1.0022159513303908
48768,0.9283605975466166
831057,1.0033635847451465
1063247,1.053585475914746
1177192,1.069226492724151
547548,1.0576624390172664
