UE ID,Internet usage
512715,0.7296040235566001
680254,0.6890596872183926
48768,0.6152043334346183
831057,0.6902073206287151
1063247,0.7404292117983146
1177192,0.756070228612153
547548,0.7445061749008348
