UE ID,Internet usage
512715,0.7858827484566947
680254,0.7453384121184872
48768,0.6714830583347129
831057,0.746486045533243
1063247,0.7967079366984091
1177192,0.8123489535122476
547548,0.8007848998053629
