UE ID,Internet usage
603300,0.952136203476108
273619,0.9120335015526928
359779,0.9617580500572721
1149434,0.9665787078753377
97712,0.9519908659340675
951068,0.955143466371094
365899,0.9112190949792132
