UE ID,Internet usage
603300,0.3692319284725989
273619,0.32912922654918364
359779,0.3788537750546497
1149434,0.38367443287049857
97712,0.36908659093055823
951068,0.372239191368915
365899,0.32831481997526063
