UE ID,Internet usage,Data rate,optimal GU
83631,111.59299494903816,15.941856421291165,42.17818752743456
1299214,112.23016995020548,16.032881421457926,42.41901704096542
696882,108.82211767601643,15.54601681085949,41.13089435916366
471856,105.01576150291706,15.002251643273866,39.69222695411274
1262359,118.09658957088385,16.870941367269122,44.63631524134612
689058,125.64058175022917,17.948654535747025,47.4876762697981
174176,110.7279071276954,15.818272446813628,41.851215064934046
