UE ID,Internet usage
633203,0.4670666199915153
190471,0.42060240265317567
1207429,0.5133901043730632
177676,0.4332139121872856
62834,0.38573867971209796
255533,0.44733607646517737
586663,0.48350073991097964
