UE ID,Internet usage
1242074,0.7100768511140344
104014,0.6474641753708282
780147,0.725439747813009
879450,0.7584516854265533
250706,0.755374171684209
511712,0.7376436118103201
552372,0.6782291358522484
