UE ID,Internet usage,Data rate,optimal GU
1242074,116.2727742457586,15.918296474121714,43.02167468047483
104014,105.75384472106626,14.478204932050739,39.129603067548096
780147,118.85374089170196,16.271643098268722,43.97664894786642
879450,124.39974641095607,17.0309176634047,46.02870667826131
250706,123.88272410183883,16.960134847275555,45.837405096874974
511712,120.90399004290488,16.552331970159596,44.73525432706326
552372,110.9223580821794,15.185799023155514,41.04198627028748
