UE ID,Internet usage,Data rate,optimal GU
1242074,116.2727742457586,34.6049923350472,63.43199871948818
104014,105.75384472106626,31.474358547936387,57.693452198439545
780147,118.85374089170196,35.37313717014939,64.84003146010625
879450,124.39974641095607,37.02373405087978,67.86562551922825
250706,123.88272410183883,36.869858363642514,67.58356672547698
511712,120.90399004290488,35.98333036991217,65.95853407069033
552372,110.9223580821794,33.0126065720772,60.513107401736164
