UE ID,Internet usage
712514,0.618483448478441
1104213,0.7383279523618481
407828,0.621760590799554
366681,0.6946222100695904
1107104,0.6485015698892846
54032,0.5375952410317525
1105295,0.6943228357733523
