UE ID,Internet usage,Data rate,optimal GU
712514,112.22808075615733,50.76984605635688,75.48378887675483
1104213,132.36195740821412,59.878028351334954,89.02568751954256
407828,112.77864066597257,51.01890887270187,75.85409145803834
366681,125.01939270347087,56.55639193728444,84.08713203278357
1107104,117.27112515272378,53.05122328337504,78.87570376972727
54032,98.63886190497618,44.62234229034636,66.34377935461661
1105295,124.96909782185848,56.533639490840734,84.05330406210429
