UE ID,Internet usage,Data rate,optimal GU
66283,117.97597876140856,101.82450547859666,109.60312812932781
814564,118.6772926759679,102.42980617866277,110.25466922814574
373403,130.16174652906508,112.34198361139545,120.92406210262223
900871,107.88610324221942,93.1159819650108,100.22933923646208
843804,117.26619257148597,101.21189239800871,108.94371603938158
1089820,124.74954993057261,107.67074249960136,115.89597347412828
96024,109.25921335499226,94.30110676472545,101.50499861395518
