UE ID,Internet usage,Data rate,optimal GU
66283,117.97597876140856,96.90883969687131,106.92481103032559
814564,118.6772926759679,97.48491898383077,107.56043074354577
373403,130.16174652906508,106.91857750601774,117.96910097388418
900871,107.88610324221942,88.62072766325166,97.78008475184596
843804,117.26619257148597,96.32580104086347,106.28151266547037
1089820,124.74954993057261,102.4728445858275,113.06388124501782
96024,109.25921335499226,89.74863954160078,99.02457147595264
