UE ID,Internet usage,Data rate,optimal GU
215926,122.60252889314006,75.16702664281802,95.99826850411169
202651,116.22377466048144,71.25624279779517,91.00367853050501
789153,120.89562971952334,74.12053488756492,94.66175965182593
438701,109.34337118731769,67.03790019222454,85.61629520328921
349018,103.47550597669388,63.44033997380637,81.02173336903557
781493,115.3485840723994,70.7196676158163,90.3184008137607
447015,114.05731088475302,69.92799417339025,89.30732876411415
