UE ID,Internet usage,Data rate,optimal GU
152346,117.915928939119,93.35011041013588,104.91646670366141
411772,115.42432481417235,91.37759047788644,102.69954568573313
68087,104.21463110872197,82.50324962773823,92.72564761286677
957063,122.03774817656944,96.6132173064508,108.58388224857694
851400,120.53897211867402,95.42668626061695,107.25033647754192
1115017,114.93432928165225,90.9896773479747,102.26356896541124
422470,111.14528554852531,87.99001772591588,98.89224259549746
