UE ID,Internet usage,Data rate,optimal GU
152346,117.915928939119,15.441371646789392,42.67064191953696
411772,115.42432481417235,15.115090154236855,41.76899658308939
68087,104.21463110872197,13.647154073761211,37.71250624767488
957063,122.03774817656944,15.981133689788853,44.16221879401602
851400,120.53897211867402,15.784865396493027,43.61985155780445
1115017,114.93432928165225,15.050924072597319,41.59168021796002
422470,111.14528554852531,14.554739774211647,40.22052595739186
