UE ID,Internet usage
443808,1.0507996336662149
900251,1.0856881922926485
706466,1.0469548801300237
708346,1.0536456428512486
171995,1.0502461575758333
213775,1.0338876848744742
734359,1.0915837190543556
