UE ID,Internet usage,Data rate,optimal GU
443808,116.25075368343752,9.687562806953126,33.558701966314764
900251,122.11203153307602,10.176002627756334,35.250707138456754
706466,115.60483508948417,9.633736257457015,33.37224132926799
708346,116.72888322710793,9.727406935592327,33.696726076687575
171995,116.1577697007646,9.679814141730384,33.5318598026015
213775,113.40954628636658,9.450795523863881,32.738516038553534
734359,123.10248002886729,10.258540002405608,35.536624991288534
