UE ID,Internet usage,Data rate,optimal GU
1261151,114.1409999396546,99.87337494719779,106.76912888949316
209882,118.63941225325844,103.80948572160115,110.97700830498083
278252,112.57140781394638,98.4999818372031,105.30090989664858
105815,110.90300253763355,97.04012722042937,103.74025966508644
846559,110.40687695787638,96.60601733814184,103.27617668001996
480227,115.68868325338066,101.22759784670808,108.21685406529063
265432,117.43799474385152,102.75824540087008,109.85318513031284
