UE ID,Internet usage
920728,1.112206339254854
1299795,0.9984895078846422
1211418,1.0514256371853252
734139,1.0328129086294928
186462,1.0748606248710468
1293246,1.1022568011114973
723269,1.065047327343127
