UE ID,Internet usage
920728,0.8102197194698968
1299795,0.6965028880996849
1211418,0.7494390174048013
734139,0.7308262888489688
186462,0.772874005090523
1293246,0.8002701813265399
723269,0.7630607075581698
