UE ID,Internet usage,Data rate,optimal GU
920728,126.04260155583465,42.76445409930105,73.41759359166564
1299795,106.93817388547674,36.282594711143894,62.28960123677614
1211418,115.8314436083347,39.29995408139927,67.46977408432417
734139,112.70450521106031,38.239028553752604,65.64838758798493
186462,119.76852153958464,40.63574837950193,69.76305257847824
1293246,124.37107914764557,42.19733042509404,72.44396125363882
723269,118.11988755449597,40.07639042027542,68.802752343442
