UE ID,Internet usage
607383,0.957072661515978
26159,1.0068591117684311
682248,0.924822869317719
376422,0.9820905123292664
942456,0.9722496238958261
1023001,0.9937026321820913
354654,0.9740970163859851
