UE ID,Internet usage,Data rate,optimal GU
862982,104.55210808012252,76.5470791300897,89.46037385584094
753673,107.91741623880696,79.0109654605551,92.33991145239811
956926,118.98529111936958,87.11423099810986,101.81017697632251
1004940,109.66984990573229,80.29399725241113,93.83938739678136
372222,109.12700498610621,79.89655722197061,93.37490025876711
754780,128.14965284709976,93.82385297734089,109.6516948698175
516882,117.85084741849957,86.28365614568717,100.83948628952679
