UE ID,Internet usage,Data rate,optimal GU
645925,124.88882704359565,78.79890277750678,99.20233132444598
1039936,128.9239459525023,81.3448706605074,102.407527597089
336810,116.12271845764573,73.26790569351456,92.23919115446172
56388,113.78701456252158,71.79418775968622,90.38388290019313
1025844,120.19430670486159,75.83688399235314,95.47335593828208
31428,120.85357022985413,76.25284788312224,95.99702551052974
708389,109.36845443135307,69.0062867245442,86.87410963635942
