UE ID,Internet usage,Data rate,optimal GU
594408,119.20572106740826,108.56235311496108,113.75963073007723
488116,110.2777802633426,100.43154988268701,105.23957615588296
887414,125.97721627312019,114.72925053444874,120.22176012449343
272617,109.85959699466235,100.05070440585321,104.84049821065867
997462,110.1225361978141,100.29016689443783,105.09142464596027
291864,114.27027558083483,104.06757240397457,109.04966839761896
795496,115.74391338602715,105.40963540513185,110.45598087194863
