UE ID,Internet usage,Data rate,optimal GU
594408,119.20572106740826,21.99629376839081,51.206289257000115
488116,110.2777802633426,20.348876120021554,47.371182055863
887414,125.97721627312019,23.24579585992099,54.115068626825824
272617,109.85959699466235,20.271711350205553,47.191546269704965
997462,110.1225361978141,20.32022989364427,47.304495050795595
291864,114.27027558083483,21.085586565511193,49.086207712803734
795496,115.74391338602715,21.357507827183582,49.71922702628163
