UE ID,Internet usage,Data rate,optimal GU
500804,117.83524601309739,51.90362026767385,78.20534421132443
227046,113.40176959920922,49.950779466318345,75.26291772407141
54356,117.67230293167813,51.831847719905845,78.09720152736186
756319,117.00738168690475,51.53896574304138,77.65590406687924
895251,105.77104858747035,46.58962854448099,70.19853178272672
200297,113.85479807856635,50.150327725082796,75.56358538815657
1117713,114.4403847693989,50.40826471985428,75.95222979016377
