UE ID,Internet usage,Data rate,optimal GU
207141,106.65918652606233,50.15521271166027,73.14037317287426
79479,117.3243223969578,55.170365889045634,80.45387370614614
931901,118.64360122392766,55.79074105172789,81.35855476425705
254594,121.3951372505473,57.08461811186451,83.24539056659455
1164073,115.07027870269778,54.11042867567337,78.90818784151733
552367,120.52820782896644,56.676954871954464,82.65090317667364
703422,102.93535334419354,48.40412448923387,70.58679520714635
