UE ID,Internet usage,Data rate,optimal GU
207141,106.65918652606233,62.21785880686969,81.46229930301577
79479,117.3243223969578,68.43918806489205,89.60793137391032
931901,118.64360122392766,69.20876738062448,90.61554722180065
254594,121.3951372505473,70.81383006281926,92.71706757503107
1164073,115.07027870269778,67.12432924324037,87.88637706579624
552367,120.52820782896644,70.30812123356377,92.05493929226797
703422,102.93535334419354,60.0456227841129,78.61817473113211
