UE ID,Internet usage
97825,0.9611118408150279
26998,0.9730912947992525
258752,1.0596669607366158
745290,1.0348589535273123
297794,1.040696181104823
1166316,1.092308759624334
1133497,1.0697351159324795
