UE ID,Internet usage
618890,0.7402857574147613
1102240,0.7842525466741473
1704,0.7110333270132603
842297,0.7016571078157589
529468,0.6934144792700356
837681,0.6859022295294253
266184,0.6807317777943414
