UE ID,Internet usage,Data rate,optimal GU
1286913,117.42355653102693,111.83195860097803,114.59365738450539
501328,102.71623577075754,97.82498644834051,100.24078198168101
749180,115.93265534775514,110.41205271214776,113.1386868109914
860935,105.70519853402442,100.67161765145183,103.15771096039362
1169684,131.1137777781947,124.87026455066162,127.95394529829798
196287,122.75684510966677,116.91128105682549,119.79841409745558
206266,119.73412960838581,114.03250438893886,116.84854581925283
