UE ID,Internet usage,Data rate,optimal GU
1002899,106.73091282492824,106.73091282492824,106.73091282492824
457333,121.52113970005055,121.52113970005055,121.52113970005055
660479,122.05587560469708,122.05587560469708,122.05587560469708
552598,120.54293365585264,120.54293365585264,120.54293365585264
1031629,118.3763821375523,118.3763821375523,118.3763821375523
1083136,117.47880365179982,117.47880365179982,117.47880365179982
851911,126.20953405814804,126.20953405814804,126.20953405814804
