UE ID,Internet usage
367274,0.5121189771733532
727505,0.5249253251258825
1184794,0.5285289299816376
266907,0.5618155471794937
913524,0.5126117380844197
126163,0.48501588900180126
267298,0.542861196641694
