UE ID,Internet usage
197033,0.847379939499645
1021388,0.70986054574978
906640,0.8257419191991451
23127,0.8002419091840707
907029,0.8657786337574024
741129,0.8502437996561437
1053441,0.8527288635977018
