UE ID,Internet usage
197033,0.9272149669088154
1021388,0.7896955731633839
906640,0.9055769466083154
23127,0.8800769365932412
907029,0.9456136611710063
741129,0.9300788270653143
1053441,0.9325638910113058
