UE ID,Internet usage,Data rate,optimal GU
197033,124.57481483806559,94.91414463852617,108.73781308200829
1021388,101.47155668821279,77.31166223863832,88.57163607785479
906640,120.93962742758207,92.14447804006252,105.56476137269567
23127,116.65562574482661,88.88047675796312,101.8253781367823
907029,127.66579547377366,97.26917750382755,111.43584217434638
741129,125.0559433443587,95.280718738559,109.15777647231099
1053441,125.4734340869856,95.5988069234176,109.5221922685074
