UE ID,Internet usage
1253328,1.07276298715069
1280407,1.08486504212391
347110,1.0490615349574486
481206,1.0692766578658521
313596,1.104906068911487
766854,1.045655320022681
273451,1.1119735993567836
