UE ID,Internet usage
196477,0.7019707202120519
507146,0.710557758247716
354592,0.7549389749738766
1029172,0.6795161322875436
377303,0.705558386045546
1018091,0.6500082750849479
426410,0.6782170187821184
