UE ID,Internet usage,Data rate,optimal GU
196477,119.57818780737739,93.95429042008223,105.99473470489689
507146,121.02081019697445,95.08777944047993,107.27348277984682
354592,128.47685460685105,100.94610004824011,113.8825597667456
1029172,115.80581703606893,90.99028481405416,102.65088540892454
377303,120.18091566694426,94.42786230974193,106.52899585022341
1018091,110.84849702614804,87.09524766340203,98.25669087450608
426410,115.58756596704265,90.8188018312478,102.45742651324564
