UE ID,Internet usage
1177284,0.7082359593362912
788375,0.67218914147681
950709,0.6876137796905069
811605,0.6311475978396055
340539,0.6712274794668512
105488,0.7440159107886446
843572,0.7274026409623086
