UE ID,Internet usage,Data rate,optimal GU
1177284,119.33949211652458,51.14549662136768,78.12603657450852
788375,113.28362671549866,48.550125735213705,74.16154206041345
950709,115.8749659356852,49.660699686722225,75.85797179295812
811605,106.3886473848394,45.5951345935026,69.64771853214175
340539,113.12206749810446,48.480886070616194,74.05577672570963
105488,125.35052396006647,53.72165312574277,82.06118063562575
843572,122.55949462957182,52.525497698387916,80.23402303936379
