UE ID,Internet usage
879601,0.6979003762832888
735415,0.6527624599320727
1103133,0.6211237004836592
400441,0.5906962134964022
938359,0.6528004557999649
1227160,0.6555438240492902
1158614,0.6687101586350171
