UE ID,Internet usage
879601,1.0979299977995243
735415,1.0527920814527416
1103133,1.0211533219998945
400441,0.9907258350126377
938359,1.0528300773162003
1227160,1.0555734455655257
1158614,1.068739780155686
