UE ID,Internet usage,Data rate,optimal GU
879601,131.55523184799165,8.6137354186185,33.662768158213225
735415,123.97206190138596,8.117218338781223,31.7223626856899
1103133,118.65675031352939,7.769191984814424,30.362263971581548
400441,113.54493249995694,7.434489627973371,29.05423588704178
938359,123.97844520673864,8.117636293298363,31.72399606602113
1227160,124.43933107262806,8.147813344041124,31.841928996797762
1158614,126.6512752834842,8.292643024513845,32.407928266480845
