UE ID,Internet usage,Data rate,optimal GU
879601,131.55523184799165,62.64534849904364,90.78173464959745
735415,123.97206190138596,59.034315191136166,85.54885023880486
1103133,118.65675031352939,56.503214435013994,81.88093677485172
400441,113.54493249995694,54.06901547616997,78.35344735607264
938359,123.97844520673864,59.03735486035173,85.55325513798351
1227160,124.43933107262806,59.256824320299074,85.87129660082148
1158614,126.6512752834842,60.31013108737342,87.39768311992
