UE ID,Internet usage,Data rate,optimal GU
1119375,107.75407034121353,107.11267706537298,107.43289505052859
13008,105.13330238678382,104.50750892019583,104.81993864239979
1142767,131.11402247658603,130.33358186660635,130.7232197519331
307632,130.46535758373807,129.68877807431107,130.07648829078622
892900,113.06828683456911,112.39526131769668,112.73127181716562
686214,119.22929351397303,118.51959533829464,118.87391479944976
1180732,120.68405403691482,119.96569657240939,120.32433921580778
