UE ID,Internet usage
460217,0.893283991688748
962,0.7833031601320286
491554,0.7731044261832027
261114,0.7511050827466612
918701,0.8426186899911192
329310,0.8583024423944701
435847,0.7896946097782979
