UE ID,Internet usage,Data rate,optimal GU
460217,132.28669560607167,25.984886636906936,58.62981143492436
962,113.8099159041469,22.35551919545743,50.44085407314741
491554,112.09652860104254,22.018960975204784,49.681476313836356
261114,108.40063890369426,21.292982641797085,48.043448278990915
918701,123.77492492069935,24.31293168085166,54.857372279389274
329310,126.40979532434484,24.830495510139166,56.02515377255787
435847,114.88367944493642,22.566437033826798,50.91674889865318
