UE ID,Internet usage
134280,0.9776280024355145
106847,0.9211296471803224
679602,1.014173601879606
1226999,0.9808237078956287
55238,1.015947473860813
805193,1.1009846216363606
1244986,1.0027575292780186
