UE ID,Internet usage
134280,0.3817273589330248
106847,0.3252290036778326
679602,0.4182729583753428
1226999,0.3849230643913654
55238,0.420046830354333
805193,0.5050839781320974
1244986,0.406856885775529
