UE ID,Internet usage
134280,0.6988875866494818
106847,0.6423892313942896
679602,0.7354331860935733
1226999,0.7020832921095959
55238,0.7372070580703467
805193,0.8222442058503279
1244986,0.7240171134919859
