UE ID,Internet usage,Data rate,optimal GU
134280,109.68022109742402,60.06297822001792,81.16477518567602
106847,100.18849741456003,54.865129536544785,74.14077750281298
679602,115.81988180375424,63.42517336872257,85.70820312518556
1226999,110.21709961444476,60.35698312219594,81.5620721978447
55238,116.11789229624667,63.58836959080175,85.92873472499548
805193,130.40413312306322,71.41178718643938,96.50073679934418
1244986,113.90198160696113,62.374894689526336,84.28893229637309
