UE ID,Internet usage
1288525,0.9616100041972458
1286100,1.057866830624215
33937,1.007356301515465
1117770,1.0241496580508918
939054,1.0525426787433674
37806,1.069806020835406
207941,0.9685956040699625
