UE ID,Internet usage,Data rate,optimal GU
1288525,106.98919739344231,14.647330595530793,39.586691505760506
1286100,123.16034423266584,16.861237603281634,45.57011989680228
33937,114.67457534269377,15.699495433821172,42.43033080201005
1117770,117.49585924029304,16.08574263408774,43.47422399894395
939054,122.26588671708912,16.73878211007768,45.23916486024908
37806,125.16612818850554,17.13583897818826,46.3122728675834
207941,108.16277817195582,14.80799939258919,40.02092394574469
