UE ID,Internet usage
1006886,0.7075219053862846
825111,0.7629723108229207
639240,0.7406717096346138
874830,0.659805839749695
213877,0.7934111920178525
1037389,0.6837520677571379
384100,0.7073421513930729
