UE ID,Internet usage
1006886,0.43691328801053897
825111,0.49236369344806197
639240,0.470063092259755
874830,0.38919722237217613
213877,0.5228025746429936
1037389,0.41314345038139244
384100,0.4367335340177707
