UE ID,Internet usage,Data rate,optimal GU
1006886,116.94516028645256,27.14798363792649,56.345588096951346
825111,126.26082839970323,29.31054944993111,60.83398930202397
639240,122.51432740023611,28.440826003626242,59.028879953302635
874830,108.92886125918184,25.287057078024358,52.48323858247629
213877,131.37456044036222,30.497665816512658,63.29784704949617
1037389,112.95182756471067,26.220959970379262,54.421552248676804
384100,116.91496161564967,27.14097323220439,56.33103801328848
