UE ID,Internet usage
795991,0.7104514048257817
272069,0.7231358912062116
35967,0.6648008573847748
487823,0.7197311480915437
1096848,0.6976962408179572
492517,0.7245998723836234
931366,0.742022809154921
