UE ID,Internet usage
1034561,1.0754796830886029
644364,1.0029603613094864
436139,0.9720798423658206
822213,0.990265826871377
527952,0.9895681788462403
848727,1.0660711398121416
581650,1.0244603469702411
