UE ID,Internet usage,Data rate,optimal GU
1034561,126.44344059538825,99.3484176106622,112.08013089035714
644364,114.26019453666338,89.7758671359498,101.28083749481571
436139,109.07226735411867,85.69963863537895,96.68223154949109
822213,112.12751275111683,88.10018859016323,99.39041714128845
527952,112.0103078832458,88.0080990511217,99.28652612985981
848727,124.86280532551378,98.10648989861797,110.67904747232251
581650,117.87219212778008,92.61386524325577,104.48253116023453
