UE ID,Internet usage,Data rate,optimal GU
1034561,126.44344059538825,27.847662512079555,59.33931462838572
644364,114.26019453666338,25.16444760628896,53.62177429834124
436139,109.07226735411867,24.021868405371375,51.1871043628776
822213,112.12751275111683,24.694749832091208,52.62091672218802
527952,112.0103078832458,24.66893685523866,52.56591302648164
848727,124.86280532551378,27.49954641097625,58.59752989720351
581650,117.87219212778008,25.95994707576109,55.31686785548432
