UE ID,Internet usage
301157,0.6931270368239454
693621,0.6963816896805589
136493,0.6328904494151223
643312,0.687132411595017
650865,0.662056143823373
1187326,0.6485842841510266
35833,0.7048115818217563
