UE ID,Internet usage,Data rate,optimal GU
301157,122.19934802617176,21.093935075946316,50.77071117866122
693621,122.74612970625219,21.188320008817342,50.99788501555601
136493,112.07960134170008,19.3470740411268,46.56621463741546
643312,121.192250987706,20.920090944306395,50.3522880553408
650865,116.97943800208003,20.192879178930482,48.60197175007606
1187326,114.716165577637,19.802195248520672,47.661639805298286
35833,124.16235158637417,21.432786880981254,51.58628907173129
