UE ID,Internet usage,Data rate,optimal GU
301157,122.19934802617176,53.82590329724233,81.10172803240867
693621,122.74612970625219,54.06674760870632,81.46461817730116
136493,112.07960134170008,49.36839582908218,74.38541606661066
643312,121.192250987706,53.382301030299075,80.43333403984496
650865,116.97943800208003,51.52665721520192,77.63735829586258
1187326,114.716165577637,50.52973959967344,76.13526104579283
35833,124.16235158637417,54.69055962733148,82.40454170071145
