UE ID,Internet usage,Data rate,optimal GU
1202036,116.8420241971515,41.03380611685678,69.24213289036527
533319,113.25328764432507,39.773476017947495,67.11540002171836
1189863,122.98464415151139,43.191035743685546,72.88233092782075
246129,114.80839298787305,40.31961420407446,68.03697606934637
825843,122.08489982249995,42.87505410433034,72.34913050763937
773302,124.32697693432458,43.6624502328878,73.67781513454601
843651,112.83413604009394,39.62627396646156,66.86700522300784
