UE ID,Internet usage
1097753,0.4548246046502349
812626,0.4769732096563195
205140,0.5336965488369899
893761,0.5374911787328505
139002,0.41988763222707465
1149082,0.5723213913225631
133530,0.4946300414789368
