UE ID,Internet usage,Data rate,optimal GU
624785,121.06923208250471,39.63576050320095,69.27244103630686
66793,122.68805022908269,40.16573072975921,70.19868367185035
150440,110.97745013146753,36.33190331684949,63.49820460868925
639578,126.07059793353562,41.27311241871702,72.13408321456431
401026,117.25032214025482,38.38552212925009,67.08736718024082
1179484,118.01480283596433,38.63579854748832,67.52478173227864
1168345,126.4883787958544,41.409885915309474,72.37312578263274
