UE ID,Internet usage,Data rate,optimal GU
828325,111.97085247966342,17.995315577088764,44.88820363756157
1208210,126.16496160542614,20.276511686586343,50.57850648674929
1163636,117.00868229130744,18.804966796817265,46.90782861556668
87419,113.20409334468714,18.193515001824718,45.38259986530665
226866,107.59576918169608,17.292177189915442,43.13426834403398
473980,117.89260346804392,18.9470255573642,47.26218542273761
294068,112.14352033159078,18.02306576757709,44.95742477437825
