UE ID,Internet usage
308163,0.6576240741673447
60630,0.6933792617683774
98443,0.760237739640495
474446,0.7354163726031673
515406,0.718457594553515
203328,0.8413706882807032
55855,0.6713404672869533
