UE ID,Internet usage
361066,0.2894332677487179
490766,0.28326788414922727
686161,0.38155227585277307
313943,0.3259860033288459
1058467,0.31083878869239867
1065867,0.30299210084418227
435536,0.33144110397523685
