UE ID,Internet usage
361066,0.94083844391763
490766,0.9346730603181395
686161,1.032957452023902
313943,0.9773911795004182
1058467,0.9622439648604242
1065867,0.9543972770157545
435536,0.982846280144149
