UE ID,Internet usage,Data rate,optimal GU
272909,114.2589188184309,49.64822067705629,75.31767399368701
879004,114.86075930495706,49.9097346979873,75.7143977333227
332148,120.59718154711896,52.402346743688604,79.49575663985904
446674,108.95207529149755,47.34227081118644,71.81948658888373
346816,130.32150070444263,56.62779494895424,85.9058741840811
535571,125.53095235427,54.54618763012923,82.74802040233243
814142,138.26890827225935,60.08113276116032,91.14467968371117
