UE ID,Internet usage
498488,0.38176499113435225
808888,0.3844037264695281
626411,0.37654597993055927
746777,0.3050169371988348
440865,0.2973511945333564
510695,0.33231807179508455
166526,0.35152249823562876
