UE ID,Internet usage
716440,1.1130383048449066
1120181,0.9918420819087701
305027,1.0553554587728722
635416,1.1553469951280424
676447,1.1056157683875054
914179,1.1056397043438992
105203,0.9568622555353951
