UE ID,Internet usage
716440,0.7570470357361465
1120181,0.6358508128000102
305027,0.6993641896641122
635416,0.7993557260192823
676447,0.7496244992787453
914179,0.7496484352351394
105203,0.6008709864310684
