UE ID,Internet usage
116071,0.993565325720488
200636,0.9869323340728683
1148335,0.9805591881003858
108871,1.0123135261432663
977294,1.0219282506441512
757916,1.0037814307437762
315807,0.9514122571839044
