UE ID,Internet usage
391240,0.9580490916074917
925034,0.9911389176284128
594714,0.97728173725664
241383,0.984046283912565
750449,1.0009902130370034
381272,1.0155038929027356
173042,0.9873584810194621
