UE ID,Internet usage
391240,0.6926934677068298
925034,0.7257832937277509
594714,0.7119261133559781
241383,0.7186906600119031
750449,0.7356345891363416
381272,0.7501482690020738
173042,0.7220028571188003
