UE ID,Internet usage,Data rate,optimal GU
391240,108.63960911506726,91.17967193586003,99.52750332622587
925034,114.19869988662413,95.84533740484525,104.62032747907145
594714,111.87069358423457,93.8914749724826,102.48758181759598
241383,113.0071374223604,94.84527605090963,103.5287068621397
750449,115.85371751494729,97.23437005718792,106.13653113489859
381272,118.29201573277649,99.28079891858027,108.37031801946193
173042,113.56358653644818,95.31229584309044,104.0384840189646
