UE ID,Internet usage
1139348,1.059181520510346
380473,1.0230792740039836
752464,1.0395167619318957
907693,1.0007529564057143
1211660,0.979373473483011
114643,1.0858247404376296
1280212,1.078508196995058
