UE ID,Internet usage,Data rate,optimal GU
1256544,121.78537004184453,77.56568210998432,97.19241378992767
171843,113.27958353040627,72.14830617710399,90.40425917049804
920457,116.67313249402197,74.3096736717878,93.11252548339581
948399,122.13738903791625,77.78988468486332,97.4733471722901
297206,118.98212248063818,75.78028038945408,94.95524526278224
1131754,113.26704410391041,72.14031975665722,90.39425191652118
419963,119.96545576010212,76.40657003768409,95.74000729912723
