UE ID,Internet usage,Data rate,optimal GU
752372,112.77420934544892,59.74347995086283,82.08242025552265
462579,117.31868331072177,62.150969134846655,85.39010402491331
563369,112.2358628022158,59.45828446069766,81.69058609892564
605561,115.20226076511716,61.02976909580612,83.84967128027363
93656,118.15606042304789,62.59457962887656,85.99958681752385
326344,119.04607109375,63.06607337704613,86.64737881117632
809129,127.3267590157736,67.45286638335625,92.67445636698808
