UE ID,Internet usage,Data rate,optimal GU
752372,112.77420934544892,72.4977060077886,90.42052573606925
462579,117.31868331072177,75.41915355689257,94.06421100346175
563369,112.2358628022158,72.15162608713874,89.98888823889801
605561,115.20226076511716,74.05859620614675,92.36729784961251
93656,118.15606042304789,75.9574674148165,94.73560634442971
326344,119.04607109375,76.52961713169643,95.44920241593117
809129,127.3267590157736,81.85291651014018,102.0885232297189
