UE ID,Internet usage
777581,0.6737122637030938
972750,0.6445858627400339
768642,0.6309762561533391
451507,0.6688981178007303
284964,0.596003585447935
465830,0.609097163108251
682403,0.6493939040572593
