UE ID,Internet usage,Data rate,optimal GU
581204,113.15716948674938,35.02483817447005,62.954837380097146
927523,120.48240057017836,37.2921716050552,67.03021973298381
872047,116.97656214850628,36.207031141204325,65.0797512941006
743573,111.88165804016744,34.63003701243278,62.245208321149875
1275345,117.13083362168153,36.25478183528238,65.16558001843322
81531,106.14249818873752,32.85363039175209,59.05223454154803
1081062,132.22306973679164,40.926188251864076,73.56212505962077
