UE ID,Internet usage,Data rate,optimal GU
928859,120.43581971046228,8.602558550747306,32.18782674655899
751158,109.08807114525075,7.792005081803625,29.155013372110623
538924,122.97645201577232,8.78403228684088,32.866839291718975
350240,120.28932309208862,8.592094506577759,32.14867387839647
312009,111.03181523683111,7.930843945487936,29.674500831986325
380529,117.87921546906603,8.419943962076145,31.504545521924854
1110516,108.14924443913519,7.724946031366799,28.904101380693625
