UE ID,Internet usage,Data rate,optimal GU
92633,108.53106883471271,3.2300913343664495,18.72338818036239
253589,108.60385050364488,3.2322574554656214,18.735944211132782
571930,124.80751555955571,3.7145093916534435,21.5313420086836
57632,124.31043164045109,3.6997152273943774,21.44558688551434
800031,123.56868918717336,3.6776395591420643,21.317624155287074
862726,123.201493284943,3.6667111096709224,21.25427684387187
165923,128.91263114144493,3.836685450638242,22.23954172872895
