UE ID,Internet usage,Data rate,optimal GU
92633,108.53106883471271,89.150520828514,98.36463446122261
253589,108.60385050364488,89.21030577085115,98.43059845049183
571930,124.80751555955571,102.52045920963504,113.11641705773447
57632,124.31043164045109,102.11214027608482,112.66589649690093
800031,123.56868918717336,101.50285183232097,111.99363530879681
862726,123.201493284943,101.20122662691746,111.6608357603693
165923,128.91263114144493,105.89251843761548,116.83699401297082
