UE ID,Internet usage,Data rate,optimal GU
92633,108.53106883471271,55.55757095110294,77.65128818753485
253589,108.60385050364488,55.59482823400869,77.70336166667498
571930,124.80751555955571,63.88956153643924,89.29668216430179
57632,124.31043164045109,63.6351019111833,88.94103094783245
800031,123.56868918717336,63.25540041724351,88.41033261767856
862726,123.201493284943,63.06743108633987,88.1476130560681
165923,128.91263114144493,65.99098975097776,92.23379055653447
