UE ID,Internet usage,Data rate,optimal GU
92633,108.53106883471271,100.13283136535993,104.24741346205458
253589,108.60385050364488,100.19998111943426,104.31732248271653
571930,124.80751555955571,115.14979114125674,119.8814387198535
57632,124.31043164045109,114.6911720492257,119.40397440114162
800031,123.56868918717336,114.00682633340398,118.69150807201183
862726,123.201493284943,113.66804439979859,118.33880516903315
165923,128.91263114144493,118.93724896978549,123.8245278828882
