UE ID,Internet usage,Data rate,optimal GU
986832,119.77176347355741,84.12540529690342,100.37852432337243
1104635,117.90423175715165,82.81368659133271,98.8133801492926
1247499,111.18592413669195,78.09487528648602,93.18288941145609
1214391,126.76683494112484,89.03861025626625,106.24096577941698
115480,130.53434262314698,91.68483589006753,109.39844505942979
412634,111.2518036777159,78.14114782125283,93.2381018498414
1047862,104.80448414712463,73.61267338905182,87.83472127371012
