UE ID,Internet usage
674947,1.0291408918347678
1024107,1.0729011475935424
638778,1.0502317007346058
155738,1.0934759237143483
51431,1.0106924097160614
122514,0.929900738690878
975110,1.0773236057077473
