UE ID,Internet usage
674947,0.7576407235421863
1024107,0.801400979300961
638778,0.7787315324420244
155738,0.8219757554217669
51431,0.73919224142348
122514,0.65840057040273
975110,0.8058234374151659
