UE ID,Internet usage
255939,0.9555554122501024
977051,0.9301077848072306
363189,0.877922547910146
206999,0.9368649776074097
707750,0.8914270531208437
900642,0.8837082259797641
1014957,0.8634441418240763
