UE ID,Internet usage,Data rate,optimal GU
255939,130.24956945225605,61.248309444810886,89.31722081919682
977051,125.97436804163546,59.237946876721445,86.38554810776486
363189,117.20724824329369,55.11531316202502,80.37359138291842
206999,127.1095764321409,59.77176510797102,87.16400487285802
707750,119.47600511878218,56.182169073713055,81.92936665100754
900642,118.17924215914155,55.57238172959633,81.04012560319869
1014957,114.77487602068587,53.97151908115586,78.70561867610054
