UE ID,Internet usage,Data rate,optimal GU
544453,104.70607255316088,47.99028325353207,70.88634621837319
29282,114.31393356753745,52.39388621845467,77.39089887397317
313417,118.30557069712789,54.223386569516954,80.0932499854868
256435,110.85494111364054,50.80851467708525,75.0491499125728
76664,108.60541420295718,49.77748150968871,73.526212994685
175808,111.57936065488619,51.140540300156175,75.53958426041851
466401,118.84670314946806,54.471405610172866,80.45959838755401
