UE ID,Internet usage
626358,0.6595736383940846
383542,0.7152778839503225
93822,0.735881581738197
935804,0.7206481840693714
1008258,0.7348977981589122
163774,0.6744847864249928
287037,0.5939178268376017
