UE ID,Internet usage,Data rate,optimal GU
626358,116.56237709007755,24.977652233588046,53.95789579363068
383542,125.92069034397504,26.983005073708934,58.28995304884376
93822,129.3821115718277,27.724738193963077,59.89227972210645
935804,126.82290076398236,27.17633587799622,58.70759531937727
1008258,129.21683593055653,27.689321985119253,59.81577196676062
163774,119.06744995936363,25.514453562720774,55.117519200520654
287037,105.53220074853743,22.614043017543736,48.85191631311393
