UE ID,Internet usage
255891,0.5651209806447716
135898,0.6734703053269753
1272923,0.6381383714936767
735128,0.6106927864331027
471056,0.7089720221843465
1172781,0.7229898302741371
518654,0.626716666565148
