UE ID,Internet usage
255891,0.3274769722768534
135898,0.43582629695994385
1272923,0.40049436312797526
735128,0.3730487780660712
471056,0.4713280138186452
1172781,0.48534582190843567
518654,0.38907265819767317
