UE ID,Internet usage,Data rate,optimal GU
255891,100.6943305882479,20.977985539218313,45.96046356338818
135898,118.8970171349663,24.770211903117982,54.26881525408275
1272923,112.96125225120224,23.533594219000467,51.559521651678914
735128,108.35039396079615,22.57299874183253,49.45496240574964
471056,124.86130556717322,26.01277199316109,56.991128015571796
1172781,127.2162973259716,26.503395276244085,58.06602977309899
518654,111.04240582291105,23.133834546439804,50.68369209070949
