UE ID,Internet usage
459125,1.0304701648573447
955684,1.0147839596525108
705341,1.0728506322150335
1238836,1.0804634878833363
533866,1.0220952383707076
290995,1.0252355278857272
1115553,1.113813231369982
