UE ID,Internet usage
459125,0.3472016897822031
955684,0.33151548457914276
705341,0.3895821571394485
1238836,0.39719501280908137
533866,0.3388267632951228
290995,0.34196705281102907
1115553,0.43054475629351047
