UE ID,Internet usage,Data rate,optimal GU
214101,128.66138650286476,62.03316849245265,89.3379732667178
46200,118.58176668615216,57.173351795109085,82.33903729843412
1258573,125.04049236973937,60.28738024969577,86.8237508410208
977600,118.59877339827841,57.18155145988424,82.35084616537226
907631,125.9623445416723,60.73184468973486,87.46385279336666
298647,102.52978004131661,49.43400109134908,71.19309839063213
982518,116.4470266373058,56.144102128701014,80.85674836467557
