UE ID,Internet usage
671951,1.0801630674963114
293493,1.0907064033904237
930878,0.9577545892023918
510247,0.9876253247407113
1037110,1.0248656951200095
1139825,1.0236538724076951
1284806,1.1054042714098882
