UE ID,Internet usage,Data rate,optimal GU
671951,127.42100069063073,79.6381254316442,100.7351459800703
293493,129.1922811211036,80.74517570068974,102.13546611386474
930878,106.8563763374163,66.78523521088518,84.47738293458914
510247,111.87465990755918,69.92166244222449,88.44468444115236
1037110,118.13104213156899,73.83190133223061,93.39078887626755
1139825,117.92745591590679,73.70465994744174,93.22983984084085
1284806,131.66152294792678,82.28845184245424,104.08757318049382
