UE ID,Internet usage
526190,0.40191496691963674
254722,0.5047928110743409
1207974,0.43710618950134705
417725,0.5040221427645468
1148596,0.5224994007036617
112032,0.46726303403843494
1292738,0.5070462298965814
