UE ID,Internet usage
152435,0.33248052707278747
1036613,0.32761649515458885
1238571,0.24636510289158303
189360,0.30914576853010745
756994,0.375851995434573
822878,0.30595629614356934
1029005,0.32304974035812195
