UE ID,Internet usage
152435,0.3186495391154247
1036613,0.31378550719766946
1238571,0.2325341149342203
189360,0.295314780573188
756994,0.3620210074776536
822878,0.29212530818664995
1029005,0.30921875240120256
