UE ID,Internet usage,Data rate,optimal GU
1010352,119.31697555718966,26.27814342628582,55.99489795403211
141502,109.50850368580195,24.117944264134955,51.39182803075786
1051934,106.79797732172344,23.520983100617663,50.11979069952712
791441,117.08462605294667,25.78649502356564,54.947266784166374
503275,107.6708043807115,23.713212869561463,50.529404351493426
522923,105.00758582817048,23.12667068834707,49.27956835470902
993705,121.42348535819467,26.742077132459542,56.983473140384426
