UE ID,Internet usage
671707,1.0079619237785113
206001,1.0868617523552138
357677,1.1875832635587755
1185946,0.9469612972133101
665543,1.0315284822688617
584981,1.0858438724674202
977265,1.092539209685068
