UE ID,Internet usage,Data rate,optimal GU
671707,110.5141930057915,28.2863708288633,55.9110494018346
206001,123.76936420629833,31.679063457564457,62.61707069796328
357677,140.69057808865955,36.01008843935929,71.17780665036831
1185946,100.26608774295912,25.663343886590727,50.72635498348605
665543,114.47337483165211,29.29973284381572,57.914068241640436
584981,123.59836038524534,31.635294622413987,62.53055689528551
977265,124.72317703788151,31.923194122791102,63.099621173122216
