UE ID,Internet usage,Data rate,optimal GU
671707,110.5141930057915,51.967983615818625,75.78390179609644
206001,123.76936420629833,58.201070073199816,84.87349079121324
357677,140.69057808865955,66.15806945835777,96.47702854734928
1185946,100.26608774295912,47.148934117224826,68.75637545118752
665543,114.47337483165211,53.829741736312606,78.4988675260474
584981,123.59836038524534,58.12065756210942,84.75622678711598
977265,124.72317703788151,58.64958920233715,85.52755753137184
