UE ID,Internet usage
152763,0.6804927724617342
269253,0.5689119918037897
145910,0.6574561163878183
91756,0.606615910935227
664793,0.6187432196541626
1124938,0.5924640084063589
213801,0.6098173341146441
