UE ID,Internet usage
152763,0.7629771141997783
269253,0.6513963335418339
145910,0.7399404581214291
91756,0.6891002526688379
664793,0.7012275613922068
1124938,0.6749483501399697
213801,0.6923016758526883
