UE ID,Internet usage
1276818,0.3358002115097077
1112452,0.3727900744513678
744502,0.320763879955862
710785,0.3189378817484506
626433,0.4048673721921949
422414,0.3274851745623031
782508,0.36699358179539904
