UE ID,Internet usage,Data rate,optimal GU
1276818,115.60764657970553,1.3762815069012564,12.61382836588579
1112452,121.82194355388361,1.4502612327843287,13.291863753388316
744502,113.08154287865763,1.346208843793543,12.338207855805788
710785,112.77477517979975,1.3425568473785685,12.304736755787129
626433,127.2109295743541,1.5144158282661202,13.87985033333748
422414,114.21072037249768,1.3596514330059246,12.461411221009657
782508,120.84813278761568,1.4386682474716153,13.185612287936276
