UE ID,Internet usage,Data rate,optimal GU
1239233,103.74840657286583,87.0745555165124,95.04654853217293
1033029,122.99578345599724,103.22860397199769,112.67955901850488
1164586,109.41494382400214,91.83039928085894,100.23780713209396
1187172,129.7079669246028,108.86204366886307,118.82876065812331
106396,109.14408372687882,91.6030702707733,99.98966532233442
222044,118.99183932492645,99.86815086199184,109.01144417467208
518239,118.22268683773405,99.22261216738393,108.30680405905517
