UE ID,Internet usage,Data rate,optimal GU
1239233,103.74840657286583,5.557950352117812,24.01309003113347
1033029,122.99578345599724,6.589059827999852,28.467992127708623
1164586,109.41494382400214,5.8615148477144,25.32463855193644
1187172,129.7079669246028,6.948641085246578,30.021560719857643
106396,109.14408372687882,5.847004485368508,25.261946621400664
222044,118.99183932492645,6.374562820978202,27.541259138980703
518239,118.22268683773405,6.333358223450038,27.36323493087251
