UE ID,Internet usage,Data rate,optimal GU
554079,119.28907180605503,47.5736179226529,75.33268032168488
804179,103.32210635950685,41.2058400362319,65.24932326742078
157119,118.79091450079649,47.374948044960504,75.01808717028567
1013476,118.62895325195684,47.310356356435165,74.91580642655438
410959,124.4251420897167,49.62193166673225,78.57617895010786
4985,113.19069719291993,45.1415280471764,71.48147334808961
1286116,113.39557505776699,45.22323529089517,71.61085652178558
