UE ID,Internet usage,Data rate,optimal GU
554079,119.28907180605503,73.84561587993883,93.85613978458939
804179,103.32210635950685,63.961303936837574,81.29339855274029
157119,118.79091450079649,73.53723278620735,93.46419171282405
1013476,118.62895325195684,73.43697106073519,93.3367612836939
410959,124.4251420897167,77.02508796030081,97.89717827360171
4985,113.19069719291993,70.0704315956171,89.0579642980722
1286116,113.39557505776699,70.19726075004623,89.219161340104
