UE ID,Internet usage
6259,0.3672413585887242
184462,0.43360070989437216
416763,0.43875564688766183
229424,0.3269085100349663
684678,0.46761843404533565
132525,0.45734476314990863
829743,0.4321176960062755
