UE ID,Internet usage,Data rate,optimal GU
6259,106.79463745399211,55.94004819018634,77.29228399801495
184462,117.94300847326564,61.7796711050439,85.36088256700347
416763,118.80903788813386,62.233305560451065,85.98766864054079
229424,100.01871889688717,52.390757517417086,72.38823418850275
684678,123.65798613032014,64.77323083016769,89.49707972673131
132525,121.93200942023743,63.86914779155294,88.24790949468532
829743,117.6938621400818,61.64916588289999,85.18056368957103
