UE ID,Internet usage,Data rate,optimal GU
6259,106.79463745399211,44.49776560583005,68.93564205392839
184462,117.94300847326564,49.142920197194016,76.13188460309301
416763,118.80903788813386,49.50376578672244,76.6909041866114
229424,100.01871889688717,41.67446620703632,64.56180543277418
684678,123.65798613032014,51.52416088763339,79.82088681804628
132525,121.93200942023743,50.80500392509893,78.70677364236424
829743,117.6938621400818,49.03910922503409,75.9710613365614
