UE ID,Internet usage
1225514,0.39997364547066755
220502,0.3424182672414993
1006063,0.41649790625006555
700757,0.4188144800165928
588362,0.3335589061434623
879325,0.32594399229890697
829065,0.4514819211491386
