UE ID,Internet usage,Data rate,optimal GU
659907,114.06632558104663,4.7527635658769425,23.283691208978343
1178999,111.27990873578746,4.636662863991144,22.71491625217996
1206049,110.92633912863005,4.621930797026252,22.642744158338967
936189,111.30967481427335,4.63790311726139,22.720992227507804
1215037,133.76408502294106,5.573503542622544,27.304479518039255
102652,114.37774454268965,4.765739355945402,23.347259338332744
378919,120.77879436162421,5.032449765067676,24.653868161209772
