UE ID,Internet usage,Data rate,optimal GU
283182,120.80219029671719,33.79585085681969,63.89532695311141
855444,105.56038626832388,29.531774729828708,55.83355216775881
735688,122.12526099237584,34.16599563477182,64.59513243241229
504874,110.40526218487324,30.887186444577633,58.396129302948296
437218,125.24628226439599,35.03913849063459,66.24591934375492
538055,111.9810580300591,31.328034091742726,59.229607491482774
938065,124.4675051070582,34.82126630971271,65.8340044523983
