UE ID,Internet usage,Data rate,optimal GU
838381,119.74380938694145,80.54196702812133,98.20591605124757
829637,110.74811689525382,74.49129291168857,90.8282467906448
1238864,115.07558410210082,77.40202978296067,94.37734785403966
1001145,89.7286525020439,60.35320079006524,73.58947873900077
113034,102.90227591938509,69.21403082672926,84.39360934113981
362898,126.50066388809529,85.0867560675879,103.74743915217518
1110693,121.07495422949842,81.437320404365,99.29763260285458
