UE ID,Internet usage
204029,0.7709992864195874
186426,0.7459426172611358
974081,0.8741456292217614
397817,0.8238757655359025
114571,0.7882738071746339
173615,0.769428492977614
423254,0.7760525042890626
