UE ID,Internet usage
180934,0.731755547244172
499436,0.7009962285107393
236982,0.6602621695865016
450304,0.6495875216273694
1035847,0.6983043687822142
973259,0.5777480547449307
145954,0.7001701043638167
