UE ID,Internet usage
951047,0.7527721367574779
1162818,0.773371727275179
1054853,0.7307293873297867
743232,0.7050894472270022
850842,0.7967110459051799
583062,0.7891987760811161
554358,0.7576878928400094
