UE ID,Internet usage
619894,0.8158643519024165
550929,0.8477310898123233
508085,0.809728767248936
556119,0.8380856129821679
477820,0.7930127598868104
910910,0.845663836113754
132167,0.8418328769662993
