UE ID,Internet usage
619894,0.8854655667605724
550929,0.9173323046704792
508085,0.879329982107092
556119,0.9076868278358905
477820,0.8626139747449664
910910,0.9152650509719101
132167,0.9114340918200219
