UE ID,Internet usage
441686,0.3361560093578514
87428,0.42868444932036637
657354,0.38509644523622827
164246,0.32839653326349444
856117,0.3637262241354782
954486,0.3804342305831343
659089,0.40665941892072743
