UE ID,Internet usage,Data rate,optimal GU
575887,111.87979371811856,31.965655348033874,59.802265228020445
260528,108.33071059381803,30.95163159823372,57.905200501118465
221085,108.56828050375861,31.019508715359603,58.03218695946196
319478,106.89485256034443,30.541386445812694,57.1377020986463
205978,114.21706980207645,32.633448514878985,61.05159184580203
416858,112.4038463970758,32.1153846848788,60.08238316763173
1237866,116.15222334584132,33.186349527383236,62.08597492459769
