UE ID,Internet usage,Data rate,optimal GU
575887,111.87979371811856,110.54789141195049,111.21184868143318
260528,108.33071059381803,107.04105927722496,107.68395430247153
221085,108.56828050375861,107.27580097395197,107.92010587191527
319478,106.89485256034443,105.62229479176891,106.25666863237984
205978,114.21706980207645,112.85734278062317,113.53517075360968
416858,112.4038463970758,111.06570536853918,111.73277265971768
1237866,116.15222334584132,114.76945878220036,115.45877103863295
