UE ID,Internet usage,Data rate,optimal GU
832981,127.34712049415234,102.33250753994383,114.15669129822386
991393,115.68329207184075,92.95978827201489,103.70098522968803
609552,125.89856084079243,101.16848638992248,112.85817134320641
216341,108.53756283542894,87.21768442132682,97.29540021625057
660121,121.69430160799246,97.79006379213679,109.08938315613081
1180538,109.9940391045647,88.38806713759664,98.60101679551634
692373,115.27711692058821,92.63339752547267,103.3368811088047
