UE ID,Internet usage
11650,0.7158124126634162
360911,0.7457394350726619
578444,0.6717377024131342
713880,0.7046090800855134
1053098,0.7791079205311909
61953,0.6857883079617397
1127245,0.7751483753349683
