UE ID,Internet usage,Data rate,optimal GU
11650,117.91326878250506,11.229835122143339,36.38882475624217
360911,122.94100854718916,11.708667480684682,37.940418933098925
578444,110.50871746003608,10.524639758098674,34.10373060819577
713880,116.03110890922274,11.050581800878357,35.8079776090188
1053098,128.54691410404112,12.242563248003917,39.67043894708565
61953,112.86921919233612,10.749449446889153,34.8321972579662
1127245,127.88171051096757,12.179210524854053,39.46515266144951
