UE ID,Internet usage,Data rate,optimal GU
11650,117.91326878250506,109.49089244089755,113.62406888340122
360911,122.94100854718916,114.15950793667565,118.46892014779974
578444,110.50871746003608,102.61523764146207,106.48886469305037
713880,116.03110890922274,107.74317255856397,111.81037424750852
1053098,128.54691410404112,119.36499166803819,123.87090591006788
61953,112.86921919233612,104.80713210716925,108.76350107790854
1127245,127.88171051096757,118.74730261732704,123.22989968861971
