UE ID,Internet usage
537966,0.9794309497598933
639184,0.9206958576639304
371368,0.900863914341575
408671,0.9448390937052715
840406,0.9093957035238174
293319,0.960521575619602
71210,0.9735939398728314
