UE ID,Internet usage
537966,0.8872159335688123
639184,0.8284808414728494
371368,0.8086488981549274
408671,0.8526240775186241
840406,0.8171806873327364
293319,0.8683065594285212
71210,0.8813789236861838
