UE ID,Internet usage
185717,0.687353580551022
96587,0.6436019718982606
133714,0.7217496931110982
1190825,0.6788125436611048
769094,0.7366952060899811
426499,0.7204729427217529
119037,0.7289092111510568
