UE ID,Internet usage,Data rate,optimal GU
185717,117.36670307196204,17.465283195232445,45.27518864502471
96587,110.01643281846619,16.37149297893842,42.43976033692191
133714,123.14524998238335,18.325186009283236,47.504311510502475
1190825,115.9318088745087,17.251757272992368,44.72166619125417
769094,125.65609616239367,18.698823833689534,48.47289145254026
426499,122.9307559169259,18.293267249542545,47.4215686283848
119037,124.34804901293721,18.504173960258512,47.96830130986652
