UE ID,Internet usage
457571,0.8461026504304033
1208319,0.7028396661211327
802402,0.7878679028861081
992394,0.7972369438317286
790848,0.8301389625453319
470374,0.8377672170885329
476417,0.8140124468775002
