UE ID,Internet usage,Data rate,optimal GU
1180020,120.99854416954881,110.91533215541975,115.84728618697865
732524,129.2418371587871,118.47168406222151,123.73963835205316
1182281,122.71678490954505,112.49038616708297,117.49237644910237
1268263,121.26136780330148,111.15625381969303,116.09892065849249
232562,105.68674155622328,96.87951309320468,101.18735129636644
953043,115.0566174191823,105.46856596758379,110.15832444387523
474129,102.5140893678692,93.97124858721344,98.14976808775378
