UE ID,Internet usage,Data rate,optimal GU
213098,115.48281570873692,68.05237354264854,88.65032268620237
1216910,104.81461466637262,61.76575507125529,80.46088377199926
136460,107.83024188542136,63.54282111105187,82.77582841921173
46242,110.0739011593456,64.86497746890008,84.49817227972973
120905,105.55039060937386,62.19933732338102,81.02570178731607
129671,130.5152123711246,76.91075014726985,100.18993407071105
1247585,115.86274140307269,68.27625832681069,88.94197244545825
