UE ID,Internet usage
703814,0.872295206555216
435791,0.91948268110518
84581,0.9255445550288134
975590,0.9147652253447593
426672,0.8463951305026736
945205,0.8577212340429763
1030497,0.7944210170797393
