UE ID,Internet usage,Data rate,optimal GU
703814,115.34829509872958,2.059790983905885,15.41406430028364
435791,123.27579082295512,2.20135340755277,16.473420476539616
84581,124.29418564229395,2.2195390293266777,16.609509208626456
975590,122.48325825485418,2.1872010402652533,16.367513857336267
426672,110.9970823218422,1.982090755747182,14.832609034995576
945205,112.8998677162207,2.016069066361084,15.086879428792786
1030497,102.26543126616987,1.826168415467319,13.665793082453117
