UE ID,Internet usage
1071701,0.4417739483855133
574239,0.5037546319667356
1039711,0.42518139769474056
1042662,0.3806762140529295
732210,0.4586546778247849
715873,0.4822453077350877
391382,0.3716492134754931
