UE ID,Internet usage
1071701,1.0200694924887619
574239,1.0820501760708707
1039711,1.0034769417948854
1042662,0.9589717581566213
732210,1.0369502219244866
715873,1.060540851839223
391382,0.9499447575760814
