UE ID,Internet usage,Data rate,optimal GU
1071701,117.76175122943886,49.067396345599526,76.01488355530626
574239,128.17450607140788,53.40604419641995,82.7362879038207
1039711,114.97420271338727,47.9059177972447,74.21552872540408
1042662,107.49733186152758,44.79055494230316,69.38922934357137
732210,120.59771377491947,50.24904740621645,77.84548950682532
715873,124.5609396004382,51.900391500182586,80.40374077674085
391382,105.98079576452405,44.15866490188502,68.41030950230186
