UE ID,Internet usage,Data rate,optimal GU
1271212,108.99103308147066,63.57810263085789,83.24327652787923
638177,122.84255635762624,71.65815787528197,93.82255217845017
207820,112.75275382418707,65.77243973077579,86.11633820234313
1274576,105.64273656042847,61.62492966024995,80.68597281840704
1246043,100.37347697160159,58.55119490010093,76.66150933137853
317422,115.66217570553638,67.46960249489622,88.33844586898381
92456,127.19461494606522,74.19685871853805,97.14649183018422
