UE ID,Internet usage,Data rate,optimal GU
1271212,108.99103308147066,76.55322561674726,91.34339136296718
638177,122.84255635762624,86.28227172738033,102.95209967424044
207820,112.75275382418707,79.19538661460759,94.49602071499186
1274576,105.64273656042847,74.2014459174438,88.53724528953562
1246043,100.37347697160159,70.50041834910112,84.12117520370111
317422,115.66217570553638,81.23890912650769,96.93435397998088
92456,127.19461494606522,89.33907478354581,106.59948037739599
