UE ID,Internet usage,Data rate,optimal GU
630466,111.67735489511541,103.70040097403574,107.61499190328065
1046994,112.99077935076323,104.92000939713729,108.88063937758606
561566,112.09466552804093,104.08790370460945,108.01712249121955
783796,118.76308385915564,110.28000644064453,114.44297118171343
8584,114.18075209697435,106.02498409004761,110.02732580805268
4926,117.03087936857793,108.67153084225095,112.773777168268
1131964,113.87292825857624,105.73914766867794,109.7306993352287
