UE ID,Internet usage,Data rate,optimal GU
630466,111.67735489511541,45.86748504620812,71.57066022925723
1046994,112.99077935076323,46.40692723334918,72.41239448720283
561566,112.09466552804093,46.038880484731095,71.83810207140347
783796,118.76308385915564,48.777695156438924,76.11169095691204
8584,114.18075209697435,46.89566603982875,73.17501225497803
4926,117.03087936857793,48.066254026380214,75.00157316123926
1131964,113.87292825857624,46.76923839191524,72.97773720875986
