UE ID,Internet usage,Data rate,optimal GU
630466,111.67735489511541,102.3709086538558,106.92292689910849
1046994,112.99077935076323,103.57488107153297,108.18043507693582
561566,112.09466552804093,102.7534434007042,107.32247141142633
783796,118.76308385915564,108.86616020422602,113.70699588749484
8584,114.18075209697435,104.66568942222649,109.3197472416496
4926,117.03087936857793,107.27830608786311,112.04853635203848
1131964,113.87292825857624,104.38351757036156,109.02502835435364
