UE ID,Internet usage
397300,0.45332163496805084
821777,0.37647936758029954
703424,0.4461332487104973
1097706,0.43094137399448035
1065942,0.3977933187484992
157195,0.393842080115184
52294,0.46562972254813895
