UE ID,Internet usage
397300,0.8824869071456326
821777,0.8056446397534477
703424,0.8752985208836456
1097706,0.8601066461671852
1065942,0.8269585909216475
157195,0.823007352290549
52294,0.8947949947212871
