UE ID,Internet usage,Data rate,optimal GU
397300,121.8362339206258,0.7252156780989631,9.39986952035881
821777,108.92673299919049,0.6483734107094672,8.403879901100717
703424,120.62858502872281,0.7180272918376358,9.306697385559488
1097706,118.0763500767516,0.7028354171235214,9.109788184069739
1065942,112.50747679549771,0.6696873618779625,8.680140282663809
157195,111.84366870507857,0.6657361232445153,8.628926376622003
52294,123.90399263349403,0.7375237656755597,9.559400568513244
