UE ID,Internet usage,Data rate,optimal GU
595253,122.35945187522016,45.88479445320756,74.92955557523092
1120970,118.14922180397234,44.30595817648963,72.35132673166122
495597,126.23011321463586,47.336292455488454,77.29984188740247
372979,116.73334831173192,43.77500561689947,71.48428483258084
72104,117.12789287926807,43.92295982972553,71.7258930503935
277099,113.12347581619947,42.421303431074804,69.27369841994037
1097727,123.79043235431016,46.42141213286631,75.8058485766444
