UE ID,Internet usage,Data rate,optimal GU
610337,127.1499655732417,96.11931921310533,110.55120139044068
1129950,110.30172133560474,83.38284886679644,95.9024074769462
488706,117.14991140313812,88.55975445356273,101.8566020840993
357267,117.85270749994133,89.09103483626517,102.46765181961301
635176,116.0184061015975,87.70439032680287,100.87280889232754
1071336,119.98850454599146,90.70559569845783,104.32463171184105
54877,123.77517068321188,93.56813498076136,107.61696835422165
