UE ID,Internet usage,Data rate,optimal GU
124942,99.59098969554955,39.125031666108754,62.4219562773988
67422,111.08031961514784,43.63869699166523,69.62327491164692
537192,117.73501988149566,46.2530435248733,73.79432904350199
1010532,114.67103074015729,45.049333505061796,71.87387221503054
667543,110.14832888232604,43.272557775199516,69.03911880522615
576445,124.85961516909634,49.05199167357357,78.25990546659327
1102053,127.55180073991558,50.10963600496684,79.9473220743211
