UE ID,Internet usage
599918,1.0382949271569477
336120,1.0349568846005748
337937,1.045435504709174
820771,1.0334370266625632
197938,1.0415609440206874
89177,1.0330058451266912
328904,0.9659325629577791
