UE ID,Internet usage
599918,1.0539299062772918
336120,1.0505918637164853
337937,1.0610704838250846
820771,1.0490720057784737
197938,1.057195923136598
89177,1.0486408242426017
328904,0.9815675420736897
