UE ID,Internet usage,Data rate,optimal GU
599918,121.89311081328628,13.059976158566387,39.898886213966044
336120,121.33231966324855,12.999891392490916,39.71532422152967
337937,123.09272784137355,13.188506554432879,40.2915530594066
820771,121.07698352976995,12.972533949618208,39.63174585300659
197938,122.44180164587713,13.118764462058264,40.078487447785754
89177,121.00454503158953,12.96477268195602,39.6080347886394
328904,109.73623362749696,11.757453602946102,35.91961407695452
