UE ID,Internet usage,Data rate,optimal GU
1280569,127.94241494197682,117.28054703014543,122.49553629725817
1023750,103.94319306939958,95.28126031361629,99.51803071139389
1211728,119.2526624384549,109.31494056858367,114.17573169069279
1018728,122.23927253657205,112.05266649185772,117.03519315892895
994994,122.35267984825764,112.15662319423618,117.14377239335451
78844,116.18253906445051,106.50066080907965,111.23631234826463
70263,122.38175557742362,112.18327594597166,117.17161028463579
