UE ID,Internet usage,Data rate,optimal GU
864295,108.95145856421254,42.15383813496319,67.76962556251853
1271704,117.36353458006951,45.408510403003085,73.00207723696839
520821,120.94562197660649,46.79443707428227,75.23019538054014
1110371,113.88997275761295,44.06457279312406,70.84146381170248
1018139,110.4612019104129,42.73796502486213,68.70871112058107
559055,121.521757531158,47.01734666384089,75.58856131083375
1278161,117.07814304492459,45.298091059048204,72.82455893909187
