UE ID,Internet usage
297378,0.8335704462152533
773627,0.8642957260664403
817656,0.9772461135017421
416948,0.8071213348608334
297212,0.8971901182681413
21828,0.8855017456700054
343445,0.8769661023178712
