UE ID,Internet usage
297378,0.7625631282985409
773627,0.7932884081497279
817656,0.9062387955850297
416948,0.7361140169441209
297212,0.8261828003514289
21828,0.814494427753293
343445,0.8059587844011588
