UE ID,Internet usage,Data rate,optimal GU
297378,110.32559055652526,55.16279527826263,78.01197322092953
773627,115.48743757146529,57.743718785732646,81.66195024864118
817656,134.46310266054766,67.23155133027383,95.07977171065615
416948,105.88213984910065,52.94106992455033,74.86997909384144
297212,121.01369546139848,60.50684773069924,85.5696046771986
21828,119.05004886491258,59.52502443245629,84.18109685296953
343445,117.6160607819202,58.8080303909601,83.16711415534492
