UE ID,Internet usage,Data rate,optimal GU
297378,110.32559055652526,40.715396514908136,67.02201254252464
773627,115.48743757146529,42.62036386565981,70.15779793585688
817656,134.46310266054766,49.623287886630685,81.68537967992762
416948,105.88213984910065,39.07555161097763,64.32264780273184
297212,121.01369546139848,44.65981618218278,73.51496034707971
21828,119.05004886491258,43.935137081098695,72.32205898888273
343445,117.6160607819202,43.40592719332769,71.45092141509465
