UE ID,Internet usage,Data rate,optimal GU
78147,116.92404073621282,91.8688891498815,103.64208477906725
1041413,113.65101921132474,89.29722938032658,100.74086128191266
280951,115.92402200725317,91.08316014855606,102.75566291719097
101461,115.54462436402652,90.78506200030655,102.41936285044093
40869,121.78638857521108,95.68930530909442,107.95209548158563
1007566,126.63467560136519,99.49867368678693,112.24964260563306
209314,114.5369071655871,89.99328420153272,101.52611702472053
