UE ID,Internet usage
180769,0.4859709926868766
583937,0.40893265896195674
1215622,0.404125759111085
736535,0.42935479103626184
576697,0.43741880626686264
959886,0.5143143445826919
826995,0.42323156204212203
