UE ID,Internet usage,Data rate,optimal GU
180769,118.55954227020443,39.51984742340148,68.45038364470135
583937,105.61710220454376,35.205700734847916,60.97806238882155
1215622,104.80954302958179,34.93651434319393,60.51181788177071
736535,109.04802039300127,36.349340131000424,62.95890392849508
576697,110.40277495177855,36.80092498392619,63.741071837691024
959886,123.32122538847518,41.107075129491726,71.19954267483067
826995,108.01931792200308,36.00643930733436,62.36498227994825
