UE ID,Internet usage
173163,1.0456887778591406
1260398,1.0621033321989248
814230,1.0025541906913136
100827,1.068645916739869
565950,1.0371289685751197
526905,1.0833996637809842
1244628,1.0746012350592693
