UE ID,Internet usage,Data rate,optimal GU
87409,115.31696792285365,15.101031513707024,41.730146976354575
636423,103.78928596078842,13.591454113912768,37.55858513911069
91324,123.72487174997907,16.202066538687735,44.77274399211832
181306,117.17927949702158,15.344905648419493,42.404068057576424
796519,117.56529343557928,15.395455092754428,42.54375624641009
478671,110.02940422972304,14.408612458654208,39.816718154597915
841287,116.72493867540281,15.285408636064654,42.239654185056004
