UE ID,Internet usage
825691,0.6748435194117836
411916,0.615129883394278
275160,0.6976882392641867
236215,0.7640151704879772
174562,0.6761520340527146
176886,0.6750419548472117
952003,0.5948414309027332
