UE ID,Internet usage,Data rate,optimal GU
884227,107.3147408188729,30.02257630051802,56.7614745615803
730156,121.20892818618256,33.90964062351536,64.11046088708872
762997,119.83494572415114,33.525252672827996,63.38372688976877
248380,115.3001409921906,32.25658706329142,60.98515422891355
917209,108.13338023537287,30.25160042299122,57.194473607752315
1271831,114.34384102916002,31.989050764110246,60.479343045747044
79790,113.21107989969207,31.672147352890043,59.880197098563855
