UE ID,Internet usage,Data rate,optimal GU
1289628,110.87833777517156,95.03857523586133,102.653393741624
701202,120.63658487308064,103.4027870340691,111.68777504341539
1047536,101.97904711749291,87.41061181499391,94.414251577027
454802,115.01329745614701,98.58282639098314,106.48162252602016
484716,126.22509726234803,108.19294051058402,116.86173214122707
513348,109.07352891797369,93.49159621540602,100.98246542538267
21062,100.50623597603676,86.14820226517436,93.05069341909795
