UE ID,Internet usage,Data rate,optimal GU
1289628,110.87833777517156,38.27942613666637,65.1487462735932
701202,120.63658487308064,41.64834477761117,70.88239611911843
1047536,101.97904711749291,35.20705198103922,59.91979316421595
454802,115.01329745614701,39.70697174081266,67.57832309186807
484716,126.22509726234803,43.577712150096346,74.16603639548575
513348,109.07352891797369,37.65633736453854,64.08829536253845
21062,100.50623597603676,34.69858146791746,59.05441403526284
