UE ID,Internet usage,Data rate,optimal GU
221829,113.51094165335527,102.0247154146229,107.61469006891873
656793,121.15027050026237,108.89101693773583,114.85719897792801
308045,130.51162086253242,117.3050877990619,123.73228012154809
516557,116.25732452661178,104.49319049713321,110.218413881013
1266084,106.89061759987108,96.07430510464603,101.33825441615846
189032,116.29850439253966,104.53020335281839,110.2574546857527
823401,127.13981093320437,114.27447292210633,120.53561665254043
