UE ID,Internet usage
197305,0.5313949085035679
426792,0.4583671073145365
83549,0.5289129942859288
487751,0.47504489484057943
623721,0.5028632477904446
58466,0.512983870303591
1228407,0.49865418295304076
