UE ID,Internet usage
197305,0.984763205824062
426792,0.9117354046350306
83549,0.9822812916019893
487751,0.9284131921566401
623721,0.9562315451109387
58466,0.9663521676240853
1228407,0.9520224802691014
