UE ID,Internet usage
317829,0.9532972438019511
165273,1.0476404634438794
909678,0.8931944477981634
594129,0.9723487074312438
1192756,0.951618215956372
1295059,0.940035470898547
951512,0.9182240584266484
