UE ID,Internet usage,Data rate,optimal GU
514113,120.60087850324784,120.60087850324784,120.60087850324784
1206628,131.62869217350033,131.62869217350033,131.62869217350033
782102,117.02713603537958,117.02713603537958,117.02713603537958
1295247,107.39897064783824,107.39897064783824,107.39897064783824
758940,117.47483733100057,117.47483733100057,117.47483733100057
610497,109.68067241997164,109.68067241997164,109.68067241997164
625120,127.93286894562293,127.93286894562293,127.93286894562293
