UE ID,Internet usage,Data rate,optimal GU
514113,120.60087850324784,81.83631041291818,99.34551287935668
1206628,131.62869217350033,89.31946968916094,108.42972369611046
782102,117.02713603537958,79.41127088115044,96.40162654307639
1295247,107.39897064783824,72.87787293960453,88.47038225710044
758940,117.47483733100057,79.71506818889326,96.77042248703812
610497,109.68067241997164,74.42617057069505,90.34994429349327
625120,127.93286894562293,86.81158964167271,105.38527278794372
