UE ID,Internet usage,Data rate,optimal GU
1128343,125.65150269728288,87.507296521322,104.85906400917769
536072,119.4491566979242,83.18780555748292,99.68306386439086
816164,106.34479891607432,74.06155638798033,88.74717641418947
1289788,124.54471227434531,86.73649604820477,103.93542198888959
894215,110.94888123095669,77.26797085727341,92.58938881751327
1079176,115.16852511760032,80.20665142118594,96.11077852561317
752489,119.59824978685519,83.291638244417,99.80748547034018
