UE ID,Internet usage,Data rate,optimal GU
1128343,125.65150269728288,124.90357708598954,125.27698173695156
536072,119.4491566979242,118.73814981281751,119.09312265203577
816164,106.34479891607432,105.71179416062151,106.02782414568703
1289788,124.54471227434531,123.80337470128374,124.17349024958727
894215,110.94888123095669,110.28847122362957,110.61818338290618
1079176,115.16852511760032,114.48299818237652,114.82525006158367
752489,119.59824978685519,118.88635544288583,119.24177134925122
