UE ID,Internet usage
1072467,0.7364305703072526
1207125,0.7005207796296686
1173296,0.7267699563166421
396249,0.7468945847087964
749741,0.6383164968606815
419609,0.8012805637685454
973195,0.7473326029359706
