UE ID,Internet usage
689931,0.9356753072856505
868385,0.9067351696335123
651934,0.8678462044375955
148405,0.8724899679688867
542131,0.8606715452160574
15106,0.8398680295019058
331854,0.9913223588151125
