UE ID,Internet usage
689931,0.5490078055682962
868385,0.5200676679205914
651934,0.48117870272024127
148405,0.48582246625153247
542131,0.4740040434987032
15106,0.4532005277845515
331854,0.6046548570977582
