UE ID,Internet usage,Data rate,optimal GU
455072,122.64665543429757,22.631228086090626,52.684385097766445
757290,118.90015990225726,21.939910458154614,51.07503168590099
991242,107.45148194413082,19.827356787309856,46.15711071797567
250628,126.95612376763263,23.42642759997983,54.5355704271673
1035286,116.64989706483526,21.524683386963652,50.108403501234
852251,120.12915959558514,22.166690163471067,51.602963678005
552792,104.43863845683103,19.271415429534297,44.8629065999577
