UE ID,Internet usage
91573,1.0020248675517256
967951,0.9840460665812243
384953,0.9190108347922202
490635,0.9549272203660798
196203,0.9823562563683853
965559,0.9647258464435597
28465,0.8832563052324123
