UE ID,Internet usage,Data rate,optimal GU
91573,125.51271245151965,103.09972808517685,113.75555601808937
967951,122.49227388882652,100.61865355153606,111.01805109602537
384953,111.56635494820014,91.64379156459297,101.11559611896797
490635,117.60030772433511,96.60025277356098,106.58433023863934
196203,122.20838577312448,100.38545974220939,110.76075564110414
965559,119.24647690505823,97.95246317201212,108.07629775966102
28465,105.55959398200132,86.70966648521537,95.67150666992802
