UE ID,Internet usage,Data rate,optimal GU
91573,125.51271245151965,121.0301155782511,123.25103689035326
967951,122.49227388882652,118.11754982136843,120.28502510203077
384953,111.56635494820014,107.58184227147872,109.55598569152248
490635,117.60030772433511,113.40029673418029,115.48120969218549
196203,122.20838577312448,117.84380056694147,120.00625250650872
965559,119.24647690505823,114.98767415844901,117.09771573733559
28465,105.55959398200132,101.78960848264413,103.65746351814128
