UE ID,Internet usage,Data rate,optimal GU
91573,125.51271245151965,91.89323590200544,107.39538767567288
967951,122.49227388882652,89.68184338289083,104.81093894490168
384953,111.56635494820014,81.68250987278938,95.46213851327386
490635,117.60030772433511,86.10022529817391,100.62511113136638
196203,122.20838577312448,89.47399672675184,104.56802909420338
965559,119.24647690505823,87.30545630548906,102.03366149961526
28465,105.55959398200132,77.28470273682238,90.32243266165187
