UE ID,Internet usage
266214,0.7705218507041884
1238846,0.675386146575769
103189,0.6461759983299422
842417,0.6554358213103154
934660,0.6285852718683138
936791,0.6850070161213057
597379,0.6659654439386564
