UE ID,Internet usage,Data rate,optimal GU
266214,135.50192370410988,102.43300184774972,117.81285499111178
1238846,119.51912541080728,90.35076742364598,103.91652757222705
103189,114.61182050545284,86.64107859638399,99.64984570227689
842417,116.16747076588861,87.8170761146896,101.00241394293019
934660,111.65657846008637,84.40705633589862,97.08039507724612
936791,121.13543149400863,91.57261785558985,105.32183333465495
597379,117.9364473673799,89.15433818843599,102.54045988454541
