UE ID,Internet usage,Data rate,optimal GU
266214,135.50192370410988,20.970535811350338,53.30617172095457
1238846,119.51912541080728,18.497007504053506,47.018572496425435
103189,114.61182050545284,17.737543649653414,45.08804907047667
842417,116.16747076588861,17.978299047101807,45.7000386102091
934660,111.65657846008637,17.280184761680033,43.92546306696511
936791,121.13543149400863,18.747150112168,47.65442390922823
597379,117.9364473673799,18.25206923542784,46.39595028372422
