UE ID,Internet usage,Data rate,optimal GU
266214,135.50192370410988,83.07558417573404,106.0985460251679
1238846,119.51912541080728,73.27660665067351,93.58395129486809
103189,114.61182050545284,70.26796138131931,89.74151200598227
842417,116.16747076588861,71.22172314813409,90.9595923567552
934660,111.65657846008637,68.45611655588628,87.42754571240768
936791,121.13543149400863,74.26755621358862,94.84952539648577
597379,117.9364473673799,72.30627427881029,92.34470808234896
