UE ID,Internet usage,Data rate,optimal GU
103033,112.80487783041933,14.772067334935864,40.821088312539736
1190798,116.74654343061034,15.288237830198973,42.2474723719754
1133097,119.05227705255881,15.590179137835081,43.081856111553094
523749,119.58456637065314,15.659883691395052,43.27447747403012
343298,103.23427254890723,13.518773786166422,37.35774053082074
471749,117.5805317325853,15.397450584029027,42.54927058124897
762354,125.51931051350044,16.437052567244105,45.42210370639654
