UE ID,Internet usage,Data rate,optimal GU
103033,112.80487783041933,57.07389652134311,80.23848156836036
1190798,116.74654343061034,59.06819161667785,83.04220130719136
1133097,119.05227705255881,60.234783032544634,84.68227723550703
523749,119.58456637065314,60.50409608038998,85.06089638266087
343298,103.23427254890723,52.231625992006634,73.43087847310149
471749,117.5805317325853,59.49014998374851,83.63541993641451
762354,125.51931051350044,63.50679400980677,89.28229946094493
