UE ID,Internet usage
427382,0.4591170053699497
1177504,0.5210245408914163
55960,0.4867521553060263
747368,0.5723391024059029
678427,0.47877037775193965
958241,0.44672353641446455
1175974,0.5193906327496481
