UE ID,Internet usage
912099,0.9642443684831559
1096558,0.9845064199273462
384891,1.0710354796084995
808186,1.0068260901507882
241846,1.005262440770057
1114810,1.0028245065357613
417861,1.0020708405806376
