UE ID,Internet usage
1285927,0.5973194269804697
628185,0.5542364494290258
501339,0.6298422455490119
1157447,0.633970497039062
1209765,0.7070455196763942
707613,0.6695305164145717
1090648,0.5910930490239272
