UE ID,Internet usage,Data rate,optimal GU
1285927,114.65763236545811,73.02599204228582,91.50402913919845
628185,107.41969213646577,68.41611344405855,85.72769589423413
501339,120.12146588514526,76.50593362922942,95.86451322806927
1157447,120.81501213512742,76.94765653844425,96.41800692018975
1209765,133.09161593860532,84.76668396089744,106.21551179612561
707613,126.7890953903079,80.7525786116842,101.18570251082988
1090648,113.61160086863524,72.35976960085696,90.66922996716673
