UE ID,Internet usage,Data rate,optimal GU
1285927,114.65763236545811,14.332204045682264,40.5375946802048
628185,107.41969213646577,13.427461517058221,37.9785963713331
501339,120.12146588514526,15.015183235643157,42.46935154672737
1157447,120.81501213512742,15.101876516890927,42.71455717494181
1209765,133.09161593860532,16.636451992325664,47.054992074631706
707613,126.7890953903079,15.848636923788488,44.826714565497376
1090648,113.61160086863524,14.201450108579404,40.16776669783572
