UE ID,Internet usage
301342,0.31549189299799935
125808,0.4683840591250897
966134,0.38534293304513556
749263,0.4094920916534583
262155,0.43170007848330805
897002,0.500201455119817
283621,0.35445061585594195
