UE ID,Internet usage
561745,0.9180073958916959
439013,0.853734451840057
1112177,0.873243301655908
140623,0.9068480823468184
702339,0.8424916899100615
86749,0.8816499164050816
1081921,0.885714583060755
