UE ID,Internet usage
561745,0.5216975155737761
439013,0.45742457152213717
1112177,0.47693342133798805
140623,0.5105382020288984
702339,0.44618180959214154
86749,0.48534003608272824
1081921,0.4894047027428351
