UE ID,Internet usage
561745,0.8318575756624246
439013,0.7675846316063523
1112177,0.7870934814266367
140623,0.820698262117547
702339,0.7563418696763567
86749,0.795500096171377
1081921,0.7995647628314837
