UE ID,Internet usage
250023,0.4746850815368957
646352,0.5193188086807007
378285,0.3706651724112613
1032421,0.46108524194150075
8580,0.45504887750619094
317366,0.4896164934575846
605081,0.44993890673656683
