UE ID,Internet usage
433850,0.4057649834054989
1120926,0.4642055977732955
1038713,0.47237117871229345
152144,0.5021442228177283
976171,0.43750055116237346
78729,0.41516424213954684
1258467,0.4139999619239455
