UE ID,Internet usage
228977,0.8327367432247046
426801,0.9578061497096325
303050,0.8947859062448077
744054,0.8004492557010061
1140637,0.8947487367955089
775399,0.9377665961874545
847186,0.8632290497220831
