UE ID,Internet usage
423716,0.6063767229894966
415516,0.7283401449983936
124006,0.5853295888000757
1263950,0.6452793405491096
1125527,0.6588493650785303
318708,0.677043013571802
946028,0.6352578946557491
