UE ID,Internet usage
621293,0.9976435902440935
956178,1.0649355738884296
798683,1.0544954459528622
549515,1.008485182947645
597156,0.9788537241567277
575539,1.0724272874643783
898574,1.0779172860478852
