UE ID,Internet usage,Data rate,optimal GU
621293,110.5216516539422,10.525871586089734,34.107722187093316
956178,121.82670490676962,11.602543324454249,37.596537363915544
798683,120.07276341324533,11.435501277451936,37.05525926773892
549515,112.34303922871999,10.699337069401903,34.6698145958284
597156,107.36495415139227,10.225233728704026,33.13354418817247
575539,123.08531278730194,11.722410741647804,37.9849521884252
898574,124.00763254925266,11.810250718976445,38.269586246435665
