UE ID,Internet usage
1276741,0.6164712092421011
1124884,0.7158584469712451
765634,0.7390737675620063
610408,0.74357869739811
1178876,0.7414446577444511
1165269,0.7219284439202917
1176565,0.6911808030855061
