UE ID,Internet usage
88102,0.7450342276001704
126854,0.763294992964437
1062450,0.7053823287245031
586951,0.6370179372373959
1295420,0.6795807779317062
268442,0.6344530011309355
567686,0.7017424668998526
