UE ID,Internet usage
88102,0.5274968019963965
126854,0.5457575673606632
1062450,0.4878449031207293
586951,0.4194805116349521
1295420,0.46204335232793237
268442,0.41691557552804825
567686,0.48420504129607883
