UE ID,Internet usage,Data rate,optimal GU
88102,125.72150353557461,65.10577861663685,90.47207512010459
126854,128.7893121166517,66.69446520326606,92.67974048041243
1062450,119.05998452457426,61.65606341451167,85.67829337689872
586951,107.57476675485775,55.708361355194185,77.41326746159437
1295420,114.72532399133078,59.41132849551058,82.55897231920244
268442,107.14385748890895,55.48521191389928,77.10317527861442
567686,118.44848773779665,61.33939543564469,85.23824627538286
