UE ID,Internet usage
1207987,0.29514659564536944
1065625,0.24585263992157827
957688,0.25250840071462916
872015,0.2919613125896408
1027305,0.2684603397882855
40335,0.31554889606349684
905317,0.25817027369734075
