UE ID,Internet usage
1207987,0.5856311481006832
1065625,0.5363371923764486
957688,0.5429929531672828
872015,0.5824458650440678
1027305,0.5589448922409391
40335,0.6060334485161505
905317,0.5486548261495511
