UE ID,Internet usage
999204,1.0206306135341288
220647,1.001546166263984
964638,1.0001529221707426
508099,1.0234494362314401
322358,1.1648938497082288
26631,1.0752559760229887
1078887,1.036323524825749
