UE ID,Internet usage,Data rate,optimal GU
999204,117.22879691050711,110.25089233250075,113.68632048953347
220647,114.02260976946899,107.23554966414346,110.5770194605061
964638,113.78854476153975,107.0154170971624,110.35002754206866
508099,117.70235912337516,110.69626631841237,114.14557237066425
322358,141.46502058754572,133.04448364781086,137.19016225042142
26631,126.40585780881506,118.8816996059094,122.58606452796684
1078887,119.86520600744423,112.73037231652494,116.24306130266937
