UE ID,Internet usage
283372,1.0186548536033713
385402,1.0566840523762082
512789,0.9966764423967012
836845,1.039227483233044
887538,0.9019536335980947
325919,0.9956525262341117
160158,1.0020807214801428
