UE ID,Internet usage,Data rate,optimal GU
283372,116.7380791724518,25.0153026798111,54.039230053347666
385402,123.12698456616742,26.384353835607303,56.99671856787126
512789,113.04570608950243,24.224079876321948,52.32999344532083
836845,120.19428095011314,25.755917346452815,55.63914059066192
887538,97.13227421120315,20.81405875954353,44.963505900675464
325919,112.8736881741165,24.187218894453533,52.25036462352819
160158,113.95362497545543,24.418633923311877,52.750278222110026
