UE ID,Internet usage
1067155,0.7046629945109377
695309,0.6641404407883362
660762,0.8372361766319021
190592,0.7066939101885813
14024,0.7026958752843158
1296088,0.7312287043445864
950890,0.7023013855573577
