UE ID,Internet usage
1067155,0.6322023654142692
695309,0.5916798116916677
660762,0.7647755475352337
190592,0.6342332810919128
14024,0.6302352461876473
1296088,0.6587680752479179
950890,0.6298407564606892
