UE ID,Internet usage,Data rate,optimal GU
803836,122.84028769457703,74.58160324313606,95.71638103851207
174671,116.65371434860464,70.82546942593854,90.89584192370553
999412,123.69683513011094,75.1016499004245,96.38379742328128
1119188,115.13651949552057,69.90431540799463,89.7136532184126
1137357,111.47470333757795,67.68106988352947,86.86038905528993
3053,134.07894097231718,81.40507130462115,104.4734691215888
811193,119.88317156500118,72.78621130732215,93.41221471372
