UE ID,Internet usage
125813,0.7633082209199835
344611,0.7344433415763025
538385,0.7878150059735587
196859,0.6513636014894624
515363,0.7125949317521244
422968,0.6755078997903221
69955,0.7935862620930705
