UE ID,Internet usage,Data rate,optimal GU
125813,121.30737243771091,113.36462781381317,117.2687730279153
344611,116.4580727083755,108.83284175723186,112.58091755898435
538385,125.4245123270157,117.21219306750872,121.24884392963214
196859,102.50067637396945,95.78932256376908,99.08819481749914
515363,112.78753985764722,105.40264141458698,109.03258512779117
422968,106.55691848852011,99.57997739700987,103.0093953704314
69955,126.39408335523375,118.11828027840296,122.1861357244975
