UE ID,Internet usage
47532,1.0039887743080451
423275,1.0089757815357876
877272,1.0532207074689113
582594,0.9582121923922164
1032604,1.0249425359646998
1253390,1.0616055833338665
777771,1.034428483260467
