UE ID,Internet usage,Data rate,optimal GU
47532,116.52425133198757,43.69659424949534,71.35623960579817
423275,117.36206854624744,44.01077570484279,71.86929577396235
877272,124.79521610256143,46.798206038460535,76.42115044790857
582594,108.83378556990147,40.81266958871305,66.64681035543438
1032604,120.04448328968093,45.01668123363035,73.51193262394501
1253390,126.20387524797842,47.32645321799191,77.28377447985274
777771,121.63812243599634,45.61429591349863,74.48783330959435
