UE ID,Internet usage,Data rate,optimal GU
47532,116.52425133198757,96.40994604253733,105.99102218378678
423275,117.36206854624744,97.10314004719282,106.75310477112369
877272,124.79521610256143,103.25318475152403,113.51433171341908
582594,108.83378556990147,90.04700115604942,98.99573735787897
1032604,120.04448328968093,99.32251891229552,109.19304218610303
1253390,126.20387524797842,104.41868249683928,114.79565488026701
777771,121.63812243599634,100.64106558692554,110.64262405579319
