UE ID,Internet usage
1202232,0.4191285075720066
344478,0.5171101900447234
502642,0.546151462737101
717862,0.5564646890803346
921927,0.49891585746823874
1246091,0.4920922512366481
701810,0.5030343769024445
