UE ID,Internet usage
1202232,0.9548865940224264
344478,1.0528682764969166
502642,1.081909549189294
717862,1.0922227755325278
921927,1.0346739439204318
1246091,1.0278503376888413
701810,1.0387924633546377
