UE ID,Internet usage,Data rate,optimal GU
1202232,106.80748425342793,88.37047804301477,97.1526038871177
344478,123.26840690851758,101.98993190645204,112.12553869131034
502642,128.14734072123872,106.02666881102489,116.56344046768841
717862,129.87996274678358,107.46020727263641,118.13944183604245
921927,120.21175903583355,99.46091967845751,109.34519701326222
1246091,119.06539318911874,98.51243841242562,108.30245709860095
701810,120.90367030106685,100.03339388004936,109.97456284418796
