UE ID,Internet usage
563228,0.4257523674559894
61258,0.5049115060710412
854213,0.32555511679718163
1185970,0.30771172314239215
1022840,0.3484849192731928
843764,0.29734136666170524
752706,0.3769981896056549
