UE ID,Internet usage
1111268,1.0212838778807736
423128,1.004891194581425
1213270,0.9684922500076187
862105,1.0305407510762088
679893,0.9725622468783455
310351,0.9870641883645315
815378,1.0286210257850488
