UE ID,Internet usage
973957,0.6827785363818424
141393,0.6794444235499336
542666,0.6747512402435049
21502,0.7134990538122299
409899,0.7046684431075306
421228,0.6836954082472645
719678,0.6400351509160984
