UE ID,Internet usage,Data rate,optimal GU
723578,126.63705523271473,18.844799885820645,48.85130462935586
1121457,113.67670854615592,16.916176866987488,43.851742353340555
1110258,114.29462227631964,17.00812831492852,44.09010774972014
483874,117.64410247989979,17.506562869032706,45.38219778983045
8295,113.12600248406653,16.83422656012895,43.6393028777785
548531,108.38800181531477,16.129166936802793,41.81157943950092
1155570,115.00461876860818,17.11378255485241,44.363994842773785
