UE ID,Internet usage,Data rate,optimal GU
108700,123.25341297040349,32.280655777962814,63.07694505567539
82610,111.0449911641516,29.08321197156351,56.829086007144426
30770,117.12482812840256,30.67555022410543,59.94054177051229
1038632,123.38167633650093,32.31424856432167,63.14258592598482
961110,123.24530165645777,32.27853138621513,63.072793958421755
49554,125.65671432670698,32.91009184747087,64.3068737363537
285542,114.90097987747619,30.09311377743424,58.80245114441721
