UE ID,Internet usage,Data rate,optimal GU
442257,113.83604252545904,97.57375073610774,105.3916962486329
700547,124.01264365116218,106.29655170099615,114.81339811817683
589526,115.93768072745672,99.37515490924861,107.3374351384922
795137,122.06621396641687,104.62818339978588,113.01135439324568
218994,121.94735083933794,104.52630071943251,112.90130852107418
1088061,124.7768453989275,106.95158177050928,115.52091145653928
840981,110.96436991558637,95.1123170705026,102.73304402644648
