UE ID,Internet usage,Data rate,optimal GU
442257,113.83604252545904,80.63386345553347,95.80730613745574
700547,124.01264365116218,87.84228925290654,104.37219224785409
589526,115.93768072745672,82.12252384861517,97.57609825409959
795137,122.06621396641687,86.46356822621195,102.73402756341576
218994,121.94735083933794,86.3793735111977,102.6339893351722
1088061,124.7768453989275,88.38359882424031,105.01536385830916
840981,110.96436991558637,78.59976202354035,93.39043349539175
