UE ID,Internet usage
1153989,0.30535448437666185
927482,0.34826627258303583
722762,0.3743158106916314
160996,0.3207794485226415
424671,0.3632050155179783
505787,0.3992887723879719
107392,0.31516706034910263
