UE ID,Internet usage
1153989,0.4287445816388472
927482,0.4716563698461078
722762,0.49770590795248665
160996,0.44416954578571355
424671,0.4865951127814936
505787,0.5226788696492705
107392,0.4385571576117313
