UE ID,Internet usage
1153989,0.6715439178577537
927482,0.714455706064571
722762,0.7405052441753833
160996,0.6869688820041767
424671,0.7293944489999568
505787,0.7654782058721672
107392,0.6813564938310811
