UE ID,Internet usage,Data rate,optimal GU
1153989,108.42298469667843,96.80623633632001,102.45009068241892
927482,115.63216511532134,103.24300456725119,109.26212587682095
722762,120.00848751759065,107.15043528356307,113.39736185305144
160996,111.01437867322434,99.11998095823601,104.89872782918007
424671,118.1418739284063,105.48381600750561,111.63357779918162
505787,124.20394508260334,110.89637953803869,117.36169662203292
107392,110.07149746008746,98.27812273222094,104.00778882709612
