UE ID,Internet usage,Data rate,optimal GU
935295,125.64428993458776,118.16546315276707,121.84751007969393
752489,119.59824978685519,112.47930634716144,115.98417209412679
1092031,116.40185906304674,109.47317697596064,112.88437144946037
653431,119.04852818152469,111.96230626595775,115.45106224184933
357736,123.82444403713441,116.45394141587643,120.08265716477929
793552,122.32668858875417,115.0453380775188,118.63016161413836
650260,118.98380064820002,111.90143156199764,115.38829067639803
