UE ID,Internet usage,Data rate,optimal GU
1190867,109.29804616021764,17.565757418606406,43.81669733307188
1027864,115.18052619845892,18.511155996180896,46.174935713889994
1187329,114.31133921121102,18.3714652303732,45.82648572339101
740065,128.12223796247994,20.591073958255706,51.363162651677335
856198,115.12595859217659,18.502386202314096,46.15306000455519
1194954,131.65043787703686,21.158106087380926,52.777589287997024
375107,122.00381540547674,19.60775604730876,48.910336834982836
