UE ID,Internet usage
191739,1.0231110615975962
765441,0.9317801368286401
572663,1.0052880138737168
370381,0.9543621515034066
372816,0.9613968121717221
1036781,1.0057306348205508
610267,0.9531210406830163
