UE ID,Internet usage
191739,1.0228746487240588
765441,0.9315437239551025
572663,1.005051601000179
370381,0.9541257386298692
372816,0.9611603992981845
1036781,1.0054942219470133
610267,0.9528846278094789
