UE ID,Internet usage
191739,1.137789769817518
765441,1.0464588450485615
572663,1.119966722093638
370381,1.069040859723328
372816,1.0760755203916437
1036781,1.1204093430404722
610267,1.0677997489029378
