UE ID,Internet usage
420142,1.0202261584152912
666245,1.0346540612793262
555237,1.0155813058598435
1031474,0.9375958511881275
1013945,1.0565038876165218
926808,1.0571411476408645
1133328,0.9682348562916121
