UE ID,Internet usage,Data rate,optimal GU
420142,118.50098683161211,52.90222626411254,79.17680227116125
666245,120.92487451254345,53.98431897881404,80.79633035081609
555237,117.72065160211476,52.55386232237265,78.65541886480256
1031474,104.61909521708287,46.70495322191199,69.90157328867936
1013945,124.59564533741131,55.623055954201476,83.24896727439129
926808,124.70270502104643,55.670850455824294,83.32049953440897
1133328,109.76644807425683,49.00287860457894,73.3407930816038
