UE ID,Internet usage,Data rate,optimal GU
1140725,129.0029836300327,52.983368276620574,82.67413495436693
1107366,122.73563842277295,50.40928006649603,78.65758177946836
918817,120.56800946465577,49.519003887269335,77.26841352946633
421559,104.08912758222284,42.75089168555581,66.70759341268135
856230,118.54018701086353,48.686148236604666,75.9688430661264
507038,127.90729599507046,52.533353712261075,81.97194168060136
1214647,107.79691301565562,44.27373213142998,69.08380165748115
