UE ID,Internet usage,Data rate,optimal GU
230128,113.32308759960644,36.42527815701636,64.2481516265456
34714,124.91436862171943,40.15104705698125,70.8197902610828
776774,114.77564190152371,36.89217061120405,65.07167250840779
618896,112.49545251773064,36.15925259498485,63.77892664019791
28474,123.37618602365576,39.65663122188935,69.94772269847915
989520,106.09247166624759,34.101151607008156,60.14877771536946
215602,112.66492456454948,36.2137257528909,63.875008259496425
