UE ID,Internet usage
193907,0.9555449984784985
479625,0.9496203935938571
355022,0.8894058679296091
406802,0.9150013793988863
602778,0.9151014482249846
387822,0.9530507940562868
18066,0.9802162477970849
