UE ID,Internet usage
348848,0.33589567378787605
100849,0.3758450252765307
676424,0.38550443248921956
945274,0.3732670388972257
274010,0.24619758885352283
1274237,0.33089074345714986
601094,0.3817441120170134
