UE ID,Internet usage,Data rate,optimal GU
170133,118.66332675182869,63.569639331336795,86.85266192506893
253038,110.32930134687156,59.10498286439548,80.7527799245795
858381,120.1411812729798,64.36134711052489,87.93434067631794
1109757,104.26835464632624,55.85804713196049,76.31662117917999
618358,120.12721954520372,64.35386761350199,87.92412173795158
558816,129.016765690855,69.11612447724376,94.43060328696691
849052,114.55217710943235,61.3672377371959,83.84360849813125
