UE ID,Internet usage,Data rate,optimal GU
529869,120.73710910495086,109.23833680924125,114.84389835677266
986954,126.38054734093727,114.34430473703847,120.21187885556837
982469,118.16533886172039,106.91149706536605,112.39765691037694
442132,107.17621843514091,96.96895953655606,101.94491840556974
660390,123.15270447264027,111.42387547524595,117.1415878652805
801939,113.8610686016959,103.01715730629628,108.30347923868328
1005509,126.9371506418288,114.84789819974985,120.74131419973473
