UE ID,Internet usage
928730,0.9134095075611744
1009479,0.8564429886156405
657893,0.8343436786677775
767395,0.9040789438080142
553911,0.8543940544625499
548081,0.9340561584472391
969575,0.9204079678223382
