UE ID,Internet usage,Data rate,optimal GU
928730,122.25549766727276,83.68679899843076,101.14925239335274
1009479,112.68512248470094,77.13564931988458,93.23111117834075
657893,108.97243841300372,74.59422867556802,90.1593865901596
767395,120.68796295679982,82.61378416685702,99.8523375953247
553911,112.34090154664213,76.9000218920467,92.9463167011423
548081,125.72413501591387,86.06116385017914,104.0190625968462
969575,123.43123899101828,84.49162192837561,102.12201319490372
