UE ID,Internet usage
198463,0.8437749701040128
644581,0.9391542078251849
958395,0.938621894365777
619277,0.9028412818485974
1192905,0.8895170410922038
15967,0.8702813919958393
509038,0.8959831716631599
