UE ID,Internet usage,Data rate,optimal GU
198463,109.62911609301968,79.61162001993095,93.42243592156211
644581,125.6528280301859,91.24788702192072,107.07733213002291
958395,125.56339936956445,91.18294478027894,107.00112387792527
619277,119.55225646621984,86.81771005285013,101.87861963163935
1192905,117.31378401955536,85.19215268086758,99.97106481259605
15967,114.08219497107218,82.84540349089765,97.2172077026785
509038,118.40009395528756,85.98102061038739,100.89678349006664
