UE ID,Internet usage
692128,0.8913419548290383
220924,0.8298705863767811
702309,0.9539519061475954
1007652,0.8712384506565903
935919,0.8500160465372054
178457,0.8366992162027349
406948,0.7655526848317938
