UE ID,Internet usage,Data rate,optimal GU
790795,110.23415312792133,32.15162799564372,59.53324687755366
64119,120.38221227697923,35.11147858078561,65.01382520564947
10451,109.48010154225437,31.931696283157528,59.12601247755942
562145,112.97236935111064,32.950274394073936,61.01205265410896
242725,109.34176069174198,31.891346868424748,59.05129987921209
167326,95.46735761237161,27.844645970275057,51.55826582066285
858178,116.2475986265055,33.90554959939744,62.78087862591466
