UE ID,Internet usage,Data rate,optimal GU
878614,110.52734826001662,34.86874677250524,62.080191026727825
382442,119.99936666919952,37.85694305635461,67.4003649158853
527913,112.41083613318756,35.46294235154131,63.138094693138996
21450,126.91357764011791,40.03821199360862,71.28388826672088
905775,119.22927669296314,37.613998004327655,66.96782642124907
380586,117.90572288879514,37.19644829229846,66.22442241952088
860228,112.05893174257643,35.35192489497947,62.94043961377449
