UE ID,Internet usage,Data rate,optimal GU
878614,110.52734826001662,88.81661913751336,99.07908656567841
382442,119.99936666919952,96.42806250203533,107.5700071087765
527913,112.41083613318756,90.33013617845428,100.76748550918963
21450,126.91357764011791,101.98412488938045,113.76805418133804
905775,119.22927669296314,95.80924019970251,106.87968193025696
380586,117.90572288879514,94.7456701784961,105.69321990070576
860228,112.05893174257643,90.04735586457035,100.45203086263304
