UE ID,Internet usage,Data rate,optimal GU
1043241,116.67688208556488,75.70107230551531,93.9817274109251
1267787,107.56872975174065,69.7916163270222,86.64522788716422
673877,111.42442026121944,72.29322505043403,89.75093698707818
1128619,118.04335088756322,76.58765027824042,95.08240045060028
1259276,123.37868528777112,80.04926604980388,99.37994366810545
1276869,110.30581774386918,71.56746508381988,88.8499170507579
1205711,126.19560087167787,81.87690770841004,101.64893292985283
