UE ID,Internet usage,Data rate,optimal GU
1088526,114.82115396427704,80.64819147490888,96.22950904104732
620434,119.65688496972821,84.04471682397576,100.28224675045853
870887,105.43356504862804,74.05452783177446,88.36194247127453
235082,119.07785538159933,83.63801747040905,99.79697264318716
1241592,118.6303711641486,83.32371307958057,99.42194430509628
864528,124.41927283349621,87.38972734733662,104.27351691428231
243967,116.17652701911742,81.60017969199914,97.3654224083292
