UE ID,Internet usage
1074202,0.718600119569717
1022680,0.6444132770899795
68448,0.7931085989425363
582840,0.7132942544136402
374002,0.7288248275863562
760714,0.7013016894721775
1293461,0.7199955076846692
