UE ID,Internet usage
884720,0.9721319421160037
837423,0.9444943092754313
459457,1.1172002455478736
753301,1.0243910888528647
472711,0.9328897611949062
689917,0.988926464861663
40543,1.0446859065444987
