UE ID,Internet usage
884720,0.6471736259790183
837423,0.6195359931384459
459457,0.7922419294108881
753301,0.6994327727158792
472711,0.6079314450579207
689917,0.6639681487246775
40543,0.7197275904075133
