UE ID,Internet usage,Data rate,optimal GU
884720,109.08102011251388,60.38413613371304,81.15887608929987
837423,104.43789779489245,57.81383627931547,77.70428253622701
459457,133.4524950887222,73.87548835268551,99.2918337355279
753301,117.86055676378241,65.24423677995098,87.69106039108588
472711,102.48833371740416,56.73461330784873,76.25376044512612
689917,111.90249993318875,61.94602674872949,83.25812425289804
40543,121.27008613632229,67.13165482546412,90.22783142222742
