UE ID,Internet usage
1208399,1.0341726288059494
66050,0.9276094849787135
787629,0.9573170481633924
716674,1.0622787387540071
373247,0.9503201896706955
258891,0.9815373516244729
658143,1.049863201603301
