UE ID,Internet usage,Data rate,optimal GU
1208399,122.22563220768274,7.275335250457306,29.820000846914542
66050,104.32302404465224,6.209703812181681,25.452211693846927
787629,109.31389465984944,6.506779444038656,26.669859443208836
716674,126.94745867885234,7.556396349931687,30.972008546330724
373247,108.13842243306745,6.436810859111158,26.383073585242457
258891,113.38290564108705,6.748982478636133,27.662596471563376
658143,124.86164843729563,7.432240978410454,30.463122954607726
