UE ID,Internet usage,Data rate,optimal GU
482029,108.12634894696113,15.446621278137304,40.867918498149976
1595,117.32456077425648,16.7606515391795,44.344515784080905
18301,113.80575983139146,16.25796569019878,43.01453404008655
319765,110.96611412927177,15.852302018467396,41.94124884875197
56800,124.28933138519345,17.75561876931335,46.97695163767385
425351,119.26258328471962,17.03751189781709,45.077019440928126
1056919,106.98816040855088,15.284022915507268,40.4377236670446
