UE ID,Internet usage
1208270,1.1223457837411903
703122,0.9926005172451838
526934,1.059995296485554
373985,1.070627762356038
1218490,1.0455341741530417
899016,1.0604315024093738
395659,1.0802632550630573
