UE ID,Internet usage
494630,0.7531272639885195
416696,0.6921803258677732
88190,0.730363555804248
1245190,0.7365620213692777
633467,0.8133047980063166
467162,0.703766904515492
87088,0.7052998173145082
