UE ID,Internet usage
859819,0.2954452659230178
131533,0.20829426073393498
1078858,0.23679383967030967
773734,0.25434336082621195
524939,0.32531328476460586
1158922,0.33454525254520073
956078,0.3140850790955826
