UE ID,Internet usage
859819,0.7778988657488082
131533,0.6907478605588386
1078858,0.7192474394934399
773734,0.7367969606493422
524939,0.8077668845899528
1158922,0.8169988523701044
956078,0.7965386789209296
