UE ID,Internet usage,Data rate,optimal GU
160529,130.59209015832852,76.17871925902497,99.74135638550634
822523,116.71925187482601,68.08623026031518,89.14580112916776
148935,106.23551991168867,61.97071994848506,81.13871858138361
338447,129.02970074025185,75.26732543181359,98.54806175661729
621836,118.34102997777183,69.03226748703356,90.38445461536294
1042820,128.66915247062957,75.05700560786725,98.27268846707904
138039,121.7669073786952,71.03069597090554,93.00101170059126
