UE ID,Internet usage
532100,0.9951438442340226
1104352,0.9858263448648821
1113323,0.995314715111825
1139236,1.0188519405745518
729962,1.0455244136655888
643749,0.9402493919622987
650046,1.0764209467516115
