UE ID,Internet usage,Data rate,optimal GU
904306,122.28042117222128,107.72322817552828,114.77125821099501
1156206,117.33722491375326,103.36850766211597,110.13162049361087
334895,94.28448703964006,83.06014334444481,88.4945366035099
648548,111.63679751311643,98.34670257107877,104.78125271731679
697373,126.60446449837801,111.5325044390473,118.82976478420106
96555,122.62982112911502,108.03103289945847,115.09920173856173
251598,116.44491823266738,102.58242796687365,109.29410979879516
