UE ID,Internet usage
1163378,0.2956027808223464
494554,0.2511588226001578
412675,0.2880794694884147
508549,0.35201278205132724
884163,0.25462186720529406
865745,0.2535512573596307
527827,0.39294687522856686
