UE ID,Internet usage
1163378,0.35982896081281546
494554,0.3153850025906269
412675,0.3523056494788838
508549,0.4162389620417964
884163,0.31884804719576315
865745,0.31777743734965647
527827,0.4571730552177059
