UE ID,Internet usage,Data rate,optimal GU
1163378,115.87777339502804,55.86964074403138,80.46147879450449
494554,108.41118841368528,52.269680128026835,75.27694295521424
412675,114.61385709090801,55.260252525973506,79.58385945541606
508549,125.35465360154166,60.43885084360044,87.0418934282497
884163,108.99297990743196,52.550186741083266,75.68091864930477
865745,108.81311745328733,52.463467343549254,75.55602844287364
527827,132.2315812553126,63.75451239095429,91.81699181315682
