UE ID,Internet usage
63583,0.45672900730381827
900169,0.31517600572986765
729704,0.34210932006342093
790865,0.41699989037320045
1097573,0.48107264033104497
757292,0.3748572758846335
631195,0.29655638094438214
