UE ID,Internet usage,Data rate,optimal GU
63583,129.28085269351035,97.73016840521318,112.40391232206433
900169,105.49994842896021,79.75293720522586,91.72748095423438
729704,110.0247452369999,83.17346812558921,95.66158916198123
790865,122.60636104900821,92.68457055490501,106.60074071565806
1097573,133.37058304220184,100.82180979975972,115.95974972534191
757292,115.52640181498217,87.33245851489723,100.44503319668064
631195,102.37185146500975,77.3882448574776,89.00774071780219
