UE ID,Internet usage,Data rate,optimal GU
290680,122.07241775182317,45.05053512269665,74.15812661766077
572203,122.89913194335621,45.355632026714794,74.6603496162825
546374,100.56345805296692,37.112704757642554,61.091586393932616
399671,117.36223579991707,43.31225368806464,71.29672454162582
1073792,104.62596421765531,38.61196298508708,63.55953003013122
345969,118.56709907674896,43.75690561165736,72.02867042330665
139306,127.68026448804768,47.12009760868427,77.5648536734224
