UE ID,Internet usage,Data rate,optimal GU
1022839,107.56454299214042,72.34996046495158,88.21729100869027
1082399,134.0468895508276,90.16249118597331,109.93635202986148
376355,120.70244492857844,81.18676355315097,98.99212522571543
330446,127.98131841297547,86.08267250396564,104.96177361101476
97334,121.91386409059979,82.00158715617724,99.98565072935048
113882,117.99017947471972,79.36244214668648,96.76770531762959
150912,124.28680492628651,83.59767236113318,101.93177913212234
