UE ID,Internet usage
1197398,0.7233372487619528
858922,0.7590546293593579
356482,0.7015741326952268
755796,0.6820177918251211
84088,0.708021072989944
807306,0.7788136483986237
66801,0.7045365358496383
