UE ID,Internet usage,Data rate,optimal GU
1197398,119.17744124687299,111.37415640332773,115.20975210969614
858922,125.17796118696216,116.98178515686345,121.01050103998165
356482,115.52123774770874,107.95734718089447,111.67527197323517
755796,112.23577248153713,104.88700166429362,108.49918734748323
84088,116.60432371750795,108.96951680743302,112.7222995380876
807306,128.4974763856063,120.08395114607255,124.21950199820782
66801,116.01892147759838,108.42244447608897,112.15638667539463
