UE ID,Internet usage
830724,0.394140907127118
865610,0.43257272150125076
725283,0.31083979432677533
618420,0.33456513374189367
9106,0.36655690094268223
911022,0.40809207547290693
373822,0.2632489128275972
