UE ID,Internet usage,Data rate,optimal GU
830724,122.71466183757482,38.713554032092055,68.92547200838641
865610,129.17120665244647,40.750440193926565,72.55193678646938
725283,108.7200748872334,34.298595053710535,61.06509496239486
618420,112.70593190887755,35.55603804268161,63.30384192596791
9106,118.0805487986313,37.25160170433011,66.3226173554341
911022,125.05845811968636,39.45296595442486,70.24191832879319
373822,100.7248067953134,31.776278334235773,56.574371369817285
