UE ID,Internet usage
1172309,0.7114615098146558
1222144,0.7716838764670155
1116081,0.7416322532178857
202292,0.7637445685629366
343193,0.7417518147114175
586588,0.6093674914815816
482392,0.7110256682658633
