UE ID,Internet usage
1047709,0.3366123220341672
145993,0.3058556744731981
886825,0.3495123276455377
589285,0.3553710849037398
1215741,0.37273741820287576
1228863,0.2647116368402298
750136,0.27932077135020117
