UE ID,Internet usage
356247,1.0098085334617617
968579,1.0921543623876637
532082,0.9504192356815326
900550,1.057901878462809
853389,0.9603068719617466
1223967,1.0163067350335633
386337,1.0320541003969925
