UE ID,Internet usage
589194,0.800830230239132
13597,0.6549843451654024
640971,0.6061695664762181
55001,0.6442946263832794
49992,0.6373485201474404
532834,0.720931190874174
433039,0.6729661803644481
