UE ID,Internet usage,Data rate,optimal GU
589194,136.19750711867195,17.835387836968945,49.28625936191398
13597,111.69539842627916,14.626778365346079,40.41959719257739
640971,103.49451560689383,13.552853234236096,37.45191557942783
55001,109.89952567127708,14.391604552191046,39.76971855488027
49992,108.73257982331965,14.238790214958525,39.34743185565585
532834,122.77446850523752,16.07760897092396,44.42881830794319
433039,114.71634674011688,15.02237873977721,41.51279812748886
