UE ID,Internet usage
143638,0.5425798207285827
815416,0.5233462298891594
659182,0.5076312704724715
739815,0.5606064593680318
762995,0.504218988552515
324178,0.529507933672395
648060,0.5353317053272117
