UE ID,Internet usage
143638,0.31385246296035324
815416,0.29461887212270327
659182,0.2789039127020253
739815,0.3318791016011323
762995,0.27549163078472894
324178,0.3007805759041656
648060,0.30660434755853894
