UE ID,Internet usage
1099465,0.6574304656724729
785555,0.6575273185214229
767827,0.7606435433876173
157220,0.7021164690525794
609868,0.6094585757730474
700710,0.6470393003585541
1058349,0.6364630845792322
