UE ID,Internet usage
1099465,0.36512200076417295
785555,0.3652188536148963
767827,0.46833507848153405
157220,0.40980800414782625
609868,0.3171501108665209
700710,0.3547308354506975
1058349,0.3441546196744791
