UE ID,Internet usage,Data rate,optimal GU
1099465,110.99993595615942,27.089270084538907,54.83527372488373
785555,111.01620723501092,27.093241051401474,54.84331192798709
767827,128.3397330127107,31.321006270959156,63.401337387348036
157220,118.50718452459547,28.92139622326437,58.543942803157094
609868,102.94065845334018,25.122422598731827,50.853895861148416
700710,109.25422018348938,26.663232306684908,53.972869603515434
1058349,107.47741593302932,26.22960745984644,53.09510740851745
