UE ID,Internet usage,Data rate,optimal GU
122630,106.9354656667264,2.546082515874438,16.500500582132148
700464,111.44339791379427,2.6534142360427206,17.19608962925686
41129,126.5034751152358,3.0119875027437097,19.519909992127015
37234,128.7235691483213,3.0648468844838406,19.86247793866296
69758,119.44072982943611,2.8438269007008596,18.43010473459915
1228144,113.41935965025236,2.700460944053628,17.500987144589256
534248,124.61754162939306,2.9670843245093588,19.228904137455796
