UE ID,Internet usage,Data rate,optimal GU
293021,111.36924003009736,41.10055286825022,67.65602218394062
464943,115.10001425986556,42.477386214950386,69.92244102620135
526016,111.0840881061236,40.99531822964086,67.48279441576202
1280745,106.12684987191686,39.165861262255035,64.47130740324462
446348,133.12286337448498,49.12867576915517,80.87119383431046
195737,110.05683489342671,40.616212877336054,66.8587453863535
827617,114.75776351704256,42.35107939319428,69.71452613118505
