UE ID,Internet usage
854577,0.4981676561232696
67378,0.5129779378066053
434620,0.5115582993294601
88639,0.3710056476550791
890825,0.4618653164808156
1054845,0.5181043571152615
371389,0.4894690695861025
