UE ID,Internet usage,Data rate,optimal GU
854577,119.17428742341264,113.49932135563108,116.30219579009785
67378,121.66241474628353,115.86896642503193,118.73035942599279
434620,121.42391548234345,115.64182426889852,118.49760797691549
88639,97.81107000083682,93.15340000079696,95.45383034899073
890825,113.07549436383637,107.69094701317749,110.35038319835937
1054845,122.52365319006778,116.68919351435026,119.57084208610792
371389,117.71292488557373,112.1075475100702,114.8760519828166
