UE ID,Internet usage
208077,0.78152466041773
1202049,0.7900605420314442
941217,0.786709829972534
514734,0.7875083370389452
391692,0.8024908397889364
70104,0.7316128449527004
1051519,0.8125677516852883
