UE ID,Internet usage,Data rate,optimal GU
208077,121.22183163479356,12.266494867806491,38.56121076437172
1202049,122.6558597463009,12.411604855280448,39.01738156713987
941217,122.09294012028214,12.354642750266644,38.838314298071474
514734,122.22708930708488,12.36821737035978,38.88098775875432
391692,124.7441497689744,12.6229199170986,39.68167603139159
70104,112.83664663694157,11.41799400492861,35.893845640121185
1051519,126.43707096775483,12.794227419356144,40.22020189157095
