UE ID,Internet usage,Data rate,optimal GU
710600,108.19058484596604,52.80730927005485,75.5860679892071
146878,120.03646908054944,58.58922895598246,83.86205441096719
531929,122.71948297994767,59.89879526402208,85.73651022710527
209639,127.24163160524355,62.106034473987926,88.89585569081231
723967,118.20157021898784,57.69362355926787,82.58012409974117
897958,113.95125911318733,55.61906694810334,79.61069469259162
83730,129.10478130686744,63.015428971209104,90.19752311613878
