UE ID,Internet usage
287190,0.5567651587050713
910138,0.5355056630406799
337030,0.6188619797203654
1112842,0.4743596220399684
164870,0.5236475147602371
1089110,0.5772490102887519
427577,0.5094941606410262
