UE ID,Internet usage,Data rate,optimal GU
856462,125.01888076370228,65.48608040003452,90.48202295049629
808271,109.6884570174986,57.45585843773736,79.38667683340347
354842,108.5057003866394,56.83631925014445,78.53066043040488
146362,116.7467912217148,61.15308111613632,84.49512408198568
1141532,94.07239408151412,49.276015947459776,68.08460024834112
774793,128.75016915897373,67.44056479755767,93.18253122695413
920298,119.42517994038978,62.556046635442264,86.43359951892035
