UE ID,Internet usage,Data rate,optimal GU
1092892,116.6716433024587,45.83528844025164,73.12782249982799
779102,115.5726732679173,45.403550212396084,72.43900657726284
176957,108.83543420749352,42.756777724372455,68.21621851836528
747910,124.19552190348367,48.7910978906543,77.84366298404625
681874,118.47961644755782,46.545563604397714,74.26102963994269
758653,126.4301245624857,49.668977506690815,79.24427432352586
877354,116.00335249919449,45.57274562468355,72.70894907132333
