UE ID,Internet usage
1283654,0.6886330583797513
738213,0.6738283475272019
421980,0.7241205258052117
571197,0.622211962971586
644500,0.6744063505018867
1280443,0.6892320730403017
967407,0.6680260927125234
