UE ID,Internet usage,Data rate,optimal GU
1283654,119.60269615006112,86.14241806046068,101.50303174248943
738213,117.11550472654774,84.35104804709688,99.39223091494138
421980,125.56459067753751,90.4364016189407,106.56270337989592
571197,108.44395212170392,78.10546551622723,92.0329580252919
644500,117.21260922640285,84.42098640711157,99.47464043787359
1280443,119.70333061297278,86.21489883434349,101.5884370336084
967407,116.14072591832102,83.6489752149812,98.56496691924347
