UE ID,Internet usage
33605,0.7290384111948883
1170840,0.7231964007761839
33189,0.6247499897065144
835625,0.7273407183772977
884114,0.6278812982336484
648143,0.6723635906895759
381728,0.713307006018931
