UE ID,Internet usage
32382,0.7438400830174848
885090,0.8294601817277063
63102,0.7821844376997666
622179,0.8066607553830054
89231,0.841840550153389
1135407,0.8567003258718723
726345,0.752024740727959
