UE ID,Internet usage
32382,0.2789806305637152
885090,0.36460072927792675
63102,0.317324985249987
622179,0.3418013029310092
89231,0.37698109769961924
1135407,0.3918408734220928
726345,0.28716528827640597
