UE ID,Internet usage
349002,0.9511723268641783
379736,1.0086856747602384
836118,0.9952059226630854
347743,1.0178243264984324
42500,0.9919673567679734
248881,1.0042645932005152
855402,0.9707722633522489
