UE ID,Internet usage
349002,1.0193462452647761
379736,1.0768595931608362
836118,1.0633798410636832
347743,1.0859982448990302
42500,1.060141275168571
248881,1.072438511601113
855402,1.0389461817528467
