UE ID,Internet usage,Data rate,optimal GU
215239,121.11432754061704,93.71942012071557,106.53996689232187
122172,122.41127914495198,94.72301362406998,107.68084909670391
1167286,138.83483940195842,107.43172096580115,122.12807100320143
429509,104.22150165175773,80.64759056386015,91.67994869742039
1263967,112.53307483922795,87.07916505416448,98.99134405582022
225829,114.65607099524648,88.72195969870263,100.85886827667584
242273,115.07859321669824,89.04891141768316,101.23054604923038
