UE ID,Internet usage
240979,0.6557125164797712
883225,0.6458062391237522
761848,0.6947140512235124
815402,0.7755763683499451
1182065,0.6676551780028428
17181,0.6705151978660966
1103859,0.719982079621671
