UE ID,Internet usage
240979,0.31378181939857436
883225,0.3038755420425553
761848,0.3527833541463055
815402,0.43364567126963494
1182065,0.3257244809220891
17181,0.3285845007871163
1103859,0.37805138254313425
