UE ID,Internet usage
214238,0.29062386719664957
71005,0.4444797718324447
245085,0.37400625370232055
1154475,0.32327461405425795
1038132,0.3623456253599511
719016,0.27914455226381246
980467,0.4548390051070559
