UE ID,Internet usage
704129,0.26903557380669885
435187,0.2621835628419452
1047825,0.2590008473089964
1201322,0.3376035029545297
323082,0.33899910021094093
989589,0.3685071618325024
1003279,0.32145339952906277
