UE ID,Internet usage,Data rate,optimal GU
704129,109.73587771655019,15.023364211194373,40.60298090006228
435187,108.58473987447023,14.865767959004854,40.17705249097769
1047825,108.050043664933,14.79256550174678,39.979211452705286
1201322,121.25528981345089,16.600426581603397,44.86523750276191
323082,121.48975015253455,16.632525318501756,44.951989336963535
989589,126.44710450489848,17.311210735789672,46.786242347667944
1003279,118.54207243798758,16.228974202819728,43.86132961442104
