UE ID,Internet usage
553461,0.8201902072842523
537806,0.8091336342677319
26176,0.8362208964163743
626642,0.8571682613689616
1156589,0.7891927861534335
834972,0.7428342166968842
402267,0.8764383146004189
