UE ID,Internet usage,Data rate,optimal GU
553461,115.08519219222346,87.68395595597978,100.45459135036283
537806,113.22768792528451,86.26871460974058,98.83322870141974
26176,117.77834796619925,89.73588416472323,102.80537043465833
626642,121.29750527828531,92.41714687869357,105.87714277086629
1156589,109.87762544220509,83.71628605120388,95.90905443255438
834972,102.08938577338962,77.78238916067781,89.11092151582967
402267,124.5348742208877,94.88371369210492,108.70295005314716
