UE ID,Internet usage,Data rate,optimal GU
1247742,124.55597298050007,54.122535878431584,82.10532940382171
1170678,108.30627039789198,47.06165320860783,71.39378220673913
863333,118.58777601552187,51.529212197220815,78.17118826204651
459714,115.83597898871356,50.33349087009578,76.35724714037967
836085,108.32969219690902,47.07183053794261,71.40922148658663
875855,112.1359799144064,48.72575317709326,73.91826621059813
302739,127.52359456547646,55.412038114760605,84.06153866420398
