UE ID,Internet usage,Data rate,optimal GU
141824,118.0872425113148,1.4058005060870808,12.884374462302553
623192,105.07213850399195,1.2508587917141898,11.464310193462552
79769,108.63883824432111,1.2933195029085847,11.853469039682498
123006,117.71213208015368,1.4013349057161153,12.843446558855808
82993,112.88062470632674,1.343816960789604,12.31628588596773
681387,114.51676145431756,1.3632947792180663,12.494803040609797
461210,111.52692982459524,1.3277015455308958,12.168585665410374
