UE ID,Internet usage
490312,0.6643884368535157
365729,0.7016302941088537
432265,0.6421009781618924
318307,0.6916389570185999
52092,0.594996577088181
1293470,0.5880959425929351
992544,0.6864154882869884
