UE ID,Internet usage
490312,0.7778730878338238
365729,0.8151149450891618
432265,0.7555856291377672
318307,0.8051236079944746
52092,0.7084812280640557
1293470,0.7015805935688098
992544,0.7999001392672966
