UE ID,Internet usage,Data rate,optimal GU
490312,117.67151017770443,70.04256558196693,90.78554107759093
365729,123.928142196208,73.76675130726667,95.61263747726687
432265,113.9272171168268,67.8138197123969,87.89675626492476
318307,122.24959756480462,72.76761759809798,94.31761217883474
52092,106.01367773662241,63.10337960513239,81.7913280828124
1293470,104.85437114141041,62.413316155601436,80.8969036264406
992544,121.37205481835815,72.24527072521319,93.64057325127662
