UE ID,Internet usage
134864,0.27312826464911605
922422,0.3413226195246348
451409,0.2630977211672405
51185,0.2925688198887335
19107,0.3115855385370238
291332,0.2618569292756381
709384,0.25966816169787327
