UE ID,Internet usage
134864,0.32876458100433054
922422,0.3969589358798493
451409,0.3187340375220116
51185,0.348205136243948
19107,0.3672218548922383
291332,0.31749324563040926
709384,0.31530447805308776
