UE ID,Internet usage,Data rate,optimal GU
134864,114.42566065474236,87.86256085989145,100.26829794711081
922422,125.88231227382062,96.65963263882654,110.30747055441688
451409,112.74052934973054,86.56862075068594,98.79166021739081
51185,117.69167393497412,90.3703924857837,103.13022236867566
19107,120.88648266790686,92.82354919142847,105.92975205532777
291332,112.53207631197147,86.40855859669237,98.6089981188859
709384,112.16436335897083,86.12620757920973,98.2867806047417
