UE ID,Internet usage,Data rate,optimal GU
720622,118.70565005337488,68.53838128081763,90.19918571442604
1282338,110.545107780849,63.82663961156162,83.99834971682172
166807,108.8888817542392,62.870366250959535,82.7398566384209
565149,118.61581110673423,68.48650998424536,90.13092106292221
1212258,122.45496613101533,70.70316496850289,93.04812556722253
29955,124.49233493083608,71.87950290649464,94.59623222146502
1212425,111.58772531427026,64.42862711597746,84.79058877607372
