UE ID,Internet usage,Data rate,optimal GU
720622,118.70565005337488,115.17274380178634,116.92585437541969
1282338,110.545107780849,107.25507481118086,108.88766599135556
166807,108.8888817542392,105.64814122583921,107.25627234570278
565149,118.61581110673423,115.08557863331951,116.83736241579162
1212258,122.45496613101533,118.81047309140178,120.61895563474886
29955,124.49233493083608,120.78720591503738,122.62577744558726
1212425,111.58772531427026,108.26666206086935,109.91465119237387
