UE ID,Internet usage
60432,1.0104778546269937
774861,1.009427064028328
1033600,1.0082766338530227
436250,1.0674574682723654
676205,0.9868173577692008
9307,0.976233269116514
596934,0.9886437538777065
