UE ID,Internet usage
731887,0.22625984453365977
713576,0.20351814710992244
691157,0.2883202250882286
792555,0.30447343870069843
1097066,0.23797485887468478
704785,0.25263839883677425
1000631,0.27577665301329857
