UE ID,Internet usage,Data rate,optimal GU
731887,104.93746433097735,81.20160930373247,92.30975560539841
713576,101.11685916384401,78.24518863868882,88.9489051075206
691157,115.36360826418789,89.26945877585968,101.481263650855
792555,118.07734815104516,91.3693765454516,103.8684441238109
1097066,106.90558674027575,82.72456116807052,94.04104289885566
704785,109.36906145389565,84.63082136313353,96.20807399879813
1000631,113.25628815555663,87.63879440608548,99.62752909141732
