UE ID,Internet usage,Data rate,optimal GU
731887,104.93746433097735,2.4985110554994607,16.192202282797336
713576,101.11685916384401,2.40754426580581,15.602670106626183
691157,115.36360826418789,2.7467525777187594,17.80099121887866
792555,118.07734815104516,2.811365432167742,18.219730374346486
1097066,106.90558674027575,2.5453711128637084,16.49589016368754
704785,109.36906145389565,2.604025272711801,16.876012564546
1000631,113.25628815555663,2.696578289418015,17.47582466667438
