UE ID,Internet usage,Data rate,optimal GU
1261060,110.70735474517184,110.70735474517184,110.70735474517184
137104,120.42292494430686,120.42292494430686,120.42292494430686
1261047,113.59000288014703,113.59000288014703,113.59000288014703
503251,123.5136564590165,123.5136564590165,123.5136564590165
539630,116.9896045943839,116.9896045943839,116.9896045943839
993938,119.3951280394042,119.3951280394042,119.3951280394042
998157,123.09480347941775,123.09480347941775,123.09480347941775
