UE ID,Internet usage
544847,0.7637155648285817
809816,0.6535807567281248
902201,0.6985787570722155
403126,0.6804515469617187
739629,0.792983014270571
293117,0.7632069297120512
382637,0.7309037671681862
