UE ID,Internet usage,Data rate,optimal GU
544847,123.40951627447187,32.321539976647394,63.15683346847006
809816,104.90686851314732,27.47560842011001,53.68780159260764
902201,112.46653257118022,29.455520435309104,57.556583015661694
403126,109.42116127254712,28.657923190429006,55.998064566163364
739629,128.326447780273,33.60930775197627,65.67315338983737
293117,123.32406557421955,32.29916003134321,63.1131026784263
382637,117.89713426700084,30.8778208794526,60.33578203767003
