UE ID,Internet usage
818640,1.032380982888617
36185,1.044590654271422
843616,0.9727632736467511
668173,1.0585347038034856
282325,1.0694795500013767
604909,1.0072011674598913
478692,1.021490890826177
