UE ID,Internet usage,Data rate,optimal GU
818640,119.22166149583147,87.2872878808766,102.01242810865284
36185,121.27288628802793,88.78907746087759,103.76756571555445
843616,109.20588634354422,79.95430964438059,93.44239536581225
668173,123.61548660965747,90.50419555349922,105.77201980467899
282325,125.45422077084558,91.85041163579766,107.34533906626037
604909,114.99145250358747,84.19017058298367,98.39283511446396
478692,117.39212602939966,85.94780655723903,100.44697974213992
