UE ID,Internet usage
328628,0.9792068023124688
693492,0.9901754701152051
1216747,0.9364755828752604
771868,1.019367150109329
559022,0.8598230355154481
242080,0.9920273854389873
112506,0.8668182049187729
