UE ID,Internet usage,Data rate,optimal GU
328628,122.63277095131275,110.9534594321401,116.64703243888121
693492,124.47550714245841,112.62069693841474,118.39982418123047
1216747,115.45392608600714,104.45831407781597,109.81858892104326
771868,129.37970938181218,117.05783229783006,123.06465099108745
559022,102.57629812997942,92.80712687950518,97.56952144690959
242080,124.78662891679484,112.90218806757628,118.69576001813554
112506,103.75148658951322,93.87039262860719,98.68734864185622
