UE ID,Internet usage,Data rate,optimal GU
328628,122.63277095131275,93.43449215338114,107.04265820315663
693492,124.47550714245841,94.83848163234927,108.6511302187299
1216747,115.45392608600714,87.96489606552925,100.77644867980273
771868,129.37970938181218,98.5750166718569,112.93186888257954
559022,102.57629812997942,78.15337000379384,89.53593346456911
242080,124.78662891679484,95.07552679374845,108.9226995675386
112506,103.75148658951322,79.04875168724817,90.56172204964574
