UE ID,Internet usage,Data rate,optimal GU
163911,116.44367976822507,116.44367976822507,116.44367976822507
44991,115.8825719924147,115.8825719924147,115.8825719924147
66639,118.02769716990912,118.02769716990912,118.02769716990912
60226,112.43603256226791,112.43603256226791,112.43603256226791
732183,127.9627067507202,127.9627067507202,127.9627067507202
611675,121.65049945530349,121.65049945530349,121.65049945530349
215630,121.67310944835388,121.67310944835388,121.67310944835388
