UE ID,Internet usage,Data rate,optimal GU
163911,116.44367976822507,106.0469226460621,111.12377738811703
44991,115.8825719924147,105.53591377880623,110.58830465405364
66639,118.02769716990912,107.4895099225958,112.63542660320543
60226,112.43603256226791,102.39710108349398,107.29922549443481
732183,127.9627067507202,116.53746507654874,122.11654052200588
611675,121.65049945530349,110.78884771822281,116.09271578785365
215630,121.67310944835388,110.8094389618937,116.1142928098052
