UE ID,Internet usage
146832,0.5189436860619078
75519,0.4446627849090779
571040,0.4144347948351535
115244,0.43868377081276677
642422,0.4651800276902797
377083,0.4768153244779602
1058852,0.48299600601193626
