UE ID,Internet usage,Data rate,optimal GU
146832,123.57643424003011,28.687386520006992,59.54061583329459
75519,111.09724284590033,25.790431374941146,53.52799097259642
571040,106.0189405136561,24.61153976209874,51.08120368577299
115244,110.09276847791199,25.55724982522957,53.04402311232771
642422,114.54413963332041,26.590603843449383,55.18874739997614
377083,116.49886949346363,27.04438041812549,56.13055981248347
1058852,117.53722399146244,27.285426998018067,56.63085152784431
