UE ID,Internet usage
566543,0.7394522683905771
270381,0.7879443119808829
728434,0.8897498837395276
839236,0.7544659342363138
235773,0.8513009762743023
607809,0.7996363364114417
736306,0.8058732838683711
