UE ID,Internet usage,Data rate,optimal GU
566543,105.6220503715389,16.97497238114018,42.343020533451195
270381,113.76871369515679,18.2842575581502,45.60895156941997
728434,130.87204975026586,21.03300799557844,52.46553982182096
839236,108.14434623417732,17.38034135906421,43.354188420530164
235773,124.41263329604817,19.99488749400774,49.87601232644531
607809,115.7329737990287,18.59994221770104,46.396407461619724
736306,116.78078097219793,18.768339799103238,46.81646483119866
