UE ID,Internet usage,Data rate,optimal GU
566543,105.6220503715389,18.23237774270612,43.88326697424692
270381,113.76871369515679,19.638647006902065,47.2679977224389
728434,130.87204975026586,22.59100858784351,54.373997460338884
839236,108.14434623417732,18.667774052328227,44.931216548590974
235773,124.41263329604817,21.475990271341647,51.69027473614283
607809,115.7329737990287,19.977715715308527,48.084097677342825
736306,116.78078097219793,20.158587191629405,48.51943482291017
