UE ID,Internet usage,Data rate,optimal GU
566543,105.6220503715389,1.2574053615659393,11.524310497238467
270381,113.76871369515679,1.3543894487518666,12.413184338709884
728434,130.87204975026586,1.5580005922650697,14.279311293681424
839236,108.14434623417732,1.2874326932640157,11.79951553808643
235773,124.41263329604817,1.4811027773339067,13.574531178283905
607809,115.7329737990287,1.3777734976074845,12.627502686580714
736306,116.78078097219793,1.3902473925261658,12.741827821932278
