UE ID,Internet usage
683912,0.8991508493073216
607811,0.7761421612676671
282863,0.7585580079430231
484711,0.8060171965980069
920144,0.8520756802720533
142657,0.7834861833390573
347985,0.824849144658227
