UE ID,Internet usage,Data rate,optimal GU
683912,128.35058005164873,75.63516324472157,98.52825521017387
607811,107.68512046149173,63.45730312909334,82.66442603452717
282863,104.7309827023938,61.71647194962492,80.39668373887656
484711,112.70412639694446,66.41493162677084,86.51726329876601
920144,120.44195165390764,70.97472151033843,92.45720078391807
142657,108.91891616955756,64.18436131420356,83.6115486603276
347985,115.86789367094796,68.27929448466577,88.94592758118046
