UE ID,Internet usage
1012662,0.7189840108326677
795337,0.6997000157697784
691683,0.6952583831002893
773992,0.6781942717794703
814581,0.6889733261783418
569876,0.8252405947168178
464121,0.6949785584366711
