UE ID,Internet usage
962152,0.7493639395104844
1271462,0.7174319154627196
1135562,0.7041461181248905
1224071,0.6585547691058175
1058893,0.7188661096377912
183471,0.7125523681620957
225388,0.8051764497817127
