UE ID,Internet usage
730094,0.6050260647243861
715998,0.5150346916495936
279037,0.6018053745038302
22600,0.5769896215276983
880982,0.6603618104754373
888812,0.6849642248656029
130355,0.6244480421657074
