UE ID,Internet usage
505766,0.3712689881299835
1080813,0.35781709541998674
318458,0.3138006983059162
452599,0.47033097099707416
473483,0.4396355781726929
235814,0.4194536097612427
1116088,0.3270228380057415
