UE ID,Internet usage,Data rate,optimal GU
505766,118.87217944614711,117.45703445274061,118.16248844992418
1080813,116.6122614708588,115.22402026287239,115.91606264283483
318458,109.21750675568482,107.91729834192668,108.56545611157644
452599,135.5145925678587,133.90132360871755,134.70554299334663
473483,130.3577665732833,128.80588839979185,129.57950429479365
235814,126.96719588019826,125.45568164352925,126.2091759957166
1116088,111.43882622529667,110.11217353213839,110.77351385388874
