UE ID,Internet usage,Data rate,optimal GU
505766,118.87217944614711,4.24543498021954,22.464730329910644
1080813,116.6122614708588,4.164723623959243,22.03764597662368
318458,109.21750675568482,3.900625241274458,20.640168692147064
452599,135.5145925678587,4.839806877423525,25.609850782485427
473483,130.3577665732833,4.655634520474403,24.635302272765436
235814,126.96719588019826,4.534542710007081,23.99454464015923
1116088,111.43882622529667,3.979958079474881,21.05995861350555
