UE ID,Internet usage,Data rate,optimal GU
505766,118.87217944614711,25.472609881317236,55.027126517506275
1080813,116.6122614708588,24.988341743755456,53.98098777482667
318458,109.21750675568482,23.403751447646748,50.55788150072872
452599,135.5145925678587,29.038841264541148,62.7310668059058
473483,130.3577665732833,27.93380712284642,60.34392022750205
235814,126.96719588019826,27.207256260042485,58.77439097882312
1116088,111.43882622529667,23.879748476849283,51.58615260722009
