UE ID,Internet usage
209984,1.0407740547178324
1104297,1.0604046089583012
384915,1.1092556630239967
422781,0.9816400926804086
189744,1.0402747082606012
1189752,1.0629780836580585
399791,0.9665592613023117
