UE ID,Internet usage
197843,0.7579787701906243
1236412,0.6569666114124356
1075456,0.6016314330965301
1214039,0.6257591516686288
827412,0.7503863826559473
193327,0.7306450477137117
793090,0.7204670281447051
