UE ID,Internet usage
1009605,1.0108254046636465
1122451,1.1404456546454829
353376,1.082058635695851
458349,1.0536728453170652
592750,1.018337504394603
1246026,1.0628840264834667
1003694,1.0087471891235649
