UE ID,Internet usage,Data rate,optimal GU
1009605,113.58184625998658,12.169483527855704,37.17838628994467
1122451,135.35804825678483,14.50264802751266,44.30632157558585
353376,125.54902907355081,13.451681686451872,41.09556636841129
458349,120.78021628991604,12.94073745963386,39.53460597154847
592750,114.84387901459749,12.304701322992587,37.591483477624536
1246026,122.32769472582324,13.106538720623917,40.041137190752515
1003694,113.23270604872532,12.132075648077713,37.0641033294977
