UE ID,Internet usage
294140,0.664508408679046
208958,0.6209927683771851
1251177,0.6684224884833522
781921,0.6738132604379438
888198,0.6922591506074253
891302,0.7338918317491182
598225,0.6874252034484938
