UE ID,Internet usage,Data rate,optimal GU
294140,119.9602740694041,15.70908350908863,43.41043610849157
208958,112.64964649895883,14.751739422482704,40.76491421783482
1251177,120.61783947674571,15.795193264811939,43.6483915593606
781921,121.52348916535954,15.9137902478447,43.97612212057538
888198,124.62239871354073,16.319599831535097,45.09753515493944
891302,131.61668914527465,17.235518816643108,47.62858303946957
598225,123.8102955906021,16.213252994007416,44.803656610518665
