UE ID,Internet usage
262487,0.7021740156038151
692235,0.5638265968281068
1181764,0.5746436789978573
470425,0.5896142106751152
1193391,0.5855449880813713
1210706,0.6746706805506119
79570,0.5925035253808303
