UE ID,Internet usage,Data rate,optimal GU
262487,132.27320325399756,33.8556413090589,66.91931054761088
692235,109.03083690002171,27.906702301791274,55.160593788356415
1181764,110.84810670421746,28.37183683500804,56.07998214052514
470425,113.36315602622638,29.015569697188894,57.35238926820983
1193391,112.67952663023668,28.840593125596293,57.00652928505162
1210706,127.6526429654659,32.6729979018752,64.58168885821655
79570,113.84856089689383,29.139810229562112,57.59796402169292
