UE ID,Internet usage
895720,0.72321916762288
1025180,0.7285662777018439
317288,0.6509635557571195
17538,0.6076023395009008
814037,0.653498784281766
125066,0.6350227017079235
1295919,0.7397316566846425
