UE ID,Internet usage
311170,0.24844058396129837
556440,0.2983298749660782
851585,0.32768560446421524
658820,0.33032541245442437
507269,0.3294303320439878
720570,0.3112508019024039
438685,0.3056296289505563
