UE ID,Internet usage
1084295,0.6311494294594291
882890,0.6530111007381768
233599,0.7416245598320734
643226,0.6023055406231022
768185,0.6169831724661785
1041289,0.6703179105569258
68840,0.6924488251306036
