UE ID,Internet usage,Data rate,optimal GU
1084295,111.78710998950675,93.15592499125563,102.0472029659399
882890,115.45987076370854,96.21655896975712,105.399959506524
233599,130.34693189143402,108.62244324286169,118.9899248308799
643226,106.94133666471966,89.11778055393304,97.62363736836873
768185,109.40717881418308,91.17264901181925,99.87463298254897
1041289,118.3674148133754,98.63951234447951,108.05417194476144
68840,122.08540846175248,101.73784038479374,111.4482202612232
