UE ID,Internet usage
98557,0.5530876594157212
629745,0.46567718235112143
119930,0.48985177851885675
7186,0.4629556237702129
469153,0.46461979301682654
567011,0.5005238714592647
1122383,0.594071816047659
