UE ID,Internet usage
256053,0.37972745538252106
128890,0.3894627128122522
1155040,0.47237819645171675
1299597,0.47380682692052956
475346,0.4435654149961772
617553,0.43226538871406783
873194,0.3963305044733785
