UE ID,Internet usage
256053,0.568995294936328
128890,0.5787305523669458
1155040,0.661646036005967
1299597,0.6630746664747798
475346,0.6328332545504275
617553,0.6215332282705348
873194,0.5855983440271855
