UE ID,Internet usage
256053,0.2310084469852354
128890,0.24074370441496656
1155040,0.3236591880548744
1299597,0.3250878185219138
475346,0.2948464065975615
617553,0.28354638031678214
873194,0.24761149607609287
