UE ID,Internet usage,Data rate,optimal GU
256053,104.59098090143031,83.42375857614084,93.40970367131393
128890,106.2265041496069,84.72828307171025,94.87038164414696
1155040,120.15630540107692,95.8389578794304,107.3110203673499
1299597,120.39631531955244,96.03039436202397,107.52537207501868
475346,115.31575811626782,91.97804516416599,102.98795079113926
617553,113.41735370111863,90.4638416425589,101.2924949082413
873194,107.38029314870015,85.64856715432035,95.90082506838536
