UE ID,Internet usage,Data rate,optimal GU
950030,111.40842270959845,74.27228180639896,90.96459622893796
1200975,116.71576989656076,77.81051326437384,95.29802706088907
257404,122.97695913405965,81.98463942270644,100.4102666658484
44640,116.18591262544116,77.45727508362744,94.86540041064022
802485,107.55044757049654,71.70029838033103,87.81457271855709
851868,117.0425029050574,78.02833527003827,95.56480344520281
639723,112.40801429218793,74.93867619479195,91.7807593384464
