UE ID,Internet usage
51520,0.6865838392588596
1186035,0.7161944828137804
308544,0.6629146271753483
1008032,0.5893906223191148
139604,0.6577214100344343
451900,0.5663040111329737
484821,0.6299325562196433
