UE ID,Internet usage
583249,0.7272193083060595
198647,0.6175761446185257
920875,0.7416822499423172
247873,0.7802230316747788
696478,0.782313749519322
737303,0.715744854510624
434244,0.7749544348690339
