UE ID,Internet usage
583249,0.5309513114033594
198647,0.4213081477158257
920875,0.5454142530396172
247873,0.5839550347765122
696478,0.5860457526210554
737303,0.5194768576079241
434244,0.578686437966334
