UE ID,Internet usage,Data rate,optimal GU
909417,114.89561319179093,81.38439267751858,96.69906773555263
854865,123.25190371084616,87.30343179518269,103.73193418251817
467075,107.1523020144715,75.89954726025064,90.18210027933497
356090,112.56184892915756,79.73130965815326,94.73491242759941
202512,115.01535097133456,81.46920693802863,96.79984209353674
1244226,117.73958201330285,83.39887059275618,99.09262416533659
374216,113.96838112610209,80.72760329765563,95.91868566668329
