UE ID,Internet usage,Data rate,optimal GU
909417,114.89561319179093,19.833171324773435,47.736195710358906
854865,123.25190371084616,21.275626235800825,51.20802120960032
467075,107.1523020144715,18.49652832392663,44.519047487391425
356090,112.56184892915756,19.430319160390294,46.76657620541799
202512,115.01535097133456,19.853840346242276,47.78594370264019
1244226,117.73958201330285,20.324094514201086,48.91779219160343
374216,113.96838112610209,19.673113408672386,47.35095444546608
