UE ID,Internet usage
1020318,0.3081086505355347
1020228,0.30243283962502915
138149,0.4511040613374081
359379,0.3612560839222395
355871,0.266498970370601
1214176,0.31748303001687633
488717,0.3591051756830108
