UE ID,Internet usage,Data rate,optimal GU
902112,119.56786643259639,49.819944346915165,77.18072590583311
6975,118.16065311484637,49.23360546451932,76.27237361513193
1027984,116.90932866338842,48.71222027641184,75.46464715493212
746198,110.40109394354224,46.00045580980927,71.2635997077366
550064,101.13413117994456,42.1392213249769,65.2818009655136
616152,118.2419438621775,49.267476609240624,76.32484656690096
39688,112.12664833801483,46.719436807506185,72.3774402798645
