UE ID,Internet usage
1224796,0.26332620528620115
1080119,0.2901706446017161
309494,0.28619083945038487
1185401,0.3442839847027726
28911,0.2721269241453958
366816,0.29516693807741357
112126,0.278265104179135
