UE ID,Internet usage,Data rate,optimal GU
1224796,110.45530870496584,21.69657849561829,48.95408333913568
1080119,114.96517451000608,22.58244499303691,50.95286772584151
309494,114.29656724457003,22.45111142304054,50.65653922722009
1185401,124.05621564702172,24.368185216379267,54.98204106915014
28911,111.93382947330346,21.987002217970325,49.609367632488876
366816,115.80455181391613,22.74732267773353,51.32488195467635
112126,112.96504371903771,22.189562159096692,50.0664044985124
