UE ID,Internet usage
258631,0.9855593725873636
906406,1.0483920674977798
757573,1.0248960951287582
1273955,0.9598744785291107
1063825,1.0754657512900305
709411,1.0148401979596071
1247142,1.110794647786948
