UE ID,Internet usage,Data rate,optimal GU
258631,109.33715287092807,22.1277571286402,49.187254079333414
906406,119.89304561575969,24.264068755570413,53.936009327123315
757573,115.94572225782608,23.46520569503623,52.16023602553414
1273955,105.02209066919738,21.2544707306709,47.24604694789101
1063825,124.44142449332061,25.1845740046006,55.98217809615798
709411,114.25633153371152,23.12330519134638,51.400233696916835
1247142,130.3766791041785,26.385756485369456,58.65225746903533
