UE ID,Internet usage
916776,0.5651174679334898
1038812,0.5305326940139121
8701,0.5261833316281013
940152,0.485280602258779
1061386,0.5405247162558362
919634,0.4523979085490234
662435,0.4962681075561554
