UE ID,Internet usage,Data rate,optimal GU
916776,125.93678967567776,35.23231615926699,66.61114613889022
1038812,120.12654765730443,33.606831785079216,63.53796251093775
8701,119.39585477671432,33.40241175300936,63.15148060698435
940152,112.52419624240261,31.479983472576922,59.516886998362374
1061386,121.80520739441769,34.076456830581144,64.42584800773567
919634,106.99990369938355,29.934496868279922,56.594949264006324
662435,114.37009713257955,31.996396221614518,60.49323056143186
