UE ID,Internet usage
562039,0.938182244901104
279492,1.0102928788516439
232344,0.9859760578953854
1124674,1.0097366974181106
325180,1.0275211516871716
845729,0.9871741331069557
183558,0.9938457923231008
