UE ID,Internet usage,Data rate,optimal GU
562039,104.34182264892563,8.69515188741047,30.120889697046703
279492,116.45640915261856,9.704700762718213,33.61806958656076
232344,112.37118323225307,9.364265269354423,32.43876644414904
1124674,116.36297067231294,9.696914222692746,33.5910962206822
325180,119.3507589896283,9.945896582469025,34.45359641532402
845729,112.57245986769763,9.381038322308136,32.49687000397679
183558,113.69329861611897,9.474441551343247,32.8204282805364
