UE ID,Internet usage
647242,0.6481941756715613
193591,0.6693307896840202
581641,0.6141050706008098
97360,0.7345776361848999
359925,0.6938973880634469
437373,0.7862220166002801
357718,0.6831598034600738
