UE ID,Internet usage,Data rate,optimal GU
647242,114.2931344191276,46.94182306499883,73.24703470753485
193591,117.84408557305755,48.400249431791494,75.52273257634
581641,108.56616476743109,44.58967481519491,69.57679198491853
97360,128.80555578571477,52.90228184056142,82.54760938274373
359925,121.97127410120028,50.09534472013583,78.16772365915361
437373,137.4818116952628,56.465744089125785,88.10796102563087
357718,120.16735988806596,49.35445138259852,77.01164925756864
