UE ID,Internet usage
614437,0.6441552813890804
773815,0.7129408554369218
678367,0.5872346893026827
998756,0.7329981093755986
1083703,0.7141369817244531
677938,0.6777403600569635
585932,0.610740330342751
