UE ID,Internet usage
909972,0.7311168000511832
1211387,0.6831087292472798
258287,0.6617853690165955
1039006,0.6755287097239321
534413,0.6100868842874034
880501,0.6999550792598698
954441,0.6893731916029467
