UE ID,Internet usage,Data rate,optimal GU
909972,123.18347335663401,33.72880818098312,64.45798433020656
1211387,115.11811746088041,31.520436923812497,60.23764072582623
258287,111.53579294258296,30.53956235332629,58.363124515379596
1039006,113.84467418124264,31.17175602581644,59.571288456909
534413,102.85044750786503,28.16143205572495,53.8183601514729
880501,117.94830426309576,32.29536902441908,61.718587248746545
954441,116.17054713663734,31.80860219217451,60.78834362208395
