UE ID,Internet usage
971836,0.3519219368234493
850821,0.336387196331921
1061823,0.3604008643584453
727188,0.385505422570225
587965,0.29160769229769845
76926,0.30213287974627234
258161,0.3415884196697405
