UE ID,Internet usage
971836,0.8101256632750937
850821,0.7945909227813487
1061823,0.8186045908083164
727188,0.8437091490192093
587965,0.7498114187466827
76926,0.7603366061992467
258161,0.7997921461222716
