UE ID,Internet usage
670486,0.7571530092039683
927174,0.8561927327319022
1290049,0.8161204683152155
1257547,0.8775667302339146
1233174,0.816550471395712
481521,0.781464352679815
492198,0.9224049842354219
