UE ID,Internet usage,Data rate,optimal GU
670486,100.65268235748037,54.5202029436352,74.07836842797687
927174,117.2913559104207,63.532817784811215,86.32410059068208
1290049,110.5592154880272,59.8862417226814,81.36937939658885
1257547,120.88218749075298,65.47785155749119,88.96688107641148
1233174,110.63145600560155,59.92537200303417,81.42254697792855
481521,104.73698806188638,56.73253520018845,77.08433603516791
492198,128.41501416312818,69.55813267169442,94.51089139457096
