UE ID,Internet usage
360700,0.940923682970947
1221774,0.9901957940735756
351323,0.9552329793429137
60143,1.0188122035732126
253086,1.0938667715974089
1083648,0.9792608299988173
384980,1.0483105082917519
