UE ID,Internet usage,Data rate,optimal GU
360700,102.9080652975357,67.38028084957695,83.27048901882682
1221774,111.1857799632508,72.80021307117612,89.96859714261173
351323,105.31202708803364,68.95430345049822,85.21571141999203
60143,115.99333675941145,75.9480181162813,93.85874515233888
253086,128.60250418719536,84.20402059875886,104.06175047360375
1083648,109.3487059984693,71.59736702280728,88.48208540061346
384980,120.94905195177148,79.19283163508847,97.86877902395742
