UE ID,Internet usage,Data rate,optimal GU
253362,121.71005810245323,83.31343262965548,100.69797776554498
393601,113.1343595780988,77.44316280643667,93.60279177358255
304908,133.47248929143848,91.36509683640134,110.42973743112775
507830,118.51422966018347,81.12581196976845,98.05387861351532
475972,128.26230505740327,87.79860167619867,106.11904179649396
1206505,132.48759103794546,90.69091053192696,109.61487246451934
65588,117.14943210984124,80.19157555137942,96.92470033916808
