UE ID,Internet usage
753006,0.7231650744192522
358628,0.6633656667201698
702511,0.6833931404041919
581836,0.6648923658804522
101391,0.6969381911459184
742882,0.6895163309201194
1172688,0.7627062080924362
