UE ID,Internet usage
1242023,0.7563257185808074
962550,0.7634115627593513
1050064,0.752549368090119
265981,0.7471416511672195
8432,0.7997602347338969
45450,0.8039122125144068
1208657,0.6955345083873443
