UE ID,Internet usage,Data rate,optimal GU
1242023,113.43852572023528,70.22384925538374,89.25295474061782
962550,114.62894754215793,70.96077704990729,90.18957362137039
1050064,112.80409883716919,69.83110880396188,88.75379033839192
265981,111.89560239458044,69.26870624426408,88.03898915988964
8432,120.73552443359962,74.74103893508548,94.99420262594784
45450,121.43305670100277,75.17284462443028,95.54301807905229
1208657,103.2256024071536,63.901563394904606,81.21746964907207
