UE ID,Internet usage,Data rate,optimal GU
351463,109.2662150343956,101.46148538908163,105.29155939690789
346358,112.68314273336162,104.6343468238358,108.58419331542852
848982,124.90977300960411,115.98764636606096,120.366069053961
584334,115.23680548243317,107.00560509083081,111.04496431348038
1246924,125.57280234935412,116.6033164672574,121.00498011248175
875921,119.2903383677906,110.76959991294842,114.95104633921522
1041938,113.71146154778151,105.58921429436855,109.57510611947656
