UE ID,Internet usage
10869,0.9121351321754223
403808,0.8366135958785758
1273588,0.8847413069581233
980713,0.8808587853394166
703845,0.9184447427064099
941674,0.9659865743734268
447231,0.8959933736984161
