UE ID,Internet usage,Data rate,optimal GU
10869,117.98857732688205,77.25442563069657,95.47324113264041
403808,105.30095922855436,68.94705663774393,85.20675560036247
1273588,113.38641469007479,74.24110485659658,91.74929265296483
980713,112.73415105824864,73.81402747861517,91.22149814595197
703845,119.04859189607777,77.94848278909853,96.33097693098432
941674,127.03561961597252,83.17808427236295,102.7938688541744
447231,115.27676190227552,75.47883219791849,93.27891170002606
