UE ID,Internet usage
984414,1.0614126807879012
199725,1.0293995552949777
201757,1.113930094547354
711319,1.0363334422567456
789702,1.0262676784814788
385222,1.0566663143996613
236717,1.0415862674777103
