UE ID,Internet usage
984414,0.6970445611887945
199725,0.6650314356958711
201757,0.7495619749482475
711319,0.6719653226532056
789702,0.6618995588779388
385222,0.6922981947961213
236717,0.6772181478741702
