UE ID,Internet usage
1295367,0.5989380434078595
1095125,0.4838288900675272
339758,0.42782011860441066
16870,0.43159834050631785
277136,0.513772108279065
22543,0.4590016996444441
407168,0.3875521676552612
