UE ID,Internet usage,Data rate,optimal GU
447354,105.91354997773536,80.06560028078803,92.08708898014218
199046,113.13899838485425,85.52769520759814,98.36929282023304
1071583,120.12239880790221,90.80681338454512,104.44104677689266
183280,122.85289333895312,92.8709372264705,106.81508950224304
1057673,111.40433592634828,84.21637299194185,96.86108148938321
4668,105.13636910001465,79.4780885458444,91.41136500851272
476608,120.32379609655769,90.95906014442157,104.61615270096634
