UE ID,Internet usage
716680,1.0700632886596368
644176,1.1649014158545017
588894,1.035067732482158
761695,1.1133607133859451
916145,1.0461406918366394
866401,1.0216778861191265
746698,1.1100736254283317
