UE ID,Internet usage,Data rate,optimal GU
716680,120.94722230575938,97.9096561522814,108.82049875152401
644176,136.88002767463408,110.80764145089425,123.15580793596108
588894,115.06796886800676,93.15026051219594,103.53072624426085
761695,128.22118965932955,103.79810591469536,115.36514475684295
916145,116.92822603927907,94.65618298417829,105.20446549452814
866401,112.81847467919522,91.32924140696755,101.50677666610282
746698,127.66895888258445,103.35106195256836,114.86828317204835
