UE ID,Internet usage,Data rate,optimal GU
716680,120.94722230575938,48.234904133844516,76.37982504020997
644176,136.88002767463408,54.589058655955256,86.44160953822747
588894,115.06796886800676,45.89020186997888,72.6669960857147
761695,128.22118965932955,51.135831590327854,80.97343490757301
916145,116.92822603927907,46.632090146617244,73.84177393147932
866401,112.81847467919522,44.99308216372666,71.24640973991143
746698,127.66895888258445,50.915596697221176,80.62469361938551
