UE ID,Internet usage
351655,0.8195008049310314
655228,0.7850988541420648
199594,0.7163535946034691
1091675,0.7839195874703809
1010853,0.8423223230745529
1164815,0.831720080890736
862489,0.7263591803542164
