UE ID,Internet usage,Data rate,optimal GU
351655,120.056638394255,79.32313608191848,97.58723822757342
655228,114.27711066165762,75.50451954430949,92.88938763615758
199594,102.72790705928392,67.8737957355983,83.50169447434803
1091675,114.07899386068974,75.37362094367,92.72834971512695
1010853,123.89065344241006,81.85632459587806,100.7036918021249
1164815,122.1094767550735,80.67947571317356,99.25587420505289
862489,104.4088454650561,68.98441575369777,84.8680340524335
