UE ID,Internet usage,Data rate,optimal GU
351655,120.056638394255,22.867931122715238,52.39701267843953
655228,114.27711066165762,21.767068697458594,49.874619981703916
199594,102.72790705928392,19.567220392244558,44.83413429367209
1091675,114.07899386068974,21.729332163940903,49.78815472104888
1010853,123.89065344241006,23.5982197033162,54.070314028322414
1164815,122.1094767550735,23.258947953347334,53.29294479062619
862489,104.4088454650561,19.88739913620116,45.5677559587206
