UE ID,Internet usage,Data rate,optimal GU
351655,120.056638394255,105.04955859497313,112.30270196977806
655228,114.27711066165762,99.99247182895041,106.89644881159359
199594,102.72790705928392,89.88691867687344,96.09315806904915
1091675,114.07899386068974,99.81911962810352,106.71112751364721
1010853,123.89065344241006,108.40432176210881,115.88909465126102
1164815,122.1094767550735,106.84579216068931,114.22295642393041
862489,104.4088454650561,91.3577397819241,97.66553196971653
