UE ID,Internet usage,Data rate,optimal GU
351655,120.056638394255,82.18162747225789,99.33000519524923
655228,114.27711066165762,78.22540313149182,94.54825778516634
199594,102.72790705928392,70.31969828462887,84.99291399769889
1091675,114.07899386068974,78.08978746416261,94.38434395972021
1010853,123.89065344241006,84.8061020587926,102.50211412438054
1164815,122.1094767550735,83.58684420734198,101.02844059850858
862489,104.4088454650561,71.47034064572293,86.38365442497906
