UE ID,Internet usage,Data rate,optimal GU
351655,120.056638394255,12.863211256527322,39.29775950882965
655228,114.27711066165762,12.243976142320458,37.40596498627793
199594,102.72790705928392,11.006561470637562,33.62560072025407
1091675,114.07899386068974,12.222749342216757,37.34111604078666
1010853,123.89065344241006,13.273998583115363,40.552735521241814
1164815,122.1094767550735,13.083158223757874,39.96970859296964
862489,104.4088454650561,11.186662014113153,34.175816969040454
