UE ID,Internet usage,Data rate,optimal GU
716995,113.21978089043138,3.3696363360247434,19.532267857193577
49383,103.78339385944243,3.0887914839119768,17.904336433515997
831006,100.66481870696406,2.9959767472310728,17.36633110677946
961170,121.80768347381174,3.6252286748158253,21.013821807138083
1215788,116.20721930317218,3.458548193546791,20.047649947015785
1144618,109.79720071609624,3.2677738308361977,18.94181668159442
151676,97.63473758325907,2.9057957614065195,16.84359245040891
