UE ID,Internet usage,Data rate,optimal GU
716995,113.21978089043138,60.65345404844538,82.86839432264169
49383,103.78339385944243,55.59824671041559,75.96166622870716
831006,100.66481870696406,53.927581450159316,73.67910293960782
961170,121.80768347381174,65.25411614668485,89.15409539083852
1215788,116.20721930317218,62.25386748384224,85.05497534633395
1144618,109.79720071609624,58.81992895505156,80.3633221412873
151676,97.63473758325907,52.30432370531736,71.46131064736007
