UE ID,Internet usage,Data rate,optimal GU
716995,113.21978089043138,74.8059266597493,92.02994417972063
49383,103.78339385944243,68.57117094284588,84.35963988403772
831006,100.66481870696406,66.51068378852982,81.82472685960258
961170,121.80768347381174,80.48007658091132,99.0105635481173
1215788,116.20721930317218,76.77976989673876,94.45826357941066
1144618,109.79720071609624,72.54457904456359,89.24792269975059
151676,97.63473758325907,64.50866590322474,79.36174561655936
