UE ID,Internet usage
383509,0.5112614632359332
375911,0.5231722442539273
804644,0.5928471332483709
119603,0.4043888250708944
676849,0.5307074811607084
1285295,0.4797540089629839
919730,0.49766190721180786
