UE ID,Internet usage,Data rate,optimal GU
383509,117.09784000096441,20.91032857160079,49.48286884816708
375911,119.09885121227751,21.267652002192413,50.32845041766744
804644,130.80423256321228,23.357898672002193,55.27487684364862
119603,99.14323678922197,17.704149426646783,41.89566419998388
676849,120.36477101226953,21.493709109333846,50.863399170221605
1285295,111.80458768317553,19.9651049434242,47.246061489301646
919730,114.81311458874247,20.50234189084687,48.51739614665421
