UE ID,Internet usage
471282,0.5421221453447277
490955,0.5265363041528573
292348,0.5342813587590719
659575,0.43329344154359745
667758,0.5431172406786922
213468,0.5516120747681426
397647,0.4853384570267407
