UE ID,Internet usage,Data rate,optimal GU
471282,127.47041539919987,119.12413820044273,123.22663421712909
490955,124.85199407879414,116.6771611331588,120.69538612112582
292348,126.15316325298167,117.89313470665549,121.95323640254271
659575,109.1871931606401,102.03803170369343,105.55210219300558
667758,127.63759141519101,119.28036816776779,123.38824456183458
213468,129.0647235420507,120.61405711965452,124.76786420161773
397647,117.93075576160865,110.20909913436047,114.0045716307955
