UE ID,Internet usage,Data rate,optimal GU
471282,127.47041539919987,0.7587524726142849,9.834556058577983
490955,124.85199407879414,0.7431666314213936,9.632540467902599
292348,126.15316325298167,0.7509116860296527,9.732927849124872
659575,109.1871931606401,0.6499237688133339,8.423974838822389
667758,127.63759141519101,0.7597475679475656,9.84745396822836
213468,129.0647235420507,0.7682424020360161,9.957559602234847
397647,117.93075576160865,0.7019687842952896,9.098555338788744
