UE ID,Internet usage,Data rate,optimal GU
274349,119.24490201997615,107.1784536012881,113.05080361650757
44559,120.32397023335973,108.14833038831739,114.07382033767193
822232,108.14536493280141,97.20208395745843,102.52782471996635
1151479,119.18685933561805,107.12628428379956,112.99577592140623
56085,113.35233001849683,101.88215376662514,107.4643174116401
381294,127.87863952001484,114.93853909239431,121.23606727188665
762742,111.02758944330205,99.79265479725363,105.2603339643507
