UE ID,Internet usage,Data rate,optimal GU
274349,119.24490201997615,85.17493001426868,100.78033629686793
44559,120.32397023335973,85.94569302382838,101.69231538855136
822232,108.14536493280141,77.2466892377153,91.39951530212524
1151479,119.18685933561805,85.1334709540129,100.73128127522682
56085,113.35233001849683,80.96595001321202,95.80020399852354
381294,127.87863952001484,91.34188537143918,108.07717627923478
762742,111.02758944330205,79.30542103093003,93.83543961025767
