UE ID,Internet usage,Data rate,optimal GU
1143778,105.9714040513886,86.41715687523951,95.69612034036824
1296925,116.61224188172426,95.09450677259656,105.30519277504456
856026,112.48163026836416,91.72609134979696,101.57509681595216
1095487,111.68674296843075,91.07787968258936,100.85728401171141
590558,121.52861523034424,99.10369218188787,109.74486081397673
518457,116.56909001837874,95.05931745546361,105.26622503705346
1246544,109.26600708293131,89.10382720453326,98.67126944783278
