UE ID,Internet usage
389759,0.6658953262007037
1046794,0.6475446752478372
279404,0.5464143703408748
732503,0.6353336869668306
1274009,0.6329340685347177
320443,0.7401621818373937
612526,0.7307125750541414
