UE ID,Internet usage
514047,0.3466701719161694
1218472,0.45512153759654855
501916,0.28609408616615295
19066,0.3564518279866393
1254457,0.3381376269612086
425968,0.4765740463279674
244802,0.4755843533144177
