UE ID,Internet usage
514047,0.40367923503063363
1218472,0.5121306007092394
501916,0.3431031492806172
19066,0.41346089110110357
1254457,0.3951466900756728
425968,0.5335831094406582
244802,0.5325934164315419
