UE ID,Internet usage
514047,0.6342353596894463
1218472,0.7426867253707123
501916,0.5736592739398734
19066,0.6440170157630197
1254457,0.6257028147353723
425968,0.7641392341021311
244802,0.7631495410885814
