UE ID,Internet usage
426763,0.6078815106409629
412241,0.5283730485821891
1217665,0.6344219915694235
138821,0.6425802701026705
805399,0.6494546549301469
1299542,0.5207613272078314
236880,0.589600641345194
