UE ID,Internet usage,Data rate,optimal GU
426763,120.1385122540681,36.47061979141353,66.19309633733864
412241,106.78109062760889,32.415688226238416,58.833515467310626
1217665,124.59731304940176,37.82418431856839,68.64977592373437
138821,125.96790384345981,38.24025652390744,69.4049346714829
805399,127.12280049459373,38.590850150144526,70.04125173462839
1299542,105.50232143730861,32.02749043632583,58.12894795920166
236880,117.0673262121559,35.53829545726162,64.50095524346305
