UE ID,Internet usage
576624,0.3216058459552681
752302,0.33814458050141233
992288,0.2554862715406286
957570,0.25392582032173683
939968,0.2446957293052883
1249494,0.2903703829057456
501082,0.28252714338959395
