UE ID,Internet usage
258615,0.9133452832084578
885271,0.8884666933181701
1071249,0.9570228317502164
1237668,0.7954499979213197
1069035,0.8923116413224855
667737,0.9390398017984939
1060338,0.8899292090108589
