UE ID,Internet usage
997139,0.876401769409582
574309,0.9205291825964003
1168101,0.9274123823397792
350808,1.0230020955267367
297667,0.9132897629579748
245511,0.879206614768093
1061316,0.9105436382746106
