UE ID,Internet usage
620684,0.7786467281311904
243514,0.813901541104143
557868,0.7864192298666791
506594,0.7543271276471385
326016,0.7841285871038094
164832,0.6731508614805113
1074278,0.8182362387118314
