UE ID,Internet usage
153847,0.5060807821201757
518859,0.4338356139601183
958850,0.5230268895190318
332317,0.5279500609357306
600674,0.542500967087378
337530,0.5182203427742864
776459,0.5415440314278045
