UE ID,Internet usage,Data rate,optimal GU
153847,116.0186264595065,0.6905870622589673,8.951031360351223
518859,103.88143820840669,0.6183418940976588,8.014626957218601
958850,118.8655725025773,0.7075331696581981,9.170678016154795
332317,119.69266530068866,0.7124563410755277,9.23448961089385
600674,122.13721753364894,0.7270072472241008,9.42309091024539
337530,118.05807264927117,0.7027266229123283,9.10837804992528
776459,121.97645234307151,0.7260503115659018,9.410687606513694
