UE ID,Internet usage
428897,0.7751141902824222
1004128,0.6832131009865354
85306,0.6708721434077946
1072548,0.6953205254993633
987884,0.6497240841632753
491062,0.637511268425439
456557,0.6984121480938776
