UE ID,Internet usage,Data rate,optimal GU
428897,130.7749372658254,108.20069214255791,118.95351498405543
1004128,115.33555426448136,95.4264407307316,104.90977758610305
85306,113.2622733913224,93.71104762734412,103.02391128352428
1072548,117.36960158227151,97.10937273771273,106.75995685709901
987884,109.70939943816073,90.77146739228775,99.79219996436835
491062,107.65764639404686,89.0738860045983,97.92591547913496
456557,117.88899417879983,97.53910827888795,107.23239887317241
