UE ID,Internet usage
427297,0.6626485632595734
1097997,0.6514431088936286
289499,0.6991194726062041
309340,0.6731900284132456
1280809,0.7249125149929526
11852,0.6810001991883468
731994,0.6975941371345796
