UE ID,Internet usage,Data rate,optimal GU
427297,115.23730096977235,111.12168307799477,113.1607831235121
1097997,113.35478463679011,109.30639947119047,111.3121887821803
289499,121.36441374027848,117.0299703924114,119.17748842259245
309340,117.0082671158043,112.829400433097,114.89983735581117
1280809,125.69764486090823,121.20844325873294,123.4326369113119
11852,118.32037580602882,114.09464809867066,116.18830251144615
731994,121.10815738098927,116.78286604595394,118.92584967321602
