UE ID,Internet usage,Data rate,optimal GU
427297,115.23730096977235,16.462471567110335,43.55560573204571
1097997,113.35478463679011,16.193540662398586,42.844081438318824
289499,121.36441374027848,17.337773391468353,45.87143668141817
309340,117.0082671158043,16.715466730829185,44.22496801814786
1280809,125.69764486090823,17.956806408701176,47.50924409835418
11852,118.32037580602882,16.902910829432688,44.7208984877794
731994,121.10815738098927,17.301165340141324,45.77458088162416
