UE ID,Internet usage
850736,0.31214332482735385
109837,0.3322957433369271
304009,0.3895817498620857
190072,0.3001727647894162
664194,0.36154872801115323
417515,0.3766463592424148
979680,0.31615414696930144
