UE ID,Internet usage,Data rate,optimal GU
756753,116.54220736626831,63.82073260533741,86.24273333770442
746014,118.5601759050164,64.92581061465184,87.73605602743322
763312,127.449938922184,69.7940141716722,94.31459507050681
631314,119.06264152915094,65.20097036120171,88.10788705597561
967310,107.68492402639184,58.9703155382622,79.68822967383652
250820,116.19231473291235,63.6291247346901,85.98380828593747
68052,117.19450275547692,64.17794198514213,86.72544032069585
