UE ID,Internet usage,Data rate,optimal GU
562086,115.7991044257096,55.14243067890933,79.90897376687097
1007992,120.40857432951907,57.33741634739003,83.089810194315
102397,128.16051260195172,61.02881552473891,88.43915581426864
313146,125.21686667490263,59.62707936900125,86.40784714111368
286367,129.011956415144,61.434264959592376,89.02670786546777
917662,109.72471166802225,52.24986269905821,75.71724453087232
127784,123.54931754484235,58.83300835468683,85.25712891794777
