UE ID,Internet usage,Data rate,optimal GU
562086,115.7991044257096,21.367691888077367,49.74293501879296
1007992,120.40857432951907,22.21824883461364,51.72298972675813
102397,128.16051260195172,23.64866601583633,55.0529305209263
313146,125.21686667490263,23.10549325548799,53.78845106926116
286367,129.011956415144,23.805777671842048,55.41867872322737
917662,109.72471166802225,20.246821795885058,47.13360461228609
127784,123.54931754484235,22.79779073744115,53.07213475206158
