UE ID,Internet usage
953332,0.7507031366275086
432209,0.8019506135153618
264098,0.7947459363273348
456409,0.7021212503287714
1212053,0.7319332397440362
1283230,0.7509859880138685
400437,0.7402622739567511
