UE ID,Internet usage,Data rate,optimal GU
935848,120.41769799175275,35.12182858092789,65.03298968197821
1032660,113.49251276833486,33.10198289076434,61.29296220519346
879560,130.8916720122298,38.17673767023369,70.68958215769257
1216622,127.83279668408188,37.28456569952389,69.03760067181891
1036200,107.53020235394565,31.362975686567484,58.07294655860403
984559,113.715022142335,33.166881458181045,61.41313100151512
1031757,122.8778375230592,35.83936927755894,66.36161688066986
