UE ID,Internet usage,Data rate,optimal GU
710714,122.08697782087754,52.322990494661795,79.92468817608086
754588,128.61275931275856,55.119753991182236,84.19681498397895
258831,120.47786185691663,51.63336936724998,78.87127450367906
1057798,119.14884193434463,51.06378940043341,78.00122673292327
1098687,123.10592622723179,52.759682668813625,80.59174649056273
312705,111.96056121505177,47.98309766359361,73.29539237395882
385591,126.99488366981153,54.42637871563351,83.13766675557466
