UE ID,Internet usage,Data rate,optimal GU
923640,123.08571626006416,22.712245262273747,52.8729890963355
586541,134.86208432367653,24.885265559726026,57.9316733948956
1029092,125.80442212249731,23.213911224984624,54.04084276602415
495200,116.74602242323483,21.54242080428738,50.14969533574551
968651,117.31461932341927,21.64734047039284,50.39394315439687
431892,99.67498776364835,18.392408456387493,42.816621630325365
1067845,125.32027497580322,23.124574549106548,53.83287138164277
