UE ID,Internet usage,Data rate,optimal GU
923640,123.08571626006416,49.08775588943035,77.73031321980966
586541,134.86208432367653,53.78428362908528,85.16725071337125
1029092,125.80442212249731,50.172001679805476,79.44721315475384
495200,116.74602242323483,46.55942560926627,73.72670985601036
968651,117.31461932341927,46.786187468268395,74.0857865749837
431892,99.67498776364835,39.75133440574071,62.94611799373253
1067845,125.32027497580322,49.97891918677866,79.14146761010026
