UE ID,Internet usage,Data rate,optimal GU
1074275,100.84054814439283,17.40699938206781,41.8966747992824
780706,122.70014094670702,21.180381472943473,50.978777859371895
818067,122.62895225972342,21.168092949595113,50.949200776315294
22019,98.37483035331626,16.98136952527483,40.87223197007824
250377,110.59339915872663,19.090527235732573,45.94873555095847
988939,126.53006360832741,21.841499075246993,52.570013004489795
452175,114.14743960585328,19.70402231291515,47.42534867511116
