UE ID,Internet usage,Data rate,optimal GU
1074275,100.84054814439283,63.025342590245515,79.72145315903684
780706,122.70014094670702,76.68758809169188,97.00297865382075
818067,122.62895225972342,76.64309516232713,96.94669905519451
22019,98.37483035331626,61.484268970822654,77.77213208728655
250377,110.59339915872663,69.12087447420414,87.43175888043142
988939,126.53006360832741,79.08128975520462,100.03079837207444
452175,114.14743960585328,71.34214975365829,90.24147455775227
