UE ID,Internet usage
25573,0.5926646026844659
1132017,0.6488550221913406
1198009,0.6034120158550961
1110795,0.6934655121632298
267632,0.6794367304079602
1285988,0.7492021035266848
1104470,0.7566855613668234
