UE ID,Internet usage
25573,0.5078211880143036
1132017,0.5640116075211784
1198009,0.5185686011805003
1110795,0.6086220974886342
267632,0.5945933157377978
1285988,0.6643586888565225
1104470,0.6718421466966613
