UE ID,Internet usage,Data rate,optimal GU
1093284,122.12436089108914,66.8776262022631,90.37359878783481
1012080,110.75402034797091,60.651011142936454,81.95940045077072
825132,124.58026598455575,68.22252661059005,92.19100016425541
716889,120.42453101121161,65.94676698233017,89.11570280008326
349820,119.42493338632445,65.39936828298721,88.37598769294434
829154,124.45591164037559,68.15442780306283,92.098976349134
741882,132.87482546250362,72.76478537232342,98.32908092809579
