UE ID,Internet usage
649946,0.3521364563439672
693238,0.2552967794962406
190666,0.27625024641691026
1234899,0.35869007967176436
831927,0.23295085587784176
783058,0.25680675851915163
957297,0.345489335312504
