UE ID,Internet usage
649946,0.9561044985807989
693238,0.859264821733959
190666,0.8802182886515252
1234899,0.9626581219054927
831927,0.8369188981142301
783058,0.8607748007542099
957297,0.949457377549779
