UE ID,Internet usage
42552,1.0059454348036148
232739,0.9814192553053237
823607,1.0201001969990193
790544,0.981419418770448
597590,1.0092880865125597
606380,0.9171995014156892
573363,0.9539866898643922
