UE ID,Internet usage,Data rate,optimal GU
242787,121.91684047662767,71.84385242372701,93.58939841226626
543788,107.268214497016,63.211626400027285,82.34438839036554
916573,137.0926523875451,80.78674158551763,105.23910243681196
547094,129.67656158464547,76.41654521952321,99.54614423595395
1066868,111.1776330717559,65.51539091728473,85.34545150126357
1172668,136.55790855455186,80.47162468393235,104.82860661491524
653674,127.22897125585041,74.97421520434042,97.66725280851801
