UE ID,Internet usage
745549,0.5321404749792431
257863,0.5448362548929413
1164603,0.5071195802015904
279352,0.6175288282637155
1174614,0.5121978143044517
972345,0.5558198939215862
649118,0.5173224703213604
