UE ID,Internet usage
764263,0.6533401439433889
298879,0.6272747515420956
570519,0.6266634737785511
1143721,0.7118461647941507
1246338,0.6679581083560412
801592,0.7675081261021339
876809,0.7123340807383208
