UE ID,Internet usage
764263,0.5278814402840146
298879,0.5018160478827212
570519,0.5012047701191769
1143721,0.5863874611347765
1246338,0.5424994046966669
801592,0.6420494224427596
876809,0.586875377074513
