UE ID,Internet usage
326642,0.2318440038603104
597567,0.32973614146354063
363223,0.2841346695548651
1054916,0.27835584145645553
105611,0.32666293707347244
262539,0.2984365871884407
460168,0.27701331444388083
