UE ID,Internet usage
326642,0.35870390217423204
597567,0.456596039777019
363223,0.4109945678683435
1054916,0.40521573977037717
105611,0.4535228353851774
262539,0.4252964855023624
460168,0.4038732127573592
