UE ID,Internet usage
1132912,1.1182149751708694
936441,0.9777988978834052
1275650,1.0465572112101147
1078881,0.9256307738930871
804236,1.0165908612271075
643609,1.0479444296377665
671194,0.9872781773972511
