UE ID,Internet usage
1251254,1.0711589440884588
1224702,1.0634182981682567
734980,0.8736157105922607
960656,1.0313761610893677
985556,1.0515575144953746
1197317,1.0049212318111822
1015396,1.0132881674951246
