UE ID,Internet usage
1251254,0.9352677981518548
1224702,0.9275271522316527
734980,0.7377245646512235
960656,0.8954850151527637
985556,0.9156663685587708
1197317,0.8690300858745782
1015396,0.8773970215585206
