UE ID,Internet usage
1251254,0.7458074392598918
1224702,0.7380667933396897
734980,0.5482642057592605
960656,0.7060246562563673
985556,0.7262060096668078
1197317,0.6795697269781819
1015396,0.6879366626665577
