UE ID,Internet usage
403418,1.015828997472282
353548,1.0234268060009957
1141920,1.0736559429259336
216897,0.9438278986016165
280374,1.0328322007062303
713575,1.0291288700213885
999011,1.1135632348199327
