UE ID,Internet usage
403418,1.0568223124915113
353548,1.0644201210202247
1141920,1.1146492579451626
216897,0.9848212136208456
280374,1.0738255157254595
713575,1.0701221850406175
999011,1.1545565498391617
