UE ID,Internet usage,Data rate,optimal GU
823473,116.55041712453439,30.525109246901863,59.646577567354136
692894,111.67123181225874,29.247227379401096,57.149574876379795
805290,109.15796591280822,28.588991072402152,55.863370046595406
1186083,122.33810336937343,32.040931834835895,62.608520433413865
363880,108.77748263199301,28.489340689331502,55.668651519779864
577172,113.0015657007085,29.595648159709366,57.83039494914807
68060,110.0005758239179,28.809674620549924,56.294589416392455
