UE ID,Internet usage,Data rate,optimal GU
1286807,114.62122921988605,84.60138347182065,98.47392836300902
412208,109.58603858113841,80.88493323845931,94.14807175137793
988166,109.98077028126076,81.17628282664485,94.48719550205668
1026617,104.64297851896882,77.23648414495318,89.90136679306389
21268,109.48648583512701,80.81145383068899,94.06254352902515
248449,120.90074600626508,89.23626490938614,103.8688162941962
794302,117.55364025286832,86.76578209140281,100.99323509142347
