UE ID,Internet usage
896548,1.0083389197490369
177886,1.0318944906928278
133507,1.0996211620317031
203167,1.1228903349399193
844569,1.0011148415459459
374325,1.1034133974966653
1054809,1.1048642625740566
