UE ID,Internet usage,Data rate,optimal GU
896548,108.22122633710218,88.25183338204165,97.72779356509672
177886,112.17856225596334,91.47894660158914,101.30141512563542
133507,123.55664304066867,100.757500574831,111.5762453759507
203167,127.46586408941165,103.94537726338926,115.10641741874254
844569,107.00758119893547,87.26213466817951,96.63182685377349
374325,124.1937385987043,101.27703683346719,112.15156636689018
1054809,124.43748393200435,101.47580534931308,112.37167747098175
