UE ID,Internet usage
467954,0.7370454581580108
766505,0.6990525948568752
587561,0.7417163283530553
460381,0.6612251506271433
791469,0.703211768299359
1120272,0.7490335590753451
423198,0.7156758723966463
