UE ID,Internet usage,Data rate,optimal GU
467954,121.84766855437498,5.802269931160713,26.58934116211018
766505,115.46486751943618,5.498327024735056,25.196499786469726
587561,122.6323747472525,5.839636892726309,26.760578091975027
460381,109.10985688879379,5.195707470894942,23.809722774223637
791469,116.16360865760589,5.531600412266947,25.348977603462217
1120272,123.86166950820164,5.8981747384857925,27.028832201187512
423198,118.25757814664443,5.6313132450783066,25.805919207578746
