UE ID,Internet usage,Data rate,optimal GU
1165214,117.82000204431789,36.468095870860296,65.54899793327996
405177,113.01502763829161,34.98084188804264,62.87575695598303
741425,112.59666774897653,34.851349541349876,62.64300300042151
1027484,114.59214692079422,35.4689978564363,63.75318512433778
534834,120.18390501078925,37.199780122387146,66.86415213439278
890932,111.00544583728298,34.35882847344473,61.75772885349222
208059,133.28878953677656,41.25605390424036,74.155036821245
