UE ID,Internet usage
1160590,0.38077107587396647
827021,0.3077521604049863
737336,0.3927084433313142
259430,0.2762385332157194
566875,0.31797671664436183
218699,0.3147807336965356
880978,0.28250944890192564
