UE ID,Internet usage,Data rate,optimal GU
1160590,119.88306067695486,60.65511998536406,85.27321636700106
827021,107.61588287820872,54.44851217052227,76.54753234844117
737336,121.88853840978081,61.669796219234335,86.6997192913074
259430,102.32159351037602,51.769853859416436,72.7816868634877
566875,109.33360832638667,55.317599450850395,77.7693561238308
218699,108.79668319110613,55.045940900262025,77.38743950462606
880978,103.3751073456414,52.30288169273523,73.53105472841312
