UE ID,Internet usage,Data rate,optimal GU
1160590,119.88306067695486,69.93178539489034,91.56220001585493
827021,107.61588287820872,62.77593167895509,82.19298821148227
737336,121.88853840978081,71.10164740570548,93.09390893505882
259430,102.32159351037602,59.68759621438601,78.14940791496673
566875,109.33360832638667,63.77793819039223,83.5049226930535
218699,108.79668319110613,63.464731861478576,83.09483934722893
880978,103.3751073456414,60.30214595162415,78.95404239759786
