UE ID,Internet usage
1265269,0.9646382028910172
1010639,1.022181949652
188211,0.9937656254501441
128135,1.0902287890298243
29743,1.0501014742400976
662369,0.9880286098099632
48231,1.0400548955805533
