UE ID,Internet usage,Data rate,optimal GU
1265269,109.16221030288192,56.53043033542099,78.55562821840101
1010639,118.82955975880726,61.53673630366804,85.51247443477872
188211,114.05561729334056,59.06451609833707,82.07703603157394
128135,130.26142877419178,67.45681132949217,93.73910936386551
29743,123.5200398901778,63.965734943127785,88.88785142965087
662369,113.09179866585765,58.56539573767628,81.38345005928149
48231,121.83221467524933,63.091682599682684,87.67325372488028
