UE ID,Internet usage,Data rate,optimal GU
41053,120.61896170732052,8.615640121951467,32.23677350408565
48415,107.51879007632945,7.679913576880675,28.73560536472106
1214603,117.77329561001359,8.412378257858114,31.476237248851312
557818,120.08051951550661,8.577179965393329,32.09286877520341
115961,118.49993115277398,8.464280796626714,31.670438766427164
1157953,122.28345034926915,8.73453216780494,32.68162680568196
1255805,111.85449566617498,7.989606833298213,29.894371425229817
