UE ID,Internet usage,Data rate,optimal GU
41053,120.61896170732052,39.48835055894422,69.01480887428829
48415,107.51879007632945,35.19960389403643,61.519255699763235
1214603,117.77329561001359,38.556733681849686,67.38659802712296
557818,120.08051951550661,39.31207484138609,68.70672725567795
115961,118.49993115277398,38.794620317872436,67.8023586371882
1157953,122.28345034926915,40.03327243577264,69.96718289468691
1255805,111.85449566617498,36.61903131928347,64.000025625013
