UE ID,Internet usage,Data rate,optimal GU
802121,114.6181905835045,47.75757940979354,73.98572388372345
1041746,114.03277341264054,47.51365558860022,73.60783872483346
1104506,102.58466154309038,42.74360897628766,66.21811428878559
804874,132.164493221777,55.06853884240709,85.31181353464757
1204175,104.62686547214494,43.5945272800604,67.53635125658353
732368,119.87739806788517,49.94891586161882,77.38052771726608
786936,118.37008845886095,49.320870191192064,76.40756354837788
