UE ID,Internet usage
108158,0.5212747157630254
533001,0.5166067125319486
469109,0.47405438304280867
1249906,0.5410000713742231
408456,0.5219810496867182
1081114,0.5323589992503327
226616,0.47934357023410634
