UE ID,Internet usage,Data rate,optimal GU
108158,118.78006642557668,53.02681536856101,79.36327016834971
533001,117.99584188235276,52.67671512605033,78.83928810494913
469109,110.84705052863572,49.48529041456951,74.0628009665311
1249906,122.09392616836654,54.50621703944934,81.57743584430372
408456,118.89873052445517,53.0797904127032,79.44255595444143
1081114,120.6422260517405,53.85813663024128,80.607477904169
226616,111.7356339765503,49.881979453817095,74.65651075611228
