UE ID,Internet usage,Data rate,optimal GU
108158,118.78006642557668,116.65899381083425,117.71475283069591
533001,117.99584188235276,115.88877327731076,116.9375618335246
469109,110.84705052863572,108.86763891205295,109.85288649561105
1249906,122.09392616836654,119.91367748678857,120.99889125793376
408456,118.89873052445517,116.77553890794705,117.83235265606822
1081114,120.6422260517405,118.48790058653086,119.56021113629906
226616,111.7356339765503,109.74035479839763,110.73350042426422
