UE ID,Internet usage,Data rate,optimal GU
1029071,115.16133963977788,65.1209956296363,86.59919800659263
1194432,101.9202875035003,57.63349590971744,76.64217163513969
482692,127.04923899310437,71.84331966871973,95.53867850587619
740600,108.26684085325068,61.222320720588186,81.41466240255862
346310,109.20719509515393,61.75406865499776,82.12179140475365
916201,133.61825362661685,75.55794103886072,100.47845604524113
1062776,118.31554039038859,66.90462105408879,88.97109864798054
