UE ID,Internet usage
1083975,1.1191260666858744
663883,1.0418191091275115
206511,1.1032221101347366
234664,1.0907932425807043
1266706,1.0841656035458436
1034154,1.0373323540586838
782552,1.058728823504267
