UE ID,Internet usage
1083975,0.40761216374921777
663883,0.3303052061930716
206511,0.39170820719808
234664,0.37927933964670757
1266706,0.37265170060963027
1034154,0.3258184511220272
782552,0.3472149205676102
