UE ID,Internet usage,Data rate,optimal GU
1083975,127.72959443092161,72.22804446986639,96.05029321493299
663883,114.74202556151525,64.88388350204731,86.28388157310896
206511,125.05772973032208,70.71716859750356,94.04110036446947
234664,122.96967998170872,69.5364261801329,92.4709255628095
1266706,121.85623662344514,68.906800471591,91.6336367456335
1034154,113.98825070955273,64.45764177028279,85.71705682218408
782552,117.58285757645635,66.49030636763901,88.42013471964995
