UE ID,Internet usage,Data rate,optimal GU
1083975,127.72959443092161,121.6472327913539,124.65132052282294
663883,114.74202556151525,109.27811958239548,111.97675111574519
206511,125.05772973032208,119.10259974316388,122.04384756659925
234664,122.96967998170872,117.11398093496068,120.00611966460733
1266706,121.85623662344514,116.05355868899537,118.91951021005383
1034154,113.98825070955273,108.5602387710026,111.2411421827282
782552,117.58285757645635,111.98367388233937,114.74911928636074
