UE ID,Internet usage
1037537,0.9474570747122896
1037691,0.892100292656517
1177964,0.8036351359721396
307515,0.8483043104911265
691956,0.8919025404309154
777277,0.9101883581388833
910858,0.7996351597915078
