UE ID,Internet usage,Data rate,optimal GU
1037537,127.04770966743496,115.70416416141397,121.2433464388564
1037691,117.74777028217429,107.23457650698015,112.36828859091048
1177964,102.88562395915807,93.69940753423323,98.1851414866986
307515,110.39004527838686,100.53379123567375,105.34671217704859
691956,117.7145479086208,107.20432041677965,112.33658403081404
777277,120.78656528350662,110.00205052605067,115.26825173127426
910858,102.21362796080524,93.08741117859049,97.543846623162
