UE ID,Internet usage
431030,0.7287292924868269
446980,0.7317369889937703
454159,0.7737426184122942
1236457,0.7365111227559153
945091,0.7660071539255524
1255907,0.8194183737351477
132330,0.6832906921588009
