UE ID,Internet usage
388045,1.0610072716030545
412648,1.0535734121699536
523796,1.094214731434048
54948,1.0533317887530314
1152723,1.0511596483807797
636442,1.04757048269902
485837,1.115928434504356
