UE ID,Internet usage,Data rate,optimal GU
109613,127.95424801279545,10.662854001066288,36.9372097670718
919601,108.87021505483091,9.072517921235908,31.428123984319534
1205198,112.80880821525203,9.400734017937669,32.56509789501831
707253,110.06281939354002,9.171901616128336,31.772399202314748
462955,127.63324619455601,10.636103849546334,36.84454452398634
475335,125.07670294498347,10.423058578748622,36.106534057318534
1104225,119.14611375147955,9.928842812623296,34.39452042365725
