UE ID,Internet usage
432365,0.8799465568305055
360934,0.9368371473585514
522653,0.8496323760459396
124003,0.9021763226675898
246161,0.9240694623549098
193132,0.8262671066147841
215915,0.8414075503378944
