UE ID,Internet usage,Data rate,optimal GU
829549,103.92457538313602,4.948789303958858,22.67820158377929
355099,128.2233192968707,6.105872347470033,27.980622216019135
16448,122.99061087632798,5.856695756015618,26.83875162426819
425414,108.61639993045921,5.172209520498058,23.702041637853597
264766,110.86107196034897,5.279098664778522,24.191869232487885
851222,111.7200337591343,5.320001607577824,24.37931006401213
338059,125.66855827929889,5.984217060918995,27.423127656707457
