UE ID,Internet usage
1102553,0.5576503883092622
1237253,0.48558269496349715
925958,0.4802407937698135
1243142,0.5415612951732769
622839,0.5652671776743856
259863,0.5621623712502878
380875,0.5257585786771165
