UE ID,Internet usage
1102553,0.3807522167707718
1237253,0.3086845234267802
925958,0.30334262223176645
1243142,0.36466312363833325
622839,0.38836900613722536
259863,0.3852641997162308
380875,0.3488604071412862
