UE ID,Internet usage
1102553,0.9528679263696697
1237253,0.8808002330239046
925958,0.8754583318302209
1243142,0.9367788332381177
622839,0.9604847157347931
259863,0.9573799093151286
380875,0.9209761167419575
