UE ID,Internet usage,Data rate,optimal GU
132535,117.00452764712084,44.573153389379364,72.21676230673178
1075847,133.63926238552605,50.910195194486114,82.48394349019861
925652,119.12501537978996,45.380958239919984,73.52555574954924
521773,129.4829334995298,49.32683180934468,79.91860160758488
823113,108.88347713040001,41.47941985920001,67.20434110696618
330712,118.60819440573319,45.18407405932693,73.20656691903872
45162,119.85692547514321,45.65978113338789,73.97730046788557
