UE ID,Internet usage
1230577,0.6954316279353944
871016,0.7504087481261803
1003865,0.6898893260051404
252871,0.6487746109874338
1223426,0.704323516231474
465304,0.7278309419723399
396325,0.6890930691766386
