UE ID,Internet usage
1230577,0.9547012151770421
871016,1.009678335367828
1003865,0.9491589132512216
252871,0.9080441982290814
1223426,0.9635931034731218
465304,0.9871005292139875
396325,0.9483626564182862
