UE ID,Internet usage,Data rate,optimal GU
1230577,115.0049905175055,39.01955035415366,66.98837972720918
871016,124.24114670938113,42.153246204968596,72.36827789873244
1003865,114.07388379367866,38.703639144283834,66.44602647365383
252871,107.16661167025214,36.36010038812126,62.42266221962321
1223426,116.49882775119109,39.52638798701126,67.8585135832312
465304,120.44807527592964,40.866311254333276,70.15888065107299
396325,113.94011264614674,38.658252504942645,66.36810713826596
