UE ID,Internet usage,Data rate,optimal GU
1230577,115.0049905175055,66.40169095355972,87.38721782080299
871016,124.24114670938113,71.7344716119641,94.40536537539573
1003865,114.07388379367866,65.86408766658828,86.67971090546538
252871,107.16661167025214,61.875960309609866,81.4311795949432
1223426,116.49882775119109,67.26420411824724,88.52231882069427
465304,120.44807527592964,69.54442441526889,91.52317775837717
396325,113.94011264614674,65.7868507540252,86.57806411296613
