UE ID,Internet usage
112768,1.00551439811688
939849,0.9765355411757819
168155,0.9664709691340237
313861,0.8895078132463109
85947,0.8960964994877058
709396,0.8854734253449815
867226,0.9574613858243228
