UE ID,Internet usage,Data rate,optimal GU
112768,127.01272968403734,118.69642000234442,122.78418590445895
939849,122.14428171793023,114.14673946258957,118.07781968727964
168155,120.45343361537192,112.56660165246066,116.44326377877204
313861,107.52362342588812,100.48338617776449,103.94391649315529
85947,108.63052271444248,101.51780991766351,105.01396457700852
709396,106.84584625881418,99.8499872775823,103.28870407554308
867226,118.939823618987,111.15209707250571,114.98004531519524
