UE ID,Internet usage
271716,0.7614565752642237
1140255,0.7435356381546562
939427,0.7555532110611517
223671,0.8211173612926393
1117206,0.8042629431095081
352852,0.8546830164058826
712949,0.7573567688648812
