UE ID,Internet usage
10875,0.45194636554793416
1060704,0.35761982368280754
21659,0.3165584188388182
793682,0.37872744544705095
364221,0.3311382093732456
134877,0.3936734729489382
814064,0.3942562003977791
