UE ID,Internet usage
10875,0.857480377703141
1060704,0.7631538358397878
21659,0.722092430992695
793682,0.7842614576004844
364221,0.7366722215306691
134877,0.7992074851059184
814064,0.7997902125512125
