UE ID,Internet usage,Data rate,optimal GU
10875,130.4325084521028,10.8693757043419,37.65262193294985
1060704,114.58564941911492,9.548804118259577,33.07802776869704
21659,107.68733340531755,8.97394445044313,31.086655464936534
793682,118.13172987553345,9.844310822961122,34.1016930217377
364221,110.13673821512705,9.178061517927254,31.793737728085475
134877,120.64266249582607,10.053555207985506,34.82653683385917
814064,120.74056070718976,10.061713392265814,34.85479761320118
