UE ID,Internet usage,Data rate,optimal GU
10875,130.4325084521028,13.974911619868157,42.69406021890918
1060704,114.58564941911492,12.27703386633374,37.50695800134048
21659,107.68733340531755,11.537928579141164,35.24895405127245
793682,118.13172987553345,12.65697105809287,38.66768529505059
364221,110.13673821512705,11.800364808763613,36.050709976168235
134877,120.64266249582607,12.925999553124221,39.48958092343807
814064,120.74056070718976,12.936488647198901,39.52162563515056
