UE ID,Internet usage
891672,1.0278618639995323
714932,0.9879680129767205
199756,0.9936048461796378
179500,1.028361799061554
793906,1.0398101420975563
885661,0.9413949243685149
515819,1.0639052187534186
