UE ID,Internet usage
278203,1.0253624468216527
329474,1.093934589921809
100962,1.1011405764800675
556464,1.0858667757264295
972710,0.9459909985336403
66148,1.019691017746513
247735,1.1107010245878548
