UE ID,Internet usage
698279,1.0667527156701444
690790,1.0315648806022157
405261,1.1063296589122886
570346,1.080149692723183
31824,0.9841574229864899
999939,0.9690956963814348
701942,1.0072336761780534
