UE ID,Internet usage,Data rate,optimal GU
698279,126.90181795735889,59.674069158519956,87.021536766075
690790,120.99026166583161,56.89423018809939,82.96775155284251
405261,133.55074442250415,62.80064767486803,91.580965528837
570346,129.15251010261022,60.73243034587029,88.56492434254706
31824,113.02580878632183,53.14904103642515,77.5062149079631
999939,110.49543871708131,51.959164634818,75.77104124728174
701942,116.90261932290929,54.972065038749015,80.16469542522498
