UE ID,Internet usage,Data rate,optimal GU
861887,132.69682806864978,130.3272418531382,131.50669794670998
1289474,108.63276823282196,106.69289737152158,107.65846363500067
218414,115.46699310689092,113.40508251569645,114.43139377428871
437309,116.39017795538959,114.31178192047193,115.3462987707946
1075776,122.39893295487629,120.21323772353922,121.30116250231109
224651,121.37120695017522,119.20386396892211,120.28265395738731
25701,115.38836860549813,113.3278620232571,114.35347443961912
