UE ID,Internet usage,Data rate,optimal GU
861887,132.69682806864978,99.52262105148733,114.91882410906665
1289474,108.63276823282196,81.47457617461647,94.07873697305098
218414,115.46699310689092,86.6002448301682,99.9973493291702
437309,116.39017795538959,87.2926334665422,100.79685086035894
1075776,122.39893295487629,91.79919971615722,106.00058533503118
224651,121.37120695017522,91.02840521263143,105.11054850683017
25701,115.38836860549813,86.5412764541236,99.92925851360417
