UE ID,Internet usage
1164787,0.5006833047216456
1182945,0.5137583862306622
847643,0.5421547910382493
974271,0.5422542780028095
341474,0.4839142045069463
1282607,0.5068736022973799
1217885,0.5613880292645442
