UE ID,Internet usage,Data rate,optimal GU
1245446,115.17742161524266,16.453917373606096,43.53297346336677
246345,110.65095532999507,15.807279332856439,41.82213001926913
1104835,118.97083477632047,16.995833539474354,44.96674886969981
5222,121.49201040669907,17.356001486671296,45.91966368819956
236795,111.58539049515876,15.940770070736965,42.17531331403151
939748,107.60569998302987,15.372242854718552,40.671131686874894
1238775,126.91409061237727,18.13058437319675,47.969017375752486
