UE ID,Internet usage,Data rate,optimal GU
116311,127.65360074596492,101.05910059055557,113.58062369318584
596614,116.99047495545469,92.61745933973496,104.09303798680826
69892,113.54448848399927,89.88938671649943,101.02694905254403
670001,112.14157652767616,88.7787480844103,99.77869899101302
963652,120.0348129446063,95.02756024781333,106.80175756479187
14033,102.1696015187737,80.88426786902919,90.906069199567
80042,118.12750535338142,93.5176084047603,105.10471819794175
