UE ID,Internet usage
482626,0.8342742349668775
1058658,0.8059111183016515
995148,0.7420046997453206
1097124,0.7820919242245306
894876,0.6794816472688912
494636,0.7855721120912653
714139,0.817464805089457
