UE ID,Internet usage
864322,0.6939891162002838
1216969,0.7100758606318032
401619,0.5415521224748624
1146289,0.6656610487036818
126241,0.6582028894756049
565943,0.6997855251871666
196267,0.5802651515864072
