UE ID,Internet usage,Data rate,optimal GU
864322,124.91303293342823,115.24714348024627,119.98279138706322
1216969,127.61560599797053,117.74058886717518,122.57869553410357
401619,99.3036179872671,91.6194094525381,95.38416449544364
1146289,120.15391759410373,110.8562930183695,115.4115154398251
126241,118.90094684361829,109.7002783378621,114.20799868389373
565943,125.88682964281048,116.14558687283109,120.91815293174277
196267,105.80740687806068,97.6199289648774,101.63125278866814
