UE ID,Internet usage,Data rate,optimal GU
156881,116.6128102446258,104.81270444606248,110.55543412602897
368650,108.49171810408264,97.51338948640762,102.85618680241335
693054,115.5871852873833,103.89086296663619,109.58308458603786
1237515,111.75950182065742,100.45050461261471,105.95422763221612
959787,123.77273656202827,111.24811440991827,117.34344275621538
746219,115.92566139552304,104.19508851621417,109.90397877423362
987607,121.46085058513566,109.17016927592552,115.15164618353121
