UE ID,Internet usage
1265285,0.8783822866183563
546343,0.9253383264375866
430610,0.8275417164493634
1220867,0.8871405845877743
945473,0.8476590811307739
1223575,0.8747561435480677
890891,0.8326070475318815
