UE ID,Internet usage,Data rate,optimal GU
1265285,117.25441952859931,62.116924631222254,85.3433297952202
546343,125.14303421875891,66.29601217541395,91.08503785054428
430610,108.71320374020492,57.59211388617999,79.12662769723836
1220867,118.72581358758565,62.89641315056621,86.41428020322738
945473,112.0929210068056,59.382559342891064,81.58654627819855
1223575,116.64522749271812,61.79419789792805,84.89993092773315
890891,109.56417936253384,58.0429283527709,79.74600813062489
