UE ID,Internet usage,Data rate,optimal GU
1265285,117.25441952859931,13.260916494305874,39.432233844369804
546343,125.14303421875891,14.153081250931066,42.08514620725633
430610,108.71320374020492,12.294945661094603,36.55985411116032
1220867,118.72581358758565,13.427324155738852,39.92705830253885
945473,112.0929210068056,12.677175590055393,37.696440707386195
1223575,116.64522749271812,13.192019775962168,39.22736478347154
890891,109.56417936253384,12.391186951715135,36.84603411077515
