UE ID,Internet usage,Data rate,optimal GU
557081,131.0746805802026,131.0746805802026,131.0746805802026
660922,117.42830845774226,117.42830845774226,117.42830845774226
1297698,107.32029174703038,107.32029174703038,107.32029174703038
355753,119.30984053114106,119.30984053114106,119.30984053114106
495888,115.9625034608375,115.9625034608375,115.9625034608375
624570,114.6157270378262,114.6157270378262,114.6157270378262
607033,125.1820166522426,125.1820166522426,125.1820166522426
