UE ID,Internet usage
1075099,0.9297397587853417
961477,0.9711481858422356
365948,0.9173663064936548
219717,0.7324154716718642
257960,0.8380672475018857
451665,0.7758180814640926
655138,0.8662104193796143
