UE ID,Internet usage,Data rate,optimal GU
1075099,132.3661424503262,93.7593509023144,111.40270911241731
961477,139.32275819589242,98.68695372209045,117.25757370213675
365948,130.28740246525766,92.2869100795575,109.65318871701977
219717,99.21566221561007,70.27776073605713,83.50242254245147
257960,116.96516055477838,82.85032205963468,98.44085138660813
451665,106.5073006606924,75.44267130132377,89.63925074952311
655138,121.69321343009844,86.19935951298639,102.4201008335358
