UE ID,Internet usage
299303,1.0110330177540676
291546,1.0038189164210154
207902,1.0302786880681054
555927,0.9471114745129632
47358,1.027476038105932
882709,1.053332677833773
863149,0.976091514994585
