UE ID,Internet usage
1204827,1.0278392742862357
546769,1.051474641490115
658000,1.0864150012882905
741180,1.018806053815821
919077,1.0911021426406953
244454,1.0731816684525137
415540,1.088877814705244
