UE ID,Internet usage
1204827,0.7182982450785927
546769,0.741933612282472
658000,0.7768739720806472
741180,0.7092650246126113
919077,0.7815611134330521
244454,0.7636406392493039
415540,0.779336785497601
