UE ID,Internet usage,Data rate,optimal GU
1204827,109.53041403108006,7.171634252035004,28.02698822393996
546769,113.50115572157206,7.431623291293408,29.043034146747736
658000,119.37113616760524,7.8159672490693906,30.54506327985269
741180,108.01283299256949,7.0722688268944305,27.63866479549805
919077,120.15857591486512,7.867525803949502,30.7465558490057
244454,117.1479362514705,7.6704005878939014,29.97618386475898
415540,119.78488882165433,7.843058196655938,30.650935615543553
