UE ID,Internet usage
1120121,0.34459026424715394
79733,0.3622506589989969
511420,0.3370079597016218
330890,0.39246061778263486
711795,0.39986925743588386
971846,0.38850443376116556
307047,0.2707103468795577
