UE ID,Internet usage
1120121,0.36405063137249616
79733,0.38171102612478236
511420,0.35646832682740726
330890,0.411920984907977
711795,0.419329624561226
971846,0.4079648008869511
307047,0.29017071400534317
