UE ID,Internet usage
1120121,0.3517305139642679
79733,0.36939090871611086
511420,0.34414820941873575
330890,0.3996008674997488
711795,0.4070095071529979
971846,0.39564468347827947
307047,0.277850596597115
