UE ID,Internet usage,Data rate,optimal GU
1120121,118.28393739200736,99.97808993848241,108.74650399371896
79733,121.25088371034093,102.48586599326435,111.4742204256342
511420,117.01011022838499,98.9014026930397,107.57538766304525
330890,126.3261567859704,106.7756801405226,116.14026567198941
711795,127.57080824770604,107.82770697127535,117.28455878683435
971846,125.66151787038079,106.21390200948852,115.52921771330496
307047,105.87211127431864,89.48714167234075,97.33546435269508
