UE ID,Internet usage
469042,1.0411526469505006
802209,1.0108630904040028
823558,1.0657255489806603
1164004,1.1036939638515306
965945,1.0172140065959159
1027840,1.0095930482959936
669295,1.0234776463457422
