UE ID,Internet usage
469042,1.0123741384802258
802209,0.9820845819381616
823558,1.036947040514819
1164004,1.0749154553856892
965945,0.9884354981300747
1027840,0.9808145398301522
669295,0.9946991378799009
