UE ID,Internet usage
54299,0.6606614554327868
1021145,0.6656587424493412
42225,0.6068329298783272
1285414,0.6420271320615887
1236242,0.6558070006472044
150386,0.6162299175036348
685818,0.6686808875291586
