UE ID,Internet usage
54299,0.6860703410338226
1021145,0.6910676280503769
42225,0.632241815479363
1285414,0.6674360176626245
1236242,0.6812158862482404
150386,0.6416388031046706
685818,0.6940897731301944
