UE ID,Internet usage,Data rate,optimal GU
954275,119.08301942736666,51.03557975458571,77.95813578711494
77655,115.16816056671635,49.357783100021294,75.39525906368657
570787,111.16867166727192,47.64371642883082,72.77697897470945
635454,118.16305077299953,50.64130747414265,77.35587493059721
791786,131.47170898366934,56.34501813585829,86.06843688041008
105327,123.93121536246481,53.113378012484915,81.13202505233843
109861,100.95525610069043,43.26653832886733,66.09072898358089
