UE ID,Internet usage,Data rate,optimal GU
575403,113.0183192353308,5.381824725491943,24.66261918155176
665444,104.61148978376023,4.981499513512392,22.82809859505623
524721,117.60912907420385,5.600434717819231,25.664416019065275
1280991,118.4395990586498,5.639980907554753,25.84563942697539
212005,115.54004527381696,5.501906917800808,25.21290491742338
952053,126.59805071601534,6.02847860552454,27.62595953523803
649791,120.45538602499848,5.735970763095166,26.28552020593721
