UE ID,Internet usage
1203316,0.9974180931176609
1207205,0.9688506635832642
167104,0.9275141565082164
351464,0.9134755738414476
364846,0.9451241701698059
1196096,0.8939203138246802
164424,1.0076929533968768
