UE ID,Internet usage
1203316,0.5336925480312873
1207205,0.505125118501324
167104,0.46378861142627636
351464,0.449750028755074
364846,0.4813986250878657
1196096,0.4301947687391933
164424,0.5439674083105033
