UE ID,Internet usage,Data rate,optimal GU
1203316,120.65740313268415,43.81012851841508,72.70499527502295
1207205,115.85807497113817,42.06751531690136,69.81304565362451
167104,108.91354178239544,39.54598838527453,65.62845159171228
351464,106.55505989415923,38.6896348425221,64.20729209309557
364846,111.87202407772598,40.620199218698126,67.41115564234323
1196096,103.26977621128822,37.49676398147965,62.227666073981084
164424,122.38357965935519,44.436894995361115,73.74514410101304
