UE ID,Internet usage
61288,0.3081570923444671
916309,0.2814563008946342
1039877,0.32450078434139934
254808,0.3302048306420976
1177121,0.31484449036768897
1152237,0.34777261692574296
1124502,0.34183464586351403
