UE ID,Internet usage,Data rate,optimal GU
1155667,116.92878525857027,96.74464970798374,106.35898819855534
1146272,106.10479700306828,87.78908799658626,96.51343616803976
241384,123.4043767223545,102.1024307405195,112.24921749113076
1080546,100.93341207033683,83.5103826058144,91.80951943945766
238493,107.33929898101815,88.81049141881859,97.6363451336423
1146744,112.75409005007374,93.29058641047767,102.56166526022862
945443,103.83442656269861,85.91062673937563,94.44829624257449
