UE ID,Internet usage,Data rate,optimal GU
299616,119.9744630018727,61.415498917625314,85.83875291867999
84859,105.80853984090459,54.16389539474878,75.70338621101347
519049,118.4452146846937,60.632669421926536,84.74461367300079
695982,121.99368768730346,62.44914964945296,87.2834581044601
852184,122.02636606815288,62.46587786822112,87.30683867553607
1229502,124.76360902346792,63.86708557153715,89.26526812661031
607499,114.44027109515292,58.58251972728066,81.87917585703427
