UE ID,Internet usage
825852,0.9796677685053952
460285,0.9145317602079135
496293,1.0100649670157884
910531,1.0314857841418617
770903,0.9767392507211632
63531,0.9285006548915998
22414,1.0568889809960822
