UE ID,Internet usage
825852,0.428554460429073
460285,0.3634184521307046
496293,0.4589516589403529
910531,0.48037247606199285
770903,0.4256259426426242
63531,0.3773873468130611
22414,0.5057756729206467
