UE ID,Internet usage,Data rate,optimal GU
825852,117.6753485977809,115.57400308710625,116.61994298625014
460285,106.73249920366479,104.82656171788507,105.77523772167608
496293,122.78207794762184,120.58954084141432,121.68087114768065
910531,126.38077522446036,124.12397566688072,125.2472924606454
770903,117.18335760967476,115.09079765235914,116.13236456250736
63531,109.07927351030202,107.13142934047521,108.10096429995103
22414,130.6485122963196,128.31550314817105,129.4767530905153
