UE ID,Internet usage,Data rate,optimal GU
585508,105.1698916847073,88.89359892397879,96.68986591312795
197063,107.64763606362418,90.9878828633014,98.96782558320828
407805,119.18949681836544,100.74350326314222,109.57904663599368
743692,117.08059419404422,98.96097842591833,107.64018838765803
286773,107.42157137283773,90.79680437466047,98.75998886977547
1218193,111.57401994579305,94.30661209703936,102.57761850976674
200383,107.05699504038749,90.48865056985133,98.42480894199353
