UE ID,Internet usage,Data rate,optimal GU
585508,105.1698916847073,50.706912062269595,73.0262997094531
197063,107.64763606362418,51.90153881639023,74.74675887052788
407805,119.18949681836544,57.466364537426195,82.76102387716448
743692,117.08059419404422,56.4495722006999,81.29667554861973
286773,107.42157137283773,51.79254334047534,74.58978744459367
1218193,111.57401994579305,53.794616759578794,77.47310270867908
200383,107.05699504038749,51.61676546590112,74.33663837223082
