UE ID,Internet usage,Data rate,optimal GU
585508,105.1698916847073,66.9832048229981,83.93221310038997
197063,107.64763606362418,68.56129201671303,85.90960953855503
407805,119.18949681836544,75.91235809264943,95.12074307614748
743692,117.08059419404422,74.56918796882579,93.43770564369342
286773,107.42157137283773,68.41731033865261,85.72919564349803
1218193,111.57401994579305,71.06202460833248,89.04311175514097
200383,107.05699504038749,68.18510993643727,85.43824071394167
