UE ID,Internet usage,Data rate,optimal GU
585508,105.1698916847073,103.29185790462324,104.22664490302566
197063,107.64763606362418,105.72535684820232,106.68216691037017
407805,119.18949681836544,117.06111294660893,118.12051112784842
743692,117.08059419404422,114.98986929772202,116.03052281047766
286773,107.42157137283773,105.5033290268942,106.45812974655576
1218193,111.57401994579305,109.58162673247533,110.57333587597714
200383,107.05699504038749,105.14526298609486,106.09682322304752
