UE ID,Internet usage,Data rate,optimal GU
490130,109.30010049637188,29.276812632956755,56.56817623890329
1070741,117.80472938335969,31.55483822768563,60.969739856327074
452872,117.56125796558682,31.48962266935361,60.8437314262601
232155,125.94167450704231,33.734377100100616,65.18100904741115
1044080,105.74317811424969,28.32406556631688,54.72729401403593
69730,131.76315594553608,35.29370248541145,68.19391193120265
464287,112.12224217040327,30.032743438500876,58.02877331852867
