UE ID,Internet usage
944639,0.86603846808295
602003,0.9021258416038554
609014,0.8577076903427338
927564,0.9073617243259346
1209793,0.9293204747937095
317232,0.8526776027240599
430293,0.8582857252248389
