UE ID,Internet usage
750073,1.0349568015401993
335070,1.0096634688463169
287751,0.9913054084247155
278892,0.9897320644506525
271374,0.9867237810103232
118635,0.9645311172343494
588755,1.017503429204017
