UE ID,Internet usage,Data rate,optimal GU
750073,122.35737322709572,92.49634761810212,106.38425695398406
335070,118.10809333451509,89.2840943659727,102.68969836679801
287751,115.02393918312441,86.95262069200476,100.00816443816196
278892,114.75961739583029,86.75280600756217,99.77834848023153
271374,114.25422577785403,86.37075401063964,99.3389330994405
118635,110.52585826309898,83.55228571079506,96.09728449872705
588755,119.4252066745595,90.27976933136343,103.83486943666678
