UE ID,Internet usage
1249173,0.6666493130566065
976890,0.6691338787378808
75907,0.7468539825229219
640875,0.7159201598193868
1153164,0.7477884364499038
1228799,0.6597844253972375
657943,0.658320669815086
