UE ID,Internet usage
166983,0.8801273119683558
394823,0.7763482345557204
785425,0.7757504856891844
1114683,0.8363276148960846
263074,0.878743854298153
1180966,0.838178144173404
659699,0.8430183560309221
