UE ID,Internet usage
166983,1.0879900507465623
394823,0.9842109733339269
785425,0.9836132244718242
1114683,1.0441903536742911
263074,1.0866065930807929
1180966,1.0460408829516106
659699,1.0508810948091287
