UE ID,Internet usage
166983,0.5324114474949848
394823,0.42863237008190613
785425,0.4280346212175868
1114683,0.4886117504227138
263074,0.531027989824782
1180966,0.4904622797000331
659699,0.4953024915575513
