UE ID,Internet usage
166983,1.1511218787212365
394823,1.047342801308601
785425,1.046745052442065
1114683,1.1073221816489653
263074,1.1497384210510337
1180966,1.1091727109262846
659699,1.1140129227838027
