UE ID,Internet usage,Data rate,optimal GU
166983,130.2418915761748,86.82792771744987,106.34205916550633
394823,112.80700657091099,75.20467104727399,92.10653516984034
785425,112.70658476167299,75.13772317444865,92.02454110594694
1114683,122.8835424678794,81.92236164525293,100.33399227731054
263074,130.00947068787602,86.67298045858401,106.15228830487419
1180966,123.19443138651076,82.1296209243405,100.58783201642137
659699,124.0075869788518,82.67172465256787,101.25177077733011
