UE ID,Internet usage,Data rate,optimal GU
751623,117.3199189958012,16.7599884279716,44.34276135673323
1223792,119.43197682344204,17.061710974777434,45.141044180522506
583501,124.68270377274561,17.811814824677946,47.12563242483138
1008564,121.9800137044471,17.42571624349244,46.104111597459664
448459,117.79089856099624,16.827271222999464,44.520774899890284
279772,104.66215648285208,14.951736640407441,39.558576819050465
805231,113.9037223078151,16.27196032968787,43.05156037586269
