UE ID,Internet usage,Data rate,optimal GU
1200637,114.292982108556,8.844099806019214,31.79337259391708
1008782,122.7879699656667,9.501450056867066,34.15646006559924
269668,111.7634883723324,8.648365171668578,31.08973239356469
774496,103.3370818445683,7.996321809401119,28.74572248654728
1073950,106.49079007506725,8.240358755808776,29.623003129461313
801774,108.53336063290769,8.39841481087976,30.1911938057104
546835,113.21012473841228,8.76030727142476,31.49214948117732
