UE ID,Internet usage
494242,0.764906648763893
115037,0.8593498270655319
1176704,0.752527255870904
98280,0.8190305581077537
377341,0.8261362936612672
1168492,0.8659982822674099
660412,0.7541964683652914
