UE ID,Internet usage,Data rate,optimal GU
494242,113.49946769744145,91.88052146935736,102.11949019915542
115037,129.3659216522308,104.72479371847255,116.39510066678045
1176704,111.41972969153593,90.19692403600527,100.24827626996739
98280,122.59228446755331,99.2413731404003,110.30061943152702
377341,123.78604804071244,100.20775317581483,111.3746907904721
1168492,130.48286212637734,105.62898362611499,117.40005156317322
660412,111.70015739076375,90.42393693538017,100.50058700114373
