UE ID,Internet usage
1231779,0.5861183120281397
304227,0.6582658175145516
1181385,0.6900558143009867
204070,0.6479431052463978
512973,0.5666438107521262
1159216,0.6935199920952564
158900,0.6108001767375825
