UE ID,Internet usage
1231779,0.9557216589371265
304227,1.0278691644279718
1181385,1.0596591612099735
204070,1.017546452159818
512973,0.9362471576655464
1159216,1.0631233390042432
158900,0.9804035236465694
