UE ID,Internet usage,Data rate,optimal GU
1231779,106.64005218586865,49.51145280058188,72.66294730089211
304227,118.76083310797333,55.1389582287019,80.92186735330803
1181385,124.10155256741695,57.6185779777293,84.5609542505463
204070,117.0266174466916,54.33378667167825,79.74019856544528
512973,103.36833597184112,47.99244170121195,70.43364847769762
1159216,124.68353443714474,57.88878384581721,84.95750805058007
158900,110.78660545676289,51.43663824778277,75.48834709794187
