UE ID,Internet usage,Data rate,optimal GU
1231779,106.64005218586865,76.17146584704905,90.12729382935794
304227,118.76083310797333,84.82916650569524,100.37122339630695
1181385,124.10155256741695,88.64396611958354,104.8849551707671
204070,117.0266174466916,83.59044103335115,98.90554365155786
512973,103.36833597184112,73.83452569417223,87.36218895080829
1159216,124.68353443714474,89.0596674551034,105.3768196241424
158900,110.78660545676289,79.1332896119735,93.63177096871264
