UE ID,Internet usage,Data rate,optimal GU
567399,125.22131628809844,61.11992818823852,87.4843863735997
1030979,126.95453411342672,61.96590355536304,88.69527843571295
987825,121.12494163764504,59.12050722789817,84.62250284390753
576103,116.30330238066439,56.767088066752855,81.25392180502651
1046474,114.0811451119396,55.68246368558957,79.70143800400373
1240570,114.14783382588156,55.715014129299334,79.74802928247132
1090563,133.87263592527722,65.34259610638532,93.52852815565184
