UE ID,Internet usage,Data rate,optimal GU
1040846,124.70278814454294,102.43443311873169,113.02149977730586
614255,117.10932519397477,96.1969456950507,106.13933953096196
401230,104.85665309725997,86.13225075846354,95.0344123897571
639264,112.65504108553264,92.5380694631161,102.10230172402197
952024,109.27011504158747,89.75759449844685,99.03445196850157
1158185,115.27245875153442,94.68809111733184,104.47453793907953
1205641,110.29420344900889,90.59880997597158,99.96261090891886
