UE ID,Internet usage
975309,0.7467400098067147
1005151,0.717981962802182
73125,0.6923885472562962
416719,0.6701432087404228
584945,0.7925900392128468
1206859,0.6644314886355009
3486,0.7542976514550824
