UE ID,Internet usage
975309,1.0965159912680453
1005151,1.0677579442635123
73125,1.042164528713193
416719,1.0199191902017533
584945,1.1423660206697437
1206859,1.0142074700968315
3486,1.1040736329119796
