UE ID,Internet usage
975309,0.43774569619778836
1005151,0.4089876491919255
73125,0.38339423364470965
416719,0.3611488951310531
584945,0.48359572560170355
1206859,0.35543717502746125
3486,0.44530333784393933
