UE ID,Internet usage,Data rate,optimal GU
975309,122.43218490658914,9.47391907015273,34.05748979867718
1005151,117.60083300953632,9.100064459071262,32.71353176939561
73125,113.30113919765768,8.767350056961606,31.517467366500103
416719,109.56392232734387,8.478160656282562,30.47786960441437
584945,130.13498984635953,10.069969452396869,36.20021232590794
1206859,108.60435334993248,8.40390829493525,30.210942156503105
3486,123.7018687030467,9.572168411545281,34.4106832255395
