UE ID,Internet usage
1284798,0.7955060479138972
82261,0.726902627867425
443659,0.6186842822727894
734942,0.6431924715676383
420488,0.6326498020850732
82795,0.7593195557093138
519185,0.7177828569252155
