UE ID,Internet usage
1016458,0.6918675895977293
323474,0.7174625142843574
366879,0.713458402650216
1097679,0.6467253175488973
1057203,0.6781458654029814
766640,0.6811452909053701
767184,0.694359359085195
