UE ID,Internet usage,Data rate,optimal GU
1082984,123.36216775935327,42.589319821681485,72.48386590544837
424374,129.18876792360595,44.600884164102055,75.90739933276474
845441,117.90463587734806,40.70517191003683,69.27718580007237
268263,118.6288047620699,40.9551825964289,69.70268545921805
1258864,126.68782025850125,43.73746175591114,74.43791838502702
81100,116.88308440344869,40.35249342500014,68.6769531566733
1197653,113.71742873217752,39.25958849087081,66.81690995747422
