UE ID,Internet usage
1151883,0.5788989853662023
716675,0.6008638353073668
881175,0.6463659763704072
1210746,0.590893573438513
776572,0.5715987550877732
1160280,0.5760025002513502
282065,0.6331745022708107
