UE ID,Internet usage,Data rate,optimal GU
1151883,115.83688588346693,43.438832206300106,70.93531595187444
716675,119.5269806739797,44.82261775274239,73.19502828668911
881175,127.17134037234177,47.689252639628165,77.87622345450986
1210746,117.85197667972982,44.194491254898686,72.16930201093012
776572,114.61044719674528,42.97891769877948,70.18427870605515
1160280,115.3502763839403,43.25635364397761,70.63732970741661
282065,124.95517272335766,46.85818977125913,76.51910347339124
