UE ID,Internet usage,Data rate,optimal GU
73170,105.37689206033572,72.76023499404133,87.56281990235213
250091,117.030784802262,80.80697045870471,97.24661007086785
36881,137.4049354802005,94.87483640299558,114.17648958804166
367127,131.40018810100307,90.72870130783545,109.18685093915522
11421,129.98117224420747,89.74890464480993,108.00772117476598
588702,107.10723419881167,73.95499504203663,89.00064591978742
1069783,120.49892016447518,83.20163535166144,100.12845357736045
