UE ID,Internet usage
953217,0.9664339428447241
165737,0.8882480640678102
628275,0.9276055883808639
283379,0.8368782617111161
968193,0.9482427519499101
805133,0.95957401433533
440355,1.0268855546614453
