UE ID,Internet usage
1011579,0.6644051289786813
79605,0.5967880017771849
625559,0.6752721442752607
554567,0.6155245488093363
113499,0.7068878828146417
1220018,0.6637311657781014
1258004,0.6558732005954957
