UE ID,Internet usage,Data rate,optimal GU
1011579,117.67431445422287,47.63007966004259,74.86545913434003
79605,106.31463708483261,43.032115010527484,67.63833003805614
625559,119.49997302392151,48.3690367001587,76.02695956607784
554567,109.46237698610638,44.306200208662105,69.6409505252655
113499,124.81141709911694,50.51890692107114,79.40614814431737
1220018,117.5610886370407,47.58425016261171,74.79342384925238
1258004,116.24095048625114,47.04990853014927,73.9535400629052
