UE ID,Internet usage,Data rate,optimal GU
456075,113.68615431293897,110.30263781553006,111.98161770496338
270919,108.0926250056225,104.87558259474086,106.47195415535263
673904,116.25406124728372,112.7941189482574,114.51102310495754
1148278,120.15333555825492,116.57734342854495,118.35183422093587
285486,117.14828229641681,113.66172627569011,115.39183678251509
1005937,121.67817770925446,118.05680337266949,119.85381387576362
1010866,125.27744977290875,121.54895424395313,123.39912078392788
