UE ID,Internet usage,Data rate,optimal GU
239016,115.12877709469842,18.502839175933673,46.15418991928167
209511,126.2041040944751,20.282802443754925,50.59419839210145
778639,118.79785283342618,19.09251206251492,47.625092527186354
426407,117.50594328023043,18.884883741465604,47.10717649974792
947276,114.70386387660979,18.434549551598,45.98384566772461
804062,126.57365888802737,20.34219517843297,50.74234990172065
1087686,106.97690535506185,17.19271693206351,42.886170871712565
