UE ID,Internet usage,Data rate,optimal GU
239016,115.12877709469842,71.27019534433711,90.58283741026112
209511,126.2041040944751,78.12635015372268,99.29685809390864
778639,118.79785283342618,73.54152794450192,93.46965076374384
426407,117.50594328023043,72.74177441157121,92.45318176303833
947276,114.70386387660979,71.00715382837748,90.24851747810433
804062,126.57365888802737,78.35512216877885,99.58762225056248
1087686,106.97690535506185,66.22379855313352,84.1689790247645
