UE ID,Internet usage,Data rate,optimal GU
239016,115.12877709469842,30.152774953373395,58.919030087006114
209511,126.2041040944751,33.05345583426729,64.58700938106675
778639,118.79785283342618,31.113723361135428,60.79673945990936
426407,117.50594328023043,30.775366097203204,60.13558366762799
947276,114.70386387660979,30.041488158159705,58.70157381488452
804062,126.57365888802737,33.150243994483354,64.77613507621933
1087686,106.97690535506185,28.01776092632572,54.74717672059717
