UE ID,Internet usage,Data rate,optimal GU
492849,111.97899958284934,99.98124962754405,105.81020891358031
766964,117.91838942142063,105.28427626912556,111.42240478941021
1291915,112.14126650364153,100.12613080682279,105.96353674159043
136082,117.12018966277331,104.57159791319044,110.66817691157713
363678,106.06238396445659,94.69855711112194,100.21953265307036
586624,117.48267023275056,104.89524127924156,111.01068885559597
403258,106.56481720318098,95.14715821712586,100.69428743881232
