UE ID,Internet usage,Data rate,optimal GU
492849,111.97899958284934,59.98874977652643,81.96023539620482
766964,117.91838942142063,63.17056576147534,86.30742362875345
1291915,112.14126650364153,60.07567848409368,82.0790026210835
136082,117.12018966277331,62.74295874791427,85.72320122673489
363678,106.06238396445659,56.81913426667317,77.62971618600639
586624,117.48267023275056,62.93714476754494,85.9885098377473
403258,106.56481720318098,57.088294930275524,77.99745966174856
