UE ID,Internet usage
212830,0.8311084428131892
628160,0.7184879949568391
1271923,0.9078012286665974
242701,0.7853634583188462
411569,0.8392415384957549
1170097,0.773667289652146
88424,0.8003800666210552
