UE ID,Internet usage,Data rate,optimal GU
212830,122.00672155827836,29.775449904103645,60.27275525245581
628160,103.08648631807816,25.158011541911932,50.925936541268996
1271923,134.89110958143243,32.91985412404006,66.63779445667944
242701,114.32156416334452,27.89990553986384,56.47619712167946
411569,123.3730816326213,30.108906827008767,60.947753197616244
1170097,112.35660782744438,27.420362624554876,55.50548558379997
88424,116.84435435834303,28.515586480309903,57.72248514609628
