UE ID,Internet usage,Data rate,optimal GU
237770,115.96016997445602,53.838650345283156,79.01353710114704
820829,101.18183499084802,46.977280531465155,68.94379919219338
1044926,120.80031359123409,56.0858598816444,82.31153905581318
565524,114.50529582775219,53.16317306288495,78.02220747138361
1141868,114.72709302558397,53.26615033330685,78.17333678693801
1138230,109.015028222948,50.61412024636872,74.28122068960344
244724,106.06647769635609,49.245150359022475,72.27212216483586
