UE ID,Internet usage,Data rate,optimal GU
1131817,127.119789970681,65.82989123481694,91.47831408351765
1098683,112.3761971942787,58.19481640418004,80.86848684080209
56049,103.9194775446955,53.81544372850302,74.78283757722753
288771,130.3502727514515,67.50281981771596,93.80304352595049
197091,124.3839400298135,64.41311180115342,89.50953376824359
1115757,110.90908268391192,57.43506067559724,79.81271761708977
444680,110.24455072590108,57.090928054484486,79.33450519094062
