UE ID,Internet usage
1205887,0.9059400546003249
1293160,0.9136368115910394
974759,0.9172259498431465
1259966,0.9998620596942968
714600,0.9021438522542926
906842,1.0033317212866208
893003,0.957791809503172
