UE ID,Internet usage,Data rate,optimal GU
1205887,110.98312978178102,25.763940842199165,53.47300992257607
1293160,112.27618495610938,26.064114364811108,54.09601949442047
974759,112.87916018253246,26.204090756659323,54.38654022787776
1259966,126.7620266373391,29.426899040810866,61.07547265527755
714600,110.34536778742061,25.615888950651215,53.165728504943225
906842,127.3449297848491,29.5622158429114,61.35632241912895
893003,119.69422460528376,27.786159283369447,57.67012042801552
