UE ID,Internet usage
437900,0.44422418548981424
420165,0.511092851046164
552598,0.5094753517686322
1258175,0.4890544549176011
113062,0.5017955449998442
295545,0.4753981880577433
316474,0.5381560245731322
