UE ID,Internet usage,Data rate,optimal GU
437900,109.58073772072126,22.17705406252692,49.296835036785254
420165,120.81467353457995,24.45058869152213,54.35061996421512
552598,120.54293365585264,24.395593716065413,54.228372968500615
1258175,117.11222298504654,23.70128322316418,52.68500703106099
113062,119.2527261183416,24.134480285854846,53.64795026408337
295545,114.81797015229378,23.236970149868977,51.65289677353437
316474,125.36128668658216,25.370736591332104,56.395994390344285
