UE ID,Internet usage,Data rate,optimal GU
437900,109.58073772072126,62.61756441184072,82.83525156914952
420165,120.81467353457995,69.03695630547426,91.32730882855869
552598,120.54293365585264,68.88167637477294,91.12189278844117
1258175,117.11222298504654,66.92127027716946,88.52851928696445
113062,119.2527261183416,68.14441492476662,90.14658756446538
295545,114.81797015229378,65.61026865845359,86.7942271612018
316474,125.36128668658216,71.63502096376124,94.76422531650536
