UE ID,Internet usage
248411,0.21615181113381837
602003,0.3196145887712812
911201,0.24270073791435506
79326,0.29800112144140695
1256870,0.23315769133605777
1231365,0.22930806128332767
92576,0.29267500643978
