UE ID,Internet usage
570639,1.0125570228587197
416365,0.9618999966212465
209376,1.031448001442316
97546,1.071567904147582
762385,1.084514059337381
206099,1.0245678726363108
277825,0.9414508568396389
