UE ID,Internet usage,Data rate,optimal GU
937665,130.74171779938013,16.342714724922516,46.22417761995982
351705,104.65843234433422,13.082304043041777,37.00234360951611
186355,117.06666467450196,14.633333084312746,41.389316221116
543344,120.33948488500185,15.042435610625231,42.546432903340424
524183,100.00945923169625,12.501182403962032,35.35868340276599
965883,110.17459659615949,13.771824574519936,38.95260218381835
639775,121.58603524818251,15.198254406022814,42.98715501078822
