UE ID,Internet usage,Data rate,optimal GU
812226,124.94871149283023,81.06791400427674,100.64457957707383
420976,100.48417012840228,65.19508657140386,80.93870625712312
590070,119.40390588602774,77.47039131891086,96.17830999761314
41313,122.98635254591964,79.79471683038834,99.06392469210962
591573,113.05873658385926,73.35358504548012,91.0673577586319
607107,111.47649392934049,72.32701094225067,89.79288165679476
207272,113.48076194007612,73.62739911588272,91.40729375348806
