UE ID,Internet usage
1227357,0.3710814690459371
431468,0.321771899668235
957862,0.3435004664789613
1082101,0.2749952491643854
63443,0.3518093343689087
740047,0.30393527271280385
928515,0.2892899206077027
