UE ID,Internet usage
1227357,0.7491067935170046
431468,0.6997972241401892
957862,0.7215257909478121
1082101,0.6530205736332362
63443,0.7298346588373161
740047,0.681960597182098
928515,0.6673152450792135
