UE ID,Internet usage,Data rate,optimal GU
1227357,126.87958811675595,89.87304158270213,106.78508556354359
431468,118.5955804613308,84.00520282677597,99.81305421142729
957862,122.24597968553195,86.59090227725179,102.885322960745
1082101,110.73710317666934,78.43878141680744,93.19916003272358
63443,123.64186949102132,87.5796575561401,104.06013929274079
740047,115.59902713278339,81.8826442190549,97.29107878311648
928515,113.1386079791432,80.13984731855976,95.22032750039733
