UE ID,Internet usage,Data rate,optimal GU
1227357,126.87958811675595,37.006546534053825,68.52280920879056
431468,118.5955804613308,34.59037763455482,64.04893374558755
957862,122.24597968553195,35.65507740828016,66.02037464706396
1082101,110.73710317666934,32.29832175986189,59.80487094840261
63443,123.64186949102132,36.06221193488122,66.77424130314125
740047,115.59902713278339,33.71638291372849,62.43060998631532
928515,113.1386079791432,32.998760660583436,61.101831774303804
