UE ID,Internet usage
924306,1.0880659039331184
1254451,1.0915402765937823
936713,1.0989014765572063
655302,1.0689660825310674
337888,1.0703862091558347
941865,1.084374829741021
1003026,1.1162764544361854
