UE ID,Internet usage,Data rate,optimal GU
924306,121.98700842201795,16.700602343490555,45.135978096504736
1254451,122.57070302871962,16.78051291464614,45.35194885703024
936713,123.80738462274725,16.949820513828495,45.80952900480528
655302,118.77823842600881,16.261306451179777,43.94871254970533
337888,119.0168196991524,16.293969363574437,44.03698915602714
941865,121.36690795755815,16.615707637046654,44.90653693433883
1003026,126.72638090607131,17.34944500499786,46.88957641323171
