UE ID,Internet usage,Data rate,optimal GU
924306,121.98700842201795,23.235620651812944,53.23949522810599
1254451,122.57070302871962,23.346800576898975,53.494240439339116
936713,123.80738462274725,23.58235897576138,54.0339725360239
655302,118.77823842600881,22.62442636685882,51.83907319054264
337888,119.0168196991524,22.669870418886173,51.94319859469307
941865,121.36690795755815,23.117506277630124,52.968861197928426
1003026,126.72638090607131,24.138358267823108,55.30792695713126
