UE ID,Internet usage,Data rate,optimal GU
19234,115.44619229571921,95.51798053038672,105.01041447404057
1089810,126.43510547504584,104.60999798232959,115.00598301236408
14576,114.83322301596655,95.01082142392471,104.45285465464177
193820,115.78871518849321,95.80137744762236,105.32197495275182
346314,115.43303292553294,95.50709271814928,104.99844464731872
807067,129.479215554076,107.12863667867002,117.77492025270834
175085,123.8778124800992,102.4941424686535,112.67985694453303
