UE ID,Internet usage,Data rate,optimal GU
19234,115.44619229571921,67.34361217250287,88.17348581492683
1089810,126.43510547504584,73.75381152711007,96.56640688985387
14576,114.83322301596655,66.98604675931382,87.70532279440198
193820,115.78871518849321,67.54341719328771,88.43509199549219
346314,115.43303292553294,67.33593587322756,88.16343517993074
807067,129.479215554076,75.52954240654434,98.89138436667614
175085,123.8778124800992,72.26205728005787,94.61324210259997
