UE ID,Internet usage
287212,0.6738096191659593
150817,0.7782598579068765
731453,0.6278136170220443
506686,0.7784947928244426
713489,0.7513997518089576
1268664,0.7381530271579345
343402,0.751173804782133
