UE ID,Internet usage,Data rate,optimal GU
1028452,126.93817368090524,120.13791437657103,123.49124438920718
783592,122.32980144699786,115.77641922662298,119.00800971462877
411791,112.28622322097506,106.27088983413711,109.23715877762277
1252712,123.62720720843686,117.00432110798488,120.27018520772025
519515,105.47959580266335,99.82890317037781,102.61536120793353
1224199,116.86219041259507,110.60171592620605,113.68886834922775
1024502,110.56140589328054,104.63847343471194,107.55917782071616
