UE ID,Internet usage,Data rate,optimal GU
448380,109.31226362937967,85.88820713736975,96.89496551036555
512367,113.63699801767409,89.2862127281725,100.72843282210324
327838,98.92145171787662,77.72399777833164,87.68449517189218
1012840,128.22660784422723,100.74947759189283,113.6607397199508
983936,118.77031517516632,93.31953335191639,105.27863215394923
209848,116.58736292913571,91.60435658717806,103.34365179980477
4386,114.22531000720771,89.74845786280606,101.24991566439866
