UE ID,Internet usage
478534,0.6906260636971334
735799,0.7099404324253099
1008280,0.7299474520961916
544629,0.7539152156173945
66837,0.8264300654099361
347141,0.7541474297545936
797010,0.7289116481872503
