UE ID,Internet usage,Data rate,optimal GU
1079582,118.17156005283199,54.161965024214666,80.00252435041266
701419,118.10496605891697,54.13144277700361,79.95744000340568
1039655,122.48760470929916,56.14015215842879,82.92450039585125
846217,109.71925753667597,50.287993037643155,74.2802884963416
849993,121.17729432235396,55.539593231078904,82.0374160703899
360445,118.42963137702587,54.28024771447019,80.17723946281984
925865,104.80766206448914,48.03684511289086,70.9551226426681
