UE ID,Internet usage,Data rate,optimal GU
1079582,118.17156005283199,87.22186575328077,101.52410524985615
701419,118.10496605891697,87.17271304348634,101.4668927052793
1039655,122.48760470929916,90.40751776162558,105.23212579024971
846217,109.71925753667597,80.9832615151656,94.26252344565381
849993,121.17729432235396,89.4403839045946,104.10640578135137
360445,118.42963137702587,87.41234696875719,101.74582069702224
925865,104.80766206448914,77.35803628569437,90.04285049354858
