UE ID,Internet usage,Data rate,optimal GU
686838,117.48391166174336,75.5253717825493,94.19668840634127
971000,119.4381581770956,76.78167311384718,95.76357145842947
512474,127.54277737657492,81.99178545636958,102.26172323586982
1218737,133.07844178972556,85.55042686482358,106.700128873477
839113,122.12923660430556,78.51165210276785,97.92123434604906
1273743,121.96541941269767,78.40634105101994,97.78988838782188
857900,125.72704189780565,80.82452693430363,100.80589607874886
