UE ID,Internet usage,Data rate,optimal GU
461773,109.43393774976933,75.56152844626929,90.934017838576
682674,102.71643816989922,70.92325492683517,85.35211848279025
622441,112.90089560238418,77.95538029688431,93.81488289468092
1227540,110.74590323821229,76.46740937876562,92.02419420966176
849823,112.84710592867829,77.91823980789691,93.77018642072703
35754,111.14416422673516,76.74239910893618,92.35512876780183
387418,118.60980947476615,81.8972493992433,98.55869899583523
