UE ID,Internet usage
1081363,0.3255884912997226
770317,0.2762894528799103
689932,0.2892400032856207
96206,0.35327068574754467
965181,0.23365428152993742
1032582,0.1897765921518903
1070489,0.2680468989032075
