UE ID,Internet usage
102007,0.3785157070618896
885952,0.3294587541327127
390145,0.3475803715657933
1238869,0.38410533783416245
895667,0.3312366681226226
1011487,0.3952760665759187
322598,0.3029081029620336
