UE ID,Internet usage,Data rate,optimal GU
102007,119.0171467648845,43.21455924201163,71.71661968948547
885952,110.77557867278456,40.22208511333249,66.75046631938537
390145,113.82001040159439,41.32750377676939,68.58496125058191
1238869,119.95620473463958,43.55552671912509,72.28247146054453
895667,111.07426822307963,40.330537866713435,66.93044883002352
1011487,121.8328871632662,44.23694117237642,73.41331120649838
322598,106.31506927611488,38.602495391922666,64.06268002373272
