UE ID,Internet usage
110510,0.4705915824547356
1288361,0.48904700526422545
811993,0.4164823554985949
1292171,0.4935907137396626
577215,0.4595945286500925
1238308,0.5119092627906526
408886,0.442802679606614
