UE ID,Internet usage,Data rate,optimal GU
530396,122.9140891652722,39.508100088837494,69.6857384051419
204595,121.14066438376018,38.93807069478006,68.68030106069337
258405,103.52304931591661,33.275265851544624,58.692052168497995
1225117,118.43792937119372,38.06933444074084,67.14799433863097
472226,112.60671229689832,36.195014666860175,63.84200500589826
1143622,115.88326920605024,37.248193673373294,65.69963816407679
1029315,117.9159037024926,37.90154047580119,66.8520336034791
