UE ID,Internet usage,Data rate,optimal GU
494389,117.24133022786333,41.871903652808335,70.06509604238175
1280289,125.88988090126603,44.96067175045216,75.23359363944633
98420,118.73089578732912,42.40389135261754,70.9552817284581
523549,122.04814897528416,43.58862463403006,72.9377196857829
663739,135.07900169925887,48.24250060687817,80.72514367564169
820328,124.26395606235049,44.37998430798232,74.26191769739668
939295,117.34723490995012,41.90972675355361,70.12838619532805
