UE ID,Internet usage,Data rate,optimal GU
494389,117.24133022786333,100.49256876673999,108.54438004902708
1280289,125.88988090126603,107.90561220108516,116.55138209636473
98420,118.73089578732912,101.7693392462821,109.92344978390946
523549,122.04814897528416,104.61269912167214,112.9946294613528
663739,135.07900169925887,115.78200145650759,125.05885483038448
820328,124.26395606235049,106.51196233915755,115.04606819977727
939295,117.34723490995012,100.58334420852867,108.64242873236306
