UE ID,Internet usage,Data rate,optimal GU
600773,118.09956414706978,94.19846187921041,105.47415461267806
263959,116.10173203011367,92.60495292878113,103.68990032591716
749976,119.05623859318133,94.9615236397994,106.32855597454517
416893,103.45251668631043,82.51569783312856,92.39294673818061
119813,117.6198456208985,93.81582924524047,105.04572029655353
580975,102.83745677828685,82.02511433506213,91.84363968270198
735977,103.16136495849031,82.28346966927202,92.13292052574171
