UE ID,Internet usage,Data rate,optimal GU
600773,118.09956414706978,4.217841576681064,22.31871976273333
263959,116.10173203011367,4.146490429646916,21.941164981110212
749976,119.05623859318133,4.252008521185048,22.499514239166302
416893,103.45251668631043,3.694732738796801,19.550687975409804
119813,117.6198456208985,4.200708772174947,22.228061482764783
580975,102.83745677828685,3.6727663135102446,19.434452578407186
735977,103.16136495849031,3.6843344628032253,19.495665470724173
