UE ID,Internet usage,Data rate,optimal GU
600773,118.09956414706978,75.92114838025914,94.6903085497857
263959,116.10173203011367,74.6368277336445,93.08847927165503
749976,119.05623859318133,76.53615338133086,95.45735455150665
416893,103.45251668631043,66.50518929834242,82.94654426564739
119813,117.6198456208985,75.61275789914903,94.3056780425669
580975,102.83745677828685,66.1097936431844,82.45339924104063
735977,103.16136495849031,66.31802033045805,82.71310354856094
