UE ID,Internet usage
1097073,0.2150741163604913
976535,0.3054128048426688
55722,0.29338326256632175
233036,0.31483917600393363
1018669,0.4216317570864482
895058,0.2629917794277284
1070357,0.3221718248515326
