UE ID,Internet usage,Data rate,optimal GU
1278989,116.43522000793683,59.60374357549148,83.3065123295232
1202843,109.08977272782133,55.843574134479965,78.05102696723254
696442,118.50156105484092,60.66151339712095,84.78492810345467
736957,125.79217528901631,64.39361354080597,90.0011817812313
795644,118.1545895846386,60.483897049279285,84.53667862139562
975875,117.03578980438998,59.911178114152015,83.73620512479214
784386,119.3974167247388,61.120106180521056,85.42589061810217
