UE ID,Internet usage,Data rate,optimal GU
1278989,116.43522000793683,74.15814607648358,92.92265629972103
1202843,109.08977272782133,69.47979572545763,87.060525640876
696442,118.50156105484092,75.47420852897606,94.57172690641877
736957,125.79217528901631,80.11763545193301,100.3900973329096
795644,118.1545895846386,75.25322074735911,94.29482176835812
975875,117.03578980438998,74.54065183970076,93.40194891217973
784386,119.3974167247388,76.0447832711134,95.28667628773486
