UE ID,Internet usage
1048279,0.5220502356942996
176534,0.45825230937676303
213184,0.5019721239054641
38778,0.40359492620386733
598291,0.46017181025195586
163288,0.4212934006553953
1112235,0.506043174102341
