UE ID,Internet usage
1048279,0.8228872029592107
176534,0.759089276641674
213184,0.8028090911703752
38778,0.7044318934714384
598291,0.7610087775168669
163288,0.722130367922523
1112235,0.8068801413672521
