UE ID,Internet usage
1203201,0.6732894878905183
44213,0.7553843317614513
1144369,0.7495630659098141
122544,0.7089543410931841
131425,0.722693009582358
74160,0.7197221959387091
755824,0.7384554458530135
