UE ID,Internet usage,Data rate,optimal GU
1203201,113.46848491318437,87.80299427805933,99.81419103300085
44213,127.26041868349749,98.47532398127781,111.94646470456526
1144369,126.28244602076253,97.71855942082814,111.08617693163902
122544,119.46018025138292,92.4394251945225,105.08487234646044
131425,121.76827655741027,94.22545209799604,107.11522258678173
74160,121.26917986528215,93.83924632432547,106.67618497550023
755824,124.41636585104486,96.27456881330852,109.44465256753382
