UE ID,Internet usage
571305,1.0220724801958074
122594,1.0747404597965864
424058,1.0128424548801822
572569,1.0980734007862838
435372,1.0815615474035079
402055,1.0964461373681498
1018252,1.0459249238355517
