UE ID,Internet usage
466936,0.8640202753041156
796313,0.9597080941485108
995087,0.9364011653940552
997341,0.9712645618828085
996851,0.9795918291816609
387368,0.9216697140276306
1218430,0.883601900922937
