UE ID,Internet usage,Data rate,optimal GU
296906,125.07206299713194,115.39386764616339,120.13554463073638
514922,117.62338818659201,108.52157838643905,112.9808644911597
1195972,110.03185468162984,101.51748497412275,105.68896420306719
688323,121.34725893778892,111.95729247236477,116.55775632542785
118832,114.72209883898978,105.84479357168699,110.1940872720653
555935,123.67339705986569,114.1034318111856,118.79208318856129
684450,116.79142425462499,107.75399261587424,112.18173767031021
