UE ID,Internet usage,Data rate,optimal GU
296906,125.07206299713194,67.00289089132067,91.54337655204344
514922,117.62338818659201,63.01252938567429,86.09150483381158
1195972,110.03185468162984,58.945636436587414,80.53507125784873
688323,121.34725893778892,65.00746014524407,88.81709913711957
118832,114.72209883898978,61.458267235173096,83.96797846933421
555935,123.67339705986569,66.25360556778519,90.51965790938688
684450,116.79142425462499,62.56683442212053,85.48256958738871
