UE ID,Internet usage,Data rate,optimal GU
787193,128.0352313508441,9.907488140243888,35.616113433976345
908057,111.10961877512852,8.597768119503993,30.907842662907456
737762,113.2624949405682,8.764359727543967,31.506717526557225
24136,123.65642952440749,9.56865228462677,34.398043212914175
537843,102.61042259948961,7.940092224960505,28.543584545079813
1156024,114.14646535933278,8.83276220042456,31.752615396813944
1192808,116.5169587782794,9.016193238795429,32.41202579200702
