UE ID,Internet usage,Data rate,optimal GU
731399,106.66486701945043,20.317117527514366,46.55236448657431
829586,110.94980756375843,21.133296678811128,48.422465857305426
273863,122.9610868729847,23.421159404378038,53.664617917094596
1158836,118.0973090096156,22.494725525641066,51.54189122925274
942394,125.00911076784807,23.811259193875824,54.55844882407457
1210142,115.27399684616287,21.956951780221498,50.3096967816802
1040813,116.94058002855098,22.274396195914473,51.037053313607245
