UE ID,Internet usage,Data rate,optimal GU
731399,106.66486701945043,57.77680296886898,78.50321652953717
829586,110.94980756375843,60.097812430369146,81.65684738068391
273863,122.9610868729847,66.60392205620003,90.49690959383041
1158836,118.0973090096156,63.96937571354178,86.91726601081251
942394,125.00911076784807,67.71326833258436,92.00421436782696
1210142,115.27399684616287,62.440081625004886,84.8393645209284
1040813,116.94058002855098,63.34281418213178,86.06593653181969
