UE ID,Internet usage
985176,0.3718398412272048
1275433,0.44081420018414075
607338,0.3152362596795949
318493,0.35408543541645787
159860,0.33861457074150325
925275,0.2727832516620385
1040238,0.40743679535314054
