UE ID,Internet usage,Data rate,optimal GU
985821,130.09251367278998,32.523128418197494,65.04625683639499
815670,110.75151462714575,27.687878656786438,55.375757313572876
309249,112.47835391102365,28.11958847775591,56.23917695551182
1126463,99.62749782105034,24.906874455262585,49.81374891052517
772102,113.05468794774785,28.263671986936963,56.527343973873926
322298,115.88176225668053,28.970440564170133,57.940881128340266
1067532,100.71527985396418,25.178819963491044,50.35763992698209
