UE ID,Internet usage
996750,0.34983056220165315
846493,0.34845857126034274
357335,0.4399005799566321
486954,0.3875550784605655
834563,0.44070779633633456
820869,0.3409006392797195
1273998,0.4285389455290051
