UE ID,Internet usage
86760,1.0223843491843019
888425,1.042977628328229
303584,1.0423521091794554
833905,0.9904643695825941
906858,1.02640866193524
7058,1.0078747584293997
1012878,1.0332339016432135
