UE ID,Internet usage
86760,0.8790383276952981
888425,0.8996316068392253
303584,0.8990060876904516
833905,0.8471183480935902
906858,0.8830626404462361
7058,0.8645287369403959
1012878,0.8898878801542097
