UE ID,Internet usage
582607,0.24827553821691078
430351,0.46910593724276173
74864,0.32962239490785683
354364,0.3527393564243515
186597,0.4240554499678787
65152,0.32236163718133926
1269725,0.37148022934770236
