UE ID,Internet usage,Data rate,optimal GU
913569,115.59458736405342,26.834457780940976,55.69486578066227
728997,135.6088491110852,31.48062568650192,65.33797837891368
862232,123.45403760216546,28.658973014788412,59.481643657578374
1079805,130.25973100596727,30.23886612638526,62.76070878781086
1174063,116.16238972667273,26.966269043691884,55.96843980430084
1263551,118.01890803765934,27.39724650874235,56.862932708402816
869637,118.34318979848547,27.472526203219843,57.01917557025453
