UE ID,Internet usage,Data rate,optimal GU
913569,115.59458736405342,18.577701540651443,46.34092946590673
728997,135.6088491110852,21.794279321424405,54.364484141614795
862232,123.45403760216546,19.840827471776592,49.491719112986814
1079805,130.25973100596727,20.934599625959024,52.22006621974972
1174063,116.16238972667273,18.668955491786686,46.5685568127984
1263551,118.01890803765934,18.967324506052393,47.31281989693956
869637,118.34318979848547,19.019441217613736,47.44282181613146
