UE ID,Internet usage
692764,1.0055289719918834
723581,1.001974112382102
93520,0.9760580932906082
484341,1.0457814229319813
744967,0.9549973351646661
879020,0.9947506654821988
1141813,1.0735325424647533
