UE ID,Internet usage,Data rate,optimal GU
692764,119.20237340520534,9.2239931801647,33.15903918012493
723581,118.60515699090486,9.17778000524859,32.992908910105164
93520,114.25126578311006,8.840871757026374,31.781768183447745
484341,125.9647851627516,9.747275042355778,35.04016847323363
744967,110.71305841846345,8.567081901428718,30.797529755300808
879020,117.39161791164754,9.083875195544154,32.655333501779026
1141813,130.62697324432688,10.108039596287199,36.33706947315378
