UE ID,Internet usage,Data rate,optimal GU
1155724,114.20784861415025,40.78851736219652,68.25224403708188
1039516,122.11322757986102,43.61186699280751,72.9766115908058
1108922,125.27640463861877,44.74157308522099,74.86697144931455
296210,128.88841394816774,46.03157641005991,77.0255598812921
1147296,109.06520219287047,38.95185792602517,65.17892497187952
644268,116.9955873445111,41.784138337325395,69.91823658002029
417661,119.14112122938148,42.550400439064816,71.20043832076702
