UE ID,Internet usage
1088629,0.5623199124075127
1200592,0.4933601187012219
7858,0.3618331216524564
248098,0.4559606609826201
621865,0.5111646819381656
281608,0.4553987285790331
668839,0.533668686339337
