UE ID,Internet usage
426349,0.633851095814149
484424,0.6840635021494529
1183593,0.6723062091241321
353325,0.6066444752586936
888973,0.6644946460824609
204275,0.6437731831795159
266106,0.6790203266096613
