UE ID,Internet usage
741450,0.7208415792540268
494875,0.7730686344189113
963863,0.9007790407317428
676624,0.7835510849386326
1169039,0.8914999524348363
769379,0.7354217390393718
252327,0.784668390272664
