UE ID,Internet usage,Data rate,optimal GU
741450,101.01140448686456,48.10066880326884,69.70449133718499
494875,109.78554975447557,52.278833216416935,75.75922679903005
963863,131.24089801526887,62.4956657215566,90.56482369749938
676624,111.5466014416646,53.11742925793553,76.97446791658095
1169039,129.6820111809063,61.753338657574425,89.48908958219354
769379,103.46087133066949,49.267081586033086,71.39478404484578
252327,111.73430873762584,53.20681368458373,77.10399825676106
