UE ID,Internet usage
141060,0.6112765772817411
727316,0.6811832783453053
406381,0.5848262721145322
399560,0.6214694980239748
1010982,0.6717806939225919
506258,0.6514095576225596
474791,0.7029209995501294
