UE ID,Internet usage,Data rate,optimal GU
870377,126.6589674639324,58.805949179682905,86.30353876774184
1191401,118.47157315029635,55.00465896263759,80.72476991543068
759713,124.8979304190613,57.98832483742132,85.10359428756327
1041502,124.74935854139557,57.91934503707652,85.00235961732508
1042686,114.32219989579293,53.07816423733244,77.89744862344367
1215839,119.42597472445338,55.4477739792105,81.37508496934672
59004,117.8636440315532,54.722406157506846,80.31053604539358
