UE ID,Internet usage
967526,0.7358899458404202
358301,0.7274071851739478
465158,0.7092445362492289
356045,0.7408888750317542
964595,0.7384076632207082
237160,0.8003132434650256
449977,0.746465763422051
