UE ID,Internet usage,Data rate,optimal GU
610930,122.23749174814428,65.484370579363,89.4686828355448
637416,110.2371773431862,59.055630719564036,80.68535205814185
512723,112.69929745886839,60.374623638679495,82.48743945851858
672095,120.88720337820492,64.76100180975263,88.48037294650075
162623,115.01409435931029,61.61469340677337,84.18169730652029
523699,108.85584117877367,58.315629202914465,79.67431751042938
364722,121.62112492105159,65.15417406484906,89.01754851190267
