UE ID,Internet usage
598131,0.7397106279743926
414952,0.7324273158375655
1246959,0.7356259225675553
1021794,0.6715157288953627
1213972,0.745293329420545
345410,0.7853925305896485
292320,0.7141656800883461
