UE ID,Internet usage,Data rate,optimal GU
598131,121.92816895467767,92.89765253689727,106.42763115850954
414952,120.70457251539237,91.9653885831561,105.3595886245851
1246959,121.24193844603823,92.37481024460055,105.82864006326606
1021794,110.4714259090123,84.16870545448556,96.42736597290565
1213972,122.86606279763396,93.61223832200683,107.24629202121054
345410,129.60272859421266,98.74493607178108,113.12653601062804
292320,117.6366177099447,89.62789920757692,102.68165812464845
