UE ID,Internet usage
351793,0.6168811833914887
162601,0.68348020507003
964617,0.7325368129007481
1152287,0.6321814241623608
1084188,0.6955954619036073
16284,0.5702314065329386
129006,0.6273976884745096
