UE ID,Internet usage
415150,0.9251357010041174
236252,0.916863938460898
953415,0.9042262669740558
1026798,0.7635108569759592
1011862,0.8709526904590844
234800,0.9602935273891668
753630,0.8580141356283641
