UE ID,Internet usage,Data rate,optimal GU
415150,125.94477867478469,94.45858400608851,109.07137780637217
236252,124.55512256808414,93.41634192606311,107.86790031544533
953415,122.43199375818914,91.82399531864186,106.02921683056962
1026798,98.79180487821638,74.0938536586623,85.55621271025082
1011862,116.84203290382246,87.63152467786685,101.18816872452751
234800,131.85129350803734,98.88847013102801,114.18656969979858
753630,114.66835569175524,86.00126676881644,99.30570903924996
