UE ID,Internet usage
762538,0.8609629668947631
500199,0.9040649480881987
1115924,0.9354854163178182
1129052,0.8538366916254078
130546,0.8338920926756844
854389,0.7999047072820398
728505,0.9206778189720267
