UE ID,Internet usage,Data rate,optimal GU
659827,106.63323580007841,74.89715371672175,89.36736458590411
1269712,117.76649022583946,82.71693956338724,98.69794149121347
913381,104.32373171384096,73.27500203710258,87.43181145241039
30276,133.37287828279307,93.67856927005704,111.77736987852916
541904,105.82426494411715,74.32894799646323,88.68938090772328
106328,113.98323703180202,80.05965458186094,95.52726618556845
171395,117.83889366941976,82.76779436304483,98.75862149300809
