UE ID,Internet usage,Data rate,optimal GU
1022885,123.35210154769128,46.991276780072866,76.13456997469163
214419,108.22860604092446,41.229945158447414,66.80014589536857
1259851,107.40569758518401,40.916456222927245,66.29223576963705
707909,126.33538239691634,48.1277647226348,77.97589089034436
286189,104.13320163325574,39.669791098383136,64.27240741715737
856898,121.01308361724352,46.100222330378486,74.69089676553368
146284,109.34507844256444,41.65526797811979,67.48924762222165
