UE ID,Internet usage
903782,0.42097029127187885
834393,0.3435751121228283
703948,0.42613721760719453
361170,0.3892985851813885
530341,0.27420161986562835
595817,0.36835594565481533
100771,0.416065921200934
