UE ID,Internet usage
147804,0.27246809692523694
592282,0.4208728807178396
862458,0.410844252605562
915600,0.24571424260880076
432860,0.4259501177002896
284775,0.34711110599433836
573754,0.4092508364185529
