UE ID,Internet usage
147804,0.3705629553206563
592282,0.5189677391141457
862458,0.5089391110009814
915600,0.34380910100422013
432860,0.5240449760979258
284775,0.44520596439020105
573754,0.5073456948121989
