UE ID,Internet usage
1054169,1.054227090147071
334862,1.0664665145765502
891215,1.0761154490414435
57589,0.9264764634999869
1200350,1.0796396689045629
173243,1.0006145546865473
846208,0.988962821604978
