UE ID,Internet usage,Data rate,optimal GU
1054169,124.56971419545539,11.863782304329085,38.443048408358244
334862,126.62593749960965,12.05961309520092,39.07761269656049
891215,128.24695848977157,12.213996046644912,39.5778706348422
57589,103.10760891880649,9.81977227798157,31.819698925506213
1200350,128.83902742649417,12.270383564428016,39.760587075531774
173243,115.56280823797704,11.005981736950194,35.663456884293375
846208,113.60531708056331,10.819554007672696,35.05936199807316
