UE ID,Internet usage
914510,0.7413889033820822
537659,0.7081099744937571
906823,0.7226957413088723
1100048,0.657955112563907
1018741,0.6652156585988549
2047,0.7403045738727597
161894,0.6812134655891499
