UE ID,Internet usage,Data rate,optimal GU
914510,126.90465696914197,11.330772943673391,37.920019166821454
537659,121.3137969158586,10.83158901034452,36.249430195204184
906823,123.76420574078865,11.050375512570417,36.981629878234656
1100048,112.88778011129176,10.079266081365336,33.73167610831652
1018741,114.10755184505213,10.188174271879655,34.09615262657847
2047,126.72248961135195,11.314508001013568,37.86558625739208
161894,116.79518341942308,10.428141376734205,34.89923616383812
