UE ID,Internet usage
672703,0.603255608180498
843393,0.6952420257215155
316471,0.586624930145261
1206575,0.590538548681852
108390,0.6121226956637225
1065195,0.6908427262675535
279838,0.6634123921869715
