UE ID,Internet usage,Data rate,optimal GU
401405,121.60050737759614,35.46681465179888,65.67177975908605
908984,112.60771834635169,32.84391785101924,60.81511860350424
389584,115.50890181927096,33.690096363954034,62.38193675404559
615254,121.19370740802582,35.3481646606742,65.45208266584393
1252913,120.00061327798592,35.0001788727459,64.8077381920455
1103932,126.96439866707074,37.0312829445623,68.5686121408805
798644,114.10514789863849,33.28066813710289,61.62382299037955
