UE ID,Internet usage
756684,0.4903101679914022
600606,0.44497187846183794
722867,0.4161906876783248
175999,0.4754460566011217
1214207,0.512085249571336
598763,0.42158279132149523
1256915,0.4726455762947712
