UE ID,Internet usage
1185037,0.724903117581531
1028689,0.7825587341172043
814463,0.6345912465050723
1111740,0.6822880724016058
729379,0.7304226685367807
36257,0.7178668915875713
680899,0.6889380117618287
