UE ID,Internet usage
1185037,0.43918043074322444
1028689,0.49683604727978437
814463,0.348868559665879
1111740,0.3965653855641859
729379,0.44469998169936065
36257,0.4321442047501515
680899,0.40321532492086204
