UE ID,Internet usage,Data rate,optimal GU
582122,109.95266723048859,80.5010599366077,94.08138102149354
211280,106.28192657894408,77.81355338815548,90.94049905320888
956164,103.6435246434247,75.88186625679307,88.68294128734675
515061,119.50955352810583,87.49806597593462,102.25876392445146
261365,106.28676161837994,77.81709332774246,90.94463617146965
32915,115.76927778627335,84.75964980780726,99.05838401502061
678102,120.76288789009706,88.4156857766782,103.33118381773741
