UE ID,Internet usage
340040,0.7138312235988384
261239,0.641121307141867
874731,0.6421896704209474
660636,0.5630764784088844
512122,0.6780816607568763
1046972,0.6615539398187865
153805,0.7989500144920089
