UE ID,Internet usage
340040,0.33954626599157245
261239,0.26683634953149765
874731,0.26790471281057815
660636,0.18879152080161848
512122,0.3037967031469503
1046972,0.2872689822115206
153805,0.4246650568825262
