UE ID,Internet usage
211839,0.7009691472372592
835494,0.6455067265398584
1156139,0.7157925801999101
1024558,0.7406803373399227
143601,0.7172421008873792
128237,0.7330393472271597
1276885,0.6202929128302704
