UE ID,Internet usage,Data rate,optimal GU
285944,125.39947647836186,111.21739282902332,118.09573589274018
1275527,120.63884517470508,106.99516625613725,113.61238179184508
603227,125.03616340765214,110.89516873654863,117.75358355167901
554329,112.8879435769321,100.12085472001716,106.3129220673927
792733,115.41852344633034,102.3652380565668,108.69611137810331
794697,109.10044437287505,96.76170364022848,102.74602116590874
685471,104.89419180630362,93.03115820916214,98.78475668418903
