UE ID,Internet usage,Data rate,optimal GU
285944,125.39947647836186,14.928509104566889,43.266929938639585
1275527,120.63884517470508,14.361767282702985,41.62435608694926
603227,125.03616340765214,14.885257548530015,43.141575019961735
554329,112.8879435769321,13.439040902015726,38.950040963711885
792733,115.41852344633034,13.74030041027742,39.823173970230286
794697,109.10044437287505,12.988148139627981,37.643229585333714
685471,104.89419180630362,12.487403786464716,36.19193457029055
