UE ID,Internet usage
318334,0.7423197604822498
74941,0.762372511169779
204183,0.7373854827118423
1298838,0.8093435202287399
1030300,0.7900436230208888
443938,0.8322057735655723
646430,0.8470939061405711
