UE ID,Internet usage
318334,0.699567405617615
74941,0.7196201563051443
204183,0.6946331278472077
1298838,0.7665911653641052
1030300,0.7472912681562542
443938,0.7894534187009379
646430,0.8043415512759365
