UE ID,Internet usage
318334,0.9310925603184793
74941,0.9511453110060085
204183,0.9261582825480719
1298838,0.9981163200649693
1030300,0.9788164228571183
443938,1.020978573401802
646430,1.0358667059768008
