UE ID,Internet usage,Data rate,optimal GU
318334,109.53300239581851,1.3039643142359347,11.951030347014708
74941,112.90186451142485,1.3440698156122006,12.318603338696496
204183,108.70404373049206,1.294095758696334,11.860583541494515
1298838,120.79299403350507,1.4380118337322032,13.179596156640146
1030300,117.55061130230193,1.3994120393131182,12.825823197169765
443938,124.63385259380075,1.48373634040239,13.598668182501434
646430,127.13505886630519,1.5135126055512522,13.871572160416907
