UE ID,Internet usage,Data rate,optimal GU
318334,109.53300239581851,35.207036484370235,62.099375291480946
74941,112.90186451142485,36.289885021529415,64.0093405827298
204183,108.70404373049206,34.94058548480102,61.62939990385113
1298838,120.79299403350507,38.82631951076949,68.4831904996207
1030300,117.55061130230193,37.78412506145419,66.6449322791806
443938,124.63385259380075,40.06088119086453,70.66075262208841
646430,127.13505886630519,40.864840349883806,72.07880328810018
