UE ID,Internet usage,Data rate,optimal GU
137118,107.1436210908276,75.89339827266954,90.17479419340071
691514,118.53479159330426,83.96214404525718,99.761892755358
141941,117.70428416844996,83.37386795265205,99.06291660213614
567957,123.31748292241876,87.34988373671328,103.7871273134458
652880,107.11855185105922,75.87564089450028,90.1536952841639
864052,126.53844061607253,89.63139543638471,106.49796715788843
714667,117.89280164145543,83.50740116269759,99.22157769793499
