UE ID,Internet usage
59306,1.0642618715555066
435466,1.091925015945949
46657,1.0233367543138119
707226,1.0730936026597704
559220,1.1158511261408097
82422,1.0639194691473846
333020,1.0109663471214485
