UE ID,Internet usage,Data rate,optimal GU
59306,117.9879309825726,41.43623766649871,69.92121244638372
435466,122.63533923998422,43.06836318547065,72.6753282053892
46657,111.11251128550988,39.02165574907787,65.84674756431555
707226,119.4716618078087,41.957309801551865,70.80049100801817
559220,126.65492575256785,44.48000368691371,75.05738847335418
82422,117.9304073778316,41.41603592435753,69.88712319543845
333020,109.03428287708279,38.29180172468979,64.61516185171243
