UE ID,Internet usage
506722,0.3467041137102128
840780,0.12888322153109175
170662,0.2913277139100959
915052,0.3205595108623318
195329,0.30127274520767733
307448,0.32456994632908176
622097,0.31709780952590244
