UE ID,Internet usage,Data rate,optimal GU
139922,117.71462871731205,83.38119534142936,99.07162283732929
286738,123.86953400102183,87.74091991739046,104.25174752966078
152526,116.6279920013099,82.61149433426118,98.1570817640402
632175,131.9599745562461,93.47164864400764,111.06086789141179
153793,112.68272778016183,79.81693217761462,94.83664714032116
636187,128.09099564484626,90.73112191509942,107.80463692290334
202014,124.46052992683718,88.15954203150966,104.74914471893777
