UE ID,Internet usage
685325,0.6306141580486991
712612,0.6709413396477404
716637,0.5793639740753548
576597,0.5862177536652764
192390,0.6728921158022781
980251,0.7296506042851002
1268704,0.7322046459692707
