UE ID,Internet usage
685325,0.9754769548100253
712612,1.0158041364090664
716637,0.924226770836681
576597,0.9310805504266025
192390,1.0177549125636043
980251,1.0745134010464266
1268704,1.0770674427305968
