UE ID,Internet usage,Data rate,optimal GU
685325,111.33969145859855,64.94815335084915,85.03709399367601
712612,118.11465796702818,68.90021714743311,90.21156013628759
716637,102.72966055148989,59.92563532170244,78.46107426572021
576597,103.88109552226503,60.59730572132127,79.34049725095295
192390,118.44238836156644,69.09139321091376,90.4618683597058
980251,127.97781442603635,74.65372508185455,97.74467031372052
1268704,128.40689342932902,74.9040211671086,98.07238481567131
