UE ID,Internet usage
202987,0.3862877233080429
2055,0.34470655468965394
1274595,0.42074049496479643
482636,0.37293217040741866
466565,0.37258375470475963
1273931,0.34632923999279663
745714,0.4053931738631401
