UE ID,Internet usage,Data rate,optimal GU
591089,98.4900351890091,61.556271993130686,77.86320950685025
152030,111.27278506428466,69.54549066517791,87.96886059837627
248064,120.23493771582774,75.14683607239233,95.05406437762464
344664,115.20580119965919,72.00362574978699,91.07818286387044
494340,113.57458148419809,70.9841134276238,89.78859044761322
996623,116.12339935055982,72.57712459409989,91.80360789727165
103105,122.32023347521739,76.45014592201086,96.70263542631507
