UE ID,Internet usage,Data rate,optimal GU
591089,98.4900351890091,93.800033513342,96.11643252565759
152030,111.27278506428466,105.97408101360443,108.59111906142185
248064,120.23493771582774,114.50946449126451,117.33728448783863
344664,115.20580119965919,109.71981066634208,112.42934979484161
494340,113.57458148419809,108.16626808018866,110.83744235552804
996623,116.12339935055982,110.59371366719982,113.32483389724298
103105,122.32023347521739,116.49546045258799,119.37232477154626
