UE ID,Internet usage
1067835,0.8382695525311203
90205,0.8428568029445103
152772,0.9330761165572063
936191,0.873229851705049
600488,0.867406236758804
139551,0.8661709746302072
192764,0.9417842510119935
