UE ID,Internet usage
197148,0.8057771434899084
937091,0.8573035347998603
293861,0.8305317515141212
943448,0.8716323940249453
927993,0.7917830268703913
431414,0.7910801468883866
858545,0.8526702033990208
