UE ID,Internet usage
197148,0.9654131892231098
937091,1.0169395805330619
293861,0.9901677972473227
943448,1.0312684397581469
927993,0.9514190726035928
431414,0.9507161926215881
858545,1.0123062491322223
