UE ID,Internet usage
840544,0.4255773894959913
894094,0.4080390459975942
1043633,0.46053523282266823
738940,0.36348678490673064
119259,0.46410431891247533
386417,0.47433202318973505
32198,0.4618523307680721
