UE ID,Internet usage,Data rate,optimal GU
840544,117.0470262320343,33.44200749486694,62.5642671858592
894094,114.1005845243106,32.60016700694589,60.98932784580161
1043633,122.91994391112836,35.119983974608104,65.70347373098743
738940,106.61580466105802,30.461658474588006,56.98854472241362
119259,123.51955037381474,35.29130010680421,66.02397686673997
386417,125.23780469233847,35.7822299120967,66.94242243292005
32198,123.14121636573631,35.183204675924664,65.82174883302649
