UE ID,Internet usage,Data rate,optimal GU
840544,117.0470262320343,96.84248003721885,106.4665407594875
894094,114.1005845243106,94.40465029094746,103.78644314172364
1043633,122.91994391112836,101.70162025980262,111.80857506473201
738940,106.61580466105802,88.21188599932776,96.97825120349329
119259,123.51955037381474,102.19772322595385,112.35398000114363
386417,125.23780469233847,103.61937412044671,113.91691243375084
32198,123.14121636573631,101.88469687403183,112.00984555887314
