UE ID,Internet usage,Data rate,optimal GU
1145807,124.87647345463839,59.46498735935161,86.17295350317569
426726,112.48013480929463,53.561968956806965,77.6186671420793
383792,113.80910888619573,54.194813755331296,78.53574638180756
225752,117.33488252380639,55.87375358276494,80.96876133915987
836391,101.53861346877584,48.351720699417065,70.0683000981779
784544,117.74049279433378,56.066901330635126,81.24865901736635
479935,122.36425791997348,58.26869424760642,84.4393600850586
