UE ID,Internet usage
556221,0.956573519528697
190346,1.0301130470457236
1054686,0.9983256805798797
52081,1.0449475311835705
118749,1.0313366832887143
1206182,1.13852000613208
677208,1.0423903777079375
