UE ID,Internet usage
201188,0.9557208411193939
358918,1.0913982713400163
1132107,0.9578345996904173
616796,0.9484966062520654
495261,0.9872883060015494
892571,0.9595199427801578
125477,1.0969868227680915
