UE ID,Internet usage,Data rate,optimal GU
201188,106.63991479235703,66.64994674522315,84.30625505753254
358918,129.43372306920298,80.89607691825186,102.3263427335403
1132107,106.99502623183628,66.87189139489767,84.58699530051639
616796,105.4262433344968,65.8914020840605,83.34676352303869
495261,111.94324889269214,69.96453055793258,88.49890879500725
892571,107.27816387108733,67.04885241942958,84.8108352583555
125477,130.37259970888996,81.48287481805622,103.06858988937432
