UE ID,Internet usage
85148,0.8142217035791331
139420,0.8153974814401751
59125,0.8051973478963137
962194,0.8248927578946562
138659,0.766174260641029
306226,0.7883680640709687
700101,0.7994081178750946
