UE ID,Internet usage,Data rate,optimal GU
319763,112.19992714779418,16.028561021113454,42.407586336089715
475027,105.68825031425382,15.098321473464832,39.94640383329424
495179,114.03813260832771,16.291161801189673,43.10236269426296
1298811,107.9479634367233,15.421137633817613,40.80049511278045
167227,116.0596805987378,16.579954371248256,43.86643601512117
722345,132.07977216086152,18.868538880123076,49.92146147995883
366433,112.20657559939423,16.02951079991346,42.41009921459505
