UE ID,Internet usage,Data rate,optimal GU
319763,112.19992714779418,85.48565877927176,97.93612554729476
475027,105.68825031425382,80.52438119181244,92.25226802523972
495179,114.03813260832771,86.88619627301159,99.5406428169664
1298811,107.9479634367233,82.24606738036061,94.22470734573521
167227,116.0596805987378,88.42642331332404,101.3051945668788
722345,132.07977216086152,100.6322073606564,115.28867689517504
366433,112.20657559939423,85.49072426620512,97.94192879162075
