UE ID,Internet usage,Data rate,optimal GU
319763,112.19992714779418,28.717838496161608,56.76389157828638
475027,105.68825031425382,27.05115930662449,53.46952118814312
495179,114.03813260832771,29.18833156046483,57.69387164255945
1298811,107.9479634367233,27.629538260589893,54.612749298379995
167227,116.0596805987378,29.705751581819793,58.716607876574884
722345,132.07977216086152,33.80613216022051,66.82145039852023
366433,112.20657559939423,28.719540183178285,56.7672551454061
