UE ID,Internet usage
340538,0.28329300685949743
996040,0.2977036156804194
208098,0.3118703344365997
152937,0.3846324714969333
604301,0.34528956618015166
768062,0.37925051303067864
671503,0.41746380160729074
