UE ID,Internet usage
340538,0.8692389673924731
996040,0.8836495762129518
208098,0.8978162949704621
152937,0.970578432028579
604301,0.931235526714014
768062,0.9651964735623244
671503,1.0034097621376066
