UE ID,Internet usage
155930,0.5862394079418513
603123,0.5708628494182336
707860,0.5755618117627832
661116,0.5596197982998083
537019,0.5180838784566648
270003,0.5739179961430764
679099,0.5677443064439721
