UE ID,Internet usage
220411,0.9025443156648331
571563,0.8769349149623782
682517,0.8876595349472841
988614,0.9888132282062424
1223241,0.9145762708333385
590867,0.8263193348059674
725013,0.9645029369171536
