UE ID,Internet usage,Data rate,optimal GU
220411,116.3773201530929,76.1994358145251,94.1694543749301
571563,112.07494083497136,73.38240173718363,90.68808264057056
682517,113.87667699225949,74.562109935408,92.14599996188548
988614,130.87049745970648,85.68901619385544,105.89695074043777
1223241,118.3986886210582,77.52295088283572,95.80509236237108
590867,103.57152336859056,67.81468791991048,83.80734177045997
725013,126.7863685230899,83.01488415202314,102.59218145160976
