UE ID,Internet usage
1195429,0.708262273896226
166960,0.6964575019287905
665525,0.6598804230235771
1061832,0.5759453792343562
575822,0.6274815728390385
199802,0.6820988683322168
422152,0.6099709213408581
