UE ID,Internet usage,Data rate,optimal GU
1195429,125.28397231579731,23.863613774437585,54.67840823827554
166960,123.30077062526415,23.485861071478887,53.81286806063433
665525,117.15582136909343,22.315394546493987,51.13099233605672
1061832,103.0547340126724,19.629473145270932,44.97677327015347
575822,111.71281453826425,21.278631340621764,48.75546940172945
199802,120.88852018094754,23.02638479637096,52.760075655275116
422152,108.77102508672202,20.718290492708956,47.47156722646136
