UE ID,Internet usage,Data rate,optimal GU
549209,126.07095099590612,106.55997048463493,115.90563755526999
171374,117.57436190009085,99.37832970126726,108.09414277065777
637943,123.85161431947921,104.6841025795598,113.86524973873478
869320,115.07773828454376,97.2680883119358,105.79882612864303
269129,120.93446069307788,102.21841320486345,111.18331113000886
321947,110.887189235705,93.7260766158935,101.9461681184083
302075,120.2601247005342,101.64843873497534,110.56334798604259
