UE ID,Internet usage,Data rate,optimal GU
549209,126.07095099590612,90.80110161014666,106.99243539366273
171374,117.57436190009085,84.68153446375591,99.7816485096165
637943,123.85161431947921,89.20265078962491,105.1089544323975
869320,115.07773828454376,82.88337102636783,97.66284287851288
269129,120.93446069307788,87.1016056182287,102.63325825940464
321947,110.887189235705,79.86517796143038,94.10645621822334
302075,120.2601247005342,86.61592314740857,102.06097059483238
