UE ID,Internet usage,Data rate,optimal GU
549209,126.07095099590612,73.54138808094524,96.28827931230136
171374,117.57436190009085,68.58504444171966,89.79890219888304
637943,123.85161431947921,72.24677501969622,94.59323292691502
869320,115.07773828454376,67.12868066598386,87.8920744155399
269129,120.93446069307788,70.5451020709621,92.36522004244851
321947,110.887189235705,64.68419372082792,84.69148971225177
302075,120.2601247005342,70.15173940864496,91.85018742083776
