UE ID,Internet usage
796065,0.6240490008188428
374248,0.5434948082296236
534077,0.5787333290041408
1296757,0.634551495613786
894231,0.5513694305398712
207821,0.5755804829815023
115204,0.5217234650626343
