UE ID,Internet usage,Data rate,optimal GU
796065,122.85465060337992,96.5286540455128,108.8990085628699
374248,109.32154624844874,85.89550062378116,96.90319367273892
534077,115.24161773849984,90.54698536596416,102.15077618362956
1296757,124.61906972932988,97.91498335875919,110.46299895771156
894231,110.64448279661826,86.9349507687715,98.07585158824875
207821,114.71193960669882,90.13080969097764,101.6812667012675
115204,105.66396059640654,83.021683325748,93.66109051030304
