UE ID,Internet usage
287480,0.762279757752692
1269051,0.7634403091772294
622001,0.8161133728045028
1198313,0.8193910223990697
430859,0.7164867869186441
865197,0.7840708530405065
820947,0.7741757766254983
