UE ID,Internet usage,Data rate,optimal GU
287480,113.22730074881366,90.98622381601098,101.49938190951877
1269051,113.4222733883678,91.14289825850983,101.67415956714319
622001,122.27134807776301,98.25376184820242,109.6066599933197
1198313,122.82199320964543,98.69624454346507,110.10027010473213
430859,105.53408164865107,84.80417275338031,94.60301523472467
865197,116.88820475736065,93.92802168002196,104.78109481480053
820947,115.22583191978737,92.59218636411485,103.29090813366453
