UE ID,Internet usage,Data rate,optimal GU
287480,113.22730074881366,7.413692310934228,28.972959271522768
1269051,113.4222733883678,7.42645837661932,29.0228494862281
622001,122.27134807776301,8.005862076520197,31.287178661885825
1198313,122.82199320964543,8.041916222060117,31.4280794770919
430859,105.53408164865107,6.909969631756915,27.00439407406753
865197,116.88820475736065,7.6533943591129,29.909722949850565
820947,115.22583191978737,7.544548518557506,29.484349738632325
