UE ID,Internet usage,Data rate,optimal GU
882344,123.91571647384691,92.93678735538519,107.31415839450129
814300,127.6865115122954,95.76488363422155,110.579762690262
124258,110.79277438641705,83.0945807898128,95.94935717439505
1161668,112.10736009918305,84.0805200743873,97.08782179710246
95728,126.09935409068576,94.57451556801433,109.20524404334304
1079621,107.55303576126312,80.66477682094734,93.14366122339005
243724,129.6836940248465,97.26277051863487,112.30937348212527
