UE ID,Internet usage
421475,0.7542278518558797
1027535,0.6699242157312828
842886,0.6342358376490385
933393,0.6072405566045114
455982,0.7004299448607036
94292,0.6938383130283989
1201897,0.6696742606382695
