UE ID,Internet usage
421475,0.815636887954174
1027535,0.7313332518295769
842886,0.6956448737473326
933393,0.6686495927028056
455982,0.7618389809634312
94292,0.7552473491311265
1201897,0.7310832967409971
