UE ID,Internet usage,Data rate,optimal GU
421475,128.35738592337512,121.48109739176574,124.87191878204641
1027535,114.19437505438032,108.07681924789566,111.0934959026795
842886,108.19872753632207,102.40236713259053,105.26065656480385
933393,103.66352032079996,98.11011744647139,100.84860015681109
455982,119.31933754831104,112.92723017965152,116.07929314137667
94292,118.21194340058751,111.87916071841319,115.00196961161271
1201897,114.15238259894473,108.03707638828698,111.0526437269602
