UE ID,Internet usage,Data rate,optimal GU
421475,128.35738592337512,47.369987662197964,77.9762001353122
1027535,114.19437505438032,42.14316222244988,69.37227164226377
842886,108.19872753632207,39.930482781261716,65.72995836636089
933393,103.66352032079996,38.256775356485704,62.97485219971013
455982,119.31933754831104,44.03451742854336,72.48564995109963
94292,118.21194340058751,43.62583625497873,71.8129158729601
1201897,114.15238259894473,42.12766500675341,69.3467615238887
