UE ID,Internet usage
109767,0.5266983045017684
338364,0.4507337421132065
912469,0.3763422064142803
15051,0.46190897802836894
176877,0.4619431519219631
460824,0.41749187056328885
112650,0.40325034626126766
