UE ID,Internet usage
985391,0.9591369555031519
1115725,1.0591493212502714
753036,1.0093061937187437
893114,0.9181678592313021
637716,1.016641680397776
1260014,0.9988768918862568
910750,0.9623155343882241
