UE ID,Internet usage
642193,1.006005481172895
912320,1.016424972482199
240036,1.0138307600783294
683969,1.0807050761785986
68325,1.122940292326496
345140,1.0087774820781965
659642,1.101861005476819
