UE ID,Internet usage
1128883,0.7739903209708797
382661,0.740994687676778
330661,0.8514180712271411
1113637,0.8328909999348351
705847,0.7663117276239568
1123494,0.7942110880479255
257370,0.7736255552693403
