UE ID,Internet usage
86468,1.1001686141722338
948480,1.0485255382591752
192542,0.9673566555458957
760348,1.056408174851581
684443,0.98334591888878
38154,1.0028783522562676
10822,1.025470097692316
