UE ID,Internet usage,Data rate,optimal GU
1077231,109.87103157965493,25.50577518813418,52.93718760152516
1012745,117.43312581236734,27.261261349299563,56.58069577016637
949219,106.66718577187534,24.762025268471064,51.393536066317466
397774,127.44766843359227,29.586065886369635,61.405823138693066
692618,120.60721812749671,27.99810420816888,58.11001171391215
1256023,105.78833137688153,24.558005498204643,50.97009342349052
893066,111.32118520032408,25.842417992932376,53.63588909876867
