UE ID,Internet usage
899707,0.3666204754879467
220321,0.37127695294522123
284643,0.39757296781327794
683312,0.35087673513910145
1261383,0.3748102208355034
365552,0.31950124340408265
48352,0.37821378306394404
