UE ID,Internet usage
899707,0.7062606536772909
220321,0.7109171311341221
284643,0.7372131459990754
683312,0.6905169133284457
1261383,0.7144503990230743
365552,0.6591414215894368
48352,0.717853961252845
