UE ID,Internet usage,Data rate,optimal GU
899707,118.11747205192309,54.137174690464754,79.96590660069482
220321,118.89976026476879,54.495723454685695,80.49551822441586
284643,123.31749076253402,56.52051659949476,83.48633590984723
683312,115.4725236733016,52.92490668359657,78.17526808351144
1261383,119.4933492702829,54.767785082213,80.89737988086307
365552,110.20144106178876,50.508993819986514,74.6067282860165
48352,120.06514772464547,55.029859373795844,81.28448926444248
