UE ID,Internet usage
1069481,0.7848914294193635
1137882,0.7410829835957505
176041,0.8164054854293764
336441,0.8245920823059024
1263367,0.7747310576065333
888870,0.7637822936234141
1147387,0.7914714563849702
