UE ID,Internet usage,Data rate,optimal GU
1069481,118.12683430155715,42.18815510769899,70.59428594366226
1137882,110.76701540347702,39.55964835838465,66.1959528904096
176041,123.42119571141309,44.078998468361824,73.75827205627016
336441,124.79654398644426,44.570194280872954,74.58019985932813
1263367,116.41989183722242,41.57853279900801,69.57419270973193
888870,114.58049948795252,40.921606959983045,68.47494552991284
1147387,119.23227883213781,42.58295672576351,71.25491540815338
