UE ID,Internet usage
493900,0.9113078826900901
589872,0.9607389583392161
1152966,0.9197316469972245
862387,1.0076798798090492
918415,0.9221350736378245
185287,0.9556003725409472
254860,0.9504900849936372
