UE ID,Internet usage
493900,1.0053251359517792
589872,1.054756211600905
1152966,1.0137489002589135
862387,1.1016971330707384
918415,1.0161523268995136
185287,1.0496176258026364
254860,1.0445073382597598
