UE ID,Internet usage,Data rate,optimal GU
446788,122.38999286588725,54.63838967227109,81.77525372747446
833057,112.19600810956962,50.087503620343576,74.96411116245004
216501,120.39857886340512,53.74936556402014,80.44468427881155
39986,112.68349523671516,50.30513180210498,75.28982719999313
44505,111.98147256107538,49.991728821908644,74.82076856963769
142733,128.50517729470732,57.36838272085148,85.86113318989939
518369,130.02040036789973,58.04482159281237,86.8735341906888
