UE ID,Internet usage,Data rate,optimal GU
117142,122.53218757434377,88.98170764327345,104.41802187185411
212593,97.19826257945778,70.58445258746339,82.82925906117688
887146,128.22193016440255,93.11354452414948,109.26663902278445
842532,113.30575406673925,82.28155950084637,96.55554952995023
892177,124.22560320580412,90.21144994707204,105.86109665852338
755238,116.46940119691503,84.57896991680734,99.25150870421285
33648,115.56650179237317,83.923292968271,98.48208663122217
