UE ID,Internet usage
152660,0.5722698544233553
654068,0.5229935458346167
769228,0.5653874871369062
385390,0.5574707061066382
820288,0.553270079529499
262735,0.5367702123640652
141783,0.48932487394577867
