UE ID,Internet usage
485363,0.6247897807292402
847264,0.6653126713794827
451987,0.7219046644552313
1127042,0.7125497189151772
1248858,0.7108748468060656
447318,0.711479601025012
1150544,0.6902533501041017
