UE ID,Internet usage,Data rate,optimal GU
485363,104.54952263793666,54.76403566749063,75.66738918955168
847264,111.35736826730111,58.33005004477677,80.59454611750296
451987,120.86482310402418,63.310145435441235,87.47553674453589
1127042,119.29319225356596,62.486910228058356,86.33807384443483
1248858,119.0118137390876,62.33952148237922,86.1344270268559
447318,119.1134124477992,62.39273985360911,86.20795877371869
1150544,115.54740229337804,60.52482977272183,83.62707010583902
