UE ID,Internet usage,Data rate,optimal GU
1079171,111.59464849011893,83.03173250752896,96.25952941243415
861520,112.58629718635497,83.76956635889506,97.1149076777332
1144116,111.25400225963708,82.77827549080139,95.965694122965
866906,109.02163244893352,81.11728604831362,94.04009222036233
353279,124.52589349637584,92.65319456575583,107.41378793522878
1046935,128.7518779000834,95.79752819946681,111.05904579937443
1266009,133.2294698155663,99.12906980324873,114.92133576145505
