UE ID,Internet usage
460778,0.654738182679624
690264,0.6994023733898794
866617,0.6658532391116674
835753,0.6845252121572408
1216650,0.7031794601275586
395236,0.6331360398993184
468566,0.6708740676775101
