UE ID,Internet usage
460778,0.9613035162752861
690264,1.0059677069855415
866617,0.9724185727073293
835753,0.9910905457529028
1216650,1.0097447937232207
395236,0.9397013734949806
468566,0.9774394012731722
