UE ID,Internet usage,Data rate,optimal GU
460778,114.62055841906812,67.544257639808,87.98841133169869
690264,122.12414245820574,71.96601252001409,93.74853366929649
866617,116.48788789947143,68.64464822647423,89.42186582432834
835753,119.62477937112064,70.4931735579818,91.82989891121349
1216650,122.7586930304923,72.33994410725438,94.23564608207136
395236,110.99139843163589,65.40564550435685,85.2024885778133
468566,117.33138709852467,69.14171025448775,90.06937754044564
