UE ID,Internet usage,Data rate,optimal GU
493016,117.66546060678833,71.43974393983578,91.68418825681881
1242613,106.25285435259188,64.5106615712165,82.79155710648166
663156,115.0559052692887,69.85537105635386,89.65083911939064
443351,122.16756475238128,74.17316431394578,95.19219954498891
1143215,108.18256343967415,65.68227065980217,84.29517431333716
334947,118.00599422933416,71.64649649638146,91.94952991779785
202649,122.3765012298964,74.30001860386568,95.35500153666453
