UE ID,Internet usage
884811,0.8516473718138537
903043,0.8330932179668056
65670,0.8842831274928864
351775,0.8672660606510055
1119101,0.845675563241246
673265,0.8816969808876713
989810,0.8800657856037247
