UE ID,Internet usage
884811,0.6252360276527136
903043,0.6066818738056653
65670,0.6578717833317462
351775,0.6408547164854319
1119101,0.6192642190801058
673265,0.6552856367220977
989810,0.6536544414425846
