UE ID,Internet usage,Data rate,optimal GU
884811,113.36251405714735,102.56608414694283,107.82925927545995
903043,110.24541621113185,99.74585276245261,104.86430781314901
65670,118.84532101122085,107.52671901015218,113.04444894838879
351775,115.98645378138723,104.94012484982653,110.32512379647444
1119101,112.35925021710221,101.65836924404485,106.87496501311335
673265,118.41084838119009,107.13362472583864,112.63118304421116
989810,118.13680757372107,106.88568304289048,112.37051824221375
