UE ID,Internet usage,Data rate,optimal GU
884811,113.36251405714735,97.84264606122836,105.31708474651438
903043,110.24541621113185,95.15229375365546,102.42120985575023
65670,118.84532101122085,102.57483063468464,110.41077245654387
351775,115.98645378138723,100.10735594226873,107.75480134627334
1119101,112.35925021710221,96.97673381833226,104.38502335264056
673265,118.41084838119009,102.19983937662239,110.00713470046938
989810,118.13680757372107,101.9633160606521,109.7525427907516
