UE ID,Internet usage
757456,0.821424804517536
688294,0.839498224813122
988414,0.8505284776658478
1287032,0.8832828839407447
467173,0.8294943417224866
260230,0.778589158539401
193385,0.8341235399973692
