UE ID,Internet usage
441168,0.6670371951278673
1215324,0.725965979785467
366652,0.729697914539506
693060,0.7707820888268534
1128130,0.7863278007205933
641799,0.6576098218138012
744715,0.7189788424202013
