UE ID,Internet usage,Data rate,optimal GU
133121,105.5304151678244,99.2488428364063,102.34144609810882
1153917,127.56954030080003,119.97611528289528,123.7145823002072
363884,121.23095804955672,114.01482959422597,117.56754238974703
985211,124.46817975979074,117.05935953599369,120.70694017036485
476921,123.41710059012654,116.07084460261902,119.6876230188501
1175107,113.87093278129079,107.09290106811873,110.4299259208353
1163111,117.06605320360028,110.09783575100504,113.52849465058718
