UE ID,Internet usage
1130302,0.4092994502305157
1011719,0.38820869039592865
4573,0.32066202624497864
975099,0.40659948503297366
115897,0.3360385447706032
132130,0.3218697819280652
1243100,0.3211416766811647
