UE ID,Internet usage
1130302,0.47731815831826796
1011719,0.45622739848323746
4573,0.3886807343336175
975099,0.4746181931207259
115897,0.4040572528587987
132130,0.38988849001670406
1243100,0.3891603847698036
