UE ID,Internet usage
297087,1.0414051209607895
52750,1.0692613892673957
430909,0.9770788879835499
698728,0.9575026663831482
1002306,1.0541975586301993
287449,1.0285682043118027
487409,1.0523082757934796
