UE ID,Internet usage,Data rate,optimal GU
297087,120.71891415819579,80.47927610546385,98.56658066347453
52750,125.39876723353845,83.5991781556923,102.3876646987359
430909,109.91210701808687,73.27473801205791,89.74285958283025
698728,106.62330178950263,71.08220119300175,87.057561358354
1002306,122.86804368689333,81.91202912459555,100.32133757562687
287449,118.56231216145638,79.04154144097092,96.80572250671489
487409,122.55064416980355,81.7004294465357,100.06218195513495
