UE ID,Internet usage,Data rate,optimal GU
297087,120.71891415819579,90.53918561864684,104.54564637827049
52750,125.39876723353845,94.04907542515384,108.59851802749598
430909,109.91210701808687,82.43408026356516,95.18667686113713
698728,106.62330178950263,79.96747634212699,92.33848798508409
1002306,122.86804368689333,92.15103276517,106.40684714614585
287449,118.56231216145638,88.92173412109229,102.67797426324192
487409,122.55064416980355,91.91298312735266,106.13197110119718
