UE ID,Internet usage
292263,0.9405093604701427
71896,1.0352417608911557
659330,1.0191965051238272
103582,1.032100530472991
1204344,1.0935775130396455
564141,1.1147984489167115
792661,1.0800770654136322
