UE ID,Internet usage,Data rate,optimal GU
292263,103.78722892980353,64.8670180811272,82.05100886387476
71896,119.70227220067915,74.81392012542446,94.63295531290052
659330,117.00666923168636,73.12916826980397,92.50189405051816
103582,119.17454548977398,74.48409093110872,94.21575071575813
1204344,129.50267856118512,80.9391741007407,102.38085683650056
564141,133.0677957889734,83.16737236810837,105.19932947782964
792661,127.23460335992235,79.52162709995146,100.58778595136675
