UE ID,Internet usage
977105,0.38633874200893004
640949,0.3550634954367211
730041,0.3488399829678131
872900,0.339763607267894
1269311,0.38562896235426786
277779,0.332637587351891
293890,0.3240448315339692
