UE ID,Internet usage,Data rate,optimal GU
977105,119.41042769790917,91.69014983946596,104.63632260365426
640949,114.15618627379497,87.65564303166398,100.0321643966175
730041,113.11063617895098,86.85280992312308,99.11597542441862
872900,111.5858050614231,85.68195745787845,97.77980467446217
1269311,119.29118471587806,91.59858826397779,104.53183300943228
277779,110.38863371554969,84.76270088872565,96.73075385391263
293890,108.94505073811713,83.65423538819708,95.4657787839471
