UE ID,Internet usage,Data rate,optimal GU
977105,119.41042769790917,37.67114683326896,67.06957399023334
640949,114.15618627379497,36.01355876494722,64.11841017019664
730041,113.11063617895098,35.68371260407382,63.53115325471151
872900,111.5858050614231,35.202664691996574,62.67469728657468
1269311,119.29118471587806,37.63352851155677,67.00259846589819
277779,110.38863371554969,34.82498563645317,62.00227885789125
293890,108.94505073811713,34.369569578096474,61.191457749697115
