UE ID,Internet usage,Data rate,optimal GU
977105,119.41042769790917,99.50868974825765,109.00630808580758
640949,114.15618627379497,95.13015522816248,104.2098638348652
730041,113.11063617895098,94.25886348245916,103.25541154828568
872900,111.5858050614231,92.98817088451925,101.86343754919262
1269311,119.29118471587806,99.40932059656505,108.89745463400318
277779,110.38863371554969,91.99052809629141,100.77057463030314
293890,108.94505073811713,90.78754228176427,99.45276969635266
