UE ID,Internet usage
873098,0.27602547492648866
621544,0.3256700154771931
976790,0.3452080418155903
404337,0.3471922280345688
491096,0.3166278016575935
970306,0.32728649813784694
451252,0.29372407727769456
