UE ID,Internet usage
873098,0.5339625346667016
621544,0.583607075214746
976790,0.6031451015535866
404337,0.6051292877743385
491096,0.5745648613960331
970306,0.5852235578749565
451252,0.5516611370179075
