UE ID,Internet usage
1193649,0.6154609801481247
916956,0.613000778014599
686881,0.569026405300816
72930,0.5394367145025634
517994,0.5636651328005057
976243,0.5941557618196743
542672,0.5794254892056655
