UE ID,Internet usage
21436,0.36270339140692887
604854,0.38669769192805237
81283,0.3615408525570865
77193,0.3290618765682586
657980,0.31523398239552514
199064,0.4002836139295959
1184687,0.4475879298878872
