UE ID,Internet usage
21436,0.7720065170938609
604854,0.7960008176180878
81283,0.7708439782453487
77193,0.7383650022547473
657980,0.724537108084674
199064,0.8095867396196315
1184687,0.8568910555788094
