UE ID,Internet usage
21436,0.45172117795495725
604854,0.4757154784747507
81283,0.4505586391064449
77193,0.4180796631162869
657980,0.40425176894355347
199064,0.4893014004762941
1184687,0.5366057164354722
