UE ID,Internet usage,Data rate,optimal GU
21436,116.68592629362134,11.80750444637835,37.11831884045545
604854,120.71696878112172,12.215407555232554,38.400611616140786
81283,116.49061976684162,11.787741285930402,37.05619095440355
77193,111.03415180070876,11.235598694119338,35.32046391222362
657980,108.71106557967256,11.000524493181151,34.58147971948295
199064,122.99940367737872,12.44636822925856,39.12666443932929
1184687,130.9465287585119,13.250541600563704,41.65468073055024
