UE ID,Internet usage
1008762,0.859759487611572
1200019,0.9524079945056313
410726,0.892622177656356
858684,0.888196245051499
1033130,0.8109458275485789
1128643,0.9078003819960802
745551,0.956411995215268
