UE ID,Internet usage,Data rate,optimal GU
1008762,114.96157482484013,47.90065617701672,74.20737745839727
1200019,130.52652398319813,54.38605165966589,84.2545089375449
410726,120.48250675267899,50.20104448028291,77.7711236937414
858684,119.73895007520447,49.89122919800187,77.29115992227138
1033130,106.76087993456274,44.48369997273448,68.91385166883518
1128643,123.03244508188531,51.26351878411888,79.41710180755341
745551,131.19919610230755,54.666331709294816,84.6887169233397
