UE ID,Internet usage,Data rate,optimal GU
1086885,113.98194637242845,78.70182011429584,94.71318091839267
593298,123.7531790800496,85.44862365051044,102.83257667084581
523513,121.0418484397588,83.57651439888107,100.57959926840374
483011,109.28234850818279,75.45685968422146,90.80805491444103
704354,128.23709730045047,88.54466242173962,106.5584838969294
657560,126.43340758633168,87.29925761913378,105.05970978707353
1182287,121.52234539873754,83.9082861086521,100.97886772147781
