UE ID,Internet usage
461665,0.8722786839202107
429753,0.9159360645161218
544531,0.996719745204121
622123,0.9117965977872379
500937,0.8645033935639566
308679,0.8410625705355095
415522,0.8453640690995486
