UE ID,Internet usage
461665,0.9937986724048593
429753,1.0374560529963368
544531,1.1182397336887695
622123,1.0333165862718863
500937,0.9860233820486052
308679,0.9625825590201581
415522,0.9668840575841973
