UE ID,Internet usage,Data rate,optimal GU
461665,114.4177400144238,24.518087145947955,52.96512173795185
429753,121.75217995430053,26.089752847350113,56.36030769640808
544531,135.32383831001292,28.997965352145624,62.64276474289039
622123,121.05674954412915,25.94073204517053,56.03838597054321
500937,113.11149123468972,24.238176693147796,52.36044605016126
308679,109.17343296603293,23.394307064149913,50.53747930056228
415522,109.89608472466423,23.549161012428048,50.8720020622007
