UE ID,Internet usage
232522,0.7036188767527409
1262031,0.6943592919585793
405511,0.6485164229996596
862185,0.6840487559779259
608946,0.7240239822636123
1011491,0.7156916732420874
836673,0.7611467313351206
