UE ID,Internet usage,Data rate,optimal GU
232522,113.31327267763302,93.07875969948427,102.69887476658904
1262031,111.75766243232432,91.80093699798068,101.2889832508521
405511,104.05606044659632,85.47462108113268,94.30881368073854
862185,110.02549238745785,90.37808303255466,99.71907082745695
608946,116.74133040298244,95.89466425959272,105.80581592810569
1011491,115.34150248731308,94.7448056145786,104.53711413873023
836673,122.97795224704862,101.01760363150422,111.45823448945534
