UE ID,Internet usage,Data rate,optimal GU
985103,119.83875382689608,103.43225776726149,111.3337005417987
395122,115.32845807943671,99.5394429852281,107.14350413147947
142235,116.53767482098634,100.58311219668462,108.2669017828626
174885,110.65584417436871,95.50653217430632,102.8025094144806
943987,118.69085789734751,102.44151425663921,110.26727171479244
875430,106.03071079486006,91.51460157889707,98.50562549173969
275228,128.5388580497328,110.94127629292413,119.41635133126603
