UE ID,Internet usage,Data rate,optimal GU
985103,119.83875382689608,18.546473806543442,47.14431364289161
395122,115.32845807943671,17.84845184562711,45.36997278444468
142235,116.53767482098634,18.035592531819315,45.84567610666211
174885,110.65584417436871,17.125309217461822,43.53177630427382
943987,118.69085789734751,18.368823246018067,46.6927337991108
875430,106.03071079486006,16.409514765871197,41.71225856297013
275228,128.5388580497328,19.89291850769674,50.566916341178384
