UE ID,Internet usage
622389,0.9825333793449567
888198,1.0209103955436838
554033,0.9981647215026134
1179791,0.9733771845505503
1163046,1.018549755570183
519542,0.9504774101975807
1115218,0.9884288775376187
