UE ID,Internet usage,Data rate,optimal GU
1044579,120.74651286639077,107.8093864878489,114.09473025811815
735047,120.16376288243617,107.28907400217514,113.54408328166431
48135,116.98063158185744,104.44699248380127,110.53630692030826
869359,117.58380150349691,104.98553705669366,111.10624892422696
87641,102.21889884178229,91.26687396587704,96.58778058079437
1221536,107.75354684829603,96.20852397169287,101.8175313734782
322735,112.98162804273818,100.87645360958766,106.75760375724516
