UE ID,Internet usage,Data rate,optimal GU
258532,125.4558476290612,80.65018776153934,100.58845692755634
371919,114.84108838176877,73.82641395970849,92.07771571045804
735545,114.80949469965607,73.80610373549318,92.05238441030396
718732,116.04485359663735,74.60026302640972,93.0428750693483
1122368,118.81985063007599,76.38418969076314,95.26782252972862
1163842,113.81161107938392,73.16460712246109,91.25229756338996
1091544,126.66664808665602,81.42855948427888,101.55925702957111
