UE ID,Internet usage,Data rate,optimal GU
813835,129.46113721105775,43.924314410894596,75.40883035063246
266632,119.67302936761212,40.60334924972554,69.70743007159147
1101753,112.19075971036274,38.06472204458736,65.34913988987192
484009,126.35038443012567,42.868880431649785,73.59687169050083
365205,115.71383908492581,39.26005254667126,67.40127152251098
841853,125.14820079076438,42.46099669686649,72.89662091205209
1227869,118.45736564510791,40.19089191530447,68.99932738233201
