UE ID,Internet usage,Data rate,optimal GU
23146,109.19311272000972,94.24405562143696,101.44358919449978
905757,116.89647484639222,100.8927907900409,108.60023748026673
854602,129.21201489520817,111.52227476074513,120.0417336909664
588156,105.0108271057095,90.63434482338022,97.55812377289364
225423,120.39462302569333,103.91202582574722,111.85011925396837
417850,112.87467849775406,97.42159751294248,104.86387127133433
510824,110.84536852950396,95.67010974272662,102.97858307284393
