UE ID,Internet usage,Data rate,optimal GU
23146,109.19311272000972,107.89319471143818,108.54120771323684
905757,116.89647484639222,115.50485014583994,116.19857920693127
854602,129.21201489520817,127.67377662264617,128.44059298637967
588156,105.0108271057095,103.76069821159392,104.38389119143523
225423,120.39462302569333,118.96135370395889,119.67584273283518
417850,112.87467849775406,111.53093232516176,112.20079379735867
510824,110.84536852950396,109.52578080891463,110.18359922078156
