UE ID,Internet usage,Data rate,optimal GU
23146,109.19311272000972,40.29745826571788,66.3340403016311
905757,116.89647484639222,43.14036571712094,71.01377807098838
854602,129.21201489520817,47.68538644942207,78.49538116466779
588156,105.0108271057095,38.753995717583265,63.793331500671314
225423,120.39462302569333,44.43134897376778,73.13887824009744
417850,112.87467849775406,41.65613135036162,68.57056535884972
510824,110.84536852950396,40.90721933826932,67.33777396875927
