UE ID,Internet usage
563067,0.9937137914665617
151034,0.9210222903438317
690109,1.0032088404194062
967310,0.9601094498141312
879798,1.0730198796315789
18706,0.9752925820880254
330067,1.0656115294606963
