UE ID,Internet usage
563067,0.39920071511096766
151034,0.32650921398735083
690109,0.4086957640646987
967310,0.3655963734589805
879798,0.4785068032711082
18706,0.3807795057315446
330067,0.47109845310465887
