UE ID,Internet usage
563067,0.816432086007836
151034,0.7437405848851057
690109,0.8259271349606804
967310,0.7828277443554055
879798,0.8957381741728532
18706,0.7980108766292996
330067,0.8883298240019705
