UE ID,Internet usage
563067,0.29043185777915065
151034,0.21774035665553385
690109,0.2999269067328817
967310,0.25682751612716354
879798,0.3697379459410645
18706,0.2720106483997276
330067,0.36232959577417195
