UE ID,Internet usage,Data rate,optimal GU
563067,113.33045342393537,51.26853845368504,76.22523669585154
151034,101.11828123519435,45.7439843683022,68.01141871900862
690109,114.92562164816528,51.99016217417,77.29813521331168
967310,107.68492402639184,48.714608488129635,72.428094783859
879798,126.65387623514262,57.29580115399308,85.18647373938647
18706,110.23569024822379,49.86852654086314,74.14372154736985
330067,125.4092734071043,56.73276654130908,84.34936295147966
