UE ID,Internet usage
1215826,0.7512367456204021
940811,0.7112225894754012
27570,0.7049303166971903
451818,0.6707766528288038
785986,0.7605669123773318
1069115,0.7783046705200537
867233,0.6815576351461065
