UE ID,Internet usage,Data rate,optimal GU
1215826,121.3130746472139,38.271386644656765,68.1382387861297
940811,114.59069641509055,36.150636369046424,64.362462642271
27570,113.53359458777965,35.817145911620955,63.76871743434489
451818,107.7957790578925,34.00700172659704,60.54594325420675
785986,122.88054266213878,38.76588548269854,69.01864273435348
1069115,125.860486030359,39.70598666433944,70.69239548840254
867233,109.60698408753228,34.57839378951911,61.56324762275173
