UE ID,Internet usage,Data rate,optimal GU
1215826,121.3130746472139,20.940947409340495,50.40248720304092
940811,114.59069641509055,19.780536881176346,47.609510569616035
27570,113.53359458777965,19.598060970509582,47.17031173240667
451818,107.7957790578925,18.60760471832668,44.78639578056422
785986,122.88054266213878,21.211522245250148,51.053730169169484
1069115,125.860486030359,21.72591723143102,52.29182060516979
867233,109.60698408753228,18.92025320558593,45.538905257337255
