UE ID,Internet usage
288436,0.6592116895099472
68270,0.5847256499250059
981990,0.5904649301319528
1188229,0.5378967064765742
131323,0.5593516248455679
918255,0.5349602197065736
1275868,0.5582971143967433
