UE ID,Internet usage
288436,0.7837656947939033
68270,0.7092796552089621
981990,0.7150189354114757
1188229,0.6624507117560968
131323,0.6839056301250906
918255,0.6595142249860962
1275868,0.682851119676266
