UE ID,Internet usage
288436,0.7665345384311006
68270,0.6920484988461594
981990,0.6977877790531062
1188229,0.6452195553977275
131323,0.6666744737667213
918255,0.6422830686232934
1275868,0.6656199633134632
