UE ID,Internet usage,Data rate,optimal GU
169735,127.24601968695067,115.8847679291872,121.43259637072356
203585,122.09328653337627,111.19210023575339,116.51527348091207
571390,107.73259591719471,98.11361413887374,102.81067233511727
534469,116.19184731355836,105.81757523199063,110.88345027300707
1104153,111.22761067507892,101.29657400766115,106.14601215516038
291594,102.01967373260914,92.9107742921976,97.3587534818215
951954,116.76118882655949,106.33608268133095,111.42678057375402
