UE ID,Internet usage,Data rate,optimal GU
169735,127.24601968695067,79.52876230434417,100.59681135034748
203585,122.09328653337627,76.30830408336017,96.52321811525815
571390,107.73259591719471,67.33287244824669,85.170095335223
534469,116.19184731355836,72.61990457097397,91.85772076334023
1104153,111.22761067507892,69.51725667192432,87.933147107927
291594,102.01967373260914,63.76229608288071,80.65363378557417
951954,116.76118882655949,72.97574301659968,92.30782475023271
