UE ID,Internet usage
1192564,0.6779242172238558
426082,0.7146495783841998
1091825,0.7895848610290989
835410,0.6677704681847307
107888,0.7174568772313757
1104474,0.5947313965473189
1033601,0.7925092283881165
