UE ID,Internet usage,Data rate,optimal GU
58105,115.91848111200436,51.749321925001944,77.45129305649048
1234478,106.21287472987143,47.416461932978315,70.96646201848549
959715,118.6135068210092,52.952458402236246,79.25198285142685
23092,118.86094881588791,53.062923578521385,79.41731198855828
1260293,121.73728412513385,54.34700184157761,81.33914435582234
478811,128.4181436300443,57.32952840626978,85.80298137663434
1023103,107.81289161047647,48.13075518324842,72.03551826496386
