UE ID,Internet usage
172158,0.6453799086640482
82149,0.6038481079859799
871843,0.5748936816616114
1187499,0.6584518121948745
129422,0.5922814896043529
448460,0.6019891589446803
1268748,0.5868457919086632
