UE ID,Internet usage
172158,1.057788065917685
82149,1.01625626524405
871843,0.9873018389196817
1187499,1.0708599694529448
129422,1.0046896468624231
448460,1.0143973161983173
1268748,0.9992539491667335
