UE ID,Internet usage
1205349,0.43010342661608575
390869,0.42047605004359423
161468,0.46200569930188135
1067190,0.4211224347185731
888055,0.4194243537255111
1275729,0.4497346839636306
539009,0.43308514357194544
