UE ID,Internet usage
1205349,0.39654296993364346
390869,0.3869155933607086
161468,0.4284452426185524
1067190,0.3875619780361308
888055,0.38586389704262547
1275729,0.4161742272803015
539009,0.39952468688905973
