UE ID,Internet usage
1205349,0.6716093934450893
390869,0.6619820168739277
161468,0.7035116661308849
1067190,0.6626284015471333
888055,0.6609303205558447
1275729,0.6912406507926341
539009,0.6745911104000623
