UE ID,Internet usage
1205349,0.7121126395473355
390869,0.7024852629717405
161468,0.7440149122331311
1067190,0.7031316476493794
888055,0.7014335666536574
1275729,0.7317438968948802
539009,0.7150943565023085
