UE ID,Internet usage,Data rate,optimal GU
1205349,117.80740046821413,101.67900635649433,109.4465139739481
390869,116.19000120401253,100.2830367534632,107.94390284368507
161468,123.16698227934224,106.30483589586085,114.42572192909196
1067190,116.29859382944662,100.3767625313676,108.044788562662
888055,116.01331622256738,100.13054078733494,107.77975733827651
1275729,121.10545170245933,104.52553867176549,112.51049984462357
539009,118.30832891674353,102.1113553150465,109.9118911253327
