UE ID,Internet usage,Data rate,optimal GU
1205349,117.80740046821413,13.323456005333739,39.61819931850745
390869,116.19000120401253,13.140535850453796,39.074273842076664
161468,123.16698227934224,13.92959918635418,41.42060714359491
1067190,116.29859382944662,13.152817159282652,39.11079314614303
888055,116.01331622256738,13.120553620409405,39.014855326909874
1275729,121.10545170245933,13.696449894920995,40.727321925760215
539009,118.30832891674353,13.38010862748885,39.78665972964693
