UE ID,Internet usage
522517,0.5925737067518531
335899,0.5853970858512881
613932,0.6448040557494105
1009348,0.6095070031551441
658489,0.6222502959799239
962519,0.6530660152841167
1028182,0.6826933136479939
