UE ID,Internet usage
522517,0.9487536522494541
335899,0.9415770313488891
613932,1.0009840012470115
1009348,0.9656869486527451
658489,0.9784302414775248
962519,1.0092459607817175
1028182,1.0388732591455947
