UE ID,Internet usage,Data rate,optimal GU
522517,107.8752441456366,81.54854765771337,93.79269421600976
335899,106.66957183494591,80.63711680379839,92.74441613092239
613932,116.64994277739689,88.18180198053217,101.42190175221928
1009348,110.72003794149852,83.69907630101376,96.2661150338821
658489,112.8609111359436,85.31747448967164,98.12750840983361
962519,118.03795197926696,89.23107084146966,102.6287135992845
1028182,123.01533810480227,92.99373773398742,106.95632795199998
