UE ID,Internet usage,Data rate,optimal GU
547717,109.76233469287403,39.85418104919831,66.13991199897761
1059080,119.14627863530207,43.26144640924659,71.79443117709258
765521,101.7814702630321,36.95636717883904,61.33085183692381
286266,113.81085416776538,41.324179191867195,68.57944394356228
1159086,123.37223241945632,44.795870104683544,74.3408803955589
331650,122.62053814211303,44.52293349207676,73.8879290849592
1173160,113.69423188092466,41.28183419485955,68.50917040382438
