UE ID,Internet usage,Data rate,optimal GU
547717,109.76233469287403,49.001042273604476,73.33804471306175
1059080,119.14627863530207,53.19030296218842,79.60795599328647
765521,101.7814702630321,45.438156367425044,68.00560536542613
286266,113.81085416776538,50.80841703918097,76.04307556997699
1159086,123.37223241945632,55.076889472971565,82.4315401348304
331650,122.62053814211303,54.74131167058617,81.92929326957733
1173160,113.69423188092466,50.75635351826993,75.9651540269377
