UE ID,Internet usage
260102,0.6742890415826834
195849,0.6901290841480456
647607,0.6008600852788265
422195,0.6878232476363763
983350,0.7542578136862346
1032889,0.6526207096938313
701056,0.7147104194552907
