UE ID,Internet usage
122395,0.33060907632952985
114510,0.27524429099804115
1188925,0.3231469754763234
553081,0.32376078629669275
363046,0.3762193215139711
1224833,0.3192403760814506
162481,0.3226898111214838
