UE ID,Internet usage
122395,1.075835875669266
114510,1.0204710903395509
1188925,1.0683737748173896
553081,1.068987585636429
363046,1.1214461208550373
1224833,1.0644671754211867
162481,1.0679166104621067
