UE ID,Internet usage
122395,0.9575691350329731
114510,0.9022043496988246
1188925,0.9501070341766634
553081,0.9507208450001361
363046,1.003179380214311
1224833,0.946200434784894
162481,0.9496498698258138
