UE ID,Internet usage,Data rate,optimal GU
122395,118.95792548594106,112.58517947776565,115.72769500485762
114510,109.6566415502141,103.78217861002406,106.67898180588202
1188925,117.70429254258988,111.398705442094,114.5081037054672
553081,117.80741276038006,111.49630136250256,114.60842375614484
363046,126.62044667690985,119.8372084620754,123.18214506973789
1224833,117.04798384426279,110.77755613832014,113.86961667268847
162481,117.62748893095339,111.32601630965232,114.43338564942822
