UE ID,Internet usage
1171389,0.41267615553405534
942338,0.404031554037597
288200,0.3980262419748058
1124987,0.39950636332157047
479089,0.41083190828339744
525867,0.39174600970709295
1237729,0.46929678433371597
