UE ID,Internet usage,Data rate,optimal GU
206959,107.65597732917698,43.57503844276211,68.49170278735967
199796,125.19417670444423,50.67383342798933,79.64966325399793
741712,122.06689507085196,49.4080289572496,77.66005850102228
1200652,119.03800742379875,48.182050623918535,75.73305288884016
546072,114.89762657058685,46.50618218333277,73.09890528403452
656707,126.11719480965819,51.04743599438545,80.23689568918695
536183,108.90891929312055,44.08218161864403,69.28883575417893
