UE ID,Internet usage
654574,0.30967863595810685
490794,0.3480850979630239
936814,0.31440711460708815
399196,0.33176350462077364
603701,0.3856570477246099
868688,0.2894462555238946
173386,0.38213291493412316
