UE ID,Internet usage
532358,0.8826925299525141
1060270,0.9985301874649645
40569,0.8648169438301134
1141698,0.9424785776240681
366167,0.985125635159381
812029,0.9034210731506284
681520,0.9536209487010939
