UE ID,Internet usage,Data rate,optimal GU
532358,106.37865583288178,18.996188541586033,44.95318679473028
1060270,125.83938229476021,22.471318266921468,53.176844679412476
40569,103.37555736437386,18.459920957923906,43.6841460707162
1141698,116.42271184152422,20.789769971700753,49.19757512994812
366167,123.58741750757613,22.069181697781453,52.22521586871876
812029,109.86105108987776,19.618044837478173,46.42476737877856
681520,118.2946301822367,21.124041103970843,49.988605005026876
