UE ID,Internet usage
1117903,0.8240412315041652
1001141,0.8800726690677495
458321,0.9224816369517976
943440,0.9190302624433523
99245,0.8449348814294304
594525,0.8720126940782418
330592,0.9045488020408512
