UE ID,Internet usage
1117903,0.8823067690973825
1001141,0.9383382066565334
458321,0.9807471745405815
943440,0.9772958000321363
99245,0.9032004190226478
594525,0.9302782316714591
330592,0.962814339629635
