UE ID,Internet usage
1117903,0.8095941232015486
1001141,0.8656255607606995
458321,0.9080345286447477
943440,0.9045831541363023
99245,0.8304877731268138
594525,0.8575655857711918
330592,0.890101693733801
