UE ID,Internet usage,Data rate,optimal GU
316771,122.57206539240914,6.566360646021918,28.369920452731982
274725,113.29305181296243,6.069270632837273,26.222246133253428
424014,128.51473508816207,6.884717951151539,29.745381215391305
312367,125.9312174269137,6.746315219298948,29.14741307066603
723187,105.59550407360796,5.656902003943283,24.440610029240144
270156,121.9688113268144,6.534043463936485,28.230294267932702
508071,111.36792608538403,5.966138897431287,25.776666109958093
