UE ID,Internet usage,Data rate,optimal GU
316771,122.57206539240914,8.025551900693456,31.36412715798053
274725,113.29305181296243,7.417997440134445,28.989783861449784
424014,128.51473508816207,8.41465527362966,32.88475624584621
312367,125.9312174269137,8.245496379143159,32.223677588299985
723187,105.59550407360796,6.9139913381529015,27.020111038128892
270156,121.9688113268144,7.986053122589038,31.209764602684515
508071,111.36792608538403,7.291947541304906,28.497176611000302
