UE ID,Internet usage
1114049,0.34008774031478745
790125,0.34239419072575833
266653,0.3523923566166893
702398,0.38334388850073436
1171311,0.3115476327303418
370563,0.320459372526204
629087,0.40532978790460716
