UE ID,Internet usage,Data rate,optimal GU
1114049,116.32795141895765,65.08825853203584,87.01484802296227
790125,116.71543508793332,65.30506487062935,87.30469093823775
266653,118.39512695762876,66.24489246438752,88.56112269848224
702398,123.59498431419443,69.15433646151355,92.45068485532863
1171311,111.53321334475835,62.405488419090986,83.42832045373035
370563,113.03038563044372,63.24319195989113,84.54822514829434
629087,127.28861541405226,71.22101100548163,95.21356982739768
