UE ID,Internet usage
677055,1.0279993112625483
369803,1.1019632655007934
1147349,1.1196410613676004
709920,1.0228006070960403
1262268,1.09590476011762
824714,1.035033358223973
1261708,0.9932752286896255
