UE ID,Internet usage
677055,0.656354183447787
369803,0.7303181376860323
1147349,0.7479959335528393
709920,0.651155479281279
1262268,0.7242596323028588
824714,0.663388230409212
1261708,0.6216301008748643
