UE ID,Internet usage
677055,0.6656634963756821
369803,0.739627450609494
1147349,0.7573052464763012
709920,0.6604647922091741
1262268,0.7335689452307541
824714,0.6726975433371071
1261708,0.630939413798326
