UE ID,Internet usage,Data rate,optimal GU
232600,112.83707444048139,110.15047742999373,111.48568348188375
1198061,122.58965832038928,119.67085693180857,121.12146573658445
943731,115.40719604301364,112.65940566103713,114.02502407459825
1233623,120.59161364160475,117.72038474537607,119.14735059981591
605108,112.1955733150843,109.52425014091563,110.85186528184688
460227,118.1818485354229,115.36799499886521,116.76644599708992
400223,114.28237169643089,111.56136284651586,112.9136711642391
