UE ID,Internet usage,Data rate,optimal GU
232600,112.83707444048139,94.70254461968975,103.37290784801858
1198061,122.58965832038928,102.88774894746958,112.30749747378528
943731,115.40719604301364,96.85961096467217,105.72746148115897
1233623,120.59161364160475,101.21081859206113,110.47703803055359
605108,112.1955733150843,94.16414188944576,102.78521238490151
460227,118.1818485354229,99.18833716365852,108.26939105377821
400223,114.28237169643089,95.9155619595045,104.69698134773581
