UE ID,Internet usage
935009,0.7030841845612227
1270515,0.7249610201906729
689724,0.6806806062322159
828571,0.6778854835661381
1052294,0.5795965324110257
1117217,0.5492638820491604
955252,0.5437585084736615
