UE ID,Internet usage,Data rate,optimal GU
935009,124.17239579243257,76.86862596674396,97.69831855033632
1270515,127.84770417800246,79.14381687209676,100.59003572413039
689724,120.40859463262963,74.53865382019929,94.73697563411176
828571,119.93901402518874,74.24796106321207,94.36751158795204
1052294,103.42647023131521,64.02591014319513,81.37551160796492
1117217,98.3305849700621,60.87131450527654,77.36609052550392
955252,97.40568220926345,60.29875565335356,76.63838092486417
