UE ID,Internet usage
181024,0.8798174036214648
1003986,0.7867665922050603
931264,0.7906957691979859
1107162,0.809087952723768
64033,0.8037377195791202
1234760,0.7611997342732306
1230747,0.8446520674834159
