UE ID,Internet usage,Data rate,optimal GU
181024,127.71934298079188,88.94739957590863,106.58472420419831
1003986,112.0868066625956,78.06045464002194,93.53901371743478
931264,112.74690839712692,78.5201683479991,94.08988377109857
1107162,115.83679522985689,80.6720538207932,96.66846527803789
64033,114.93795606172583,80.04607654298763,95.91836335452902
1234760,107.79157453034213,75.06913226220256,89.9545438828374
1230747,121.8115665090175,84.83305524735147,101.65454909361365
