UE ID,Internet usage
3313,0.25482740803001125
712987,0.28050938366366107
1259230,0.2933011297888327
818026,0.2776193125853843
700651,0.2502728469262611
1154256,0.30671572844389394
981445,0.280108913408786
