UE ID,Internet usage,Data rate,optimal GU
3313,110.35909040219015,91.3090093208597,100.3831620052645
712987,114.67366230860029,94.87880393390142,104.30771746405013
1259230,116.82267565765623,96.65685664532272,106.26247039272666
818026,114.18813036746313,94.47708405403199,103.86607526377213
700651,109.59392413670955,90.67592532739658,99.68716307206581
1154256,119.07632823175746,98.52148585841837,108.31240366623518
981445,114.60638330578445,94.82313856847641,104.24652015792336
