UE ID,Internet usage,Data rate,optimal GU
3313,110.35909040219015,14.451785647905853,39.93602282138666
712987,114.67366230860029,15.016789111840513,41.49735176575325
1259230,116.82267565765623,15.298207526597839,42.27502260227964
818026,114.18813036746313,14.95320754812017,41.321650655757686
700651,109.59392413670955,14.351585303616726,39.65912947867221
1154256,119.07632823175746,15.593328697015856,43.09055959431883
981445,114.60638330578445,15.007978766233677,41.47300528208742
