UE ID,Internet usage,Data rate,optimal GU
339332,112.42748001553001,77.6284981059612,93.4214987004788
746122,110.88901905680666,76.56622744398555,92.14311615169039
1203996,115.72462941666178,79.90510126388551,96.16126159875391
330219,106.7703875695104,73.72241046466195,88.72074356017586
37850,106.18219248004334,73.31627576002992,88.23198345651895
251696,117.64282368226304,81.22956873299115,97.75518314770602
564993,107.75971374844237,74.40551663582926,89.54282312939395
