UE ID,Internet usage
1095577,0.307730572136472
405021,0.2698070793154231
1047386,0.3820238041954535
203332,0.33690576477197726
622907,0.3797112305496634
391537,0.30111085930563397
1245691,0.30187441927480235
