UE ID,Internet usage,Data rate,optimal GU
1204475,122.47748441173272,1.4580652906158658,13.363389124869979
529026,111.28609193924768,1.3248344278481867,12.142308097795654
148505,112.2394763955913,1.3361842428046582,12.246330870119198
890355,107.42543320632436,1.2788742048371948,11.72107569598581
104826,122.46243032225982,1.4578860752649978,13.361746589047879
726491,108.4158809093498,1.2906652489208308,11.829142400057457
1070283,112.83077156899448,1.3432234710594582,12.310846462742584
