UE ID,Internet usage,Data rate,optimal GU
1204475,122.47748441173272,19.683881423314187,49.10022688528393
529026,111.28609193924768,17.88526477595052,44.61368870889537
148505,112.2394763955913,18.038487277862888,44.99589277962896
890355,107.42543320632436,17.264801765302128,43.06598203755366
104826,122.46243032225982,19.68146201607747,49.09419182331135
726491,108.4158809093498,17.423980860431218,43.46304446229349
1070283,112.83077156899448,18.133516859302684,45.232938203199794
