UE ID,Internet usage
1288916,0.9570151102741699
1151913,0.9753026845705338
436760,0.9864245692260212
72657,1.0166509200942366
627689,0.9811036667105093
552006,0.9777799666305148
8189,1.0802509499222477
