UE ID,Internet usage,Data rate,optimal GU
1288916,109.26316909396125,88.45113688558767,98.30794233470193
1151913,112.33548157557753,90.93824698975324,101.0722106675853
436760,114.20395819779692,92.45082330297846,102.75334524892735
72657,119.28198514416735,96.5616070214688,107.32222590978891
627689,113.31004657554652,91.7271805611567,101.94906130822505
552006,112.75166496187117,91.27515735008618,101.446665597638
8189,129.96679015533928,105.2112110781318,116.93572333628703
