UE ID,Internet usage,Data rate,optimal GU
1288916,109.26316909396125,97.5564009767511,103.24399031479287
1151913,112.33548157557753,100.29953712105136,106.14705273487729
436760,114.20395819779692,101.96781981946152,107.91259718949532
72657,119.28198514416735,106.50177245014942,112.71088163627421
627689,113.31004657554652,101.16968444245224,107.06793010144358
552006,112.75166496187117,100.6711294302421,106.54030907056647
8189,129.96679015533928,116.04177692441006,122.80707337440907
