UE ID,Internet usage,Data rate,optimal GU
854251,118.13836118505398,70.32045308634166,91.145724449427
251129,122.85781669699917,73.12965279583284,94.78686342687801
938974,123.43858682561147,73.47534930095921,95.23493730889197
1109955,114.66887969696472,68.25528553390758,88.46896136820882
760612,109.81137573579643,65.36391412845026,84.72131569989682
405295,130.62121697978992,77.7507243927321,100.77645678053433
1044920,126.39499771593245,75.23511768805503,97.51585783009666
