UE ID,Internet usage,Data rate,optimal GU
854251,118.13836118505398,60.475589654253824,84.52506760395612
251129,122.85781669699917,62.89150140441624,87.90172098055211
938974,123.43858682561147,63.18880039882492,88.31724760451144
1109955,114.66887969696472,58.69954555916051,82.04273964215162
760612,109.81137573579643,56.212966150467224,78.56731602372938
405295,130.62121697978992,66.86562297774961,93.45624135104866
1044920,126.39499771593245,64.70220121172733,90.4324862777314
