UE ID,Internet usage,Data rate,optimal GU
603770,106.13993109238031,105.508145788259,105.8235669576991
505872,119.66947339235102,118.95715509834893,119.31278266334937
707065,126.3576638769439,125.60553492529543,125.98103810960687
1019938,97.3940515839473,96.8143250864238,97.10375570250721
1001816,119.29609544823101,118.58599964199155,118.94051762168732
353740,121.24809121357438,120.52637638492216,120.88669520489275
9449,117.14871526461668,116.45140148327968,116.79953798937002
