UE ID,Internet usage
386182,1.040752374669709
521609,1.0689246258186313
1010154,0.9820232012029522
818317,1.055377213954392
272648,1.055699691798862
1129940,1.0452685513683273
207341,1.0530375319778775
