UE ID,Internet usage
1198296,0.39527251742536085
1119066,0.4456550555917634
40668,0.3629757158410061
283219,0.4426016504259772
1206767,0.5150232948749608
1141914,0.4624655930561259
349442,0.5118244970063552
