UE ID,Internet usage
162471,1.0087449331266258
193353,0.967802714376522
931103,1.0419624389581859
807797,1.0345123951167166
452484,1.018482053831782
813313,0.946716524174438
399533,1.0333896510416147
