UE ID,Internet usage
162471,0.28957302629802134
193353,0.2486308075474742
931103,0.32279053212958136
807797,0.3153404882885555
452484,0.2993101470022909
813313,0.2275446173449468
399533,0.3142177442116802
