UE ID,Internet usage,Data rate,optimal GU
162471,116.19635427116268,65.01462679457912,86.91641161386231
193353,109.31806152114126,61.16605823206714,81.77135755763643
931103,121.77689525087044,68.13707234274894,91.0907301616576
807797,120.5252878856123,67.43676822171165,90.15451127923166
452484,117.83219054952427,65.92991614080525,88.14003881107337
813313,105.77558156703822,59.183956352985675,79.12153564406637
399533,120.33666688071449,67.33123027849501,90.01342026993493
