UE ID,Internet usage,Data rate,optimal GU
162471,116.19635427116268,30.43237849959022,59.46538012535108
193353,109.31806152114126,28.630920874584614,55.94530158623482
931103,121.77689525087044,31.89394875618035,62.32131302225591
807797,120.5252878856123,31.566146827184173,61.68078253221079
452484,117.83219054952427,30.860811810589688,60.30254603064793
813313,105.77558156703822,27.703128505652867,54.13237967161454
399533,120.33666688071449,31.516746087806176,61.58425265546699
