UE ID,Internet usage
1076768,0.43329447715596436
1271154,0.4307483123880069
1001570,0.35328804592418445
1071722,0.3699872373220483
354297,0.30264790475489983
693944,0.34963993992345843
18235,0.35617330824474547
