UE ID,Internet usage
1076768,0.6478473030059033
1271154,0.6453011382383892
1001570,0.5678408717758967
1071722,0.5845400631737605
354297,0.5172007306066121
693944,0.5641927657733973
18235,0.5707261340973445
