UE ID,Internet usage
969190,0.9444567625010462
896784,0.9940651412083763
476769,0.9303922552879155
894149,0.9201101334127033
849265,0.9170455930226901
555594,1.0073422741808358
953628,0.9583101894039343
