UE ID,Internet usage
969190,1.0119661636718822
896784,1.0615745423792122
476769,0.9979016564587515
894149,0.9876195345835393
849265,0.9845549941935261
555594,1.0748516753516717
953628,1.0258195905747705
