UE ID,Internet usage
1204257,0.9458421270397384
369068,0.8754877080527863
889573,0.9608633510560008
895940,0.9717505488179224
610053,0.9031310295559389
99986,1.0281156257581978
950873,0.8918917807717016
