UE ID,Internet usage,Data rate,optimal GU
212057,122.8377670617226,114.79481802791933,118.74821732054082
563638,105.7907243351319,98.86395071795064,102.268709569862
380545,124.840979691612,116.6668679260898,120.68473842804215
329133,114.88873026430561,107.36625387795226,111.06382210816001
1252806,119.03902215427163,111.24480046559908,115.07594130474006
888560,116.2688979798954,108.65605346930701,112.39804088915837
1142024,120.99038724023747,113.06839759950763,116.96234099143862
