UE ID,Internet usage,Data rate,optimal GU
212057,122.8377670617226,1.462354369782412,13.402699184754692
563638,105.7907243351319,1.2594133849420464,11.54271433547497
380545,124.840979691612,1.4862021391858573,13.621267601648972
329133,114.88873026430561,1.3677229793369716,12.535388165084388
1252806,119.03902215427163,1.4171312161222813,12.988222135130355
888560,116.2688979798954,1.384153547379707,12.685976808618305
1142024,120.99038724023747,1.44036175285997,13.201133521200177
