UE ID,Internet usage,Data rate,optimal GU
212057,122.8377670617226,67.26830100999095,90.90152853557034
563638,105.7907243351319,57.933015707334135,78.28649752414175
380545,124.840979691612,68.36529840254944,92.38393166283663
329133,114.88873026430561,62.915257049500696,85.01913900216549
1252806,119.03902215427163,65.18803594162495,88.09040841458591
888560,116.2688979798954,63.67106317946653,86.04048087432373
1142024,120.99038724023747,66.25664063155861,89.534443692076
