UE ID,Internet usage,Data rate,optimal GU
1193366,118.7302432381861,82.68713368373675,99.0831140757015
857644,120.46020533737405,83.89192871709979,100.52680716808919
713255,111.72581728877311,77.80905132610985,93.23775979652085
341225,106.97490720088616,74.50038180061715,89.27301624540087
534177,105.13845733923961,73.22142564697045,87.74045667024025
705792,117.7998631575343,82.03919041328282,98.30669053650223
648573,104.23687677784164,72.59353918456829,86.98806699110668
