UE ID,Internet usage,Data rate,optimal GU
1193366,118.7302432381861,62.19203217238319,85.93064125970521
857644,120.46020533737405,63.09820279576736,87.18269590461978
713255,111.72581728877311,58.523047151262105,80.86120994150511
341225,106.97490720088616,56.03447520046418,77.42275366208575
534177,105.13845733923961,55.07252527293503,76.09362883298887
705792,117.7998631575343,61.70469022537511,85.2572815935814
648573,104.23687677784164,54.60026878839324,75.44111272862284
