UE ID,Internet usage
930530,0.712498411734323
423508,0.6147935303839145
246913,0.6675005658421864
718616,0.7473796886990409
632815,0.6851356280435911
141923,0.7179456723830311
71462,0.7106375099739656
