UE ID,Internet usage
317797,0.6144729609153013
1231626,0.7066505929104346
1078250,0.7001593569009783
288419,0.6187357564211804
42898,0.6931871247300636
478909,0.623535458591979
522807,0.7495305298684019
