UE ID,Internet usage
317797,0.8869807330885832
1231626,0.9791583650792832
1078250,0.9726671290698268
288419,0.8912435285900289
42898,0.965694896898912
478909,0.8960432307608276
522807,1.0220383020372503
