UE ID,Internet usage,Data rate,optimal GU
317797,108.20847980342121,16.746550445767568,42.56898830942326
1231626,123.6943219781439,19.143168877569888,48.661086042382095
1078250,122.6037943286669,18.974396741341305,48.23207475929204
288419,108.92462944805202,16.85738312886519,42.850720073010265
42898,121.43245932379628,18.793118704873233,47.77127403258986
478909,109.7309794124088,16.982175385253743,43.16793645261717
522807,130.89815138688866,20.258047238447052,51.495057376616096
