UE ID,Internet usage,Data rate,optimal GU
16489,124.45290570919309,105.9331280738965,114.82023166524493
1005969,120.70751453713069,102.7450867786291,111.36473434597744
804329,112.4899281618907,95.7503555187522,103.78319042012502
469339,112.40734736415946,95.68006353020716,103.70700138883991
265885,117.09194090137679,99.66754493391001,108.02900666574097
290921,104.17368685093386,88.67165011716395,96.11062746575433
1176325,109.95644984492996,93.59388290372016,101.44580371457043
