UE ID,Internet usage
639790,0.6665063941298435
487298,0.6966145859192261
196187,0.705654508229198
239514,0.694482422441397
543396,0.6017861341563938
364152,0.6764507762566137
1136399,0.6901798480958673
