UE ID,Internet usage,Data rate,optimal GU
639790,120.29593562564388,72.32077082255971,93.27322655117912
487298,125.35411184575966,75.36169819298647,97.19515802842244
196187,126.87281879399137,76.27473034638767,98.3727098427089
239514,124.99590838140765,75.1463496816796,96.91741969330613
543396,109.42293194992652,65.7840245651344,84.8426829100954
364152,121.96659182243857,73.32515341706129,94.56859445469411
1136399,124.27307589204982,74.71178967319662,96.3569608699238
