UE ID,Internet usage,Data rate,optimal GU
33160,119.49353621221425,24.18321566199574,53.756282948456125
624973,104.7825259834975,21.20598740142211,47.13827453243524
450732,108.70639760849352,22.0001042779094,48.90349765673963
367558,114.34014898526917,23.14026824701876,51.437940461523326
920523,117.0029288451718,23.679164171046672,52.635839127139555
1019763,108.06161680500703,21.869612924822853,48.61343159617552
505544,116.74164804251153,23.62628591336543,52.518297331976164
