UE ID,Internet usage,Data rate,optimal GU
1015880,122.1092636994798,36.342042767702324,66.61606475692733
125674,119.73712269507502,35.636048421153276,65.32195574361857
1227159,116.12606318394256,34.56132832855434,63.351961273528744
280740,113.58446888620591,33.80490145422795,61.96540790980894
367219,124.76608368344606,37.132763001025616,68.06547888602218
1084479,123.19485138860023,36.66513434184531,67.2083013948924
111739,109.81789102715864,32.68389613903531,59.91057122528169
