UE ID,Internet usage
427199,0.9827475448150269
75384,0.9499002963790059
797907,0.9948485648874461
1034243,1.043087722792134
970840,0.8967272473746746
232367,0.9501240423213978
624063,0.9840565890827833
