UE ID,Internet usage
550360,0.3121564482212595
55282,0.31324652411380527
787067,0.3490585844143385
1184439,0.331834947690205
445832,0.27964267959911326
83115,0.33256554877304007
1117796,0.24680964739967018
