UE ID,Internet usage,Data rate,optimal GU
550360,115.85788396378265,111.03047213195838,113.41849741866817
55282,116.04101671372327,111.20597435065147,113.59777431045833
787067,122.05744284418216,116.9717160590079,119.48752465114616
1184439,119.16387187456148,114.19871054645475,116.6548777882771
445832,110.39557083522799,105.79575538376015,108.07119323637704
83115,119.28661285646541,114.31633732077935,116.77503446008019
1117796,104.87962142567936,100.50963719960939,102.67138208443194
