UE ID,Internet usage,Data rate,optimal GU
550360,115.85788396378265,27.585210467567297,56.53285870595909
55282,116.04101671372327,27.628813503267445,56.62221833797224
787067,122.05744284418216,29.061295915281466,59.557933687774394
1184439,119.16387187456148,28.37235044632416,58.1460156276071
445832,110.39557083522799,26.28465972267333,53.86752281564697
83115,119.28661285646541,28.40157448963462,58.205907094204015
1117796,104.87962142567936,24.97133843468556,51.17601510006752
