UE ID,Internet usage
1277566,0.6185769151196989
1249979,0.599495187583631
720356,0.5726826527806788
781817,0.5630895533755098
1290558,0.6202816410075256
1212494,0.5502964840172037
196672,0.5600583143838237
