UE ID,Internet usage,Data rate,optimal GU
1277566,123.57112831141035,19.859645621476663,49.53865982554061
1249979,120.3653980856954,19.34443897805819,48.25350866349945
720356,115.86089223868589,18.620500538360233,46.44768892318915
781817,114.24925153872304,18.361486854437633,45.801595280706124
1290558,123.85752226044815,19.905673220429165,49.65347282928468
1212494,112.10001588607356,18.016073981690393,44.939984196171785
196672,113.74000338766581,18.279643401589148,45.59744184076638
