UE ID,Internet usage
443113,0.987190780161837
1264722,0.9792489434051579
423925,0.9870584690846599
373868,0.9983882692572305
121118,1.0328412928713264
459670,0.983774265146433
55881,0.937853477632789
