UE ID,Internet usage,Data rate,optimal GU
443113,116.1215571778285,0.691199745106122,8.95897263767677
1264722,114.78732860270465,0.6832579083494325,8.856034668298388
423925,116.0993289169731,0.6910674340296018,8.95725769011986
373868,118.00273534557041,0.7023972341998239,9.104108684255833
121118,123.79084331290343,0.7368502578149014,9.550670908906712
459670,115.54758265523927,0.68778323009071,8.914689541862563
55881,107.83289035306906,0.641862442577792,8.31948810878675
