UE ID,Internet usage
1223068,0.9280455852981488
1056466,0.9163479805448227
1261212,0.8834058138905011
892533,0.8027976113531006
500541,0.8951765108121744
558879,0.8854617711164355
1191426,0.863417643001781
