UE ID,Internet usage,Data rate,optimal GU
1223068,129.362635141617,59.29120777324113,87.57891800128384
1056466,127.39743754305786,58.39049220723486,86.24847293766777
1261212,121.86315354477756,55.85394537468972,82.50174495898516
892533,108.32097551843793,49.647113779284055,73.33364709495179
500541,123.8406306274515,56.76028903758194,83.84050327264603
558879,122.20855435857362,56.01225408101291,82.73558241534113
1191426,118.50514083553198,54.31485621628549,80.22835960788792
