UE ID,Internet usage,Data rate,optimal GU
1223068,129.362635141617,70.84144305374265,95.73001488909813
1056466,127.39743754305786,69.76526341643645,94.27574337426591
1261212,121.86315354477756,66.73458408404485,90.18030198985157
892533,108.32097551843793,59.318629450573155,80.15891596387033
500541,123.8406306274515,67.81748820074725,91.64366048096447
558879,122.20855435857362,66.9237321487427,90.43590303733492
1191426,118.50514083553198,64.89567236231514,87.69532936771887
