UE ID,Internet usage
158859,0.5878604771175227
1107146,0.6302516816569177
1126949,0.6766945499951554
546464,0.6080574707988784
994836,0.6141257251204107
593511,0.5472531094724034
1084128,0.5709429573265254
