UE ID,Internet usage
1254179,0.7100448948327128
1268515,0.643802291135024
590237,0.6132603253196657
1124354,0.6269785869186635
1050628,0.65834598091613
1014579,0.7659818110899921
930395,0.6536748240419789
