UE ID,Internet usage
1254179,1.025192516997732
1268515,0.9589499132956099
590237,0.928407947484685
1124354,0.9421262090836827
1050628,0.9734936030811492
1014579,1.0811294332505779
930395,0.9688224462025647
