UE ID,Internet usage,Data rate,optimal GU
1254179,125.34179511821361,5.222574796592234,25.58528679034124
1268515,114.2130376963653,4.758876570681887,23.31363869411294
590237,109.08198743967995,4.545082809986664,22.266267446324957
1124354,111.38665538835896,4.641110641181624,22.73670582139249
1050628,116.65637758005035,4.860682399168764,23.812383359381236
1014579,134.7391970487533,5.614133210364721,27.503523426813558
930395,115.87162322480691,4.827984301033621,23.652196047400132
