UE ID,Internet usage
354335,0.6947945719243582
456726,0.7372478558460044
378040,0.733475786775188
921495,0.6830647236120905
1023701,0.7047729356223801
764837,0.7726231008348781
58134,0.6570346280132793
