UE ID,Internet usage,Data rate,optimal GU
5872,111.44323332801808,35.15768670467237,62.594618640120835
1200721,109.49095389553084,34.54178902656627,61.49807663477713
878703,123.0922146162325,38.83266294440668,69.13753308639762
1181658,113.57096331920567,35.82893485665417,63.78970642957436
342642,123.45525761471319,38.94719436654642,69.34144441740665
499652,110.05631964702798,34.7201484600743,61.81562712708011
577372,128.33926803073194,40.48798336683805,72.0846595978676
