UE ID,Internet usage,Data rate,optimal GU
5872,111.44323332801808,1.9900577380003228,14.892228470991098
1200721,109.49095389553084,1.9551956052773363,14.631344158147785
878703,123.0922146162325,2.198075261004152,16.448889074042487
1181658,113.57096331920567,2.0280529164143872,15.176558350940653
342642,123.45525761471319,2.204558171691307,16.497402735363266
499652,110.05631964702798,1.9652914222683566,14.706894334587723
577372,128.33926803073194,2.2917726434059276,17.15005608001246
