UE ID,Internet usage,Data rate,optimal GU
1009558,119.19307436249578,108.55083558013007,113.74756180865371
672660,131.9707207494564,120.18762068254064,125.9414424509945
290822,122.46598775375985,111.53152456145985,116.87094729273785
153090,124.13119538504384,113.04805293995062,118.46007744125356
691628,106.81237453055961,97.27555537604535,101.93249262867236
341194,127.88897342613669,116.47031508451732,122.04617581381893
302744,112.55968978757323,102.50971748511132,107.41723325582308
