UE ID,Internet usage,Data rate,optimal GU
1256339,121.24281270675351,96.7055768018153,108.28137483372225
869828,123.92521092900351,98.84510871718136,110.67701182755606
166632,119.44932596217228,95.27505761268503,106.67962041947074
196563,122.48803425152957,97.6987892244343,109.39347622621504
387733,121.75972310794953,97.11787438372164,108.74302503514683
1042652,107.7025604203372,85.90561366860229,96.18864042385037
1110457,111.34901731154271,88.81409714134954,99.4452735935759
