UE ID,Internet usage,Data rate,optimal GU
978321,118.23561970604621,26.039987673355416,55.48742271629654
450428,122.94106062261179,27.076305018075217,57.69566410626983
1168927,118.27646470037816,26.048983297107096,55.50659108088901
612674,109.58506480111306,24.134805938340378,51.42775780369312
192462,112.51103238879553,24.77921546657997,52.80090069240602
282481,121.58928603521095,26.778592757754794,57.06128262178371
614352,120.28303987653388,26.490907591855677,56.44826741572101
