UE ID,Internet usage
1269047,1.0033965939004084
369649,1.0709657742906924
103220,1.0102065934326672
57749,0.9835607618983153
1261117,1.1110947590971607
85770,1.043667782605061
1290462,1.0319164654623059
