UE ID,Internet usage
550014,0.8025574945188297
40869,0.8132267091013461
988272,0.7282589468290176
49219,0.8599418549719252
1178655,0.8145805815879652
929218,0.7876203987103684
454361,0.7954761659873132
