UE ID,Internet usage,Data rate,optimal GU
550014,119.99396052557621,0.7142497650331917,9.257735042157714
40869,121.78638857521108,0.7249189796143517,9.396023868470055
988272,107.51180451341118,0.6399512173417332,8.294715798444448
49219,129.63453308199286,0.7716341254880528,10.001521362661563
1178655,122.01383915361754,0.7262728521048663,9.41357206156952
929218,117.48452842999637,0.6993126692261689,9.064128152732534
454361,118.80429733263395,0.7071684365037735,9.165950534158918
