UE ID,Internet usage
594096,0.9938644776756056
1067225,1.0023562421577128
1004457,1.0438440283913595
1029733,0.9924150191138396
1168844,0.9982068459122925
993530,1.0541618333851432
1128990,0.9762680230450715
