UE ID,Internet usage,Data rate,optimal GU
253607,115.81277911427324,31.71064190033672,60.60113502217194
337764,115.42282879836685,31.60386979002902,60.397086454069935
299941,122.52790501393734,33.54930732524475,64.11494631699367
171063,120.87830420058657,33.09763091206537,63.25176280316127
140419,115.91396830952858,31.738348465704256,60.654084101982924
547517,121.35951547556718,33.22939114211959,63.50356532160802
38508,111.61102273164171,30.560160986044757,58.402489865553434
