UE ID,Internet usage
551975,0.358113155918471
210404,0.3406913548682408
725094,0.34394400793071334
488633,0.32086261006904954
1167883,0.410231950963619
646738,0.3254286798619228
99886,0.3830414993097117
