UE ID,Internet usage,Data rate,optimal GU
551975,117.28644151572323,46.07681630974841,73.51316767317287
210404,114.35957893924908,44.92697744041928,71.67865946779062
725094,114.90602465377589,45.141652542554816,72.02116244526319
488633,111.02834981301896,43.61828028368602,69.59070111429686
1167883,126.04239908328503,49.516656782719124,79.00125451837798
646738,111.79544953823554,43.91964089002111,70.07150631217928
99886,121.474403205449,47.72208697356925,76.13811157910902
