UE ID,Internet usage,Data rate,optimal GU
591072,121.69419461917128,78.23198225518153,97.57242476235596
685123,120.60892748811136,77.53431052807159,96.70227523859454
424239,111.91596019500768,71.94597441107636,89.73239553461762
264548,122.95286405313576,79.04112689130156,98.58160543059164
980860,126.4637306330712,81.29811254983149,101.39656111761875
1074039,107.46384553010455,69.08390069792435,86.16276245118203
891535,121.75209579986186,78.26920444276834,97.61884898673465
