UE ID,Internet usage
845089,0.3818011200151489
1099913,0.43175043514889005
507462,0.4822983110278726
524942,0.4601220422616557
487959,0.44327536589161676
596097,0.40003960159829677
606644,0.516278928678972
