UE ID,Internet usage,Data rate,optimal GU
845089,109.24067737355782,30.561379979507247,57.780151007349055
1099913,117.63216231605129,32.908997790800065,62.218619156856626
507462,126.12420546397829,35.2847479571844,66.71027507885583
524942,122.3985923106695,34.24246332500873,64.73970426431369
487959,119.56835068085323,33.450669535714894,63.24271804370597
596097,112.30474227953425,31.418588613917322,59.40081225936809
606644,131.83294922877374,36.88183698662123,69.72977371913053
