UE ID,Internet usage,Data rate,optimal GU
845089,109.24067737355782,54.62033868677891,77.24482375225458
1099913,117.63216231605129,58.816081158025646,83.17849965931653
507462,126.12420546397829,63.06210273198914,89.18328095534446
524942,122.3985923106695,61.19929615533475,86.54887463056201
487959,119.56835068085323,59.784175340426614,84.54759158172246
596097,112.30474227953425,56.152371139767126,79.41144482526624
606644,131.83294922877374,65.91647461438687,93.21997238348774
