UE ID,Internet usage,Data rate,optimal GU
254614,113.68096362103867,16.916810062654566,43.853383784112424
692014,117.67405827086617,17.511020576021753,45.39375348707265
654762,126.33285605217303,18.799532150620987,48.733957247822595
722249,124.07810204084767,18.464003279888047,47.86416700460267
170862,121.57076012876922,18.090886923923993,46.896938863267515
11970,117.53532033725534,17.490375050186806,45.34023416726522
610385,111.39060550546661,16.575982962123007,42.96985895949834
