UE ID,Internet usage,Data rate,optimal GU
887456,120.61019519967377,59.5871797712674,84.77512243347464
1237954,116.88875153532985,57.74860938947844,82.15937472034193
678588,112.31842505616035,55.490650474174466,78.9469598312763
567307,125.74264970753178,62.122856700744876,88.38264880027616
239733,121.33964019279459,59.94756033334495,85.28783853096479
699069,132.04303742827884,65.23554825325681,92.81109814919269
55512,110.9590052401679,54.81903235079724,77.99144374784355
