UE ID,Internet usage
67381,0.9377626321925496
465627,0.8555245156201658
160352,0.9087831823816983
700072,0.8734180422161857
716445,0.9677004303011714
594890,0.984199966980743
204958,0.8688089242913729
