UE ID,Internet usage
67381,0.5312189393147484
465627,0.4489808227423645
160352,0.502239489503897
700072,0.46687434934281796
716445,0.56115673742337
594890,0.5776562741073751
204958,0.4622652314135718
