UE ID,Internet usage,Data rate,optimal GU
1275243,130.08766987199624,92.91976419428303,109.94414768003628
999275,117.64299082303535,84.03070773073954,99.42647423307615
769075,107.94587640666371,77.10419743333122,91.23091672549043
960706,113.03501057401284,80.73929326715204,95.53202011990982
20372,118.66272934691816,84.75909239065584,100.2883105852463
152297,114.55202665815891,81.82287618439922,96.81413271791746
1212043,107.08960975711244,76.49257839793746,90.50723932344005
