UE ID,Internet usage,Data rate,optimal GU
254255,122.2882795285431,107.73015101324036,114.7786339906487
1273813,107.46583242395747,94.67228094491492,100.86642394384788
214892,108.03511285056737,95.1737898921665,101.40074522120828
832084,116.52292988275892,102.65115251576381,109.367330803027
268249,111.9893032777536,98.65724336373532,105.11211132694699
914740,115.71708757715254,101.94124381796772,108.6109747613363
1229765,109.42678624741204,96.3997878846249,102.70695683909007
