UE ID,Internet usage,Data rate,optimal GU
254255,122.2882795285431,0.7279064257651375,9.434745596177454
1273813,107.46583242395747,0.6396775739521278,8.291168974740716
214892,108.03511285056737,0.6430661479200439,8.335089913187595
832084,116.52292988275892,0.6935888683497554,8.989939214153823
268249,111.9893032777536,0.6666029957009143,8.64016232783903
914740,115.71708757715254,0.6887921879592414,8.927767130505703
1229765,109.42678624741204,0.6513499181393574,8.442459846780723
