UE ID,Internet usage,Data rate,optimal GU
254255,122.2882795285431,108.4580574390055,115.16574684003872
1273813,107.46583242395747,95.31195851886704,101.20661520961835
214892,108.03511285056737,95.81685604008655,101.74273858746538
832084,116.52292988275892,103.34474138411358,109.73619299963399
268249,111.9893032777536,99.32384635943625,105.46662198373431
914740,115.71708757715254,102.63003600592697,108.97728600283716
1229765,109.42678624741204,97.05113780276426,103.05335565332754
