UE ID,Internet usage
855440,1.035134299376868
886758,1.0790116507623635
59133,1.0797236973379447
560023,1.062769153323628
274206,1.006713962487708
730467,1.038193296104175
235705,1.0481191484742205
