UE ID,Internet usage,Data rate,optimal GU
773140,109.53226196052775,35.858776237077535,62.67130820705376
727215,121.40334171620097,39.74514163328008,69.46360925883356
751035,131.18959359042574,42.94897409210366,75.06302989001179
755181,119.59056410106943,39.15167277118344,68.42638842001168
1174873,133.11018466039317,43.57773902572395,76.1619385834981
734652,123.86512350470072,40.55108209975321,70.87217220133154
248428,111.47445923436477,36.49461463029799,63.78257936834324
