UE ID,Internet usage
548922,0.42119382717149484
1187997,0.42129209077044216
226793,0.3179563609053672
1028976,0.49771868275350123
138056,0.43097645109462174
973617,0.39049633481889745
756688,0.3797312622250674
