UE ID,Internet usage,Data rate,optimal GU
548922,112.27188324709103,65.49193189413644,85.74906723250652
1187997,112.28839153170004,65.50156172682503,85.7616756431423
226793,94.9279889144025,55.37466020006813,72.50244912836305
1028976,125.12805898509646,72.99136774130628,95.56813364368396
138056,113.91536406618133,66.45062903860578,87.00429644195474
973617,107.11470453186008,62.48357764358505,81.8102069266797
756688,105.30617233614096,61.42860052941556,80.42891764607177
