UE ID,Internet usage,Data rate,optimal GU
344620,107.11855178510343,103.93049964864201,105.51248555817806
734652,123.86512350470072,120.17866149563224,122.00797002157732
957346,113.89199552166691,110.50235279780777,112.18437266385003
407711,123.15263835139424,119.48738125760275,121.30616740946321
548908,104.42881971032915,101.32081912371221,102.86308158505176
1110098,115.74263986173382,112.29791843727745,114.00726964061617
1166388,118.99093819098047,115.4495412210108,117.20686508735889
