UE ID,Internet usage,Data rate,optimal GU
944257,108.09325012842675,7.07753423459937,27.659242186167234
846350,119.77072116584813,7.84213055252577,30.647310351036396
1156443,114.5991070586492,7.503512962173459,29.323981402055182
617788,127.15382076588705,8.325547788242604,32.53652119148615
513842,123.77043273412349,8.10401642901999,31.670769177654186
520928,113.88088727496424,7.456486666813134,29.14020105576865
283750,117.61887419888477,7.701235810641264,30.09668895389925
