UE ID,Internet usage
670562,0.7700539072047518
123853,0.7099973328612567
1230994,0.7892573147859875
319494,0.7503500988647793
1173463,0.7189968038240597
1249807,0.7614206568278721
1211672,0.8283232772972382
