UE ID,Internet usage
670562,1.0940242446171953
123853,1.0339676702737002
1230994,1.1132276521984308
319494,1.0743204362816563
1173463,1.0429671412365031
1249807,1.0853909942403155
1211672,1.1522936147096816
