UE ID,Internet usage,Data rate,optimal GU
670562,124.97266290681365,39.425899607506686,70.19372950233382
123853,114.88315841716893,36.24290116732115,64.52673055643803
1230994,128.19883538022756,40.44368020923846,72.0057824158222
319494,121.66242310581127,38.38159776552379,68.3344582683306
1173463,116.39506953852433,36.71987312822493,65.37592971580237
1249807,123.52227684349737,38.968337337531906,69.3790872867135
1211672,134.7619170821048,42.514176222330676,75.69208605189658
