UE ID,Internet usage,Data rate,optimal GU
1086305,123.53136697272092,5.882446046320044,26.95675427875531
663035,108.67608410486629,5.175051624041252,23.71506579247319
420444,111.9277887579099,5.329894702757614,24.424645921530924
385371,101.26402021749807,4.822096200833242,22.09762084867731
158448,117.42899657886917,5.591856979946151,25.625107885970397
306012,120.55929079499982,5.740918609285706,26.30819408563236
669092,122.61449254266249,5.8387853591744046,26.75667587501663
