UE ID,Internet usage,Data rate,optimal GU
1086305,123.53136697272092,65.44221226531049,89.91198996158838
663035,108.67608410486629,57.57244931745893,79.09961026545781
420444,111.9277887579099,59.29507856817846,81.46635519257474
385371,101.26402021749807,53.64582023426981,73.70475849487173
158448,117.42899657886917,62.209408901900936,85.4703952554029
306012,120.55929079499982,63.86771952830348,87.74877190608555
669092,122.61449254266249,64.95648712081525,89.24464524929635
