UE ID,Internet usage
1002168,0.418215881064909
1228551,0.39698642444842586
349955,0.38380918121884117
600785,0.4114700565935671
1094544,0.35822156093832924
1265541,0.41214303108927924
1210470,0.3930733635801266
