UE ID,Internet usage
1002168,0.5346113839343231
1228551,0.5133819273173965
349955,0.5002046840869252
600785,0.5278655594638678
1094544,0.4746170638055266
1265541,0.5285385339555899
1210470,0.5094688664490973
