UE ID,Internet usage
30164,0.6900849638775679
134907,0.6680116745618696
866970,0.7334827644142059
984967,0.6852087077451233
1126120,0.7614032503701773
710162,0.7023529248195854
657609,0.652351226199911
