UE ID,Internet usage
677821,0.6756297092518452
803836,0.7336633822574895
389269,0.6855433489447683
114477,0.6539859624006429
507728,0.6862531817429971
80165,0.7454302043450378
93953,0.6803612286389814
