UE ID,Internet usage,Data rate,optimal GU
677821,113.09063063012478,96.93482625439266,104.70157893332288
803836,122.84028769457703,105.29167516678031,113.72800740948223
389269,114.75612209838614,98.36239037004526,106.24352441063895
114477,109.45448115907989,93.81812670778275,101.3351586672522
507728,114.8753740085444,98.46460629303805,106.35393022599973
80165,124.81711380562962,106.98609754768252,115.55819275684992
93953,113.88552588684577,97.6161650458678,105.43750893920904
