UE ID,Internet usage,Data rate,optimal GU
209159,111.9662034672865,103.30215200850837,107.54696541694335
272751,112.12045884061094,103.44447095413508,107.69513242436669
396165,113.22053447573262,104.45942168891996,108.7517887422798
1244776,121.75565726218717,112.3340885454703,116.95003541599492
1194045,126.11568952909897,116.35673736315678,121.13797985731308
411229,116.21151330877166,107.21895573130718,111.624715457292
289957,118.9453980609587,109.74128987767021,114.2506954386823
