UE ID,Internet usage,Data rate,optimal GU
209159,111.9662034672865,89.97284207192665,100.36890724699245
272751,112.12045884061094,90.09679728263379,100.50718507349815
396165,113.22053447573262,90.98078663228515,101.493316477145
1244776,121.75565726218717,97.83936744282897,109.14438368105928
1194045,126.11568952909897,101.34296480016882,113.05281015833484
411229,116.21151330877166,93.38425176597723,104.1744940805164
289957,118.9453980609587,95.58112344184181,106.62520703334415
