UE ID,Internet usage,Data rate,optimal GU
645361,120.22650547179134,91.60114702612674,104.94229749800121
202546,124.12235361571659,94.56941227864121,108.3428725485899
625575,127.31132221650215,96.99910264114449,111.12643254895889
626680,125.24969571885092,95.42833959531498,109.32689740987061
315409,116.44268836472813,88.71823875407857,101.63951115343244
139690,111.18848123789081,84.71503332410728,97.05326317710703
536556,122.54396106589357,93.36682747877606,106.96513857984355
