UE ID,Internet usage
652091,0.4296934514341514
498824,0.3283981488704806
337627,0.34790793806393217
387020,0.35462680364406396
1242685,0.3550162150813904
799264,0.4372874221789432
680232,0.3163316958534096
