UE ID,Internet usage
652091,0.7125618255667387
498824,0.6112665230039546
337627,0.6307763121978494
387020,0.6374951777797546
1242685,0.637884589217081
799264,0.7201557963115304
680232,0.5992000699864402
