UE ID,Internet usage,Data rate,optimal GU
421774,119.56804111586602,114.58603940270494,117.05053725039825
1277111,119.06350820205816,114.10252869363907,116.55662727185732
967543,114.03759942702463,109.28603278423194,111.63653895395056
1213694,107.25575165725732,102.7867620048716,104.99748291863058
897522,125.24091028253733,120.02253902076494,122.60396421560748
320666,119.75878200900648,114.76883275863122,117.23726209601212
159801,121.54702786051742,116.48256836632919,118.98785644966817
