UE ID,Internet usage
1247796,0.3741704321128442
949278,0.3089971013070944
811767,0.407493050498417
252656,0.3804783130226812
229626,0.42977894171152087
1103569,0.3493037627607989
160478,0.3561929472283395
