UE ID,Internet usage,Data rate,optimal GU
1247796,116.14860651052072,90.56825864808462,102.56401433280313
949278,105.19948693510779,82.03055231249476,92.89548975207552
811767,121.74680639924824,94.93352165655668,107.50745593641236
252656,117.20833050337957,91.39459104727813,103.49979436545074
229626,125.49083612309713,97.85297340551027,110.8135887415829
1103569,111.97100605934209,87.31072496293937,98.87502067696794
160478,113.12838904994783,88.21320812823313,99.89703763613203
