UE ID,Internet usage,Data rate,optimal GU
1247796,116.14860651052072,31.11123388674662,60.11261483888811
949278,105.19948693510779,28.1784340004753,54.44590709580288
811767,121.74680639924824,32.61075171408435,63.00995854203191
252656,117.20833050337957,31.395088527690955,60.6610741112986
229626,125.49083612309713,33.61361681868673,64.94767801621855
1103569,111.97100605934209,29.9922337658952,57.95050119484952
160478,113.12838904994783,30.30224706695031,58.549503800438785
