UE ID,Internet usage
494429,0.34217577281983047
88210,0.35292272073043857
1151673,0.29176732912693903
303040,0.38723644493755827
1174442,0.40009436911385005
96282,0.3584660340509958
68596,0.30208698232557746
