UE ID,Internet usage,Data rate,optimal GU
494429,116.73628075482895,39.60695239895983,67.99682577214999
88210,118.54176800373658,40.2195284298392,69.04849026843155
1151673,108.26766221438015,36.73367110845041,63.06400475282111
303040,124.30647367053314,42.17541070964517,72.40632970205318
1174442,126.46660493215597,42.90831238769578,73.66456808425782
96282,119.47304464164735,40.535497289130355,69.59094249394562
68596,110.00136395177798,37.32189134078182,64.07385545404655
