UE ID,Internet usage,Data rate,optimal GU
494429,116.73628075482895,92.4162222642396,103.86686703920046
88210,118.54176800373658,93.84556633629147,105.47331109250308
1151673,108.26766221438015,85.71189925305096,96.33185846895253
303040,124.30647367053314,98.40929165583874,110.60249555119601
1174442,126.46660493215597,100.11939557129016,112.52448642744653
96282,119.47304464164735,94.58282700797082,106.30192055394157
68596,110.00136395177798,87.08441312849091,97.87443089527581
