UE ID,Internet usage
437503,0.9625900523871874
203157,0.9474647845727405
395064,0.877751704541798
264179,0.9448650845757977
464004,0.9116588717676611
328154,0.9514488580010305
894867,0.9394912429458833
