UE ID,Internet usage
437503,0.8898774064913536
203157,0.8747521386769067
395064,0.805039058645964
264179,0.8721524386799636
464004,0.8389462258673936
328154,0.8787362121051965
894867,0.8667785970500493
