UE ID,Internet usage
437503,0.7905512391703786
203157,0.7754259713514982
395064,0.7057128913205556
264179,0.7728262713545551
464004,0.7396200585464188
328154,0.7794100447797881
894867,0.7674524297246409
