UE ID,Internet usage
437503,0.6756281505985183
203157,0.6605028827840714
395064,0.5907898027531289
264179,0.6579031827871283
464004,0.6246969699745585
328154,0.6644869562123613
894867,0.6525293411572141
