UE ID,Internet usage
683909,0.6682685672511299
621938,0.6021819047288727
1274708,0.6384255424008356
350521,0.6848727329997343
511273,0.6220497558650733
95613,0.6795580580705378
946659,0.6060507178211485
