UE ID,Internet usage,Data rate,optimal GU
683909,118.56502959918791,28.935513175992288,58.572518950265554
621938,107.4624702954514,26.2259600125804,53.087724087792814
1274708,113.55140142452518,27.711949157175788,56.09572767156604
350521,121.35452944548065,29.61628397181373,59.950564678935145
511273,110.80026928674621,27.040541909265446,54.73663604210765
95613,120.4616640568059,29.39838229957763,59.509478676806346
946659,108.11243089495774,26.384581349364687,53.408812267504885
