UE ID,Internet usage,Data rate,optimal GU
683909,118.56502959918791,102.33291245168003,110.1503735527236
621938,107.4624702954514,92.75034638595507,99.83577186256198
1274708,113.55140142452518,98.00567384854851,105.49256662465665
350521,121.35452944548065,104.74051648568269,112.74190033876772
511273,110.80026928674621,95.63118480106071,102.93668455982113
95613,120.4616640568059,103.96988862045747,111.91240232887986
946659,108.11243089495774,93.31132428433851,100.43960423263096
