UE ID,Internet usage
1102679,0.7438775500299691
815575,0.7007455792839196
631794,0.6875615233026867
6790,0.7390580880108707
324436,0.7048170769738338
1162152,0.681778718789552
670482,0.6736766677413902
