UE ID,Internet usage,Data rate,optimal GU
522870,114.3868138137198,40.171559613151594,67.78714266050987
239675,116.74983462486506,41.00143001706571,69.18750012737416
1184079,119.67838276312123,42.02990823228662,70.92299658730205
967562,109.93745192439238,38.608986092494945,65.15039180536981
739239,126.53371092947866,44.437434195471674,74.98555496185611
455361,123.08842686052499,43.22748324268437,72.94383393736392
474553,106.4304244138397,37.37735143105085,63.07208079865433
