UE ID,Internet usage,Data rate,optimal GU
734200,133.6319395390086,119.31423173125768,126.27031401265576
826005,118.14319653786043,105.48499690880395,111.63482754764495
227507,106.88331792483721,95.43153386146179,100.99524233234696
433999,121.75497597144198,108.70979997450176,115.04763832324298
757762,122.37129079387401,109.26008106595893,115.63000109091372
1234181,110.42241079594436,98.59143821066459,104.33937076224377
25121,119.7242913690783,106.89668872239133,113.12882173429212
