UE ID,Internet usage
443926,0.2735481488345335
759343,0.29603968335427194
165263,0.3801585508987007
346583,0.35011223137352937
429268,0.33082998400689867
149365,0.29814577081349575
733653,0.2601728129009694
