UE ID,Internet usage
443926,0.6364864654165585
759343,0.658977999934967
165263,0.7430968674807258
346583,0.7130505479568844
429268,0.6937683005889237
149365,0.6610840873981808
733653,0.6231111294816644
