UE ID,Internet usage
954188,1.0276942230907942
609905,1.0542916636193707
1266773,0.9080107828693479
101878,1.0117088515753851
320615,1.0512256819866483
1291387,0.9489818245273569
189746,1.0133418525923377
