UE ID,Internet usage,Data rate,optimal GU
954188,119.37983498538236,98.77260156528659,108.58847487620788
609905,123.84820499423559,102.46964579880206,112.65292583229585
1266773,99.27301702782471,82.1366033742121,90.29921608394972
101878,116.69429257039465,96.55063492431462,106.14569251606649
320615,123.3331200798193,102.04347435175525,112.18440210469097
1291387,106.15615202632759,87.83157816464009,96.56014894539987
189746,116.96863674100767,96.77762206547658,106.3952372995862
