UE ID,Internet usage
88116,0.6559760133090161
100386,0.711593258537402
1020175,0.6974783712098163
850139,0.6773397460072216
795993,0.6758222895625678
920752,0.7877897662108921
1186088,0.6787111513797569
