UE ID,Internet usage,Data rate,optimal GU
88116,107.18383349493007,82.93987115679113,94.2858066739658
100386,116.52753069317916,90.17011303638863,102.50512482044597
1020175,114.15622962196834,88.33517768366598,100.41917559586886
850139,110.77294058809558,85.71715640745491,97.4430165486655
795993,110.5180079052284,85.51988706952197,97.21876133341584
920752,129.32854398254548,100.07565903411258,113.76572098385107
1186088,111.00333669080483,85.89543910597992,97.64568780691553
