UE ID,Internet usage
482339,0.7241158660627307
1280242,0.6619844394571283
434359,0.670866091731251
845022,0.7755778719045613
313777,0.7662238508462149
1180289,0.7566217888208749
979593,0.8066117628667151
