UE ID,Internet usage,Data rate,optimal GU
482339,121.1171477333026,74.25634652696529,94.83520913902055
1280242,110.67906806292604,67.85680958619871,86.66215117756943
434359,112.17118564560376,68.77161977081659,87.83048518857869
845022,129.76276471432575,79.55693312842591,101.60476167452626
313777,128.19128917675766,78.59346895955976,100.37429006871955
1180289,126.5781427566034,77.6044565710128,99.11118999585409
979593,134.97645839571706,82.75342389737415,105.68710459553266
