UE ID,Internet usage,Data rate,optimal GU
164253,122.79559779075701,1.4618523546518691,13.39809814008324
293358,122.03245340643878,1.4527673024576044,13.314832261337555
840578,136.60802907081737,1.6262860603668734,14.90515794656544
2922,106.64348628945478,1.2695653129696998,11.635758292747902
1109987,124.06344468866007,1.4769457701030961,13.536431577684569
618623,131.276757167886,1.5628185377129284,14.323468493099385
203030,128.23509995692405,1.5266083328205244,13.991596483400782
