UE ID,Internet usage
205404,0.8348796965489957
492069,0.9030979261148484
613536,0.9313285286560794
735463,0.7734077646073485
239484,0.8888689679370066
392232,0.8585887000897092
976007,0.950652754502824
