UE ID,Internet usage
205404,0.9834356050172094
492069,1.051653834583062
613536,1.079884437124293
735463,0.9219636730755622
239484,1.03742487640522
392232,1.0071446085579228
976007,1.0992086629710376
