UE ID,Internet usage,Data rate,optimal GU
205404,108.13471013617674,88.1812814800965,97.6496662169761
492069,119.5953727033074,97.5271789306733,107.99907088913322
613536,124.33811393023943,101.3947714788262,112.28194266249976
735463,97.80742556980796,79.75962680395054,88.32374404486629
239484,117.20490772953099,95.57781166039133,105.84039208471715
392232,112.11782273124356,91.42941496535933,101.24656507510497
976007,127.58458387202568,104.0421904194495,115.21362579920623
