UE ID,Internet usage
481739,0.7038837979111463
323194,0.7573671838512458
1183429,0.6164228950987614
441103,0.6953525948288043
37662,0.6710263817147428
388177,0.590162810458659
845124,0.749772458660219
