UE ID,Internet usage
481739,1.0185519883758316
323194,1.0720353743203648
1183429,0.9310910855678802
441103,1.0100207852979233
37662,0.9856945721838618
388177,0.904831000927778
845124,1.0644406491293381
