UE ID,Internet usage
1076433,0.36910106971151774
253660,0.27175269686336245
73014,0.3348105446011007
17488,0.22577884554145408
1220242,0.4546136960114021
79040,0.3853869740759708
1048235,0.4548404968421384
