UE ID,Internet usage
346515,0.8758308936224918
163246,0.8770160577892044
1285484,0.9573107501874542
884652,0.9029210145465505
24719,1.0097204407580778
135712,0.954714529863847
642986,0.9524104500691432
