UE ID,Internet usage,Data rate,optimal GU
504632,111.48501775893055,87.59537109630259,98.82090620041595
232228,127.09339989207868,99.85909991520468,112.65625823000758
1161396,100.53978089143759,78.99554212898667,89.11899066444057
111555,116.16813009220444,91.27495935816063,102.97204160780477
854852,124.72043931239985,97.99463088831416,110.55285348939216
1224754,104.19720804015536,81.8692348886935,92.3609533286959
339634,110.25586224883153,86.62960605265334,97.7313762903802
