UE ID,Internet usage
1175997,1.0302332608657845
866360,1.0348762982405797
405553,1.0855350756709605
557630,1.1014316636606536
387559,1.0285274352248928
688374,1.017060352411557
590260,1.1162282972585567
