UE ID,Internet usage
764428,0.6643382482101842
686760,0.6552068924270955
523679,0.7441558279972305
747102,0.5978874510280026
1282966,0.6949603779768664
971189,0.6700267480345717
610223,0.6135977242567789
