UE ID,Internet usage
156133,0.9508308913657219
45525,1.0811947282553027
407685,1.0366451944907706
140963,1.0306390914307457
1253950,1.0951393865820123
571023,1.107522939662636
789015,1.0659041330617225
