UE ID,Internet usage
737246,0.6902641775771132
693165,0.6840021112616809
470565,0.6631237470035908
71868,0.6208053266773894
857393,0.6654342496152847
1143929,0.6646938202697696
1197473,0.6111785810458742
