UE ID,Internet usage
606491,0.655185897260203
230205,0.7537771804678045
787677,0.7133771469393073
1277359,0.7381974103443155
221005,0.7285110396039319
452732,0.7068604411163235
653534,0.6922633329134594
