UE ID,Internet usage,Data rate,optimal GU
606491,107.34872845698553,50.47946159584439,73.61321902693244
230205,123.91206403562634,58.26817296913382,84.97134564187073
787677,117.12485840244419,55.07657032019698,80.31709344868831
1277359,121.294662655175,57.03737112951682,83.17649120931203
221005,119.66735237044564,56.27214784086433,82.06058094063509
452732,116.0300518247504,54.56175056044811,79.56634178581983
653534,113.577737646679,53.408579012426436,77.88469410067228
