UE ID,Internet usage,Data rate,optimal GU
606491,107.34872845698553,99.68096213862943,103.44382309713222
230205,123.91206403562634,115.06120231879589,119.40465263021703
787677,117.12485840244419,108.7587970879839,112.86433763129199
1277359,121.294662655175,112.63075817980537,116.88246155012344
221005,119.66735237044564,111.11968434398524,115.31434612260685
452732,116.0300518247504,107.74219098012537,111.8093556154229
653534,113.577737646679,105.46504210048765,109.44624654406903
