UE ID,Internet usage
627228,0.7160447148530367
1166234,0.7163351845361469
56555,0.7049124671000897
809214,0.7325255302160915
1065553,0.7097380562838028
329690,0.7346704627048711
176290,0.7047426254482932
