UE ID,Internet usage
627228,0.9658233817013606
1166234,0.9661138513844708
56555,0.9546911339484135
809214,0.9823041970644153
1065553,0.9595167231321265
329690,0.9844491295531949
176290,0.954521292296617
