UE ID,Internet usage
814791,0.508978952121505
1260410,0.5118524817515018
977742,0.4604054782538491
173077,0.6361354268397031
1115995,0.5330092705461627
673769,0.6194086741738213
1220461,0.6000576231774797
