UE ID,Internet usage
814791,0.3164410632000933
1260410,0.3193145928331935
977742,0.267867589331994
173077,0.4435975379169615
1115995,0.34047138162741103
673769,0.42687078525551303
1220461,0.40751973425739807
