UE ID,Internet usage,Data rate,optimal GU
814791,110.4978685136306,91.42383168687294,100.50939524615787
1260410,110.9806214920398,91.82325230591388,100.94850968850754
977742,102.33752490380945,84.6721188192233,93.08670725898827
173077,131.86015626621787,109.09858167264454,119.94063543177367
1115995,114.53496200947802,94.76404594831813,104.18155500161747
673769,129.05006181898452,106.77356305261219,117.38455994113043
1220461,125.79908525126271,104.08376696384236,114.42745594286787
