UE ID,Internet usage
218751,0.8411009813062701
1005486,0.8214335187235645
399450,0.8026168883310423
479990,0.7929634743117029
466497,0.8374961041659542
1163976,0.7429860923562185
53819,0.7859682754437798
