UE ID,Internet usage,Data rate,optimal GU
218751,122.69903414187048,69.38338240165295,92.26740489565572
1005486,119.39490042757834,67.51497345607109,89.78275743793014
399450,116.23370652181099,65.72739356888121,87.4055980731721
479990,114.61193296656562,64.81031923704603,86.18605434719724
466497,122.0934147823959,69.04091907337863,91.81199033559749
1163976,106.21573279821355,60.06246795137076,79.87226707139382
53819,113.43673955668396,64.14577534455343,85.3023306330001
