UE ID,Internet usage
591060,0.3462949010841499
182677,0.3830283988681344
116660,0.4198861804749116
888999,0.46908798700672205
902583,0.4541503753904475
401829,0.3161097614221172
51812,0.39969954709041555
