UE ID,Internet usage,Data rate,optimal GU
591060,112.68306242250354,6.036592629776975,26.08106102366972
182677,118.85429005024972,6.367194109834806,27.50942266817949
116660,125.04639736014404,6.698914144293431,28.94261702004167
888999,133.3123008574092,7.141730403075493,30.85580192017875
902583,130.80278210609856,7.007291898540994,30.27496119499887
401829,107.61195895925948,5.764926372817472,24.907328645095333
51812,121.65504295155444,6.5172344438332726,28.157671000810538
