UE ID,Internet usage
1107593,0.995777735447466
879545,1.057259525146096
200058,1.0212324057318611
472959,0.9857920417721706
110420,0.9843776471911296
950108,1.0511384873281082
459608,0.9401990962426826
