UE ID,Internet usage
1107593,0.7067981153504425
879545,0.7682799050490724
200058,0.7322527856348375
472959,0.6968124216751471
110420,0.6953980270941061
950108,0.7621588672310847
459608,0.6512194761456591
