UE ID,Internet usage,Data rate,optimal GU
1107593,120.40011181767231,19.350017970697337,48.2674251161788
879545,130.72905248678765,21.010026292519445,52.40821338248007
200058,124.67649642520146,20.03729406833595,49.98179290783392
472959,118.72251527992121,19.08040424141591,47.594890315017786
110420,118.48489699088837,19.042215587821346,47.49963107647575
950108,129.70071813354036,20.844758271461842,51.99596250795494
459608,111.06290043107357,17.849394712136824,44.52421304940698
