UE ID,Internet usage
113260,1.0659376347537053
838856,1.0161751735879123
250103,1.0652618644546221
1159202,1.0651719255096508
353558,0.933391865606844
908070,1.037851349714583
1168490,1.036816575834099
