UE ID,Internet usage
748551,0.8628891098512638
749280,0.9869338559863322
662246,0.8681655458761806
22673,0.8668088215170009
1226164,0.9483937671906502
1113288,0.8517463856246638
362767,0.8730363496037127
