UE ID,Internet usage,Data rate,optimal GU
748551,114.68163064915984,45.05349775502708,71.88051605960247
749280,135.52114799979418,53.24045099991914,84.94237481690651
662246,115.56807190138748,45.40174253268794,72.43612251816052
22673,115.34014220945137,45.31219872514161,72.29326002319134
1226164,129.0464130822193,50.69680513944329,80.88411993694051
1113288,112.80965297924885,44.31807795613348,70.70719196049802
362767,116.38636692756722,45.723215578687125,72.94901606909676
