UE ID,Internet usage
391545,0.3592210312495816
20693,0.3597551451755196
1245122,0.2685300796531794
945468,0.3230327161483981
1205159,0.4069806897948647
1038153,0.32820948152495716
276357,0.3829003971033326
