UE ID,Internet usage,Data rate,optimal GU
391545,117.47256457135595,27.969658231275226,57.32074216731877
20693,117.56229571089543,27.991022788308435,57.36452648012994
1245122,102.23648470317903,24.342020167423577,49.886296439917004
945468,111.39292763430487,26.522125627215445,54.3541831021344
1205159,125.49618720691701,29.880044573075477,61.23586912499654
1038153,112.26262421760488,26.729196242286875,54.778551581677185
276357,121.45069803476883,28.91683286542115,59.26187253589059
