UE ID,Internet usage
21714,0.8601385261491173
316665,0.8877725973111358
1060301,0.900091725776421
1275997,0.9497815673778711
949341,0.8672740079971856
1079052,0.8372609961760136
885555,0.8551248287432256
