UE ID,Internet usage,Data rate,optimal GU
21714,114.18946777016437,4.757894490423515,23.308827503073992
316665,118.83199172538836,4.951332988557849,24.25647873715286
1060301,120.90160530708404,5.037566887795168,24.678936840476883
1275997,129.249498696775,5.385395779032291,26.382943443134838
949341,115.38822872024569,4.807842863343571,23.55352355734676
1079052,110.34604273468689,4.597751780611953,22.524291652944147
885555,113.34716660580031,4.722798608575013,23.136893497870318
