UE ID,Internet usage,Data rate,optimal GU
900277,117.15794498953609,96.23688338426179,106.18340496281772
409280,115.689564994121,95.03071410231367,104.85257257491276
181036,128.8077097165989,105.80633298149195,116.74190089619844
108555,117.94232581846151,96.88119620802195,106.89431046060788
307052,112.87640324449704,92.71990266512256,102.30292821820346
1291862,118.78943428445017,97.57703530508405,107.6620677074556
354128,118.27061574684495,97.15086293490835,107.19184847575373
