UE ID,Internet usage
545636,0.9294493373025197
732040,0.7884161459644645
1248794,0.8418178780269984
620850,0.7396154804855152
626086,0.7880246445844483
815089,0.802910409980864
1228271,0.8119542237769368
