UE ID,Internet usage
545636,0.5217975051832856
732040,0.3807643138425703
1248794,0.43416604590776414
620850,0.33196364836539444
626086,0.38037281246344073
815089,0.3952585778611867
1228271,0.4043023916550427
