UE ID,Internet usage,Data rate,optimal GU
545636,137.54155794912074,13.099195995154357,42.44624630110904
732040,113.84798180409386,10.842664933723224,35.13424995758993
1248794,122.81947279100423,11.697092646762307,37.9029121844599
620850,105.64947000393808,10.061854286089341,32.60413428665438
626086,113.78220957238992,10.836400911656183,35.113952206217135
815089,116.28301815920672,11.074573158019687,35.885718491336725
1228271,117.80237887654043,11.219274178718136,36.354603388307524
