UE ID,Internet usage
335011,0.3672970936598944
922783,0.39097935813676127
117750,0.30067474221717994
108393,0.36586515358868604
252046,0.3305471787796743
80657,0.347269427014672
556160,0.4084075369833519
