UE ID,Internet usage,Data rate,optimal GU
335011,117.1324197133954,13.247118896157811,39.391205751258845
922783,121.11104014549976,13.697081921217233,40.729201298782414
117750,105.93986467101442,11.981294218745678,35.62719029221255
108393,116.89185378143145,13.219912034804747,39.31030430530629
252046,110.95843401350956,12.548870513432627,37.314916867236754
80657,113.76777171697321,12.866593229895779,38.25968689565998
556160,124.03897419167153,14.028217319296184,41.7138548449234
