UE ID,Internet usage
724945,0.9850077285025144
122054,0.9432130831089255
1000251,0.9396707917952629
689023,0.9474445639178029
768602,0.9772309053043828
942665,0.8860127399938056
243973,0.9503918621250863
