UE ID,Internet usage
724945,0.8554901107402562
122054,0.8136954653466674
1000251,0.8101531740330046
689023,0.8179269461555445
768602,0.8477132875421246
942665,0.7564951222315472
243973,0.820874244362828
