UE ID,Internet usage
1020228,0.2925518292502977
742763,0.3292668620814972
1235870,0.43283900722081387
70565,0.3013920520545461
688103,0.32013807364473773
1156014,0.3295687461262272
175605,0.3640278475590503
