UE ID,Internet usage,Data rate,optimal GU
1240424,114.28186149244199,101.35712715698725,107.62565292264966
1021349,127.57815386160927,113.14967217487965,120.14751885127485
1212713,116.81791312458004,103.60636342596683,110.01399529990837
1222507,117.34356020211452,104.07256232211348,110.50902670023494
1276466,130.92881063032578,116.12138561856275,123.30302067582869
468948,114.94494846171801,101.94522214759515,108.25011919473215
715662,114.63252614857652,101.66813331034466,107.95589354071896
