UE ID,Internet usage,Data rate,optimal GU
1240424,114.28186149244199,67.34466837947474,87.7284108142714
1021349,127.57815386160927,75.17998352559117,97.93530265201166
1212713,116.81791312458004,68.83912737698466,89.67520951465067
1222507,117.34356020211452,69.14888369053176,90.0787222170082
1276466,130.92881063032578,77.15447769287054,100.50743255665992
468948,114.94494846171801,67.73541605779812,88.23742917717306
715662,114.63252614857652,67.55131005183974,87.99759835295573
