UE ID,Internet usage,Data rate,optimal GU
1240424,114.28186149244199,19.046976915406997,46.65537458531742
1021349,127.57815386160927,21.263025643601544,52.08356321453767
1212713,116.81791312458004,19.469652187430007,47.69071332866587
1222507,117.34356020211452,19.557260033685754,47.90530784945664
1276466,130.92881063032578,21.82146843838763,53.451463112297354
468948,114.94494846171801,19.157491410286337,46.92607870695322
715662,114.63252614857652,19.10542102476275,46.79853283171044
