UE ID,Internet usage
1249274,0.37563982601194906
792380,0.3054844882361132
345384,0.37962663445769074
333782,0.3549556701796136
1146215,0.3141359492330019
801547,0.38321280446182654
227107,0.3590011251003433
