UE ID,Internet usage,Data rate,optimal GU
1249274,119.84645140866594,86.31797988362248,101.70989913384423
792380,108.06035466230469,77.82918401273135,91.70741097366954
345384,120.51623522756024,86.80038370556422,102.27832351237609
333782,116.37151322882518,83.81519702790385,98.76082882251092
1146215,109.51380010981212,78.8760107933766,92.94090423212606
801547,121.11871178827987,87.23431027608252,102.78962634613583
227107,117.05114965547942,84.30469707329172,99.3376147981505
