UE ID,Internet usage,Data rate,optimal GU
1249274,119.84645140866594,105.5790167171581,112.48675698395618
792380,108.06035466230469,95.19602672631603,101.4244369493267
345384,120.51623522756024,106.16906436713641,113.11540980414559
333782,116.37151322882518,102.51776165396504,109.22521254959379
1146215,109.51380010981212,96.47644295388211,102.78862723549302
801547,121.11871178827987,106.69981752777036,113.68088866211448
227107,117.05114965547942,103.11648898220807,109.86311293516141
