UE ID,Internet usage
729324,1.0457856307391244
1107078,1.0629814784754783
176453,1.084614785056445
748495,1.0467218955241613
1888,1.0329639935460726
1195540,1.0107570789194893
1129185,1.0398827827074073
