UE ID,Internet usage,Data rate,optimal GU
1250508,110.11155890731004,24.906185943320125,52.36849206015303
1113429,120.69738531338291,27.300599058979465,57.403056747074224
852844,106.14816207685226,24.009703326907058,50.48352087722952
802917,108.86000448616014,24.623096252821934,51.77325920342806
41980,114.17104119507272,25.82440217507597,54.299160993230124
939819,127.24660702508473,28.781970636626305,60.51783296687279
673731,120.96201177288323,27.36045504386644,57.52891173251598
