UE ID,Internet usage,Data rate,optimal GU
1250508,110.11155890731004,49.15694594076341,73.5713799562019
1113429,120.69738531338291,53.88276130061737,80.64433273609282
852844,106.14816207685226,47.38757235573761,70.9232240584521
802917,108.86000448616014,48.59821628846434,72.73514998390812
41980,114.17104119507272,50.96921481922889,76.28373565057424
939819,127.24660702508473,56.806520993341394,85.02021555666592
673731,120.96201177288323,54.00089811289429,80.82114372661518
