UE ID,Internet usage
1165076,0.903508027854017
435094,1.017602750885745
358990,1.0574686407537095
326774,1.0118019699926137
1189339,1.0082410052479487
365359,0.9628082408434278
96340,1.0220261999077909
