UE ID,Internet usage
1165076,0.5538747713877706
435094,0.6679694944194988
358990,0.7078353842874633
326774,0.6621687135263674
1189339,0.6586077487817024
365359,0.6131749843771815
96340,0.6723929434415447
