UE ID,Internet usage,Data rate,optimal GU
1165076,102.05073294521902,87.47205681018772,94.48061975720468
435094,121.21864641437993,103.90169692661136,112.22665931765486
358990,127.91611591237492,109.64238506774993,118.4273111965122
326774,120.24411522418004,103.0663844778686,111.32441875391254
1189339,119.64587314699956,102.55360555457105,110.77055421432917
365359,112.013168727045,96.01128748032428,103.70404304671244
96340,121.96178585002384,104.53867358573471,112.91467274410762
