UE ID,Internet usage,Data rate,optimal GU
1165076,102.05073294521902,50.417921633649875,71.72995090120016
435094,121.21864641437993,59.88778364519961,85.20279379356253
358990,127.91611591237492,63.19665250432809,89.91034605103971
326774,120.24411522418004,59.40631883099371,84.51781023286384
1189339,119.64587314699956,59.110758757148595,84.09731472455404
365359,112.013168727045,55.33983931157581,78.73239967214958
96340,121.96178585002384,60.25492991399988,85.72513551216731
