UE ID,Internet usage,Data rate,optimal GU
778264,115.374462447012,78.97656655599035,95.45616225424135
563422,107.71225971002994,73.73160634912763,89.11676571731566
2816,114.6762581005111,78.49862905689749,94.87849622683244
880053,119.97584970922925,82.12632569381765,99.26316390591566
487460,111.46923143604758,76.30334294729447,92.22513211883232
755486,121.00409575560381,82.83018459460975,100.11389308253125
32633,119.48493307938759,81.79028157219983,98.85699934854671
