UE ID,Internet usage,Data rate,optimal GU
783340,122.98905579840118,46.12089592440044,75.31510766319292
626719,120.23737999671013,45.0890174987663,73.63005725026619
766860,110.85614623200134,41.5710548370005,67.88524827993983
597724,118.61046139797466,44.4789230242405,72.63377714527977
120812,105.33444779597113,39.500417923489174,64.50391235949036
920453,119.2636198463608,44.7238574423853,73.03375337521327
799218,120.51653644380445,45.19370116642667,73.80100496371352
