UE ID,Internet usage,Data rate,optimal GU
783340,122.98905579840118,19.034020540228752,48.38363581098581
626719,120.23737999671013,18.608165951871804,47.30113233948055
766860,110.85614623200134,17.156308345428776,43.61057471235798
597724,118.61046139797466,18.356380930638935,46.66110598539288
120812,105.33444779597113,16.30175977794791,41.43835016398114
920453,119.2636198463608,18.457464976222504,46.918057144895926
799218,120.51653644380445,18.65136873535069,47.41095189848782
