UE ID,Internet usage
196955,0.351667130176344
4762,0.35304328680718006
587797,0.38128125428286386
974991,0.3874350886778565
729063,0.3871469617499878
408229,0.42004757221227706
314401,0.2582624951777837
