UE ID,Internet usage
196955,0.38164305866189835
4762,0.3830192152927343
587797,0.4112571827684181
974991,0.41741101716341084
729063,0.4171228902355421
408229,0.45002350069871805
314401,0.288238423663338
