UE ID,Internet usage,Data rate,optimal GU
196955,113.58559690996915,59.49721742903146,82.20721961092443
4762,113.81679122402981,59.618319212587046,82.37454577080584
587797,118.56076975989063,62.1032603504189,85.80798536118046
974991,119.59461393824452,62.6447977771757,86.55622684359992
729063,119.54620861439855,62.6194426075421,86.52119364224343
408229,125.07351117203159,65.51469632820702,90.52156153722856
314401,97.89361823022696,51.2776095491665,70.85019924435461
