UE ID,Internet usage
118744,0.6613723830230687
691948,0.812601636403753
331041,0.6985710257539466
24546,0.662768746777117
918925,0.6733083893463028
1227467,0.6656794608148169
786167,0.7241586093797175
