UE ID,Internet usage
968791,0.38547748598280585
1133309,0.3788173693582494
445049,0.3059902796034636
1088098,0.3942645933753979
865892,0.4344183480183218
933125,0.2703797858928416
636284,0.32465447827547933
