UE ID,Internet usage
1051998,0.9851616232538387
979553,0.9107134455894651
732830,0.9687291816948375
878410,0.9106282743543794
1010763,0.9767524940917577
538069,0.9530006339021984
1244601,1.0602920939860427
