UE ID,Internet usage,Data rate,optimal GU
1051998,116.55516481530576,3.4689037147412427,20.10767625062856
979553,104.04787096727375,3.096662826406957,17.949963069353213
732830,113.79451463343476,3.386741506947463,19.631418847653215
878410,104.03356219965839,3.096236970227928,17.947494572421217
1010763,115.14243111600346,3.4268580689286745,19.863956533025856
538069,111.15211860415434,3.3080987679807836,19.175562224165866
1244601,129.17708389802212,3.844556068393515,22.28516416357571
