UE ID,Internet usage
322311,0.7680120714396721
1265661,0.6160532075191218
877418,0.7207594322500933
1137155,0.73922097508637
634930,0.7408632583341433
1115948,0.6617460407733856
1239133,0.6755400399083947
