UE ID,Internet usage,Data rate,optimal GU
724367,122.56765131282314,52.528993419781344,80.23936284199509
822434,121.52847126725483,52.08363054310921,79.55905981063731
130383,118.60938130707422,50.83259198874609,77.64806685307826
747085,110.04175735273577,47.16075315117247,72.039240382125
995823,116.82447157848868,50.06763067649515,76.47956914737736
17146,101.799759777993,43.62846847628271,66.6435864158534
341136,110.34394840261476,47.29026360112061,72.23707086218337
