UE ID,Internet usage,Data rate,optimal GU
724367,122.56765131282314,94.84401589682743,107.81840413190227
822434,121.52847126725483,94.03988848061385,106.90427440094305
130383,118.60938130707422,91.78106886856933,104.33645477110566
747085,110.04175735273577,85.15135985628363,96.79982065872152
995823,116.82447157848868,90.39988872144957,102.7663331574963
17146,101.799759777993,78.77362363773268,89.54962849260302
341136,110.34394840261476,85.38519816868998,97.06564737883822
