UE ID,Internet usage,Data rate,optimal GU
724367,122.56765131282314,91.19616913156483,105.72464357557742
822434,121.52847126725483,90.42296969289794,104.82826562632428
130383,118.60938130707422,88.25102775823974,102.31031131864593
747085,110.04175735273577,81.87630755411887,94.92003354828903
995823,116.82447157848868,86.92296992447073,100.77068040585594
17146,101.799759777993,75.74386888243527,87.81063521514754
341136,110.34394840261476,82.10115208527883,95.18069809311777
