UE ID,Internet usage
1084214,0.38818009777784657
694441,0.40561167765841727
1043879,0.333185945134254
69111,0.3782555810040083
532559,0.27887443328597655
492345,0.3481161394727439
432660,0.28756038676342954
