UE ID,Internet usage
975391,0.4108555514487536
1200559,0.3773329160154473
494702,0.4439926832955238
747572,0.33665868995786236
868935,0.40606245952676717
1146701,0.39116465723310156
310901,0.3745491590629242
