UE ID,Internet usage
975391,1.0836303200628743
1200559,1.0501076846291246
494702,1.1167674519136346
747572,1.0094334585733133
868935,1.0788372281413312
1146701,1.0639394258489958
310901,1.047323927677045
