UE ID,Internet usage,Data rate,optimal GU
975391,118.90330972186833,95.54730245507275,106.58747814309402
1200559,113.27150696909288,91.0217466715925,101.53900931390997
494702,124.47034787244004,100.02081525463932,111.57789059320854
747572,106.43823699144211,85.5307261538374,95.41351948446447
868935,118.09807027898526,94.90023504561316,105.86564422847027
1146701,115.5952394936921,92.88903173600258,103.62205300929134
310901,112.80383580104547,90.64593948298297,101.11977884405165
