UE ID,Internet usage,Data rate,optimal GU
975391,118.90330972186833,42.46546775781012,71.05831876206268
1200559,113.27150696909288,40.45410963181889,67.69267287593998
494702,124.47034787244004,44.45369566872859,74.38526039547236
747572,106.43823699144211,38.013656068372185,63.60901298964299
868935,118.09807027898526,42.17788224249474,70.57709615231352
1146701,115.5952394936921,41.28401410489004,69.0813686728609
310901,112.80383580104547,40.287084214659096,67.41318589603443
