UE ID,Internet usage,Data rate,optimal GU
975391,118.90330972186833,27.60255404257658,57.28904810205081
1200559,113.27150696909288,26.295171260682277,54.57557763970862
494702,124.47034787244004,28.894902184673583,59.97131419826023
747572,106.43823699144211,24.70887644444192,51.28322578373722
868935,118.09807027898526,27.41562345762158,56.901074030640146
1146701,115.5952394936921,26.834609168178527,55.69517998458415
310901,112.80383580104547,26.186604739528413,54.35024803277941
