UE ID,Internet usage
1044600,0.7113201600041226
604430,0.7288893914514055
945370,0.7609707943418946
602193,0.6696867344357542
564759,0.7606843677151078
1183483,0.7692895853194565
1114818,0.7896379087227196
