UE ID,Internet usage,Data rate,optimal GU
1044600,115.91393726832159,55.887076897226486,80.48658972509007
604430,118.8655681519134,57.31018464467253,82.5360991244441
945370,124.25524383763971,59.90877827886201,86.27850168526973
602193,108.91952177319389,52.51476942636135,75.62991188642772
564759,124.20712416445122,59.885577722146124,86.24508906479544
1183483,125.65280072134159,60.5826003477897,87.24891637539976
1114818,129.07131905349593,62.23081454364983,89.62261611291181
