UE ID,Internet usage,Data rate,optimal GU
1044600,115.91393726832159,36.56808735250621,65.10569086801021
604430,118.8655681519134,37.49925661935363,66.76354127316696
945370,124.25524383763971,39.19957097258872,69.79077481680422
602193,108.91952177319389,34.36151579749569,61.17711882775519
564759,124.20712416445122,39.18439036140425,69.76374731138847
1183483,125.65280072134159,39.64046689423276,70.57574432595074
1114818,129.07131905349593,40.71892803473383,72.49583265186675
