UE ID,Internet usage
391985,0.43222893880658253
221093,0.3793735237172481
229948,0.4075808706350567
436472,0.3664364258985162
451567,0.40386576671944846
505109,0.46437977793871993
778414,0.3848257033383838
