UE ID,Internet usage
655252,0.5337630317181363
748879,0.4730282199141841
48384,0.40413511052253137
1055819,0.40116350783856636
1125728,0.45079850501725005
865820,0.4310959388238013
267739,0.4504623230132812
