UE ID,Internet usage,Data rate,optimal GU
655252,135.35038857447873,42.69982496694865,76.02261440741648
748879,125.14694019106453,39.480879941228686,70.29161629024863
48384,113.57289781347619,35.82954514353713,63.79079298214026
1055819,113.07366856256692,35.67205020128599,63.510389554839456
1125728,121.41234808854318,38.30270505174279,68.19399796518017
865820,118.10231696807539,37.25846904349997,66.3348439413304
267739,121.35586951163656,38.28488740545677,68.16227549197804
