UE ID,Internet usage,Data rate,optimal GU
531145,113.98003724317364,50.88394519784537,76.15611576708743
448912,114.10745213270737,50.94082684495864,76.24124842112472
347045,121.38204153216998,54.188411398290164,81.10178791438305
934534,110.01633520013175,49.11443535720167,73.50775594060195
178541,117.68702071881033,52.53884853518318,78.63294828570616
270121,111.13741046130663,49.61491538451188,74.25680585704919
878584,117.7434067372792,52.56402086485678,78.67062277901238
