UE ID,Internet usage
130481,0.924281819019605
1160148,0.8648254715747984
570915,0.8865145034569781
721193,0.9655611071608476
786167,0.9707971589120099
54486,0.94934009288589
1181376,0.9583999493357303
