UE ID,Internet usage
296971,0.942180238720742
889991,0.9354149987600624
824580,0.9258906080634645
1161170,1.0208543572864048
464804,0.9616813887267354
414589,0.9274805663249023
583808,0.9407035805837578
