UE ID,Internet usage,Data rate,optimal GU
296971,112.9014664725612,14.11268330907015,39.91669627432683
889991,111.76490615945387,13.970613269931734,39.51486152201398
824580,110.16480852231416,13.77060106528927,38.94914157712295
1161170,126.11871839203849,15.764839799004811,44.58970050478348
464804,116.17765967350513,14.522207459188142,41.07500548875919
414589,110.43192151027911,13.803990188784889,39.04358027968946
583808,112.65338790553854,14.081673488192317,39.82898725582245
