UE ID,Internet usage,Data rate,optimal GU
45378,109.15435980942539,103.9565331518337,106.52374770066866
1141412,131.52046347202366,125.25758425907016,128.3508298965728
1275825,116.52907670996389,110.98007305710846,113.72073446187898
441028,109.36303675624664,104.15527310118728,106.72739554829421
581957,121.26200408668562,115.48762293970059,118.33959863408182
769787,104.486167707661,99.51063591205809,101.96805868801904
247248,127.64916116696426,121.5706296828231,124.57282569465949
