UE ID,Internet usage
600852,0.7567549083789737
796572,0.6544083679328576
687467,0.5340699800565919
788306,0.693324234661996
193611,0.7431398682649262
16044,0.729461723537145
899166,0.6581454973585896
