UE ID,Internet usage,Data rate,optimal GU
600852,135.3070003729759,120.00442294984173,127.42620806110881
796572,118.11278157815782,104.75478842348522,111.23344570914472
687467,97.89593241474525,86.8243686297443,92.1941024324787
788306,124.65064718812386,110.55325256565747,117.39052125730305
193611,133.01967363381726,117.97578197284984,125.27210389676893
16044,130.7217453190951,115.93773840800698,123.10801563279037
899166,118.74061932119983,105.31162070749271,111.82471580347064
