UE ID,Internet usage,Data rate,optimal GU
330204,111.01236344603957,40.30806053695485,66.89314663052858
387916,117.37185985873928,42.61716340108986,70.7252128331171
52677,118.69144324717088,43.09629784569895,71.52035926864426
913953,114.3697672552708,41.527117872449516,68.91623035145093
775475,118.40607030890042,42.992680290731705,71.3484010001097
819436,110.45133116823571,40.10435238846654,66.55508325399452
717041,116.10654523019495,42.15773368477317,69.96276733287235
