UE ID,Internet usage,Data rate,optimal GU
330204,111.01236344603957,101.76133315886962,106.2862460593371
387916,117.37185985873928,107.59087153717769,112.375000316535
52677,118.69144324717088,108.80048964323998,113.63840522356436
913953,114.3697672552708,104.83895331733157,109.50071547797947
775475,118.40607030890042,108.53889778315873,113.36518143664415
819436,110.45133116823571,101.24705357088274,105.7490985482414
717041,116.10654523019495,106.43099979434538,111.16355379132601
