UE ID,Internet usage,Data rate,optimal GU
482020,108.64125131926033,100.23448782431755,104.35324711085431
859144,124.54455442029895,114.90717818539486,119.62885649705885
413037,118.58366331491415,109.40754651078387,113.90323814337152
769870,112.34947615154373,103.65576668743617,107.9151105611262
1148434,110.3854821582796,101.84374841984129,106.0286342179824
89866,118.94807757871206,109.7437620517879,114.25326919749729
715651,112.90644134849063,104.16963338700027,108.45009268001166
