UE ID,Internet usage
467341,0.8039593668139245
1181618,0.8192041483605248
1180369,0.7913175273986727
1139346,0.8571833146311225
227143,0.8512562406255297
867057,0.8402263438351437
1061844,0.8562385145601304
