UE ID,Internet usage
467341,1.0071043834887632
1181618,1.0223491650353635
1180369,0.9944625440735113
1139346,1.060328331305961
227143,1.0544012573003683
867057,1.0433713605099824
1061844,1.059383531234969
