UE ID,Internet usage,Data rate,optimal GU
467341,114.975192796883,108.81580746847855,111.8531110118839
1181618,117.53631609695526,111.23972773461837,114.34468855856552
1180369,112.85136377502495,106.8057550013629,109.78695328191321
1139346,123.9168160300752,117.27841517132117,120.55192987705914
227143,122.92106759718475,116.33601040447842,119.58322039030259
867057,121.06804493645089,114.58225681485531,117.78051543859391
1061844,123.75808961814668,117.12819196003169,120.3975135847958
