UE ID,Internet usage,Data rate,optimal GU
826017,128.0998528841886,25.924970226561978,57.62798688180561
619975,113.65009901248978,23.000615276337214,51.127509263643084
515134,120.48030259228508,24.38291838177198,54.200197275645394
870387,108.23408286314208,21.90451676992161,48.69101850601177
1024388,127.50563047228707,25.804710928915238,57.3606654088536
1035308,102.64761061640168,20.77392119617653,46.17784505497135
81256,112.04806054280994,22.676393205092484,50.406803893291695
