UE ID,Internet usage
705752,0.26573477796816264
943898,0.3094731327093981
1051278,0.3461570693014718
1250025,0.2898488065433655
1045900,0.22418028457395212
271424,0.4047268544896802
838164,0.28971066318785227
