UE ID,Internet usage,Data rate,optimal GU
705752,113.18355489235904,44.46496799342677,70.94154738706371
943898,120.5315984888826,47.35169940634673,75.54717744967077
1051278,126.6944998363359,49.77283922141768,79.4099802958789
1250025,117.23471169295941,46.05649387937691,73.48074429085011
1045900,106.20240000211342,41.722371429401704,66.56587699100845
271424,136.53422374793985,53.638445043833514,85.57735364631428
838164,117.21150360922562,46.047376417910066,73.46619785454557
