UE ID,Internet usage
669412,0.9257201334459427
994728,0.9787300103227382
208087,0.837417133003296
298230,0.8999422182444243
924608,0.8998332908375375
1097627,0.9382181497046477
865970,0.8538162579439932
