UE ID,Internet usage,Data rate,optimal GU
946676,107.45822932398539,11.513381713284149,35.17396213736331
819486,117.2926795348811,12.567072807308689,38.393041602342166
766704,116.51769026167449,12.484038242322265,38.13936681611016
158274,113.64679583368256,12.176442410751703,37.19964602836016
41580,115.43124077624883,12.367632940312374,37.78374274427381
471852,119.92544543183858,12.84915486769699,39.25481653162117
457082,118.47687353861882,12.693950736280588,38.780660078030806
