UE ID,Internet usage
971101,0.6879793980432654
545268,0.7098399109545245
126914,0.7817309889030789
1012412,0.6970247289735609
1188048,0.7038465228618965
1166263,0.6971549615773405
442440,0.7281733628235452
