UE ID,Internet usage
971101,0.32998196910184496
545268,0.3518424820122173
126914,0.42373355995944173
1012412,0.33902730003036713
1188048,0.3458490939195894
1166263,0.33915753263414666
442440,0.37017593388123804
