UE ID,Internet usage,Data rate,optimal GU
971101,112.56040213055707,34.170122075347685,62.01776101772266
545268,116.23296829942555,35.28500823375418,64.04124642352707
126914,128.3106693946085,38.951453209077584,70.69573562209759
1012412,114.08001772651731,34.63143395269276,62.855028432241625
1188048,115.22607909991677,34.97934544104616,63.486477494449936
1166263,114.10189680395405,34.638075815486054,62.86708321678465
442440,119.31298821341792,36.2200142790733,65.73825474386204
