UE ID,Internet usage
1062357,0.6754716786169682
1295628,0.6760864716676193
223339,0.6867358007627655
121035,0.8024714361625801
943336,0.6864745896566311
846442,0.6277358564083864
590974,0.6914194129602841
