UE ID,Internet usage,Data rate,optimal GU
1062357,115.37054354754733,70.73313086546057,90.33559517027595
1295628,115.47382877965853,70.7964545494335,90.41646791845035
223339,117.26291606747776,71.8933354461322,91.81733039154877
121035,136.70650281510459,83.81410589259389,107.04173626745485
943336,117.21903260198235,71.86643070240585,91.78296946325835
846442,107.35092541599657,65.81634117766457,84.05620222754091
590974,118.04976291699913,72.37574750268399,92.4334346090874
