UE ID,Internet usage,Data rate,optimal GU
1062357,115.37054354754733,99.57576675234739,107.18260275987942
1295628,115.47382877965853,99.66491174434813,107.27855775553023
223339,117.26291606747776,101.20906446300162,108.94067207151288
121035,136.70650281510459,117.99073159637003,127.00433174161978
943336,117.21903260198235,101.17118885290142,108.89990305105678
846442,107.35092541599657,92.6540725316637,99.73214341341996
590974,118.04976291699913,101.88818823193377,109.67167576371924
