UE ID,Internet usage,Data rate,optimal GU
1062357,115.37054354754733,32.27628301627812,61.02239191708628
1295628,115.47382877965853,32.30517828954733,61.07702208280566
223339,117.26291606747776,32.80569675697295,62.023315497867785
121035,136.70650281510459,38.24527162089235,72.30751919756312
943336,117.21903260198235,32.793419835078396,62.000104425545516
846442,107.35092541599657,30.032699372332374,56.78061350813585
590974,118.04976291699913,33.02582653035095,62.439498653063104
