UE ID,Internet usage,Data rate,optimal GU
255803,120.2237015719694,29.340308121730626,59.39192241085123
584893,123.87757739854766,30.2320278175027,61.19698003886905
511277,125.93181423442974,30.73335942625964,62.21179719368095
623333,118.1403175806741,28.83186321909308,58.362706218493784
370831,106.6764581389443,26.03413561724236,52.69942483895202
679825,115.39887187949954,28.1628199229731,57.00839980263075
1277177,116.8697600618885,28.521786681770408,57.73503586241958
