UE ID,Internet usage,Data rate,optimal GU
255803,120.2237015719694,55.81814715841437,81.91864419210978
584893,123.87757739854766,57.51458950646856,84.40834089788316
511277,125.93181423442974,58.4683423231281,85.80806735984218
623333,118.1403175806741,54.8508617338844,80.49905729146614
370831,106.6764581389443,49.52835556450985,72.68775377646625
679825,115.39887187949954,53.578047658339074,78.63107691796158
1277177,116.8697600618885,54.26096002873395,79.63331827373426
