UE ID,Internet usage
223539,0.9297504758835944
830304,0.8816763875849195
823325,0.9496157386350506
1220710,0.9025250733932866
421726,1.0111508884823897
930782,1.0102514548180457
584848,0.9663256619565687
