UE ID,Internet usage,Data rate,optimal GU
223539,109.28924343760741,109.28924343760741,109.28924343760741
830304,101.21279660294948,101.21279660294948,101.21279660294948
823325,112.62660757932272,112.62660757932272,112.62660757932272
1220710,104.71537581858806,104.71537581858806,104.71537581858806
421726,122.96451275354711,122.96451275354711,122.96451275354711
930782,122.81340789851899,122.81340789851899,122.81340789851899
584848,115.43387469791101,115.43387469791101,115.43387469791101
