UE ID,Internet usage,Data rate,optimal GU
121645,115.64700447725389,32.35362625256508,61.16861907944132
549800,114.69295507001713,32.086719573159556,60.663998272028095
802936,118.96469056497202,33.28178843186717,62.92342697474402
689114,127.1308780554718,35.56637659885223,67.24272961639548
632351,121.5365805244823,34.00130526577779,64.28376447729012
619012,119.22373653887088,33.354259626946025,63.060442927497036
865953,110.21662805297322,30.834413800534175,58.29635595030739
