UE ID,Internet usage
298219,0.8337419421983037
500562,0.8734666067066448
1194208,0.8682878731050944
54164,0.8881423985906093
1144575,0.899586471423326
1056406,0.8958962939197423
672068,0.8813402281072259
