UE ID,Internet usage,Data rate,optimal GU
298219,109.75484166661653,15.679263095230933,41.48343089073389
500562,116.42858530371988,16.632655043388556,44.00586888753035
1194208,115.55855805837616,16.508365436910882,43.67702949824034
54164,118.89411834039174,16.984874048627393,44.93775278242286
1144575,120.8167225759104,17.25953179655863,45.664428879105984
1056406,120.19677275517184,17.17096753645312,45.43010987181836
672068,117.75135369909022,16.821621957012887,44.50582834699975
