UE ID,Internet usage
126840,0.6422914816839224
899293,0.5923870487766868
997068,0.6783769690360393
573742,0.7201105659580876
963417,0.6546171498226363
595811,0.6144126429937897
148618,0.6447232998460538
