UE ID,Internet usage,Data rate,optimal GU
126840,116.22783033460719,4.842826263941967,23.724906519213654
899293,107.8438856059744,4.493495233582267,22.01354096780973
997068,122.29019220993527,5.09542467541397,24.962380955101647
573742,129.30143649290113,5.38755985387088,26.39354520137432
963417,118.29854258162875,4.929105940901198,24.14758888665822
595811,111.54418543466096,4.647674393110873,22.76886150744223
148618,116.63637578592288,4.85984899108012,23.80830051025186
