UE ID,Internet usage
999746,0.304049618826962
161220,0.3001571619681565
82989,0.3081478019078042
1214191,0.29230879129766957
609298,0.27254640796738994
1027087,0.35002803505134333
1090530,0.30089718065359916
