UE ID,Internet usage
999746,1.0183347702385674
161220,1.0144423133797618
82989,1.0224329533185228
1214191,1.0065939427101616
609298,0.9868315593776653
1027087,1.0643131864638353
1090530,1.0151823320652045
