UE ID,Internet usage
236310,0.97132274363422
202898,1.0000858861655737
502110,0.9413262012645855
322109,1.0117602009314917
204855,1.023259744227234
910659,0.9456985605789876
641307,1.0006253778502618
