UE ID,Internet usage
236310,1.0113911435954495
202898,1.0401542861268032
502110,0.9813946012258151
322109,1.0518286008927211
204855,1.0633281441884632
910659,0.9857669605402171
641307,1.0406937778114913
