UE ID,Internet usage,Data rate,optimal GU
236310,116.30378861536195,57.45960985163716,81.7482129352439
202898,121.13599656063028,59.84695068173996,85.14470043371732
502110,111.2643694973246,54.96989683498775,78.20607976799432
322109,123.09728144113242,60.81591880722614,86.52325856967117
204855,125.029204715159,61.77038090094165,87.88117886667874
910659,111.99892586226026,55.332802658140494,78.72238857313816
641307,121.22663116365206,59.8917284915662,85.20840615573493
