UE ID,Internet usage,Data rate,optimal GU
236310,116.30378861536195,50.53676529119895,76.66561985487212
202898,121.13599656063028,52.636474695988156,79.8509349834861
502110,111.2643694973246,48.34701769824224,73.34371439510625
322109,123.09728144113242,53.4886996738254,81.14378298840333
204855,125.029204715159,54.328166334563136,82.41727628624537
910659,111.99892586226026,48.66619992824405,73.82792234487803
641307,121.22663116365206,52.67585758896786,79.91067988177093
