UE ID,Internet usage,Data rate,optimal GU
979343,122.06109858261651,55.21811602546937,82.09740497562133
1004994,117.32578881325844,53.07595208218834,78.91247014925749
426055,120.51856925783481,54.520305140449075,81.05991099814692
1009676,120.43320130196057,54.48168630326787,81.00249313343218
615211,126.15434424054999,57.06982239453451,84.85049216184403
707397,118.54235678894152,53.62630426166402,79.7307248998685
537851,129.51346067865296,58.58942268796205,87.10980938724612
