UE ID,Internet usage
972746,0.8497602652254727
467950,0.9505502058800667
1092791,1.0179263418988498
1292025,0.9637001555199306
625743,1.00032698894224
1049142,0.9550626310427773
179385,0.8940496978293989
