UE ID,Internet usage,Data rate,optimal GU
972746,101.95544120270728,60.68776262065909,78.66033062220413
467950,118.8881512330883,70.76675668636209,91.72420003032666
1092791,130.20734208423713,77.50437028823639,100.4571453662893
1292025,121.09734277222363,72.08175165013311,93.42862830630912
625743,127.25065078701068,75.74443499226827,98.17600850646028
1049142,119.64623865977694,71.21799920224818,92.30907717783766
179385,109.39606588016639,65.11670588105143,84.40089718991689
