UE ID,Internet usage
83742,0.8511408201982341
422608,0.8779895615619436
784591,0.896258843263671
724479,0.8788546323398594
774849,0.8608751218870052
662699,0.8465172427322329
148305,0.8645916569592615
