UE ID,Internet usage,Data rate,optimal GU
1294086,122.98368628883246,104.68254249585144,113.46473005400033
691299,103.88777260379027,88.42828263298814,95.846843025316
664270,113.27269290401284,96.41663741234427,104.50536905081015
300065,115.93478307152179,98.68258320968819,106.96141302989878
901170,129.89428637200666,110.56477947141043,119.84044862781994
569717,135.26368378616638,115.13515941322495,124.7942538562586
521528,115.80048229300732,98.5682676660717,106.83750715229807
