UE ID,Internet usage
72079,1.114898874576567
304994,1.104361917710423
179917,1.0548436824712153
338633,1.08437914600768
21336,1.1821421793212608
264488,1.0823169712770577
814311,1.020845655813197
