UE ID,Internet usage,Data rate,optimal GU
796617,107.14175899192269,52.29538236510512,74.85331825478772
143288,115.280525037348,56.26787531584843,80.53937055345689
1049846,122.31666782649799,59.70218310579069,85.45508820115839
389244,116.85062382731927,57.0342330585725,81.63630143757685
942173,127.19638911675032,62.0839518307948,88.86424756320936
787307,114.14064829511072,55.7115069059469,79.74300919668329
1228482,111.79209888335365,54.5651911216369,78.10222302507863
