UE ID,Internet usage
98846,0.396099665489253
1183888,0.32538884596612233
1256115,0.3705547611022821
1248628,0.33136014454492135
920798,0.31008899428799913
743822,0.39202983059401697
602184,0.39723087928204637
