UE ID,Internet usage
98846,0.5318098801609965
1183888,0.46109906063875256
1256115,0.5062649757713656
1248628,0.4670703592157782
920798,0.44579920895929936
743822,0.5277400452657606
602184,0.5329410939515732
