UE ID,Internet usage,Data rate,optimal GU
98846,125.73795484821946,14.220363941167676,42.28521584620078
1183888,113.85853716831274,12.876858370225843,38.290210986066114
1256115,121.44641091116542,13.735010757810374,40.84198526470421
1248628,114.86171532960714,12.990313043229378,38.62757614469093
920798,111.28816208638091,12.586161188340697,37.42580321614188
743822,125.05422258577157,14.143037078152735,42.05527917883951
602184,125.92799876543761,14.241857003234013,42.349126922768924
