UE ID,Internet usage
1022498,0.5470742928887913
1132595,0.6582533439830729
564103,0.616721030112917
222514,0.5923168156763625
18335,0.5377691071549193
519329,0.5567484492052801
1107329,0.640617005258745
