UE ID,Internet usage,Data rate,optimal GU
1022498,107.14665697548828,35.077774605070566,61.3063315088498
1132595,125.82473755951997,41.192622415319036,71.99340875938518
564103,118.84730882939317,38.9083451524799,68.001118464165
222514,114.74740080423342,37.566113358528796,65.65526533499329
18335,105.58338577226604,34.56598938972995,60.41187128649395
519329,108.77191523684463,35.60985320253842,62.23625899861743
1107329,122.86183265410777,40.222623785570995,70.29811713304959
