UE ID,Internet usage,Data rate,optimal GU
1031149,113.08327493400306,60.580325857501634,82.76848219301446
1010998,111.71230606716163,59.84587825026516,81.76503573014392
764065,117.84484000379857,63.13116428774923,86.25359096723643
1216208,118.26195153160795,63.35461689193283,86.55888534504906
1061920,121.19616342462315,64.92651612033383,88.70650854537907
995995,112.81925065524527,60.438884279595676,82.57523620833953
624276,112.03719015425526,60.01992329692246,82.0028265333648
