UE ID,Internet usage,Data rate,optimal GU
789448,115.85904593599183,18.620203811141543,46.4469487554627
1072009,118.93176185973344,19.11403315602859,47.6787755661976
842405,115.58813092091347,18.57666389800395,46.338341130388855
925057,120.36779089221864,19.34482353624942,48.25446792016403
718894,109.98777623495765,17.67660689490391,44.09320450761093
1024310,119.39505969552462,19.188491736780744,47.864507898650935
1063269,125.19857357957046,20.12119932528811,50.19108939081007
