UE ID,Internet usage,Data rate,optimal GU
789448,115.85904593599183,104.82485108494498,110.20393476225857
1072009,118.93176185973344,107.60492739690167,113.12667059585117
842405,115.58813092091347,104.57973749987408,109.94624318188507
925057,120.36779089221864,108.90419175962637,114.49260666527245
718894,109.98777623495765,99.51274992686643,104.61924331346258
1024310,119.39505969552462,108.02410162928417,113.56735473974817
1063269,125.19857357957046,113.27489990532565,119.08759755119503
