UE ID,Internet usage,Data rate,optimal GU
789448,115.85904593599183,2.7585487127617103,17.877438911335428
1072009,118.93176185973344,2.831708615707939,18.351569271850625
842405,115.58813092091347,2.7520983552598444,17.835635816953808
925057,120.36779089221864,2.8658997831480626,18.57315336220591
718894,109.98777623495765,2.6187565770228014,16.971482327934925
1024310,119.39505969552462,2.84273951656011,18.42305767994339
1063269,125.19857357957046,2.9809184185612017,19.318559313803178
