UE ID,Internet usage
777131,0.5295561604238949
959633,0.5870140172636311
929446,0.5559396516787829
1153620,0.5573147283598143
272930,0.471948795839357
964335,0.6169593695615555
623775,0.6748950188972467
