UE ID,Internet usage
777131,0.9992322605177492
959633,1.0566901173574854
929446,1.0256157517726372
1153620,1.0269908284536686
272930,0.9416248959332114
964335,1.0866354696509763
623775,1.1445711189866674
