UE ID,Internet usage,Data rate,optimal GU
777131,109.04760957787613,27.910995308623058,55.16907937735285
959633,118.70052952672432,30.38168315267349,60.05265920952628
929446,113.48003610829608,29.045485432480543,57.411520931437444
1153620,113.71104899083093,29.104613729796014,57.52839436042036
272930,99.36957232751011,25.433878631446042,50.27279226616114
964335,123.73134871254604,31.669333301425475,62.597837999507
623775,133.46453780089203,34.160566222847365,67.52202738328498
