UE ID,Internet usage,Data rate,optimal GU
777131,109.04760957787613,15.57822993969659,41.21612228701791
959633,118.70052952672432,16.95721850381776,44.86458308848457
929446,113.48003610829608,16.211433729756582,42.8914220447402
1153620,113.71104899083093,16.244435570118704,42.97873670714583
272930,99.36957232751011,14.195653189644302,37.55816803791965
964335,123.73134871254604,17.675906958935148,46.76605401085838
623775,133.46453780089203,19.066362542984574,50.44485369533424
