UE ID,Internet usage
646203,0.42285119043986
441913,0.4849653257865454
356639,0.5013200609128787
235614,0.42233583485271153
1258380,0.36768042765489223
384104,0.41093934929083875
401892,0.3938183643851627
