UE ID,Internet usage,Data rate,optimal GU
646203,116.1370892049732,15.89972054591895,42.97147034225771
441913,126.57226394347836,17.328345658928587,46.832552145337296
356639,129.31985944475247,17.704504566841113,47.849180161449695
235614,116.0505094663349,15.887867367414898,42.93943528182521
1258380,106.86840105704586,14.63079300185747,39.54199608397538
384104,114.13589989191273,15.625748199488052,42.23101741887121
401892,111.25957442773304,15.23196554665393,41.16675848811281
