UE ID,Internet usage,Data rate,optimal GU
729360,119.81237829748737,18.542391879373046,47.133937565110145
281426,118.05273747158019,18.27006651345884,46.44169856606953
613314,120.90921503645735,18.712140422308877,47.56543083073389
754806,123.33145676550588,19.087011166090196,48.51833563111353
864824,110.46394946953228,17.095611227427614,43.45628533109259
147778,114.50797363689725,17.72147211047219,45.04719593085633
304237,119.66139225041458,18.519024991135588,47.07453997183091
