UE ID,Internet usage
295651,0.43668866887461416
1168961,0.3797178366682891
853967,0.4135409959702768
250678,0.47823099877842984
936841,0.3214388492319452
3752,0.4804737180987149
651440,0.505520181107684
