UE ID,Internet usage
488127,0.3928452046526219
552559,0.4133311058866191
1043793,0.37037467768767574
45646,0.4078120716954744
758688,0.36157160998613547
507259,0.39598148742601486
183651,0.41941345171007965
