UE ID,Internet usage
488127,0.7688542619813982
552559,0.7893401632122921
1043793,0.7463837350168954
45646,0.7838211290224774
758688,0.7375806673144685
507259,0.7719905447543479
183651,0.7954225090379693
