UE ID,Internet usage
835380,0.6705229318089581
623724,0.6981451527048707
507204,0.6597067743470201
617518,0.6730105017354665
968769,0.6085952522422835
1070045,0.7208987349449039
962550,0.6801970035399703
