UE ID,Internet usage
929899,0.7891011049976908
1265866,0.8214923528946074
551091,0.7932236545824952
1150255,0.7868848780002875
471877,0.8155854766009343
1029969,0.8048490590058114
439366,0.8486666762022422
