UE ID,Internet usage
348414,0.8056116764664885
578853,0.8041016417002455
785485,0.7573793731597404
617715,0.792007485083766
389076,0.7080229396915264
421321,0.8020399715785838
666766,0.7481250926406129
