UE ID,Internet usage,Data rate,optimal GU
202527,114.5501636480168,60.68431288496129,83.37504405899747
637967,109.48528844616393,58.001134950646374,79.68858757862634
1145442,118.25983851122713,62.649557306542945,86.07512143396394
1198591,130.35646382530095,69.05788857411777,94.87961927497204
75999,118.18980187268816,62.61245456350742,86.02414544547148
839049,113.44424534074203,60.09843949598834,82.5701042434769
929570,120.13754081584831,63.64429245601488,87.44180226087677
