UE ID,Internet usage,Data rate,optimal GU
568573,119.12389833578905,98.5608444563969,108.35567366277292
789840,121.91830080916428,100.87287983615377,110.89747565815408
146267,127.59048943438673,105.56594066297473,116.05692584585537
1020993,117.7860428398178,97.45392830199211,107.13875383766126
657148,115.51189685649268,95.57234323245525,105.07017966007619
893647,111.08237883952566,91.9074443969885,101.0410686635831
281960,115.40136251165966,95.4808892209565,104.96963708579362
