UE ID,Internet usage
591405,0.2885626725088528
866809,0.3610674212331512
104248,0.3090173079186884
1234209,0.26502805342750657
1195603,0.277536678512483
760488,0.2975095095109203
845999,0.3326485385930639
