UE ID,Internet usage
832125,0.7417762763001133
713965,0.7608867190471215
1279581,0.8828746418007981
735162,0.8185308251615292
719015,0.7649970946764112
669854,0.8383720461704363
891977,0.8269009081975037
