UE ID,Internet usage
832125,0.3502990139592093
713965,0.36940945670267067
1279581,0.4913973794585642
735162,0.4270535628206252
719015,0.3735198323346206
669854,0.4468947838282023
891977,0.4354236458565997
