UE ID,Internet usage,Data rate,optimal GU
832125,104.52843359086197,52.26421679543098,73.9127642189062
713965,107.73898797172718,53.86949398586359,76.18296899298417
1279581,128.23295899492166,64.11647949746083,90.67439487692559
735162,117.4231977995776,58.7115988997888,83.0307394326906
719015,108.42953107790184,54.21476553895092,76.6712567060619
669854,120.75652292854421,60.37826146427211,85.38775623528242
891977,118.82937174961913,59.414685874809564,84.02505456829284
