UE ID,Internet usage,Data rate,optimal GU
832125,104.52843359086197,59.730533480492554,79.01606863330029
713965,107.73898797172718,61.56513598384411,81.44301962256267
1279581,128.23295899492166,73.27597656852666,96.93500553785881
735162,117.4231977995776,67.09897017118719,88.76359415075119
719015,108.42953107790184,61.95973204451534,81.9650211449936
669854,120.75652292854421,69.00372738773954,91.28335110222775
891977,118.82937174961913,67.9024981426395,89.82656174272469
