UE ID,Internet usage,Data rate,optimal GU
841809,110.72950905551421,11.20477174966513,35.22355568251898
317014,111.73045889928194,11.306058340998767,35.54196233724084
377713,103.32127131890111,10.455128645364994,32.866961883352886
1273811,111.0419115880908,11.236383910699663,35.322932335548785
1247023,110.07591380043063,11.138634134567384,35.01564408733864
9833,114.96722196835383,11.633587937273898,36.571591251583946
1083912,116.19109461843152,11.757432193531761,36.960910655291514
