UE ID,Internet usage
297945,0.6743478622672217
1153171,0.6473448412104628
430595,0.7198267869910501
1140467,0.719336127895408
789806,0.7447700750971541
129862,0.6825312828236615
428060,0.6947049605923843
