UE ID,Internet usage,Data rate,optimal GU
297945,112.87528033626477,73.90643355350669,91.33569623102235
1153171,108.33877279856564,70.93610123715607,87.66487412383766
430595,120.51573969038716,78.90911527346778,97.51815418421329
1140467,120.43330896214589,78.85514277283362,97.45145341560995
789806,124.70621209168854,81.65287696479606,100.90897379652816
129862,114.25009498974141,74.80660981471163,92.44815994486491
428060,116.29527285488138,76.14571436926757,94.10306386778187
