UE ID,Internet usage
929548,1.004697108157995
87006,0.9745619128043538
864698,0.9985559816329157
829129,0.9702298146250924
917679,1.042775082231051
14006,1.0024126698832525
413843,1.0192075249147479
