UE ID,Internet usage
152237,0.6783421422750371
787059,0.7092317181867709
857581,0.6662220509285992
178518,0.65324798464185
1143503,0.6321034810331151
1189909,0.6764213999675468
423178,0.5386787823741451
