UE ID,Internet usage
788482,0.5363955072638663
250996,0.4955280592376437
913005,0.5358050772245185
348686,0.5458033398033126
33795,0.4652769994882489
1078944,0.5339663906587345
1124854,0.5066769495322367
