UE ID,Internet usage
788482,1.027643344516551
250996,0.9867758964903284
913005,1.0270529144816365
348686,1.0370511770604307
33795,0.9565248367453669
1078944,1.025214227911419
1124854,0.9979247867893548
