UE ID,Internet usage
505508,0.7839381630555072
882750,0.7657845397278814
228942,0.8166219046752357
1093066,0.755944554380399
756172,0.8713672544490081
581889,0.8050356457135354
1133196,0.9001050961781838
