UE ID,Internet usage,Data rate,optimal GU
505508,114.08211455926404,44.13891337114382,70.96097921906279
882750,111.03230583976273,42.9589278546701,69.06394729602438
228942,119.57298315128092,46.263356576388446,74.37639112265529
1093066,109.3791883019083,42.31932880728595,68.03568059792231
756172,128.77020191281312,49.821804311505076,80.09721468848447
581889,117.62649164553875,45.51024974380963,73.16564092028858
1133196,133.59815932365333,51.689764024032534,83.10028477378849
