UE ID,Internet usage,Data rate,optimal GU
1218415,118.90470998210452,51.6669275517478,78.38010612525973
10348,112.58936380811606,48.92275927376472,74.21712970986401
457018,115.82818597940283,50.33010462200242,76.35211011177162
140203,130.97700956279823,56.91262915526352,86.33797526646626
538011,116.68188624832156,50.70105771504449,76.91485584057483
54758,117.96467823787876,51.25846137717351,77.76045205197182
1236597,113.74198017395369,49.423598527967975,74.9769162068805
