UE ID,Internet usage
943308,1.050030743376034
753321,1.0117095896977182
650958,0.9900682969957625
878307,1.051092625019763
526503,1.0633742045826147
1005824,1.0625406567134685
128589,1.0956579691261503
