UE ID,Internet usage
943308,0.7913505260821647
753321,0.7530293724038486
650958,0.7313880797018931
878307,0.7924124077303268
526503,0.8046939872931786
1005824,0.8038604394195992
128589,0.8369777518367143
