UE ID,Internet usage,Data rate,optimal GU
943308,119.32269338023363,52.55880541748386,79.19253893683286
753321,112.8847395621608,49.7230400452375,74.91977326277441
650958,109.24900238840121,48.1215843853672,72.50679338827936
878307,119.50108949672224,52.637384659270516,79.31093754987947
526503,121.56439486338783,53.546221546968454,80.68031990255194
1005824,121.42435882107603,53.48453900452159,80.5873802494216
128589,126.98806730659892,55.93522012314477,84.27992345634478
