UE ID,Internet usage
265652,0.6980860560435344
6857,0.7464974895195087
761075,0.6924069036702071
507972,0.6455603243250332
915675,0.7700897323660972
962454,0.6930684675195166
625508,0.6477807022707959
