UE ID,Internet usage
718729,0.7567384270813018
758461,0.6709466433508616
866656,0.8149233778711809
773620,0.768777100102926
61598,0.7981352102750173
524820,0.7097756038030048
418404,0.7192645017171955
