UE ID,Internet usage,Data rate,optimal GU
718729,118.46244449611599,9.166736776485166,32.95320995889291
758461,104.04942482944676,8.051443587992905,28.943878012066712
866656,128.23751622927273,9.923141136788962,35.67238389250623
773620,120.48494156402589,9.323239525787717,33.5158167057279
61598,125.41710407305472,9.704894958033996,34.887817658458
524820,110.57269018558902,8.556220073884864,30.758482917552822
418404,112.1668250355118,8.679575746795557,31.20193029562897
