UE ID,Internet usage,Data rate,optimal GU
718729,118.46244449611599,65.5774246317785,88.13887919437308
758461,104.04942482944676,57.598788744872316,77.41524940072709
866656,128.23751622927273,70.98862505549026,95.41176529992089
773620,120.48494156402589,66.69702122294291,89.64366516681963
61598,125.41710407305472,69.42732546901243,93.31331150409879
524820,110.57269018558902,61.2098820670225,82.26871413905361
418404,112.1668250355118,62.092349573229754,83.45478842238052
