UE ID,Internet usage
747690,0.9978112927864234
425023,1.0069071076355842
741685,0.8777098410130761
155236,0.8788896104893131
1266753,0.9139472137470469
369341,0.9617357053089068
386538,0.9802268133162485
