UE ID,Internet usage
717122,0.41917139062682535
880847,0.44849668575932133
769897,0.47674111638338273
825184,0.5403685322302214
1142053,0.4624169554051482
762995,0.4101275371266961
331194,0.4393355384101157
