UE ID,Internet usage,Data rate,optimal GU
717122,111.21756202240515,106.58349693813827,108.87587740763433
880847,116.14421160435104,111.30486945416975,113.69879643373433
769897,120.88927594927003,115.85222278471711,118.34395349808953
825184,131.57868181203239,126.09623673653104,128.80829403128794
1142053,118.48281690485129,113.54603286714915,115.98816242388988
762995,109.69819463442678,105.127436524659,107.38850028425013
331194,114.60513885005825,109.82992473130582,112.19212884031906
