UE ID,Internet usage,Data rate,optimal GU
234542,118.63310030801667,43.781263208910914,72.06876570244843
664892,135.56758712806047,50.03089524964137,82.35634614800867
1053897,116.7960532086,43.10330535079286,70.95277263939539
1230720,119.10601471633224,43.95579114531309,72.35605784605521
1286239,120.85052085483234,44.59959698214051,73.41583293273523
1160225,116.38791399596147,42.95268254612864,70.70483096701848
201162,103.18188800993737,38.07903009890546,62.682263992235455
