UE ID,Internet usage
240269,0.2887194899222559
359083,0.3000443143172595
641449,0.33778100862684884
588699,0.22942424063551267
824664,0.2976321411349407
1082371,0.1954884447730243
768875,0.27032969734535345
