UE ID,Internet usage
417178,0.31798411505035035
876800,0.3117225182208887
181789,0.2875623247878724
1194305,0.38933604877569555
92989,0.3833647275970262
20953,0.28409906276317026
643965,0.3097560306667595
