UE ID,Internet usage,Data rate,optimal GU
417178,110.75710122445821,9.229758435371517,31.972821103301786
876800,109.70515295721775,9.142096079768146,31.66914979566937
181789,105.64624046044261,8.803853371703552,30.49744268435424
1194305,122.74422609041996,10.228685507534996,35.43320598738812
92989,121.74104413235433,10.145087011029528,35.14361230062044
20953,105.06441244031035,8.755367703359196,30.329483402331526
643965,109.37478304806325,9.11456525400527,31.573780217678117
