UE ID,Internet usage
976216,0.3977157695165141
822203,0.4712071195153192
1077259,0.46318561908037875
592167,0.5038586550607856
225854,0.4582895664573071
49387,0.4479127138492613
90497,0.4122724889931266
