UE ID,Internet usage,Data rate,optimal GU
1088122,119.45947545009277,93.86101642507289,105.889507446922
414444,110.61964233973082,86.91543326693136,98.05383287659227
297699,111.06792089778254,87.26765213397199,98.45118934858635
284388,109.91367577199213,86.3607452494224,97.42806039726246
464674,120.6810941666191,94.82085970234358,106.97235670348815
353374,113.6784996393048,89.31882114516806,100.76522007783299
1115662,113.26926451885451,88.99727926481427,100.402471914314
