UE ID,Internet usage
957286,0.9206667292569939
824375,0.8526019652506414
194966,0.8687936917411638
1012305,0.89993990326952
102132,0.8663850659333695
88840,0.9307330379898988
1204660,0.8265208114880653
