UE ID,Internet usage,Data rate,optimal GU
957286,124.35820589181851,19.98614023261369,49.854192822972585
824375,112.92332553875893,18.1483916044434,45.27004233655455
194966,115.64353558945702,18.585568219734164,46.3605524111729
1012305,120.87609912621947,19.426515930999557,48.4582445550041
102132,115.23888645352811,18.520535322888446,46.19833186526217
88840,126.04934575954246,20.257930568497894,50.53215703491585
1204660,108.54169170729872,17.44420045295872,43.513480987452226
