UE ID,Internet usage,Data rate,optimal GU
957286,124.35820589181851,64.39978519397744,89.49101489278983
824375,112.92332553875893,58.478150725428726,81.26221293610087
194966,115.64353558945702,59.886830930254526,83.21973842798765
1012305,120.87609912621947,62.596551333220795,86.9852110643751
102132,115.23888645352811,59.67728048486277,82.92854363637679
88840,126.04934575954246,65.27555405404877,90.70799789767436
1204660,108.54169170729872,56.20909034842255,78.1090888165147
