UE ID,Internet usage,Data rate,optimal GU
957286,124.35820589181851,102.89161082715937,113.1168251136176
824375,112.92332553875893,93.43060863028269,102.71560267866704
194966,115.64353558945702,95.6812586127055,105.1899188878024
1012305,120.87609912621947,100.01058201514587,109.9494839702928
102132,115.23888645352811,95.34645962524051,104.82184807805572
88840,126.04934575954246,104.2908277415262,114.65509411073072
1204660,108.54169170729872,89.80532825782454,98.73004736873955
