UE ID,Internet usage
1059391,0.6476081736346954
801486,0.6385749698118233
513434,0.709523887178317
180131,0.675876084874936
858708,0.6902363337309148
813096,0.6586205448144297
922491,0.6017159688521337
