UE ID,Internet usage,Data rate,optimal GU
1059391,114.85242595670012,46.48788669675957,73.07014824620957
801486,113.33484771445762,45.87362883680427,72.10465129468948
513434,125.2542658320246,50.69815521772424,79.68789249838446
180131,119.60143504466387,48.410104660935374,76.09151061787539
858708,122.01395685276482,49.38660158326195,77.62637872968705
813096,116.70250431467655,47.23672793689288,74.24718476727884
922491,107.14253555309145,43.367216771489396,68.16504650315972
