UE ID,Internet usage
525341,0.5441491449085476
874071,0.4731536949517738
366267,0.6183252917389833
1109879,0.4576414060166725
1293322,0.5280659316668604
597701,0.561878134318443
570457,0.48181179043594224
