UE ID,Internet usage,Data rate,optimal GU
453306,128.7215735418828,104.20317858152417,115.81535785499094
1203217,125.21012740619186,101.36057932882197,112.65598542344395
1060047,109.12908687281701,88.34259413513757,98.18730381237405
499931,113.2907822173591,91.71158560452879,101.93172848299668
388220,112.5891001274159,91.14355724600334,101.30040025952086
568244,124.92479273310572,101.12959411727606,112.39925971412721
723008,117.01556577260794,94.72688657782547,105.28304814537765
