UE ID,Internet usage
30958,0.8292210564973252
1022289,0.9227672226626638
163365,0.8746307897161149
41760,0.8782564119289095
391301,0.8529026587992341
339376,0.8744688437432651
1148937,0.8935777351609784
