UE ID,Internet usage,Data rate,optimal GU
30958,109.61117280285659,80.25103723066285,93.78918013021898
1022289,125.32692871856253,91.75721566894755,107.23642118028725
163365,117.24000798365978,85.83643441660804,100.31681940877121
41760,117.84911251529623,86.28238594869902,100.83800181358437
391301,113.5896819896251,83.16387431383266,97.19340531298101
339376,117.2128010605087,85.81651506215815,100.29353971062588
1148937,120.42309481865003,88.16690870651162,103.04043869778268
