UE ID,Internet usage,Data rate,optimal GU
30958,109.61117280285659,29.360135572193727,56.729171452781
1022289,125.32692871856253,33.56971304961496,64.86284787512565
163365,117.24000798365978,31.403573567051726,60.67746876490969
41760,117.84911251529623,31.566726566597204,60.99271030940095
391301,113.5896819896251,30.425807675792438,58.78824557826809
339376,117.2128010605087,31.396285998350542,60.663387844428016
1148937,120.42309481865003,32.2561861121384,62.32487271282682
