UE ID,Internet usage
850292,0.6896671100539282
922145,0.6706229175835476
205377,0.6873680244599241
710745,0.6727697209280368
243262,0.6594023545774248
226870,0.6555863393858296
812817,0.7294875662644927
