UE ID,Internet usage
850292,0.35949245151505654
922145,0.34044825904822273
205377,0.35719336592459916
710745,0.34259506239182524
243262,0.3292276960416565
226870,0.3254116808505046
812817,0.399312907726951
