UE ID,Internet usage,Data rate,optimal GU
850292,116.89372129479865,31.310818203963926,60.49824837667837
922145,113.69429696038297,30.453829542959724,58.8423889695018
205377,116.50747491556542,31.207359352383595,60.298346883881216
710745,114.05495992209623,30.55043569341863,59.02904978580835
243262,111.80924237529977,29.94890420766958,57.86678053451707
226870,111.16815182317296,29.777183524064185,57.5349846516852
812817,123.5835579384381,33.10273873351021,63.9605677757299
