UE ID,Internet usage,Data rate,optimal GU
850292,116.89372129479865,36.181389924580536,65.03366289778205
922145,113.69429696038297,35.19109191630901,63.25366751970173
205377,116.50747491556542,36.06183747386549,64.81877524988867
710745,114.05495992209623,35.30272569017264,63.45432186804456
243262,111.80924237529977,34.60762263997374,62.204919964466924
226870,111.16815182317296,34.409189850029726,61.84825010750495
812817,123.5835579384381,38.252053647611795,68.75554441806038
