UE ID,Internet usage,Data rate,optimal GU
850292,116.89372129479865,84.19131117065855,99.20401031927403
922145,113.69429696038297,81.8869638821806,96.48875990914587
205377,116.50747491556542,83.913121814187,98.87621521302874
710745,114.05495992209623,82.14672708674787,96.7948431767437
243262,111.80924237529977,80.52927575840043,94.88897360377732
226870,111.16815182317296,80.06753792026147,94.34490029475512
812817,123.5835579384381,89.00958637232745,104.88146344574403
