UE ID,Internet usage,Data rate,optimal GU
850292,116.89372129479865,25.74445052325923,54.85767607503619
922145,113.69429696038297,25.03981540198911,53.356201215481235
205377,116.50747491556542,25.659384356404292,54.67641245777401
710745,114.05495992209623,25.119247125699765,53.5254586546899
243262,111.80924237529977,24.624654570750547,52.47155392504668
226870,111.16815182317296,24.483462008674998,52.17069313069618
812817,123.5835579384381,27.21780740310839,57.99718508823765
