UE ID,Internet usage,Data rate,optimal GU
850292,116.89372129479865,27.831838403523488,57.038295569409755
922145,113.69429696038297,27.070070704853087,55.477136348734966
205377,116.50747491556542,27.739874979896527,56.849826634574846
710745,114.05495992209623,27.15594283859434,55.653121854057865
243262,111.80924237529977,26.621248184595185,54.55732389518764
226870,111.16815182317296,26.468607576945942,54.24450373689405
812817,123.5835579384381,29.424656652009073,60.302601603680515
