UE ID,Internet usage,Data rate,optimal GU
844276,102.63577364487402,50.706959598360385,72.14116735648993
397710,110.1175388416436,54.403307880097735,77.3999894612432
193955,121.1401542202884,59.84900476359486,85.14762279120103
351421,133.7942783389521,66.10074465555373,94.04201948521286
532913,123.96283432561901,61.24354314896654,87.13164289102575
1126388,114.16433745967258,56.40261910210015,80.24442435946273
42602,123.72996349513308,61.12849386961932,86.96796142833557
