UE ID,Internet usage,Data rate,optimal GU
1181243,126.13484099355306,67.57223624654628,92.32125039522005
102464,111.36147703592687,59.65793412638939,81.50825517226308
926942,105.90259186459164,56.733531356031236,77.5127603445703
261249,115.94763205265454,62.11480288535065,84.86497693379644
1161770,121.98263206769145,65.34783860769186,89.28214464998563
381995,128.79570756417013,68.99770048080542,94.26880530549867
880412,115.83021363817836,62.05190016330984,84.77903545435683
