UE ID,Internet usage
39093,0.7082705862868818
611828,0.6911430742167094
235444,0.6312417042031414
360586,0.676455312328469
504930,0.6517156105138632
486446,0.7176900922339072
660532,0.7955574323074281
