UE ID,Internet usage
77783,0.7628520378298236
256355,0.8346765173176219
354467,0.8978767531347738
744926,0.7940570301418172
282584,0.7742098595805058
405455,0.7990031218818108
228754,0.815319918021203
