UE ID,Internet usage
77783,0.31564273492828937
256355,0.3874672144160878
354467,0.45066745022880605
744926,0.34684772723629287
282584,0.3270005566767548
405455,0.3517938189771731
228754,0.36811061511878196
