UE ID,Internet usage
236074,0.4207859774076979
280005,0.4654785854101466
518814,0.43066041050550474
847466,0.38938501117389923
47181,0.39049084318253274
786079,0.38359019409419737
256230,0.3534980832120193
