UE ID,Internet usage
236074,0.782739659237326
280005,0.8274322672406612
518814,0.7926140923360194
847466,0.7513386930030838
47181,0.7524445250103873
786079,0.745543875924712
256230,0.7154517650407607
