UE ID,Internet usage
236074,1.008529937092702
280005,1.0532225450960373
518814,1.0184043701913954
847466,0.97712897085846
47181,0.9782348028701967
786079,0.971334153780088
256230,0.9412420428961367
