UE ID,Internet usage,Data rate,optimal GU
1131592,127.77033644280387,66.92731908908773,92.47338037093502
199746,110.25358540763726,57.75187807066713,79.79568673378124
424417,112.55829180284857,58.959105230063535,81.46371076080653
759744,123.01629820317571,64.43710858261585,89.03266010150142
152781,125.71775629043749,65.85215805689583,90.98783192161576
19613,105.82404280512678,55.43164146935212,76.58981916424115
370686,123.38362596482804,64.62951836252897,89.29851241722484
