UE ID,Internet usage
463968,0.36317038926299344
1006756,0.32993641899322224
1269763,0.34004660715875706
1291925,0.4413670576052897
534059,0.4137282999383693
754598,0.42780106942751095
1216087,0.3894054663778596
