UE ID,Internet usage
463968,0.6517193580818479
1006756,0.6184853878129635
1269763,0.6285955759789416
1291925,0.7299160264259176
534059,0.7022772687612139
754598,0.7163500382494687
1216087,0.6779544352002608
