UE ID,Internet usage,Data rate,optimal GU
463968,111.1359589696295,109.15138827374327,110.13920377716933
1006756,105.55265196433625,103.66778317925883,104.60597228569017
1269763,107.2511635761063,105.33596422653298,106.28925030174392
1291925,124.2729992511397,122.0538385502265,123.1584206895778
534059,119.62968796312501,117.49344353521208,118.55675429021524
754598,121.99391323733266,119.81545050095174,120.89977532197913
1216087,115.54345192493237,113.48017599770145,114.50716684916836
