UE ID,Internet usage
955698,0.930712149012604
1272848,0.8603140400509235
818652,0.8921643683296101
93345,0.9239293467812117
77896,0.8709757875478038
563360,0.8510217932437719
1226784,0.8876575399155373
