UE ID,Internet usage
955698,0.3483798534231845
1272848,0.2779817444610606
818652,0.30983207274107716
93345,0.3415970511913488
77896,0.28864349195705424
563360,0.26868949765479566
1226784,0.30532524432922126
