UE ID,Internet usage
955698,0.35630592268669903
1272848,0.28590781372413177
818652,0.3177581420041483
93345,0.3495231204548633
77896,0.2965695612205687
563360,0.2766155669178668
1226784,0.3132513135922924
