UE ID,Internet usage,Data rate,optimal GU
206931,115.2476819979578,39.78789021358067,67.71604033539175
99665,117.92919210034414,40.71364965369024,69.2916142914577
587763,122.1150777235737,42.15877683313854,71.75111364786969
928168,116.66487304753689,40.27715855212583,68.54873878635023
1231677,114.80129019441328,39.63377875759506,67.4537540589984
86903,112.63949693507374,38.88744537044212,66.18354994722452
58555,117.08790816559753,40.42320639050391,68.7973013831961
