UE ID,Internet usage,Data rate,optimal GU
918115,127.30847521293875,50.014043833654505,79.79480972905216
1140574,103.53149408268509,40.67308696105486,64.89179811064713
735841,126.45142837354032,49.6773468610337,79.257627193763
843151,114.69596037143432,45.05912728877777,71.88949768836245
866972,119.1155531235845,46.79539586997963,74.65962404599775
48273,112.6117384598914,44.240325823528764,70.58314247056163
145197,109.67589505191435,43.08695877039492,68.74300523113602
