UE ID,Internet usage,Data rate,optimal GU
918115,127.30847521293875,28.795964631498048,60.54725715936049
1140574,103.53149408268509,23.417837947274005,49.23904701420892
735841,126.45142837354032,28.602108798776975,60.13965008295903
843151,114.69596037143432,25.943133893538715,54.548809858365665
866972,119.1155531235845,26.94280368271554,56.650745479356324
48273,112.6117384598914,25.471702746880194,53.557564618453014
145197,109.67589505191435,24.807642928409198,52.16129256739687
