UE ID,Internet usage
713594,1.0484213513719267
873248,1.063409472062368
672421,1.010737373850693
38875,1.0826073024818745
1030406,1.0395903652928518
1100680,0.9932234161904614
751066,1.0151034296739658
