UE ID,Internet usage
713594,0.3918797555164821
873248,0.4068678762064801
672421,0.3541957779974652
38875,0.42606570662509974
1030406,0.3830487694356338
1100680,0.33668182033634675
751066,0.3585618338176345
