UE ID,Internet usage,Data rate,optimal GU
713594,123.82705541949134,67.81005415829289,91.63361465236238
873248,126.34505969538752,69.18896126175983,93.49697022299118
672421,117.49614719622078,64.34312822650186,86.94866108898037
38875,129.57029520569563,70.9551616602619,95.88368600908076
1030406,122.34344975786402,66.9976034388303,90.53572736890024
1100680,114.55380230919896,62.73184412170419,84.77128800489696
751066,118.22964457406282,64.74480536198678,87.49145858862208
