UE ID,Internet usage,Data rate,optimal GU
1033930,129.7622806603437,112.7696010500606,120.96793220276584
980932,123.33851989311682,107.18704704997057,114.97952745970582
544155,117.04132910090107,101.71448838530688,109.10911469457756
1235985,111.48804436613922,96.88841950866862,103.93219141703669
373996,114.0247237507531,99.09291468815448,106.29695302770328
932565,116.83196349705773,101.53253970577636,108.91393837644853
1096035,110.70575972203636,96.20857690129351,103.20292436570611
