UE ID,Internet usage,Data rate,optimal GU
1033930,129.7622806603437,59.47437863599086,87.84947929648186
980932,123.33851989311682,56.53015495101188,83.50057269855313
544155,117.04132910090107,53.64394250457966,79.23735437877973
1235985,111.48804436613922,51.09868700114715,75.47776284068941
373996,114.0247237507531,52.261331719095175,77.19510290242702
932565,116.83196349705773,53.547983269484796,79.09561319492697
1096035,110.70575972203636,50.740139872600004,74.94815363301869
