UE ID,Internet usage
718708,0.3295871248620322
41547,0.3759002590044075
648784,0.3844994197029779
298499,0.39128404329123884
262366,0.43973211049238553
1040739,0.36428558572933784
784576,0.34508803399013716
