UE ID,Internet usage,Data rate,optimal GU
718708,107.92101644313102,1.2847740052753693,11.775148260171948
41547,115.70162297909401,1.377400273560643,12.624082031689055
648784,117.14628197642989,1.3945985949574986,12.781707250943596
298499,118.28609873926352,1.4081678421340895,12.906071455564181
262366,126.4253740290943,1.505063976536837,13.794139196462591
1040739,113.7503578688761,1.3541709270104296,12.411181553867628
784576,110.52516917668142,1.3157758235319217,12.059284617855777
