UE ID,Internet usage,Data rate,optimal GU
718708,107.92101644313102,91.86134137718891,99.56791317114
41547,115.70162297909401,98.48411955958598,106.74629956448717
648784,117.14628197642989,99.71379953946116,108.07914173322678
298499,118.28609873926352,100.6840007125874,109.13073650330227
262366,126.4253740290943,107.61207432238385,116.64003063380116
1040739,113.7503578688761,96.82322128124572,104.9460626739235
784576,110.52516917668142,94.0779713825324,101.9705040825698
