UE ID,Internet usage,Data rate,optimal GU
782717,112.33560032842384,34.770542958797854,62.49775849597974
766478,112.64694452441306,34.866911400413564,62.67097441607248
218148,118.78838214148224,36.767832567601644,66.08775488359625
584622,111.88063090770845,34.62971909048119,62.24463687740295
1222501,109.9604500703724,34.03537740273431,61.176346879489685
1052549,119.86834355923786,37.1021063397641,66.68858994990238
1093126,115.93282854138803,35.88397073900106,64.49907152098234
