UE ID,Internet usage,Data rate,optimal GU
782717,112.33560032842384,32.095885808121096,60.045904109504605
766478,112.64694452441306,32.18484129268945,60.212324582469215
218148,118.78838214148224,33.939537754709214,63.4950610718004
584622,111.88063090770845,31.96589454505956,59.802712724679466
1222501,109.9604500703724,31.41727144867783,58.77633289411372
1052549,119.86834355923786,34.248098159782245,64.07232473125413
1093126,115.93282854138803,33.12366529753944,61.968703468783055
