UE ID,Internet usage,Data rate,optimal GU
431268,124.82932244070753,18.57579202986719,48.153956565248265
1110110,107.35326964151528,15.9751889347493,41.41242283767388
1160261,114.6273988509253,17.05764863853055,44.21847910034655
210731,117.84550575258254,17.53653359413431,45.45989078900115
9058,113.71457103934902,16.921811166569796,43.86634812718459
335672,118.46864918853137,17.629263272102882,45.70027358818563
438144,120.8029203785364,17.976625056329823,46.60073824903007
