UE ID,Internet usage
1214761,0.8749628008567412
500285,0.9412374292613632
411491,0.8343057979361518
1122169,0.9034977291743451
1121744,0.8614768054301507
205831,0.8914794902774789
466721,0.8951113429804878
