UE ID,Internet usage
1214761,0.9682399986221898
500285,1.034514627026812
411491,0.9275829957016004
1122169,0.9967749269397937
1121744,0.9547540031955993
205831,0.9847566880429275
466721,0.9883885407459364
