UE ID,Internet usage,Data rate,optimal GU
1214761,117.27950613599772,92.14818339256963,103.95717117933671
500285,128.41364370855283,100.89643434243436,113.82652929397769
411491,110.4491296457471,86.78145900737273,97.90268952767538
1122169,122.07337409364573,95.91479393072164,108.20648095479274
1121744,115.01385890427161,90.36803199621342,101.94888955486074
205831,120.05430995925897,94.32838639656062,106.41677188493098
466721,120.66446121306699,94.80779095312406,106.95761316596308
