UE ID,Internet usage
739693,0.7218919379786413
806936,0.666902462983724
397130,0.5848285574519339
198500,0.6856169098289988
1091813,0.7037042785573994
66642,0.7457341065290131
1144110,0.7252237023543564
