UE ID,Internet usage,Data rate,optimal GU
739693,121.83359887932093,42.06159961309889,71.58572522147757
806936,112.59536707972431,38.87221006323816,66.15762058350084
397130,98.80695095060527,34.11192354247087,58.0559657252527
198500,115.73939415012197,39.95764798039925,68.00495547322456
1091813,118.77807209667903,41.006715366710615,69.79039041497869
66642,125.83908319590435,43.44444538906222,73.93922624503264
1144110,122.39333529415512,42.25484194679165,71.91460935161368
