UE ID,Internet usage
891020,0.5768394402734226
1214107,0.5634374542120167
1247271,0.5170843093405849
267857,0.5463619712541327
1004119,0.6011794497402313
510678,0.6000339303151081
1223311,0.6197737992361749
