UE ID,Internet usage
84663,0.8247241238258929
325159,0.8315357144642115
1240918,0.8523642727818114
280543,0.831588952928473
445104,0.7878046724293662
1285262,0.8241191448318713
493800,0.7731550580679092
