UE ID,Internet usage
22563,0.9669741603223668
1057322,0.9658631683615878
184598,1.0039711079358815
1256439,0.9899667504885657
1072380,1.0027178501906204
710641,0.9269520017812428
994144,0.9687393984047585
