UE ID,Internet usage
410883,0.4472659699260774
748894,0.41293568134096
1162259,0.46673129158752025
223650,0.3792529035973964
639525,0.39210483368212484
808970,0.377938546989747
511644,0.32737913176267586
