UE ID,Internet usage,Data rate,optimal GU
1112129,117.15868786392458,39.05289595464153,67.6415999761402
5584,109.02926477077814,36.343088256926045,62.94807536495574
101841,119.39426606341772,39.79808868780591,68.93231165141202
514742,116.1798456087817,38.726615202927235,67.07646513663929
11313,122.50017634500072,40.833392115000244,70.72550978856279
315435,120.65634849148759,40.21878283049586,69.66097528099766
242611,107.47140319701457,35.823801065671525,62.04864356598317
