UE ID,Internet usage,Data rate,optimal GU
283335,122.29650938420434,27.662305694046218,58.163591944623334
831471,136.21230418518536,30.809925946649066,64.781872502792
206269,111.8613664581977,25.301975746497096,53.200691547153234
327922,115.81801149302493,26.19693117104135,55.08245161074124
253728,98.14462936420743,22.19938045142787,46.67708181238862
718055,120.92160068190849,27.351314439955488,57.509692425134865
826711,105.06416952054828,23.764514534409727,49.967979583096586
