UE ID,Internet usage,Data rate,optimal GU
283335,122.29650938420434,81.53100625613622,99.85468177159841
831471,136.21230418518536,90.80820279012357,111.21688064749124
206269,111.8613664581977,74.57424430546513,91.33442325102183
327922,115.81801149302493,77.21200766201662,94.56501039390292
253728,98.14462936420743,65.42975290947162,80.13475431229426
718055,120.92160068190849,80.61440045460566,98.73207351708606
826711,105.06416952054828,70.04277968036551,85.78453519153867
