UE ID,Internet usage
888299,0.9991333733479653
424096,1.0572668468993502
46855,1.0220184494237894
1048791,1.0334630746401454
462886,1.0297759298533053
885688,1.0414634753412322
762972,0.9284548509804399
