UE ID,Internet usage,Data rate,optimal GU
888299,110.77193521545064,26.374270289393007,54.05116982870423
424096,120.53835877220796,28.699609231478085,58.8166965594471
46855,114.61662799665187,27.289673332536157,55.92718781152372
1048791,116.53932503270532,27.747458341120314,56.86536790039497
462886,115.91988470856504,27.59997254965834,56.563111971637085
885688,117.88339235068304,28.067474369210245,57.521205597226064
762972,98.89794345771168,23.547129394693254,48.257255117420364
