UE ID,Internet usage
527142,0.4128418552879034
810482,0.40158354706248117
67075,0.36777079607188073
838607,0.3783165665008435
480378,0.4306419958478054
311565,0.36452180072765744
692046,0.35615003573304516
