UE ID,Internet usage,Data rate,optimal GU
527142,126.48086300981397,70.76905430311021,94.60936033313918
810482,124.58946722794349,69.71077332992077,93.1945712433013
67075,118.9089250614885,66.53237473678524,88.94545048364907
838607,120.68061449352456,67.52367715709113,90.270697638714
480378,129.47128662377685,72.44226751568466,96.84623679420656
311565,118.36309384362346,66.22696917440837,88.53716150503841
692046,116.95663732452154,65.44002326491086,87.48511340509556
