UE ID,Internet usage
67298,0.8856357632688147
1005963,0.9676148849463716
572926,0.9409749575616321
899579,0.9002405494069755
586471,0.9565269850143069
552696,0.8895839452780963
585512,1.0140059867424165
