UE ID,Internet usage,Data rate,optimal GU
67298,107.98252487398119,52.06300306424093,74.97929396439096
1005963,121.75501731581915,58.70331192012709,84.54243170935531
572926,117.2795095154139,56.545477802074565,81.43479540062731
899579,110.4361289455491,53.24599074160403,76.68299093914698
586471,119.89225012738706,57.80519202570448,83.2489912311699
552696,108.64581945159857,52.382805807020745,75.4398625534122
585512,129.54872241772316,62.46099116568795,89.95410833563727
