UE ID,Internet usage
910832,0.7433742122235487
214178,0.7401487197433604
177561,0.75961060967905
1061090,0.8058144024103272
371026,0.7374617797028192
1009630,0.8452859598052178
447826,0.7683634655512884
