UE ID,Internet usage,Data rate,optimal GU
910832,113.74317651105142,59.57975912483646,82.32126735310992
214178,113.20129377438022,59.29591578658011,81.92908142154143
177561,116.47089128367847,61.00856210097443,84.29544236692836
1061090,124.23312846242756,65.07449586127157,89.91333718620982
371026,112.74988784757154,59.05946506301366,81.6023777974169
1009630,130.86435010476345,68.54799291201894,94.7126630573615
447826,117.94137107073594,61.77881341800454,85.35969750205675
