UE ID,Internet usage
270648,0.621711821422402
643444,0.7435403096014015
1220434,0.745736251464011
34642,0.7471902063474682
973989,0.8515385758316678
1037533,0.8297498640552051
902097,0.7763809383183531
