UE ID,Internet usage
482517,0.8328101286691071
628471,0.8310968548112719
674805,0.7379539509583716
500946,0.7754983826154042
230542,0.8115517080945905
75198,0.7331090111278317
1235719,0.694184826754419
