UE ID,Internet usage,Data rate,optimal GU
482517,124.73538425167959,71.2773624295312,94.29108754857907
628471,124.44755424327379,71.11288813901359,94.0735085136924
674805,108.79954639627152,62.17116936929801,82.24472643461947
500946,115.10701091422791,65.77543480813024,87.01272143972704
230542,121.16396959487211,69.23655405421263,91.59135183126374
75198,107.98559650427363,61.70605514529922,81.62943815064966
1235719,101.44633352976943,57.969333445582535,76.6862199825952
