UE ID,Internet usage,Data rate,optimal GU
573085,123.92184777872487,14.01497087973674,41.674465659225895
1141158,119.54719103086833,13.520218033252965,40.20328454243861
877937,118.48325424181128,13.399891848776274,39.84548647878871
647268,117.38344453282704,13.275508607879248,39.475624482939615
1095003,113.54347903393584,12.841226795504648,38.1842580839984
1292383,119.19028562148364,13.479853731001125,40.08325855433719
1256013,105.55861260745577,11.938176425843212,35.49897661306653
