UE ID,Internet usage,Data rate,optimal GU
541471,128.4146757542141,67.26483015696928,92.93971892721375
898346,116.32193200055727,60.93053580981571,84.18763355283781
1106709,114.16299364879573,59.79966333984538,82.62510869019714
1272956,115.32072211780914,60.40609253790002,83.46301103953675
459267,112.0530289054395,58.69444371237307,81.0980283230809
106897,121.09729985885788,63.43191897368746,87.64379106690564
562763,115.33577028965426,60.41397491362842,83.47390210672545
