UE ID,Internet usage,Data rate,optimal GU
541471,128.4146757542141,76.43730699655602,99.07407326585529
898346,116.32193200055727,69.23924523842695,89.74431890874324
1106709,114.16299364879573,67.95416288618794,88.07866180855103
1272956,115.32072211780914,68.6432869748864,88.97186871412728
459267,112.0530289054395,66.69823149133305,86.45078866754217
106897,121.09729985885788,72.08172610646302,93.42859519792866
562763,115.33577028965426,68.6522442200323,88.98347863075982
