UE ID,Internet usage,Data rate,optimal GU
541471,128.4146757542141,5.350611489758921,26.212535923564594
898346,116.32193200055727,4.8467471666898865,23.744114941340612
1106709,114.16299364879573,4.756791402033156,23.303423495678857
1272956,115.32072211780914,4.805030088242048,23.53974382982689
459267,112.0530289054395,4.668876204393313,22.872728745971756
106897,121.09729985885788,5.045720827452412,24.718882823584263
562763,115.33577028965426,4.805657095402261,23.54281552504208
