UE ID,Internet usage
678292,0.640196475800391
36318,0.6776686769534657
961429,0.662924162262612
587458,0.6624855660398538
1008793,0.7073593560009767
1213466,0.699848280003002
682473,0.6266964584346597
