UE ID,Internet usage
1211421,0.9536529395676299
604555,1.003707894828643
932584,0.963017137399529
1206636,0.8850089602819526
272539,1.0081569955591234
226995,0.9422860644842953
259249,0.9009247262229398
