UE ID,Internet usage,Data rate,optimal GU
1211421,118.99889445606084,69.4160217660355,90.88690691015995
604555,127.40812694019212,74.32140738177874,97.30956430932879
932584,120.57207969210279,70.33371315372663,92.08844698121814
1206636,107.46670593657119,62.688911796333194,82.07905244031626
272539,128.1555758629859,74.75741925340844,97.88043785379809
226995,117.08925944246805,68.30206800810636,89.42839907690545
259249,110.14055461403943,64.24865685818968,84.12123810054224
