UE ID,Internet usage,Data rate,optimal GU
1090237,113.10033394545052,92.23062946742095,102.13380925415647
127334,112.14096491281919,91.44828686342993,101.26746332603241
1198923,113.98745210412262,92.95405320395713,102.93490995512713
635864,101.99446946690048,83.17406141050813,92.10480045563412
530371,114.50463175412034,93.37580089472908,103.40194241984535
1107460,122.81608540438748,100.15359345476836,110.90749427922863
649477,94.36838203855744,76.95516868620457,85.21815979250775
