UE ID,Internet usage
475381,0.44028886373021325
815236,0.4857178885083587
147150,0.3287163021710714
49688,0.38958499061060003
670944,0.3975385645555616
1082700,0.40010200558457404
411390,0.3367231448056703
