UE ID,Internet usage
762813,0.5770256737296034
24920,0.5116664123811258
984649,0.5628984090051099
444698,0.5736184424169203
560724,0.5722939568950758
31714,0.6513689971552935
804138,0.5903282155558807
