UE ID,Internet usage,Data rate,optimal GU
762813,114.95473165254737,36.265480818958395,64.566931286797
24920,103.97437574604967,32.80143996750376,58.39956544523878
984649,112.58135117883641,35.51673578856148,63.23386833444549
444698,114.38231679230833,36.08489755947822,64.24542150275171
560724,114.15980322425666,36.01469982670002,64.12044171242697
31714,127.4444099884707,40.20567696064849,71.58204229020639
804138,117.18955867947984,36.97051553578828,65.82217255448107
