UE ID,Internet usage
511461,0.8741567586692248
1230290,0.8474443516038344
1154848,0.8241276022667355
25906,0.8206430840483238
410601,0.8711962153490074
862299,0.8088901210732063
129085,0.8217413716376117
