UE ID,Internet usage
511461,0.4961595501636234
1230290,0.469447143098233
1154848,0.4461303937611341
25906,0.4426458755453824
410601,0.49319900684340595
862299,0.4308929125671617
129085,0.4437441631320104
