UE ID,Internet usage
1086291,0.28811400935927906
181676,0.2865399123177789
948919,0.3167044289681788
303230,0.25131614095518523
907724,0.28361545051820547
1261446,0.29043853588299184
983745,0.30747988278796623
