UE ID,Internet usage
1086291,0.38535763518291494
181676,0.3837835381418581
948919,0.4139480547918147
303230,0.3485597667788211
907724,0.38085907634184135
1261446,0.38768216170662767
983745,0.40472350861160217
