UE ID,Internet usage
1086291,1.0051000354314348
181676,1.0035259383899349
948919,1.0336904550403345
303230,0.9683021670277844
907724,1.0006014765899178
1261446,1.0074245619551476
983745,1.0244659088587922
