UE ID,Internet usage,Data rate,optimal GU
1086291,114.61965978925979,86.6470047216428,99.65666160851006
181676,114.35521148629613,86.44709439737862,99.42673565087027
948919,119.42285028354654,90.27798801196673,103.83282066019834
303230,108.43761789733475,81.97367543429472,94.28165301045685
907724,113.8639019039581,86.07568774882546,98.99956396948417
1261446,115.01018024519031,86.94221959011409,99.99620165774266
983745,117.87312652523893,89.10647064705562,102.48540524776138
