UE ID,Internet usage,Data rate,optimal GU
1249510,100.13687476487051,4.172369781869604,20.440353967576165
661852,110.36199242810062,4.598416351170859,22.527547370478935
80274,109.12757310391295,4.54698221266304,22.27557258107135
203218,120.71753253880881,5.029897189117034,24.641363143992226
825893,103.844511256598,4.326854635691583,21.197172097280756
70326,114.80588278188876,4.783578449245365,23.434652690450363
449846,115.80218993532382,4.825091247305159,23.638023036533756
