UE ID,Internet usage
305831,0.5986717737231384
397358,0.6883064561830892
670187,0.7354955326921581
1072845,0.7815236286247661
268431,0.6462734255257607
156021,0.6759495655716559
126025,0.7520993782315989
