UE ID,Internet usage,Data rate,optimal GU
1214205,111.05171783295539,9.25430981941295,32.057869592413574
434112,111.01548357448321,9.2512902978736,32.04740966297218
661096,120.09605698210261,10.00800474850855,34.668745413614786
952053,126.59805071601534,10.549837559667944,36.54570932988667
715868,129.79234916545562,10.816029097121302,37.46782386471485
560241,117.99426319292334,9.832855266076946,34.06200980863292
704231,109.2799649285036,9.106663744041967,31.54640858425221
