UE ID,Internet usage
1238858,0.7920848542961862
71117,0.8423655827136313
35291,0.7113718679052915
478504,0.7680446788637962
249127,0.7079110447881353
1132042,0.8117581174945331
1128782,0.7156652917284408
