UE ID,Internet usage,Data rate,optimal GU
1238858,120.05908694298552,72.89301707252693,93.54928687193204
71117,128.50624931726875,78.02165137119889,100.13126276669195
35291,106.49930522993937,64.66029246103462,82.98359008300902
478504,116.02033747035372,70.44091917842906,90.40231863621226
249127,105.91788694632362,64.30728850312506,82.53055260628403
1132042,123.36419516070313,74.89968991899833,96.12460644727477
1128782,107.2206004319983,65.09822169085612,83.54561877650396
