UE ID,Internet usage
1023524,0.6889885758637712
705290,0.6883318304782933
187141,0.712414552458594
11148,0.7252002156643734
1051528,0.7276174222052493
48513,0.7461910967390305
74284,0.7363374948056597
