UE ID,Internet usage
870487,0.6660584831215627
4959,0.6340661099586485
1149176,0.7036449961662361
81428,0.6786000143806787
1298645,0.7493601138387029
479186,0.6363789094169374
1273735,0.6354699043200425
