UE ID,Internet usage
870487,0.33432047188643876
4959,0.30232809872485467
1149176,0.3719069849324422
81428,0.3468620031455549
1298645,0.41762210260269234
479186,0.30464089818137013
1273735,0.3037318930849186
