UE ID,Internet usage
122848,0.9451740455999318
19773,0.9963058582172168
163079,0.9271711951904411
1095327,1.0740401633447163
1259173,1.0682098411102245
746574,1.0174685251106352
499641,1.0260343675882158
