UE ID,Internet usage
122848,0.592820676561427
19773,0.6439524891787122
163079,0.5748178261519363
1095327,0.7216867943062114
1259173,0.7158564720717198
746574,0.6651151560676971
499641,0.6736809985497108
