UE ID,Internet usage
347521,0.6282482453396093
82627,0.6645164267695234
906168,0.6620255784519906
882161,0.645411179563161
761770,0.6925028200272783
1145295,0.7405507359861296
1283065,0.7055733070096197
