UE ID,Internet usage,Data rate,optimal GU
115694,109.30722454354652,18.217870757257753,44.62448755525248
929596,126.14301156711308,21.023835261185514,51.497668826237216
204193,120.53066947072315,20.088444911787192,49.20643975988765
352619,125.44485232374417,20.907475387290695,51.21264650866031
1273354,121.51499937572065,20.25249989595344,49.60829076085533
513541,120.12048379844752,20.02008063307459,49.03898216040836
118369,108.1459686777,18.02432811295,44.150406833229496
