UE ID,Internet usage
748773,0.8251679748997695
1031587,0.9026015952790415
1170170,0.7213078751831956
116617,0.8852904618208338
1051069,0.81784972512177
1107591,0.836610797863365
1016805,0.8656260140305007
