UE ID,Internet usage,Data rate,optimal GU
748773,121.0087229486518,119.56814291354881,120.28627635482957
1031587,134.01757117237574,132.42212389651414,133.2174591189092
1170170,103.56022619638364,102.32736636071242,102.9419506634472
116617,131.10930075178214,129.54847574283235,130.326551661977
1051069,119.77925698593907,118.35331345039218,119.06415055301879
1107591,122.93111720653675,121.46765152550657,122.19719352949483
1016805,127.80567352290555,126.28417740953763,127.04264775701131
