UE ID,Internet usage
142030,0.5453441314268436
341380,0.5143733238467108
382637,0.593885289461726
21134,0.58561327137097
906905,0.5879457151422831
671382,0.6001462523221763
554062,0.5937123118695551
