UE ID,Internet usage
142030,0.41038959118768736
341380,0.37941878360844117
382637,0.45893074922345645
21134,0.4506587311327004
906905,0.4529911749040135
671382,0.46519171208390686
554062,0.4587577716312856
