UE ID,Internet usage
142030,0.9741869418621856
341380,0.9432161342820528
382637,1.022728099897068
21134,1.0144560818063117
906905,1.0167885255731917
671382,1.0289890627575184
554062,1.022555122304897
