UE ID,Internet usage,Data rate,optimal GU
142030,109.74221971668894,26.129099932544985,53.54872011352535
341380,104.53912404336538,24.89026762937271,51.009869389948015
382637,117.89713426700084,28.070746254047815,57.52791096579456
21134,116.50743522735841,27.73986553032343,56.84980726871279
906905,116.89928578072981,27.833163281126144,57.04101076052282
671382,118.94897602756765,28.321184768468488,58.041157191228294
554062,117.86807403120856,28.063827150287754,57.51373102267978
