UE ID,Internet usage,Data rate,optimal GU
893829,105.49079487487971,10.674663767100922,33.55709710051741
1194792,126.03424632751171,12.753465402188684,40.09206155872814
606123,117.88023745090166,11.928357361103144,37.4982346001255
1296218,109.44498841833119,11.074790494712085,34.81494388088552
653159,120.17799983281232,12.160869030701246,38.229163165552905
1071213,115.3143167366742,11.668710622163461,36.68200366109725
1061365,117.6595431266064,11.90602519733517,37.42803074130831
