UE ID,Internet usage
890442,0.41936532625233697
857129,0.45513143345002477
487956,0.4459489010329629
572945,0.3372928568244633
157566,0.39498801891118973
614292,0.40119941005342835
659433,0.32562303532914755
