UE ID,Internet usage
890442,1.082304550392601
857129,1.1180706575889587
487956,1.1088881251763303
572945,1.0002320809651706
157566,1.0579272430532272
614292,1.0641386341914756
659433,0.9885622594707416
