UE ID,Internet usage
890442,0.6089861213171559
857129,0.6447522285135137
487956,0.6355696960964518
572945,0.5269136518897256
157566,0.5846088139733486
614292,0.5908202051160305
659433,0.5152438303908631
