UE ID,Internet usage,Data rate,optimal GU
890442,123.00375427678692,32.94743418128221,63.66049087216535
857129,129.01246028561192,34.55690900507462,66.77029167684304
487956,127.46979484017503,34.14369504647545,65.97188645673039
572945,109.2155794128718,29.254173057019234,56.52443242233202
157566,118.90836664343391,31.850455350919795,61.54092640371522
614292,119.95188035534063,32.12996795232338,62.080996058681464
659433,107.25504940170046,28.729031089741195,55.509761743257194
