UE ID,Internet usage,Data rate,optimal GU
685825,120.44798002074555,83.88341465730494,100.51660486066459
871339,117.44313254845925,81.79075302481984,98.00899065255294
447366,122.02099215516508,84.97890525091853,101.82931960381964
38302,115.68970341259904,80.56961487663148,96.5457137792498
404938,119.04084761469424,82.90344744594778,99.34232055949711
119549,129.12467142567058,89.92611045716345,107.75750305834758
225009,108.28948645359954,75.41589235161396,90.37006281505077
