UE ID,Internet usage
523215,0.8283764592352233
203555,0.7382798617389221
294568,0.7429841367820295
20046,0.5552272749897479
577428,0.7286295028162985
52555,0.7290656833631454
544578,0.7074919591793492
