UE ID,Internet usage,Data rate,optimal GU
523215,134.77085164793812,100.27593128566824,116.25090390684983
203555,119.63462326871688,89.01385659874768,103.19466652829868
294568,120.4249414754558,89.60189097876174,103.87638074753833
20046,88.88178869473684,66.13228325501252,76.66782653872814
577428,118.01336296951307,87.80756173326864,101.79619665928664
52555,118.08664130166751,87.86208430183594,101.85940522586891
544578,114.46225563826044,85.16536877846758,98.73307557575465
