UE ID,Internet usage,Data rate,optimal GU
523215,134.77085164793812,93.05606423310013,111.98770034115415
203555,119.63462326871688,82.60485892363785,99.41026696219521
294568,120.4249414754558,83.15055482829091,100.06698106192977
20046,88.88178869473684,61.37075886065163,73.85623075332295
577428,118.01336296951307,81.48541728847331,98.06308238673124
52555,118.08664130166751,81.53601423210375,98.12397294134647
544578,114.46225563826044,79.03346222641792,95.11229340803979
