UE ID,Internet usage,Data rate,optimal GU
523215,134.77085164793812,40.1103725142673,73.52352727980244
203555,119.63462326871688,35.60554263949907,65.26603772219289
294568,120.4249414754558,35.840756391504705,65.69719165141706
20046,88.88178869473684,26.452913302005012,48.48899102341689
577428,118.01336296951307,35.123024693307464,64.38156771715383
52555,118.08664130166751,35.14483372073438,64.42154432476072
544578,114.46225563826044,34.06614751138704,62.44427984258504
