UE ID,Internet usage,Data rate,optimal GU
523215,134.77085164793812,60.16555877140094,90.04756296255762
203555,119.63462326871688,53.4083139592486,79.93424497630573
294568,120.4249414754558,53.76113458725705,80.46229853990334
20046,88.88178869473684,39.679369953007516,59.38664307488262
577428,118.01336296951307,52.684537039961185,78.85099487373444
52555,118.08664130166751,52.71725058110156,78.89995601887661
544578,114.46225563826044,51.09922126708055,76.47831148494721
